
CH32V103C8T6.elf:     file format elf32-littleriscv
CH32V103C8T6.elf
architecture: riscv:rv32, flags 0x00000112:
EXEC_P, HAS_SYMS, D_PAGED
start address 0x00000000

Program Header:
    LOAD off    0x00001000 vaddr 0x00000000 paddr 0x00000000 align 2**12
         filesz 0x0000be80 memsz 0x0000be80 flags r-x
    LOAD off    0x0000d000 vaddr 0x20000000 paddr 0x0000be80 align 2**12
         filesz 0x00000220 memsz 0x000028ac flags rw-
    LOAD off    0x0000d800 vaddr 0x20004800 paddr 0x20004800 align 2**12
         filesz 0x00000000 memsz 0x00000800 flags rw-

Sections:
Idx Name          Size      VMA       LMA       File off  Algn
  0 .init         00000038  00000000  00000000  00001000  2**1
                  CONTENTS, ALLOC, LOAD, READONLY, CODE
  1 .vector       00000108  00000038  00000038  00001038  2**1
                  CONTENTS, ALLOC, LOAD, READONLY, CODE
  2 .text         0000bd40  00000140  00000140  00001140  2**3
                  CONTENTS, ALLOC, LOAD, READONLY, CODE
  3 .fini         00000000  0000be80  0000be80  0000d220  2**0
                  CONTENTS, ALLOC, LOAD, CODE
  4 .dalign       00000000  20000000  20000000  0000d220  2**0
                  CONTENTS
  5 .dlalign      00000000  0000be80  0000be80  0000d220  2**0
                  CONTENTS
  6 .data         00000220  20000000  0000be80  0000d000  2**2
                  CONTENTS, ALLOC, LOAD, DATA
  7 .bss          0000268c  20000220  0000c0a0  0000d220  2**2
                  ALLOC
  8 .stack        00000800  20004800  20004800  0000d800  2**0
                  ALLOC
  9 .debug_info   0001ba81  00000000  00000000  0000d220  2**0
                  CONTENTS, READONLY, DEBUGGING
 10 .debug_abbrev 0000405e  00000000  00000000  00028ca1  2**0
                  CONTENTS, READONLY, DEBUGGING
 11 .debug_loc    000066e4  00000000  00000000  0002ccff  2**0
                  CONTENTS, READONLY, DEBUGGING
 12 .debug_aranges 00000ad0  00000000  00000000  000333e8  2**3
                  CONTENTS, READONLY, DEBUGGING
 13 .debug_ranges 00001170  00000000  00000000  00033eb8  2**3
                  CONTENTS, READONLY, DEBUGGING
 14 .debug_line   0001326f  00000000  00000000  00035028  2**0
                  CONTENTS, READONLY, DEBUGGING
 15 .debug_str    00003ef4  00000000  00000000  00048297  2**0
                  CONTENTS, READONLY, DEBUGGING
 16 .comment      00000033  00000000  00000000  0004c18b  2**0
                  CONTENTS, READONLY
 17 .debug_frame  00002ccc  00000000  00000000  0004c1c0  2**2
                  CONTENTS, READONLY, DEBUGGING
SYMBOL TABLE:
00000000 l    d  .init	00000000 .init
00000038 l    d  .vector	00000000 .vector
00000140 l    d  .text	00000000 .text
0000be80 l    d  .fini	00000000 .fini
20000000 l    d  .dalign	00000000 .dalign
0000be80 l    d  .dlalign	00000000 .dlalign
20000000 l    d  .data	00000000 .data
20000220 l    d  .bss	00000000 .bss
20004800 l    d  .stack	00000000 .stack
00000000 l    d  .debug_info	00000000 .debug_info
00000000 l    d  .debug_abbrev	00000000 .debug_abbrev
00000000 l    d  .debug_loc	00000000 .debug_loc
00000000 l    d  .debug_aranges	00000000 .debug_aranges
00000000 l    d  .debug_ranges	00000000 .debug_ranges
00000000 l    d  .debug_line	00000000 .debug_line
00000000 l    d  .debug_str	00000000 .debug_str
00000000 l    d  .comment	00000000 .comment
00000000 l    d  .debug_frame	00000000 .debug_frame
00000000 l    df *ABS*	00000000 ./Startup/startup_ch32v10x.o
00000038 l       .vector	00000000 _vector_base
00000000 l    df *ABS*	00000000 JY901.c
00000248 l     F .text	0000005a JY901_NormalizeAngle180
000002a2 l     F .text	0000002a JY901_DMA_Restart
0000036c l     F .text	0000022c JY901_ParseBuffer
200002c8 l     O .bss	000000d0 jy901_yaw_ma
20000220 l     O .bss	00000004 jy901_last_display_ms
20000224 l     O .bss	00000004 jy901_state
20000228 l     O .bss	00000001 jy901_yaw_filter_init
2000022c l     O .bss	00000004 jy901_yaw_last_raw
20000230 l     O .bss	00000004 jy901_yaw_unwrap
200001f0 l     O .data	00000001 jy901_display_enabled
00000000 l    df *ABS*	00000000 Laser.c
20000234 l     O .bss	00000001 s_laser_ever_frame
20000235 l     O .bss	00000001 s_laser_parse_error
00000000 l    df *ABS*	00000000 Motor.c
00000000 l    df *ABS*	00000000 Oled.c
00000000 l    df *ABS*	00000000 SR04.c
00000000 l    df *ABS*	00000000 Servo.c
00000000 l    df *ABS*	00000000 ch32v10x_it.c
00000000 l    df *ABS*	00000000 cone_detect.c
00001420 l     F .text	00000034 FloatToS16
00001454 l     F .text	0000002e SetSpeed
00001482 l     F .text	00000066 SetSteerRaw
000014e8 l     F .text	000000ba GetGateCarSideTarget
000015a2 l     F .text	00000038 GetGateCarSideTargetDist
000015da l     F .text	000005a8 ConeDetect_UpdateWithSide.constprop.10
200009e8 l     O .bss	00000dc0 detect_points
00001b82 l     F .text	00000074 CalcLineSteer.isra.1
00001bf6 l     F .text	000000c2 CalcCenteringSteerSafe.isra.2
00001cb8 l     F .text	00000098 IsGateSideUnsafe.part.0
00001d50 l     F .text	00000084 IsGateReadyToPass
00001dd4 l     F .text	00000062 CalcTargetSteer.isra.8
200003e8 l     O .bss	00000600 detect_clusters
200017a8 l     O .bss	000005a8 drive_frame
2000023e l     O .bss	00000002 last_angle.5456
00000000 l    df *ABS*	00000000 main.c
00002384 l     F .text	00000026 SYSTICK_ClearCounter
000023aa l     F .text	000000c2 APP_ShowFixedLocation
20001d50 l     O .bss	00000032 drive_cfg
20001d84 l     O .bss	00000054 drive_ctx
200001f4 l     O .data	00000004 gps_seed.5022
00000000 l    df *ABS*	00000000 rplidar_360.c
00002666 l     F .text	00000046 LIDAR_DMA_RX_Reset
000026ac l     F .text	0000000c RPLIDAR_PortDelayMs
000026b8 l     F .text	00000056 RPLIDAR_PortSend
0000270e l     F .text	0000002a RPLIDAR360_Stop.constprop.7
00002738 l     F .text	00000062 RPLIDAR360_InputBytesFromISR.part.0.constprop.21
0000279a l     F .text	0000004a RPLIDAR360_StartScan.constprop.5
20001dd8 l     O .bss	00000101 g_lidar_dma
20001edc l     O .bss	000005cc g_rplidar
200024a8 l     O .bss	00000400 g_rplidar_ring_buf
2000020c l     O .data	00000002 cmd_scan.4911
20000210 l     O .data	00000002 cmd_stop.4903
20000214 l     O .data	00000007 s_rplidar_scan_desc
00000000 l    df *ABS*	00000000 system_ch32v10x.c
00000000 l    df *ABS*	00000000 ch32v10x_dma.c
00000000 l    df *ABS*	00000000 ch32v10x_gpio.c
00000000 l    df *ABS*	00000000 ch32v10x_misc.c
00000000 l    df *ABS*	00000000 ch32v10x_rcc.c
20000010 l     O .data	00000010 APBAHBPrescTable
200001fc l     O .data	00000004 ADCPrescTable
00000000 l    df *ABS*	00000000 ch32v10x_tim.c
00000000 l    df *ABS*	00000000 ch32v10x_usart.c
00000000 l    df *ABS*	00000000 debug.c
20000248 l     O .bss	00000002 p_ms
2000024a l     O .bss	00000001 p_us
20000200 l     O .data	00000004 curbrk.4779
00000000 l    df *ABS*	00000000 sf_cos.c
00000000 l    df *ABS*	00000000 sf_sin.c
00000000 l    df *ABS*	00000000 wf_atan2.c
00000000 l    df *ABS*	00000000 wf_sqrt.c
00000000 l    df *ABS*	00000000 ef_atan2.c
00000000 l    df *ABS*	00000000 ef_rem_pio2.c
0000b534 l     O .text	00000080 npio2_hw
0000b5b4 l     O .text	00000318 two_over_pi
00000000 l    df *ABS*	00000000 ef_sqrt.c
00000000 l    df *ABS*	00000000 kf_cos.c
00000000 l    df *ABS*	00000000 kf_rem_pio2.c
0000b8ec l     O .text	0000002c PIo2
0000b928 l     O .text	0000000c init_jk
00000000 l    df *ABS*	00000000 kf_sin.c
00000000 l    df *ABS*	00000000 s_matherr.c
00000000 l    df *ABS*	00000000 sf_atan.c
0000b984 l     O .text	00000010 atanhi
0000b994 l     O .text	00000010 atanlo
00000000 l    df *ABS*	00000000 sf_fabs.c
00000000 l    df *ABS*	00000000 sf_floor.c
00000000 l    df *ABS*	00000000 sf_scalbn.c
00000000 l    df *ABS*	00000000 sf_copysign.c
00000000 l    df *ABS*	00000000 printfloat.c
00000000 l    df *ABS*	00000000 libgcc2.c
00000000 l    df *ABS*	00000000 libgcc2.c
00000000 l    df *ABS*	00000000 divdf3.c
00000000 l    df *ABS*	00000000 ledf2.c
00000000 l    df *ABS*	00000000 muldf3.c
00000000 l    df *ABS*	00000000 subdf3.c
00000000 l    df *ABS*	00000000 floatsidf.c
00000000 l    df *ABS*	00000000 floatunsidf.c
00000000 l    df *ABS*	00000000 fixdfdi.c
00000000 l    df *ABS*	00000000 floatdidf.c
00000000 l    df *ABS*	00000000 addsf3.c
00000000 l    df *ABS*	00000000 divsf3.c
00000000 l    df *ABS*	00000000 eqsf2.c
00000000 l    df *ABS*	00000000 gesf2.c
00000000 l    df *ABS*	00000000 lesf2.c
00000000 l    df *ABS*	00000000 mulsf3.c
00000000 l    df *ABS*	00000000 subsf3.c
00000000 l    df *ABS*	00000000 unordsf2.c
00000000 l    df *ABS*	00000000 fixsfsi.c
00000000 l    df *ABS*	00000000 floatsisf.c
00000000 l    df *ABS*	00000000 floatunsisf.c
00000000 l    df *ABS*	00000000 extendsfdf2.c
00000000 l    df *ABS*	00000000 truncdfsf2.c
00000000 l    df *ABS*	00000000 libgcc2.c
00000000 l    df *ABS*	00000000 errno.c
00000000 l    df *ABS*	00000000 memcpy.c
00000000 l    df *ABS*	00000000 nano-vfprintf_float.c
00000000 l    df *ABS*	00000000 nano-vfprintf_i.c
00000000 l    df *ABS*	00000000 strcpy.c
00000000 l    df *ABS*	00000000 strlen.c
00000000 l    df *ABS*	00000000 dtoa.c
00008d04 l     F .text	0000013a quorem
00000000 l    df *ABS*	00000000 localeconv.c
00000000 l    df *ABS*	00000000 malloc.c
00000000 l    df *ABS*	00000000 mprec.c
0000bd60 l     O .text	0000000c p05.3319
00000000 l    df *ABS*	00000000 nano-mallocr.c
00000000 l    df *ABS*	00000000 nano-mallocr.c
00000000 l    df *ABS*	00000000 sbrkr.c
00000000 l    df *ABS*	00000000 mbtowc_r.c
00000000 l    df *ABS*	00000000 mlock.c
00000000 l    df *ABS*	00000000 wctomb_r.c
00000000 l    df *ABS*	00000000 adddf3.c
00000000 l    df *ABS*	00000000 eqdf2.c
00000000 l    df *ABS*	00000000 gedf2.c
00000000 l    df *ABS*	00000000 unorddf2.c
00000000 l    df *ABS*	00000000 fixdfsi.c
00000000 l    df *ABS*	00000000 trunctfdf2.c
00000000 l    df *ABS*	00000000 libgcc2.c
00000000 l    df *ABS*	00000000 locale.c
00000000 l    df *ABS*	00000000 ctype_.c
00000000 l    df *ABS*	00000000 impure.c
20000020 l     O .data	00000060 impure_data
00000000 l    df *ABS*	00000000 s_lib_ver.c
00000000 l    df *ABS*	00000000 reent.c
00005122  w    F .text	00000100 printDouble
00008598 g     F .text	000000ee __cvt
00002e90  w      .text	00000000 EXTI2_IRQHandler
00008ce0 g     F .text	00000012 strcpy
00003042 g     F .text	00000014 DMA_Cmd
0000aa02 g     F .text	0000006a .hidden __eqdf2
00005222  w    F .text	00000358 print
000070c0 g     F .text	000001b6 .hidden __floatdidf
200009f0 g       .data	00000000 __global_pointer$
00000148 g     F .text	00000028 .hidden __riscv_save_8
000030ae g     F .text	0000000c DMA_GetITStatus
00002e90  w      .text	00000000 TIM1_CC_IRQHandler
00001410 g     F .text	00000010 HardFault_Handler
200003a8 g     O .bss	00000040 RX3_Buffer
0000ae88 g     O .text	000005f0 OLED_F8x16
00004f0a  w    F .text	000000f4 printInt
0000a2b0 g     F .text	00000002 __malloc_unlock
00000194 g     F .text	0000000c .hidden __riscv_restore_3
000075e0 g     F .text	000002b2 .hidden __divsf3
00001302 g     F .text	000000ba TIM3_PWMOut_Init
00003476 g     F .text	00000012 TIM_OC1PreloadConfig
000024ec g     F .text	00000012 SysTick_Handler
000031a2 g     F .text	0000006e NVIC_Init
00002e90  w      .text	00000000 PVD_IRQHandler
00000180 g     F .text	00000020 .hidden __riscv_restore_10
0000557a g     F .text	0000002a snprintf
0000140e g     F .text	00000002 NMI_Handler
00009a56 g     F .text	00000088 _Balloc
00000f90 g     F .text	00000060 OLED_I2C_Init
20000240 g     O .bss	00000004 g_system_ms
00008058 g     F .text	00000062 .hidden __fixsfsi
00002e90  w      .text	00000000 EXTI3_IRQHandler
00000eba g     F .text	000000b0 TIM1_Motor_Init
00000148 g     F .text	00000028 .hidden __riscv_save_11
0000aa6c g     F .text	000000ae .hidden __gtdf2
000084da g     F .text	00000008 __errno
00000ff0 g     F .text	00000044 OLED_I2C_Start
00003a42 g     F .text	00000354 __ieee754_rem_pio2f
000035de g     F .text	0000000c USART_GetFlagStatus
200028a8 g     O .bss	00000004 errno
20000220 g       .bss	00000000 _sbss
00000800 g       *ABS*	00000000 __stack_size
0000300a g     F .text	00000038 DMA_Init
00007c94 g     F .text	00000388 .hidden __subsf3
00002e90  w      .text	00000000 USBFS_IRQHandler
000007bc g     F .text	00000026 JY901_Init
0000306c g     F .text	00000008 DMA_GetCurrDataCounter
000037f2 g     F .text	000000b8 sqrtf
00000194 g     F .text	0000000c .hidden __riscv_restore_2
2000023c g     O .bss	00000002 startFlag
00003442 g     F .text	00000016 TIM_CtrlPWMOutputs
000084e2 g     F .text	000000b6 memcpy
000011ea g     F .text	00000098 OLED_Init
00006f2a g     F .text	00000072 .hidden __floatsidf
00004ffe  w    F .text	00000124 printLongLongInt
0000627e g     F .text	000000b6 .hidden __ltdf2
00002e90  w      .text	00000000 EXTI0_IRQHandler
00002e90  w      .text	00000000 I2C2_EV_IRQHandler
00003426 g     F .text	0000001c TIM_Cmd
200001f8 g     O .data	00000004 SystemCoreClock
00009a4c g     F .text	0000000a malloc
0000bc98 g     O .text	000000c8 __mprec_tens
00000038 g       .init	00000000 _einit
000034b6 g     F .text	0000000e TIM_ClearITPendingBit
00003068 g     F .text	00000004 DMA_SetCurrDataCounter
00007974 g     F .text	0000008c .hidden __lesf2
000032ea g     F .text	0000001e RCC_APB2PeriphClockCmd
00000140 g     F .text	00000030 .hidden __riscv_save_12
00002e90  w      .text	00000000 ADC1_2_IRQHandler
000030c6 g     F .text	000000c2 GPIO_Init
00009a34 g     F .text	00000018 _localeconv_r
00009c6a g     F .text	0000001c __i2b
00000180 g     F .text	00000020 .hidden __riscv_restore_11
20000244 g     O .bss	00000004 NVIC_Priority_Group
00002e90  w      .text	00000000 SPI1_IRQHandler
0000356c g     F .text	0000001c USART_Cmd
0000a242 g     F .text	00000032 _sbrk_r
0000348e g     F .text	00000006 TIM_GetCapture1
00002e90  w      .text	00000000 TAMPER_IRQHandler
00000170 g     F .text	0000000c .hidden __riscv_save_1
00000b80 g     F .text	00000284 Laser_Task
0000065e g     F .text	00000006 JY901_IsYawValid
00000194 g     F .text	0000000c .hidden __riscv_restore_0
000013bc g     F .text	00000052 turnAngle
00004c1c g     F .text	00000006 fabsf
00000156 g     F .text	0000001a .hidden __riscv_save_7
000030ba g     F .text	0000000c DMA_ClearITPendingBit
0000824e g     F .text	000000ac .hidden __extendsfdf2
00003308 g     F .text	0000001e RCC_APB1PeriphClockCmd
0000a2d2 g     F .text	00000730 .hidden __adddf3
00007892 g     F .text	0000005c .hidden __nesf2
20004800 g       .stack	00000000 _heap_end
0000593c g     F .text	0000038e .hidden __umoddi3
20000204 g     O .data	00000004 __fdlib_version
0000018a g     F .text	00000016 .hidden __riscv_restore_5
00004864 g     F .text	0000012c __kernel_sinf
00001e36 g     F .text	0000003c ConeDetect_Init
000032cc g     F .text	0000001e RCC_AHBPeriphClockCmd
000055a4 g     F .text	00000398 .hidden __udivdi3
00002e90  w      .text	00000000 DMA1_Channel4_IRQHandler
0000bc70 g     O .text	00000028 __mprec_bigtens
00006f9c g     F .text	00000068 .hidden __floatunsidf
000036c2 g     F .text	0000002a _sbrk
00009f56 g     F .text	00000032 __mcmp
0000106a g     F .text	00000066 OLED_I2C_SendByte
000036ec g     F .text	00000082 cosf
00003074 g     F .text	00000020 DMA_GetFlagStatus
0000018a g     F .text	00000016 .hidden __riscv_restore_6
00000e04 g     F .text	0000007c USART3_IRQHandler
00002908 g     F .text	000001aa APP_RPLIDAR_Init
2000023a g     O .bss	00000002 rising_cnt
00002e90  w      .text	00000000 RTC_IRQHandler
200028ac g       .bss	00000000 _ebss
000035ea g     F .text	00000044 USART_GetITStatus
00001034 g     F .text	00000036 OLED_I2C_Stop
00002e90  w      .text	00000000 DMA1_Channel7_IRQHandler
0000339e g     F .text	00000088 TIM_OC1Init
00001152 g     F .text	0000006a OLED_ShowChar
00009bba g     F .text	00000046 __hi0bits
0000ab56 g     F .text	00000068 .hidden __fixdfsi
0000362e g     F .text	00000026 Delay_Init
00003e72 g     F .text	0000020e __kernel_cosf
000007e2 g     F .text	00000160 JY901_Task
000078ee g     F .text	00000086 .hidden __gtsf2
00002e90  w      .text	00000000 TIM4_IRQHandler
00001f34 g     F .text	00000450 ConeDrive_Update
000002cc g     F .text	0000001e MA_Init
0000627e g     F .text	000000b6 .hidden __ledf2
000011bc g     F .text	0000002e OLED_ShowString
00003458 g     F .text	0000001e TIM_ARRPreloadConfig
00000148 g     F .text	00000028 .hidden __riscv_save_9
00003188 g     F .text	0000000a GPIO_WriteBit
00009dca g     F .text	000000be __pow5mult
00000156 g     F .text	0000001a .hidden __riscv_save_4
00002e90  w      .text	00000000 I2C1_EV_IRQHandler
0000349a g     F .text	0000001c TIM_GetITStatus
00003210 g     F .text	000000bc RCC_GetClocksFreq
000009ba g     F .text	00000036 DMA1_Channel6_IRQHandler
00008464 g     F .text	00000076 .hidden __clzsi2
00002c6e g     F .text	00000096 APP_RPLIDAR_CopyUsableFrame
00008712  w    F .text	000004c2 _printf_float
000034c4 g     F .text	000000a8 USART_Init
20000398 g     O .bss	00000010 Laser_Data
00002e90  w      .text	00000000 TIM3_IRQHandler
00002e90  w      .text	00000000 RCC_IRQHandler
00001f16 g     F .text	0000001e ConeDrive_Init
00000170 g     F .text	0000000c .hidden __riscv_save_3
00002e90  w      .text	00000000 TIM1_TRG_COM_IRQHandler
00002e90  w      .text	00000000 DMA1_Channel1_IRQHandler
00000000 g       .init	00000000 _start
20000000 g     O .data	00000010 AHBPrescTable
00009e88 g     F .text	000000ce __lshift
000080ba g     F .text	000000c6 .hidden __floatsisf
00004e2a  w    F .text	000000e0 prints
00002e90  w      .text	00000000 EXTI15_10_IRQHandler
00003588 g     F .text	00000036 USART_ITConfig
00009c86 g     F .text	00000144 __multiply
00007892 g     F .text	0000005c .hidden __eqsf2
0000a07a g     F .text	000000d4 __d2b
20000000 g       .dalign	00000000 _data_vma
00000598 g     F .text	0000003e JY901_YawFilterReset
00002e90  w      .text	00000000 EXTI9_5_IRQHandler
00005cca g     F .text	000005b4 .hidden __divdf3
00002c4e g     F .text	00000020 APP_RPLIDAR_CopyCurrentFrame
000010ec g     F .text	0000001e OLED_WriteData
00006334 g     F .text	000004b8 .hidden __muldf3
00000148 g     F .text	00000028 .hidden __riscv_save_10
0000a2ae g     F .text	00000002 __malloc_lock
0000018a g     F .text	00000016 .hidden __riscv_restore_4
00000180 g     F .text	00000020 .hidden __riscv_restore_8
00004cee g     F .text	000000e0 scalbnf
00000156 g     F .text	0000001a .hidden __riscv_save_6
0000a14e g     F .text	00000026 _calloc_r
0000112a g     F .text	00000028 OLED_Clear
00002e90  w      .text	00000000 SPI2_IRQHandler
00000f6a g     F .text	00000026 Car_SetRearSpeed
000001a0 g     F .text	000000a8 memset
00003d96 g     F .text	000000dc __ieee754_sqrtf
00000180 g     F .text	00000020 .hidden __riscv_restore_9
0000018a g     F .text	00000016 .hidden __riscv_restore_7
000024fe g     F .text	00000168 main
00007974 g     F .text	0000008c .hidden __ltsf2
00004990 g     F .text	00000004 matherr
000082fa g     F .text	0000016a .hidden __truncdfsf2
00000672 g     F .text	000000ac USART2_CFG
00008e3e g     F .text	00000bf6 _dtoa_r
0000a174 g     F .text	000000ce _malloc_r
0000a2b2 g     F .text	00000020 __ascii_wctomb
0000288e g     F .text	0000007a DMA1_Channel5_IRQHandler
0000110a g     F .text	00000020 OLED_SetCursor
00002e90  w      .text	00000000 EXTI4_IRQHandler
00003654 g     F .text	00000030 Delay_Ms
000005e6 g     F .text	00000078 JY901_GetStableHeading
00007a00 g     F .text	00000294 .hidden __mulsf3
00000aa4 g     F .text	000000a2 USART3_DMA1_CH3_INIT
00003494 g     F .text	00000006 TIM_GetCapture2
00000b46 g     F .text	0000003a Laser_Init
00002d04 g     F .text	00000106 SystemInit
20000236 g     O .bss	00000002 count
0000aa02 g     F .text	0000006a .hidden __nedf2
00004dde  w    F .text	0000004c printchar
000009f0 g     F .text	000000b4 USART3_CFG
0000071e g     F .text	0000009e USART2_DMA1_CH6_INIT
00004dce g     F .text	00000010 copysignf
00000664 g     F .text	0000000e JY901_SetDisplayEnabled
0000baf8 g     O .text	00000100 .hidden __clz_tab
00008686 g     F .text	0000008c __exponent
00000000 g       .init	00000000 _sinit
00007004 g     F .text	000000bc .hidden __fixdfdi
000078ee g     F .text	00000086 .hidden __gesf2
00000e80 g     F .text	0000003a DMA1_Channel3_IRQHandler
00008bd4 g     F .text	0000010c _printf_common
20000208 g     O .data	00000004 _impure_ptr
00002e90  w      .text	00000000 TIM1_UP_IRQHandler
000037f0 g     F .text	00000002 atan2f
00002e90  w      .text	00000000 WWDG_IRQHandler
0000a274 g     F .text	0000003a __ascii_mbtowc
00003056 g     F .text	00000012 DMA_ITConfig
00001282 g     F .text	00000080 TIM2_IRQHandler
20005000 g       .stack	00000000 _eusrstack
0000376e g     F .text	00000082 sinf
00000170 g     F .text	0000000c .hidden __riscv_save_2
000002ea g     F .text	00000082 MA_Update
20000254 g     O .bss	00000074 JY901_data
00002e90  w      .text	00000000 SW_Handler
000005d6 g     F .text	00000010 JY901_SetYawZero
00002e90  w      .text	00000000 TIM1_BRK_IRQHandler
000035d4 g     F .text	0000000a USART_SendData
00002e90  w      .text	00000000 EXTI1_IRQHandler
00000156 g     F .text	0000001a .hidden __riscv_save_5
00003684 g     F .text	0000003e _write
20000220 g       .data	00000000 _edata
200028ac g       .bss	00000000 _end
0000801c g     F .text	0000003c .hidden __unordsf2
00003326 g     F .text	00000078 TIM_TimeBaseInit
00002e90  w      .text	00000000 RTCAlarm_IRQHandler
0000be80 g       .dlalign	00000000 _data_lma
00000942 g     F .text	00000078 USART2_IRQHandler
00002e0a g     F .text	00000086 SystemCoreClockUpdate
00008180 g     F .text	000000ce .hidden __floatunsisf
00009f88 g     F .text	000000f2 __mdiff
00002e90  w      .text	00000000 I2C2_ER_IRQHandler
00002e90  w      .text	00000000 DMA1_Channel2_IRQHandler
00002ab2 g     F .text	0000019c APP_RPLIDAR_Task
00004994 g     F .text	00000288 atanf
0000017c g     F .text	00000024 .hidden __riscv_restore_12
0000bd7c g     O .text	00000101 _ctype_
00003094 g     F .text	0000001a DMA_ClearFlag
0000ab1a g     F .text	0000003c .hidden __unorddf2
00002e92  w      .text	00000000 handle_reset
00002e90  w      .text	00000000 FLASH_IRQHandler
00000170 g     F .text	0000000c .hidden __riscv_save_0
00004080 g     F .text	000007e4 __kernel_rem_pio2f
000027e4 g     F .text	000000aa USART1_IRQHandler
00008cf2 g     F .text	00000012 strlen
0000aa6c g     F .text	000000ae .hidden __gedf2
20000250 g     O .bss	00000004 __malloc_sbrk_start
00002e90  w      .text	00000000 I2C1_ER_IRQHandler
00004c22 g     F .text	000000cc floorf
00003192 g     F .text	00000010 NVIC_PriorityGroupConfig
00002f10 g     F .text	000000fa DMA_DeInit
2000024c g     O .bss	00000004 __malloc_free_list
00000194 g     F .text	0000000c .hidden __riscv_restore_1
00001e72 g     F .text	000000a4 ConeDrive_ConfigDefault
000067ec g     F .text	0000073e .hidden __subdf3
00003488 g     F .text	00000006 TIM_SetCompare1
00009c00 g     F .text	0000006a __lo0bits
000035be g     F .text	00000016 USART_DMACmd
0000246c g     F .text	00000080 SYSTICK_Init_Config
00007276 g     F .text	0000036a .hidden __addsf3
20000080 g     O .data	0000016c __global_locale
00002e90  w      .text	00000000 USBWakeUp_IRQHandler
000010d0 g     F .text	0000001c OLED_WriteCommand
0000abbe g     F .text	0000021e .hidden __trunctfdf2
00009b22 g     F .text	00000098 __multadd
20000238 g     O .bss	00000002 falling_cnt
00009ade g     F .text	00000044 _Bfree
000038aa g     F .text	00000198 __ieee754_atan2f



Disassembly of section .init:

00000000 <_sinit>:
   0:	6930206f          	j	2e92 <handle_reset>
   4:	00000013          	nop
   8:	00000013          	nop
   c:	00000013          	nop
  10:	00000013          	nop
  14:	00000013          	nop
  18:	00000013          	nop
  1c:	00000013          	nop
  20:	00000013          	nop
  24:	00000013          	nop
  28:	00000013          	nop
  2c:	00000013          	nop
  30:	00000013          	nop
  34:	00100073          	ebreak

Disassembly of section .vector:

00000038 <_vector_base>:
  38:	fc9ff06f          	j	0 <_sinit>
  3c:	0000                	unimp
  3e:	0000                	unimp
  40:	3ce0106f          	j	140e <NMI_Handler>
  44:	3cc0106f          	j	1410 <HardFault_Handler>
	...
  68:	4840206f          	j	24ec <SysTick_Handler>
  6c:	0000                	unimp
  6e:	0000                	unimp
  70:	6210206f          	j	2e90 <ADC1_2_IRQHandler>
  74:	0000                	unimp
  76:	0000                	unimp
  78:	6190206f          	j	2e90 <ADC1_2_IRQHandler>
  7c:	6150206f          	j	2e90 <ADC1_2_IRQHandler>
  80:	6110206f          	j	2e90 <ADC1_2_IRQHandler>
  84:	60d0206f          	j	2e90 <ADC1_2_IRQHandler>
  88:	6090206f          	j	2e90 <ADC1_2_IRQHandler>
  8c:	6050206f          	j	2e90 <ADC1_2_IRQHandler>
  90:	6010206f          	j	2e90 <ADC1_2_IRQHandler>
  94:	5fd0206f          	j	2e90 <ADC1_2_IRQHandler>
  98:	5f90206f          	j	2e90 <ADC1_2_IRQHandler>
  9c:	5f50206f          	j	2e90 <ADC1_2_IRQHandler>
  a0:	5f10206f          	j	2e90 <ADC1_2_IRQHandler>
  a4:	5ed0206f          	j	2e90 <ADC1_2_IRQHandler>
  a8:	5e90206f          	j	2e90 <ADC1_2_IRQHandler>
  ac:	5d50006f          	j	e80 <DMA1_Channel3_IRQHandler>
  b0:	5e10206f          	j	2e90 <ADC1_2_IRQHandler>
  b4:	7da0206f          	j	288e <DMA1_Channel5_IRQHandler>
  b8:	1030006f          	j	9ba <DMA1_Channel6_IRQHandler>
  bc:	5d50206f          	j	2e90 <ADC1_2_IRQHandler>
  c0:	5d10206f          	j	2e90 <ADC1_2_IRQHandler>
	...
  d4:	5bd0206f          	j	2e90 <ADC1_2_IRQHandler>
  d8:	5b90206f          	j	2e90 <ADC1_2_IRQHandler>
  dc:	5b50206f          	j	2e90 <ADC1_2_IRQHandler>
  e0:	5b10206f          	j	2e90 <ADC1_2_IRQHandler>
  e4:	5ad0206f          	j	2e90 <ADC1_2_IRQHandler>
  e8:	19a0106f          	j	1282 <TIM2_IRQHandler>
  ec:	5a50206f          	j	2e90 <ADC1_2_IRQHandler>
  f0:	5a10206f          	j	2e90 <ADC1_2_IRQHandler>
  f4:	59d0206f          	j	2e90 <ADC1_2_IRQHandler>
  f8:	5990206f          	j	2e90 <ADC1_2_IRQHandler>
  fc:	5950206f          	j	2e90 <ADC1_2_IRQHandler>
 100:	5910206f          	j	2e90 <ADC1_2_IRQHandler>
 104:	58d0206f          	j	2e90 <ADC1_2_IRQHandler>
 108:	5890206f          	j	2e90 <ADC1_2_IRQHandler>
 10c:	6d80206f          	j	27e4 <USART1_IRQHandler>
 110:	0330006f          	j	942 <USART2_IRQHandler>
 114:	4f10006f          	j	e04 <USART3_IRQHandler>
 118:	5790206f          	j	2e90 <ADC1_2_IRQHandler>
 11c:	5750206f          	j	2e90 <ADC1_2_IRQHandler>
 120:	5710206f          	j	2e90 <ADC1_2_IRQHandler>
 124:	56d0206f          	j	2e90 <ADC1_2_IRQHandler>
	...

Disassembly of section .text:

00000140 <__riscv_save_12>:
     140:	7139                	addi	sp,sp,-64
     142:	4301                	li	t1,0
     144:	c66e                	sw	s11,12(sp)
     146:	a019                	j	14c <__riscv_save_10+0x4>

00000148 <__riscv_save_10>:
     148:	7139                	addi	sp,sp,-64
     14a:	5341                	li	t1,-16
     14c:	c86a                	sw	s10,16(sp)
     14e:	ca66                	sw	s9,20(sp)
     150:	cc62                	sw	s8,24(sp)
     152:	ce5e                	sw	s7,28(sp)
     154:	a019                	j	15a <__riscv_save_4+0x4>

00000156 <__riscv_save_4>:
     156:	7139                	addi	sp,sp,-64
     158:	5301                	li	t1,-32
     15a:	d05a                	sw	s6,32(sp)
     15c:	d256                	sw	s5,36(sp)
     15e:	d452                	sw	s4,40(sp)
     160:	d64e                	sw	s3,44(sp)
     162:	d84a                	sw	s2,48(sp)
     164:	da26                	sw	s1,52(sp)
     166:	dc22                	sw	s0,56(sp)
     168:	de06                	sw	ra,60(sp)
     16a:	40610133          	sub	sp,sp,t1
     16e:	8282                	jr	t0

00000170 <__riscv_save_0>:
     170:	1141                	addi	sp,sp,-16
     172:	c04a                	sw	s2,0(sp)
     174:	c226                	sw	s1,4(sp)
     176:	c422                	sw	s0,8(sp)
     178:	c606                	sw	ra,12(sp)
     17a:	8282                	jr	t0

0000017c <__riscv_restore_12>:
     17c:	4db2                	lw	s11,12(sp)
     17e:	0141                	addi	sp,sp,16

00000180 <__riscv_restore_10>:
     180:	4d02                	lw	s10,0(sp)
     182:	4c92                	lw	s9,4(sp)
     184:	4c22                	lw	s8,8(sp)
     186:	4bb2                	lw	s7,12(sp)
     188:	0141                	addi	sp,sp,16

0000018a <__riscv_restore_4>:
     18a:	4b02                	lw	s6,0(sp)
     18c:	4a92                	lw	s5,4(sp)
     18e:	4a22                	lw	s4,8(sp)
     190:	49b2                	lw	s3,12(sp)
     192:	0141                	addi	sp,sp,16

00000194 <__riscv_restore_0>:
     194:	4902                	lw	s2,0(sp)
     196:	4492                	lw	s1,4(sp)
     198:	4422                	lw	s0,8(sp)
     19a:	40b2                	lw	ra,12(sp)
     19c:	0141                	addi	sp,sp,16
     19e:	8082                	ret

000001a0 <memset>:
     1a0:	433d                	li	t1,15
     1a2:	872a                	mv	a4,a0
     1a4:	02c37363          	bgeu	t1,a2,1ca <memset+0x2a>
     1a8:	00f77793          	andi	a5,a4,15
     1ac:	efbd                	bnez	a5,22a <memset+0x8a>
     1ae:	e5ad                	bnez	a1,218 <memset+0x78>
     1b0:	ff067693          	andi	a3,a2,-16
     1b4:	8a3d                	andi	a2,a2,15
     1b6:	96ba                	add	a3,a3,a4
     1b8:	c30c                	sw	a1,0(a4)
     1ba:	c34c                	sw	a1,4(a4)
     1bc:	c70c                	sw	a1,8(a4)
     1be:	c74c                	sw	a1,12(a4)
     1c0:	0741                	addi	a4,a4,16
     1c2:	fed76be3          	bltu	a4,a3,1b8 <memset+0x18>
     1c6:	e211                	bnez	a2,1ca <memset+0x2a>
     1c8:	8082                	ret
     1ca:	40c306b3          	sub	a3,t1,a2
     1ce:	068a                	slli	a3,a3,0x2
     1d0:	00000297          	auipc	t0,0x0
     1d4:	9696                	add	a3,a3,t0
     1d6:	00a68067          	jr	10(a3)
     1da:	00b70723          	sb	a1,14(a4)
     1de:	00b706a3          	sb	a1,13(a4)
     1e2:	00b70623          	sb	a1,12(a4)
     1e6:	00b705a3          	sb	a1,11(a4)
     1ea:	00b70523          	sb	a1,10(a4)
     1ee:	00b704a3          	sb	a1,9(a4)
     1f2:	00b70423          	sb	a1,8(a4)
     1f6:	00b703a3          	sb	a1,7(a4)
     1fa:	00b70323          	sb	a1,6(a4)
     1fe:	00b702a3          	sb	a1,5(a4)
     202:	00b70223          	sb	a1,4(a4)
     206:	00b701a3          	sb	a1,3(a4)
     20a:	00b70123          	sb	a1,2(a4)
     20e:	00b700a3          	sb	a1,1(a4)
     212:	00b70023          	sb	a1,0(a4)
     216:	8082                	ret
     218:	0ff5f593          	andi	a1,a1,255
     21c:	00859693          	slli	a3,a1,0x8
     220:	8dd5                	or	a1,a1,a3
     222:	01059693          	slli	a3,a1,0x10
     226:	8dd5                	or	a1,a1,a3
     228:	b761                	j	1b0 <memset+0x10>
     22a:	00279693          	slli	a3,a5,0x2
     22e:	00000297          	auipc	t0,0x0
     232:	9696                	add	a3,a3,t0
     234:	8286                	mv	t0,ra
     236:	fa8680e7          	jalr	-88(a3)
     23a:	8096                	mv	ra,t0
     23c:	17c1                	addi	a5,a5,-16
     23e:	8f1d                	sub	a4,a4,a5
     240:	963e                	add	a2,a2,a5
     242:	f8c374e3          	bgeu	t1,a2,1ca <memset+0x2a>
     246:	b7a5                	j	1ae <memset+0xe>

00000248 <JY901_NormalizeAngle180>:
     248:	f29ff2ef          	jal	t0,170 <__riscv_save_0>
     24c:	0000b7b7          	lui	a5,0xb
     250:	dec7a483          	lw	s1,-532(a5) # adec <__trunctfdf2+0x22e>
     254:	0000b7b7          	lui	a5,0xb
     258:	de87a903          	lw	s2,-536(a5) # ade8 <__trunctfdf2+0x22a>
     25c:	842a                	mv	s0,a0
     25e:	85a6                	mv	a1,s1
     260:	8522                	mv	a0,s0
     262:	68c070ef          	jal	ra,78ee <__gesf2>
     266:	02a04263          	bgtz	a0,28a <JY901_NormalizeAngle180+0x42>
     26a:	0000b7b7          	lui	a5,0xb
     26e:	df07a483          	lw	s1,-528(a5) # adf0 <__trunctfdf2+0x232>
     272:	0000b7b7          	lui	a5,0xb
     276:	de87a903          	lw	s2,-536(a5) # ade8 <__trunctfdf2+0x22a>
     27a:	85a6                	mv	a1,s1
     27c:	8522                	mv	a0,s0
     27e:	6f6070ef          	jal	ra,7974 <__lesf2>
     282:	00054a63          	bltz	a0,296 <JY901_NormalizeAngle180+0x4e>
     286:	8522                	mv	a0,s0
     288:	b731                	j	194 <__riscv_restore_0>
     28a:	8522                	mv	a0,s0
     28c:	85ca                	mv	a1,s2
     28e:	207070ef          	jal	ra,7c94 <__subsf3>
     292:	842a                	mv	s0,a0
     294:	b7e9                	j	25e <JY901_NormalizeAngle180+0x16>
     296:	8522                	mv	a0,s0
     298:	85ca                	mv	a1,s2
     29a:	7dd060ef          	jal	ra,7276 <__addsf3>
     29e:	842a                	mv	s0,a0
     2a0:	bfe9                	j	27a <JY901_NormalizeAngle180+0x32>

000002a2 <JY901_DMA_Restart>:
     2a2:	ecfff2ef          	jal	t0,170 <__riscv_save_0>
     2a6:	40020437          	lui	s0,0x40020
     2aa:	06c40513          	addi	a0,s0,108 # 4002006c <_eusrstack+0x2001b06c>
     2ae:	4581                	li	a1,0
     2b0:	593020ef          	jal	ra,3042 <DMA_Cmd>
     2b4:	06c40513          	addi	a0,s0,108
     2b8:	02c00593          	li	a1,44
     2bc:	5ad020ef          	jal	ra,3068 <DMA_SetCurrDataCounter>
     2c0:	4585                	li	a1,1
     2c2:	06c40513          	addi	a0,s0,108
     2c6:	57d020ef          	jal	ra,3042 <DMA_Cmd>
     2ca:	b5e9                	j	194 <__riscv_restore_0>

000002cc <MA_Init>:
     2cc:	cd11                	beqz	a0,2e8 <MA_Init+0x1c>
     2ce:	87aa                	mv	a5,a0
     2d0:	0c850713          	addi	a4,a0,200
     2d4:	00000693          	li	a3,0
     2d8:	c394                	sw	a3,0(a5)
     2da:	0791                	addi	a5,a5,4
     2dc:	fee79ce3          	bne	a5,a4,2d4 <MA_Init+0x8>
     2e0:	0c051423          	sh	zero,200(a0)
     2e4:	0cd52623          	sw	a3,204(a0)
     2e8:	8082                	ret

000002ea <MA_Update>:
     2ea:	e6dff2ef          	jal	t0,156 <__riscv_save_4>
     2ee:	89ae                	mv	s3,a1
     2f0:	cd29                	beqz	a0,34a <MA_Update+0x60>
     2f2:	842a                	mv	s0,a0
     2f4:	0c844483          	lbu	s1,200(s0)
     2f8:	0c954a03          	lbu	s4,201(a0)
     2fc:	03100793          	li	a5,49
     300:	00249913          	slli	s2,s1,0x2
     304:	0cc52503          	lw	a0,204(a0)
     308:	9922                	add	s2,s2,s0
     30a:	0547e263          	bltu	a5,s4,34e <MA_Update+0x64>
     30e:	00b92023          	sw	a1,0(s2)
     312:	85aa                	mv	a1,a0
     314:	854e                	mv	a0,s3
     316:	761060ef          	jal	ra,7276 <__addsf3>
     31a:	0a05                	addi	s4,s4,1
     31c:	0ca42623          	sw	a0,204(s0)
     320:	0d4404a3          	sb	s4,201(s0)
     324:	0485                	addi	s1,s1,1
     326:	0ff4f493          	andi	s1,s1,255
     32a:	03100793          	li	a5,49
     32e:	0297ec63          	bltu	a5,s1,366 <MA_Update+0x7c>
     332:	0c940423          	sb	s1,200(s0)
     336:	0c944503          	lbu	a0,201(s0)
     33a:	647070ef          	jal	ra,8180 <__floatunsisf>
     33e:	85aa                	mv	a1,a0
     340:	0cc42503          	lw	a0,204(s0)
     344:	29c070ef          	jal	ra,75e0 <__divsf3>
     348:	89aa                	mv	s3,a0
     34a:	854e                	mv	a0,s3
     34c:	bd3d                	j	18a <__riscv_restore_4>
     34e:	00092583          	lw	a1,0(s2)
     352:	143070ef          	jal	ra,7c94 <__subsf3>
     356:	85ce                	mv	a1,s3
     358:	01392023          	sw	s3,0(s2)
     35c:	71b060ef          	jal	ra,7276 <__addsf3>
     360:	0ca42623          	sw	a0,204(s0)
     364:	b7c1                	j	324 <MA_Update+0x3a>
     366:	0c040423          	sb	zero,200(s0)
     36a:	b7f1                	j	336 <MA_Update+0x4c>

0000036c <JY901_ParseBuffer>:
     36c:	dd5ff2ef          	jal	t0,140 <__riscv_save_12>
     370:	0000ba37          	lui	s4,0xb
     374:	0000bab7          	lui	s5,0xb
     378:	0000bb37          	lui	s6,0xb
     37c:	dfca2c83          	lw	s9,-516(s4) # adfc <__trunctfdf2+0x23e>
     380:	decaad03          	lw	s10,-532(s5) # adec <__trunctfdf2+0x22e>
     384:	df8b2d83          	lw	s11,-520(s6) # adf8 <__trunctfdf2+0x23a>
     388:	86418b93          	addi	s7,gp,-1948 # 20000254 <JY901_data>
     38c:	0000b9b7          	lui	s3,0xb
     390:	86418413          	addi	s0,gp,-1948 # 20000254 <JY901_data>
     394:	002bc683          	lbu	a3,2(s7)
     398:	05500713          	li	a4,85
     39c:	06e69b63          	bne	a3,a4,412 <JY901_ParseBuffer+0xa6>
     3a0:	002b8513          	addi	a0,s7,2
     3a4:	4681                	li	a3,0
     3a6:	4701                	li	a4,0
     3a8:	4629                	li	a2,10
     3aa:	00d505b3          	add	a1,a0,a3
     3ae:	0005c583          	lbu	a1,0(a1)
     3b2:	0685                	addi	a3,a3,1
     3b4:	972e                	add	a4,a4,a1
     3b6:	0ff77713          	andi	a4,a4,255
     3ba:	fec698e3          	bne	a3,a2,3aa <JY901_ParseBuffer+0x3e>
     3be:	00cbc683          	lbu	a3,12(s7)
     3c2:	04e69863          	bne	a3,a4,412 <JY901_ParseBuffer+0xa6>
     3c6:	005bc503          	lbu	a0,5(s7)
     3ca:	004bc683          	lbu	a3,4(s7)
     3ce:	007bc903          	lbu	s2,7(s7)
     3d2:	0522                	slli	a0,a0,0x8
     3d4:	8d55                	or	a0,a0,a3
     3d6:	006bc683          	lbu	a3,6(s7)
     3da:	0922                	slli	s2,s2,0x8
     3dc:	009bc483          	lbu	s1,9(s7)
     3e0:	00d96933          	or	s2,s2,a3
     3e4:	008bc683          	lbu	a3,8(s7)
     3e8:	04a2                	slli	s1,s1,0x8
     3ea:	003bc703          	lbu	a4,3(s7)
     3ee:	8cd5                	or	s1,s1,a3
     3f0:	0542                	slli	a0,a0,0x10
     3f2:	0942                	slli	s2,s2,0x10
     3f4:	04c2                	slli	s1,s1,0x10
     3f6:	05200693          	li	a3,82
     3fa:	8541                	srai	a0,a0,0x10
     3fc:	41095913          	srai	s2,s2,0x10
     400:	84c1                	srai	s1,s1,0x10
     402:	08d70563          	beq	a4,a3,48c <JY901_ParseBuffer+0x120>
     406:	00e6ec63          	bltu	a3,a4,41e <JY901_ParseBuffer+0xb2>
     40a:	05100693          	li	a3,81
     40e:	02d70c63          	beq	a4,a3,446 <JY901_ParseBuffer+0xda>
     412:	0bad                	addi	s7,s7,11
     414:	89018793          	addi	a5,gp,-1904 # 20000280 <JY901_data+0x2c>
     418:	f6fb9ee3          	bne	s7,a5,394 <JY901_ParseBuffer+0x28>
     41c:	b385                	j	17c <__riscv_restore_12>
     41e:	05300693          	li	a3,83
     422:	0ad70a63          	beq	a4,a3,4d6 <JY901_ParseBuffer+0x16a>
     426:	05400693          	li	a3,84
     42a:	fed714e3          	bne	a4,a3,412 <JY901_ParseBuffer+0xa6>
     42e:	48d070ef          	jal	ra,80ba <__floatsisf>
     432:	c868                	sw	a0,84(s0)
     434:	854a                	mv	a0,s2
     436:	485070ef          	jal	ra,80ba <__floatsisf>
     43a:	cc28                	sw	a0,88(s0)
     43c:	8526                	mv	a0,s1
     43e:	47d070ef          	jal	ra,80ba <__floatsisf>
     442:	cc68                	sw	a0,92(s0)
     444:	b7f9                	j	412 <JY901_ParseBuffer+0xa6>
     446:	475070ef          	jal	ra,80ba <__floatsisf>
     44a:	df49a583          	lw	a1,-524(s3) # adf4 <__trunctfdf2+0x236>
     44e:	5b2070ef          	jal	ra,7a00 <__mulsf3>
     452:	85ee                	mv	a1,s11
     454:	5ac070ef          	jal	ra,7a00 <__mulsf3>
     458:	dc48                	sw	a0,60(s0)
     45a:	854a                	mv	a0,s2
     45c:	45f070ef          	jal	ra,80ba <__floatsisf>
     460:	df49a583          	lw	a1,-524(s3)
     464:	59c070ef          	jal	ra,7a00 <__mulsf3>
     468:	df8b2583          	lw	a1,-520(s6)
     46c:	594070ef          	jal	ra,7a00 <__mulsf3>
     470:	c028                	sw	a0,64(s0)
     472:	8526                	mv	a0,s1
     474:	447070ef          	jal	ra,80ba <__floatsisf>
     478:	df49a583          	lw	a1,-524(s3)
     47c:	584070ef          	jal	ra,7a00 <__mulsf3>
     480:	df8b2583          	lw	a1,-520(s6)
     484:	57c070ef          	jal	ra,7a00 <__mulsf3>
     488:	c068                	sw	a0,68(s0)
     48a:	b761                	j	412 <JY901_ParseBuffer+0xa6>
     48c:	42f070ef          	jal	ra,80ba <__floatsisf>
     490:	0000b7b7          	lui	a5,0xb
     494:	df47a583          	lw	a1,-524(a5) # adf4 <__trunctfdf2+0x236>
     498:	568070ef          	jal	ra,7a00 <__mulsf3>
     49c:	85e6                	mv	a1,s9
     49e:	562070ef          	jal	ra,7a00 <__mulsf3>
     4a2:	c428                	sw	a0,72(s0)
     4a4:	854a                	mv	a0,s2
     4a6:	415070ef          	jal	ra,80ba <__floatsisf>
     4aa:	df49a583          	lw	a1,-524(s3)
     4ae:	552070ef          	jal	ra,7a00 <__mulsf3>
     4b2:	dfca2583          	lw	a1,-516(s4)
     4b6:	54a070ef          	jal	ra,7a00 <__mulsf3>
     4ba:	c468                	sw	a0,76(s0)
     4bc:	8526                	mv	a0,s1
     4be:	3fd070ef          	jal	ra,80ba <__floatsisf>
     4c2:	df49a583          	lw	a1,-524(s3)
     4c6:	53a070ef          	jal	ra,7a00 <__mulsf3>
     4ca:	dfca2583          	lw	a1,-516(s4)
     4ce:	532070ef          	jal	ra,7a00 <__mulsf3>
     4d2:	c828                	sw	a0,80(s0)
     4d4:	bf3d                	j	412 <JY901_ParseBuffer+0xa6>
     4d6:	3e5070ef          	jal	ra,80ba <__floatsisf>
     4da:	df49a583          	lw	a1,-524(s3)
     4de:	522070ef          	jal	ra,7a00 <__mulsf3>
     4e2:	85ea                	mv	a1,s10
     4e4:	51c070ef          	jal	ra,7a00 <__mulsf3>
     4e8:	d808                	sw	a0,48(s0)
     4ea:	854a                	mv	a0,s2
     4ec:	3cf070ef          	jal	ra,80ba <__floatsisf>
     4f0:	df49a583          	lw	a1,-524(s3)
     4f4:	50c070ef          	jal	ra,7a00 <__mulsf3>
     4f8:	decaa583          	lw	a1,-532(s5)
     4fc:	504070ef          	jal	ra,7a00 <__mulsf3>
     500:	d848                	sw	a0,52(s0)
     502:	8526                	mv	a0,s1
     504:	3b7070ef          	jal	ra,80ba <__floatsisf>
     508:	df49a583          	lw	a1,-524(s3)
     50c:	83c18493          	addi	s1,gp,-1988 # 2000022c <jy901_yaw_last_raw>
     510:	4f0070ef          	jal	ra,7a00 <__mulsf3>
     514:	decaa583          	lw	a1,-532(s5)
     518:	4e8070ef          	jal	ra,7a00 <__mulsf3>
     51c:	dc08                	sw	a0,56(s0)
     51e:	332d                	jal	248 <JY901_NormalizeAngle180>
     520:	83818613          	addi	a2,gp,-1992 # 20000228 <jy901_yaw_filter_init>
     524:	00064583          	lbu	a1,0(a2)
     528:	d028                	sw	a0,96(s0)
     52a:	892a                	mv	s2,a0
     52c:	84018c13          	addi	s8,gp,-1984 # 20000230 <jy901_yaw_unwrap>
     530:	e5b1                	bnez	a1,57c <JY901_ParseBuffer+0x210>
     532:	4585                	li	a1,1
     534:	8d818713          	addi	a4,gp,-1832 # 200002c8 <jy901_yaw_ma>
     538:	00b60023          	sb	a1,0(a2)
     53c:	c088                	sw	a0,0(s1)
     53e:	00ac2023          	sw	a0,0(s8)
     542:	0c870593          	addi	a1,a4,200
     546:	8d818613          	addi	a2,gp,-1832 # 200002c8 <jy901_yaw_ma>
     54a:	00000793          	li	a5,0
     54e:	c31c                	sw	a5,0(a4)
     550:	0711                	addi	a4,a4,4
     552:	fee59ce3          	bne	a1,a4,54a <JY901_ParseBuffer+0x1de>
     556:	0c061423          	sh	zero,200(a2)
     55a:	0cf62623          	sw	a5,204(a2)
     55e:	85ca                	mv	a1,s2
     560:	8d818513          	addi	a0,gp,-1832 # 200002c8 <jy901_yaw_ma>
     564:	3359                	jal	2ea <MA_Update>
     566:	31cd                	jal	248 <JY901_NormalizeAngle180>
     568:	542c                	lw	a1,104(s0)
     56a:	d068                	sw	a0,100(s0)
     56c:	728070ef          	jal	ra,7c94 <__subsf3>
     570:	39e1                	jal	248 <JY901_NormalizeAngle180>
     572:	4705                	li	a4,1
     574:	d468                	sw	a0,108(s0)
     576:	06e40823          	sb	a4,112(s0)
     57a:	bd61                	j	412 <JY901_ParseBuffer+0xa6>
     57c:	408c                	lw	a1,0(s1)
     57e:	716070ef          	jal	ra,7c94 <__subsf3>
     582:	31d9                	jal	248 <JY901_NormalizeAngle180>
     584:	000c2583          	lw	a1,0(s8)
     588:	4ef060ef          	jal	ra,7276 <__addsf3>
     58c:	85aa                	mv	a1,a0
     58e:	00ac2023          	sw	a0,0(s8)
     592:	0124a023          	sw	s2,0(s1)
     596:	b7e9                	j	560 <JY901_ParseBuffer+0x1f4>

00000598 <JY901_YawFilterReset>:
     598:	8d818713          	addi	a4,gp,-1832 # 200002c8 <jy901_yaw_ma>
     59c:	0c870693          	addi	a3,a4,200
     5a0:	8d818793          	addi	a5,gp,-1832 # 200002c8 <jy901_yaw_ma>
     5a4:	00000613          	li	a2,0
     5a8:	c310                	sw	a2,0(a4)
     5aa:	0711                	addi	a4,a4,4
     5ac:	fed71ce3          	bne	a4,a3,5a4 <JY901_YawFilterReset+0xc>
     5b0:	0c079423          	sh	zero,200(a5)
     5b4:	0cc7a623          	sw	a2,204(a5)
     5b8:	82018c23          	sb	zero,-1992(gp) # 20000228 <jy901_yaw_filter_init>
     5bc:	82c1ae23          	sw	a2,-1988(gp) # 2000022c <jy901_yaw_last_raw>
     5c0:	84c1a023          	sw	a2,-1984(gp) # 20000230 <jy901_yaw_unwrap>
     5c4:	86418793          	addi	a5,gp,-1948 # 20000254 <JY901_data>
     5c8:	d3b0                	sw	a2,96(a5)
     5ca:	d3f0                	sw	a2,100(a5)
     5cc:	d7b0                	sw	a2,104(a5)
     5ce:	d7f0                	sw	a2,108(a5)
     5d0:	06078823          	sb	zero,112(a5)
     5d4:	8082                	ret

000005d6 <JY901_SetYawZero>:
     5d6:	86418793          	addi	a5,gp,-1948 # 20000254 <JY901_data>
     5da:	53f8                	lw	a4,100(a5)
     5dc:	d7b8                	sw	a4,104(a5)
     5de:	00000713          	li	a4,0
     5e2:	d7f8                	sw	a4,108(a5)
     5e4:	8082                	ret

000005e6 <JY901_GetStableHeading>:
     5e6:	b8bff2ef          	jal	t0,170 <__riscv_save_0>
     5ea:	8d01a403          	lw	s0,-1840(gp) # 200002c0 <JY901_data+0x6c>
     5ee:	0000b7b7          	lui	a5,0xb
     5f2:	ddc7a583          	lw	a1,-548(a5) # addc <__trunctfdf2+0x21e>
     5f6:	8522                	mv	a0,s0
     5f8:	2f6070ef          	jal	ra,78ee <__gesf2>
     5fc:	00a05d63          	blez	a0,616 <JY901_GetStableHeading+0x30>
     600:	0000b7b7          	lui	a5,0xb
     604:	de07a583          	lw	a1,-544(a5) # ade0 <__trunctfdf2+0x222>
     608:	8522                	mv	a0,s0
     60a:	36a070ef          	jal	ra,7974 <__lesf2>
     60e:	00000793          	li	a5,0
     612:	04054063          	bltz	a0,652 <JY901_GetStableHeading+0x6c>
     616:	85a2                	mv	a1,s0
     618:	8522                	mv	a0,s0
     61a:	45d060ef          	jal	ra,7276 <__addsf3>
     61e:	00000593          	li	a1,0
     622:	84aa                	mv	s1,a0
     624:	8522                	mv	a0,s0
     626:	2c8070ef          	jal	ra,78ee <__gesf2>
     62a:	0000b437          	lui	s0,0xb
     62e:	de442583          	lw	a1,-540(s0) # ade4 <__trunctfdf2+0x226>
     632:	02054263          	bltz	a0,656 <JY901_GetStableHeading+0x70>
     636:	8526                	mv	a0,s1
     638:	43f060ef          	jal	ra,7276 <__addsf3>
     63c:	21d070ef          	jal	ra,8058 <__fixsfsi>
     640:	0542                	slli	a0,a0,0x10
     642:	8541                	srai	a0,a0,0x10
     644:	277070ef          	jal	ra,80ba <__floatsisf>
     648:	de442583          	lw	a1,-540(s0)
     64c:	3b4070ef          	jal	ra,7a00 <__mulsf3>
     650:	87aa                	mv	a5,a0
     652:	853e                	mv	a0,a5
     654:	b681                	j	194 <__riscv_restore_0>
     656:	8526                	mv	a0,s1
     658:	63c070ef          	jal	ra,7c94 <__subsf3>
     65c:	b7c5                	j	63c <JY901_GetStableHeading+0x56>

0000065e <JY901_IsYawValid>:
     65e:	8d41c503          	lbu	a0,-1836(gp) # 200002c4 <JY901_data+0x70>
     662:	8082                	ret

00000664 <JY901_SetDisplayEnabled>:
     664:	00a03533          	snez	a0,a0
     668:	200007b7          	lui	a5,0x20000
     66c:	1ea78823          	sb	a0,496(a5) # 200001f0 <jy901_display_enabled>
     670:	8082                	ret

00000672 <USART2_CFG>:
     672:	affff2ef          	jal	t0,170 <__riscv_save_0>
     676:	7179                	addi	sp,sp,-48
     678:	84aa                	mv	s1,a0
     67a:	4585                	li	a1,1
     67c:	4511                	li	a0,4
     67e:	ca02                	sw	zero,20(sp)
     680:	cc02                	sw	zero,24(sp)
     682:	ce02                	sw	zero,28(sp)
     684:	d002                	sw	zero,32(sp)
     686:	d202                	sw	zero,36(sp)
     688:	d402                	sw	zero,40(sp)
     68a:	d602                	sw	zero,44(sp)
     68c:	c602                	sw	zero,12(sp)
     68e:	c802                	sw	zero,16(sp)
     690:	45b020ef          	jal	ra,32ea <RCC_APB2PeriphClockCmd>
     694:	4585                	li	a1,1
     696:	00020537          	lui	a0,0x20
     69a:	46f020ef          	jal	ra,3308 <RCC_APB1PeriphClockCmd>
     69e:	4791                	li	a5,4
     6a0:	00f11a23          	sh	a5,20(sp)
     6a4:	40011437          	lui	s0,0x40011
     6a8:	478d                	li	a5,3
     6aa:	cc3e                	sw	a5,24(sp)
     6ac:	084c                	addi	a1,sp,20
     6ae:	47e1                	li	a5,24
     6b0:	80040513          	addi	a0,s0,-2048 # 40010800 <_eusrstack+0x2000b800>
     6b4:	ce3e                	sw	a5,28(sp)
     6b6:	211020ef          	jal	ra,30c6 <GPIO_Init>
     6ba:	47a1                	li	a5,8
     6bc:	00f11a23          	sh	a5,20(sp)
     6c0:	084c                	addi	a1,sp,20
     6c2:	4791                	li	a5,4
     6c4:	80040513          	addi	a0,s0,-2048
     6c8:	ce3e                	sw	a5,28(sp)
     6ca:	40004437          	lui	s0,0x40004
     6ce:	1f9020ef          	jal	ra,30c6 <GPIO_Init>
     6d2:	100c                	addi	a1,sp,32
     6d4:	000c07b7          	lui	a5,0xc0
     6d8:	40040513          	addi	a0,s0,1024 # 40004400 <_eusrstack+0x1ffff400>
     6dc:	d026                	sw	s1,32(sp)
     6de:	d43e                	sw	a5,40(sp)
     6e0:	d202                	sw	zero,36(sp)
     6e2:	02011623          	sh	zero,44(sp)
     6e6:	5df020ef          	jal	ra,34c4 <USART_Init>
     6ea:	13600793          	li	a5,310
     6ee:	00f11623          	sh	a5,12(sp)
     6f2:	4785                	li	a5,1
     6f4:	00f10723          	sb	a5,14(sp)
     6f8:	0068                	addi	a0,sp,12
     6fa:	4785                	li	a5,1
     6fc:	c83e                	sw	a5,16(sp)
     6fe:	2a5020ef          	jal	ra,31a2 <NVIC_Init>
     702:	4605                	li	a2,1
     704:	40040513          	addi	a0,s0,1024
     708:	42400593          	li	a1,1060
     70c:	67d020ef          	jal	ra,3588 <USART_ITConfig>
     710:	4585                	li	a1,1
     712:	40040513          	addi	a0,s0,1024
     716:	657020ef          	jal	ra,356c <USART_Cmd>
     71a:	6145                	addi	sp,sp,48
     71c:	bca5                	j	194 <__riscv_restore_0>

0000071e <USART2_DMA1_CH6_INIT>:
     71e:	a53ff2ef          	jal	t0,170 <__riscv_save_0>
     722:	7139                	addi	sp,sp,-64
     724:	02c00613          	li	a2,44
     728:	4581                	li	a1,0
     72a:	0848                	addi	a0,sp,20
     72c:	3c95                	jal	1a0 <memset>
     72e:	4585                	li	a1,1
     730:	4505                	li	a0,1
     732:	40020437          	lui	s0,0x40020
     736:	c602                	sw	zero,12(sp)
     738:	c802                	sw	zero,16(sp)
     73a:	393020ef          	jal	ra,32cc <RCC_AHBPeriphClockCmd>
     73e:	06c40513          	addi	a0,s0,108 # 4002006c <_eusrstack+0x2001b06c>
     742:	7ce020ef          	jal	ra,2f10 <DMA_DeInit>
     746:	400044b7          	lui	s1,0x40004
     74a:	40448793          	addi	a5,s1,1028 # 40004404 <_eusrstack+0x1ffff404>
     74e:	ca3e                	sw	a5,20(sp)
     750:	86618793          	addi	a5,gp,-1946 # 20000256 <JY901_data+0x2>
     754:	cc3e                	sw	a5,24(sp)
     756:	02c00793          	li	a5,44
     75a:	d03e                	sw	a5,32(sp)
     75c:	08000793          	li	a5,128
     760:	d43e                	sw	a5,40(sp)
     762:	084c                	addi	a1,sp,20
     764:	678d                	lui	a5,0x3
     766:	06c40513          	addi	a0,s0,108
     76a:	dc3e                	sw	a5,56(sp)
     76c:	ce02                	sw	zero,28(sp)
     76e:	d202                	sw	zero,36(sp)
     770:	d602                	sw	zero,44(sp)
     772:	d802                	sw	zero,48(sp)
     774:	da02                	sw	zero,52(sp)
     776:	de02                	sw	zero,60(sp)
     778:	093020ef          	jal	ra,300a <DMA_Init>
     77c:	4605                	li	a2,1
     77e:	4589                	li	a1,2
     780:	06c40513          	addi	a0,s0,108
     784:	0d3020ef          	jal	ra,3056 <DMA_ITConfig>
     788:	12000793          	li	a5,288
     78c:	00f11623          	sh	a5,12(sp)
     790:	4789                	li	a5,2
     792:	00f10723          	sb	a5,14(sp)
     796:	0068                	addi	a0,sp,12
     798:	4785                	li	a5,1
     79a:	c83e                	sw	a5,16(sp)
     79c:	207020ef          	jal	ra,31a2 <NVIC_Init>
     7a0:	06c40513          	addi	a0,s0,108
     7a4:	4585                	li	a1,1
     7a6:	09d020ef          	jal	ra,3042 <DMA_Cmd>
     7aa:	4605                	li	a2,1
     7ac:	04000593          	li	a1,64
     7b0:	40048513          	addi	a0,s1,1024
     7b4:	60b020ef          	jal	ra,35be <USART_DMACmd>
     7b8:	6121                	addi	sp,sp,64
     7ba:	bae9                	j	194 <__riscv_restore_0>

000007bc <JY901_Init>:
     7bc:	9b5ff2ef          	jal	t0,170 <__riscv_save_0>
     7c0:	842a                	mv	s0,a0
     7c2:	07400613          	li	a2,116
     7c6:	4581                	li	a1,0
     7c8:	86418513          	addi	a0,gp,-1948 # 20000254 <JY901_data>
     7cc:	3ad1                	jal	1a0 <memset>
     7ce:	8201aa23          	sw	zero,-1996(gp) # 20000224 <jy901_state>
     7d2:	8201a823          	sw	zero,-2000(gp) # 20000220 <_edata>
     7d6:	33c9                	jal	598 <JY901_YawFilterReset>
     7d8:	8522                	mv	a0,s0
     7da:	3d61                	jal	672 <USART2_CFG>
     7dc:	3789                	jal	71e <USART2_DMA1_CH6_INIT>
     7de:	9b7ff06f          	j	194 <__riscv_restore_0>

000007e2 <JY901_Task>:
     7e2:	98fff2ef          	jal	t0,170 <__riscv_save_0>
     7e6:	83418793          	addi	a5,gp,-1996 # 20000224 <jy901_state>
     7ea:	4398                	lw	a4,0(a5)
     7ec:	4685                	li	a3,1
     7ee:	7179                	addi	sp,sp,-48
     7f0:	83418493          	addi	s1,gp,-1996 # 20000224 <jy901_state>
     7f4:	02d70263          	beq	a4,a3,818 <__stack_size+0x18>
     7f8:	c719                	beqz	a4,806 <__stack_size+0x6>
     7fa:	4689                	li	a3,2
     7fc:	04d70863          	beq	a4,a3,84c <__stack_size+0x4c>
     800:	0007a023          	sw	zero,0(a5) # 3000 <DMA_DeInit+0xf0>
     804:	a039                	j	812 <__stack_size+0x12>
     806:	8641c703          	lbu	a4,-1948(gp) # 20000254 <JY901_data>
     80a:	0ff77713          	andi	a4,a4,255
     80e:	c311                	beqz	a4,812 <__stack_size+0x12>
     810:	c394                	sw	a3,0(a5)
     812:	6145                	addi	sp,sp,48
     814:	981ff06f          	j	194 <__riscv_restore_0>
     818:	86418793          	addi	a5,gp,-1948 # 20000254 <JY901_data>
     81c:	0017c783          	lbu	a5,1(a5)
     820:	02b00713          	li	a4,43
     824:	86418413          	addi	s0,gp,-1948 # 20000254 <JY901_data>
     828:	00f77363          	bgeu	a4,a5,82e <__stack_size+0x2e>
     82c:	3681                	jal	36c <JY901_ParseBuffer>
     82e:	00040023          	sb	zero,0(s0)
     832:	02c00613          	li	a2,44
     836:	4581                	li	a1,0
     838:	00240513          	addi	a0,s0,2
     83c:	000400a3          	sb	zero,1(s0)
     840:	961ff0ef          	jal	ra,1a0 <memset>
     844:	3cb9                	jal	2a2 <JY901_DMA_Restart>
     846:	4789                	li	a5,2
     848:	c09c                	sw	a5,0(s1)
     84a:	b7e1                	j	812 <__stack_size+0x12>
     84c:	200007b7          	lui	a5,0x20000
     850:	1f07c783          	lbu	a5,496(a5) # 200001f0 <jy901_display_enabled>
     854:	0c078463          	beqz	a5,91c <__stack_size+0x11c>
     858:	83018793          	addi	a5,gp,-2000 # 20000220 <_edata>
     85c:	4398                	lw	a4,0(a5)
     85e:	0c700693          	li	a3,199
     862:	40e50733          	sub	a4,a0,a4
     866:	0ae6fb63          	bgeu	a3,a4,91c <__stack_size+0x11c>
     86a:	c388                	sw	a0,0(a5)
     86c:	4661                	li	a2,24
     86e:	4581                	li	a1,0
     870:	0828                	addi	a0,sp,24
     872:	92fff0ef          	jal	ra,1a0 <memset>
     876:	86418913          	addi	s2,gp,-1948 # 20000254 <JY901_data>
     87a:	03492503          	lw	a0,52(s2)
     87e:	86418413          	addi	s0,gp,-1948 # 20000254 <JY901_data>
     882:	1cd070ef          	jal	ra,824e <__extendsfdf2>
     886:	c42a                	sw	a0,8(sp)
     888:	03092503          	lw	a0,48(s2)
     88c:	c62e                	sw	a1,12(sp)
     88e:	1c1070ef          	jal	ra,824e <__extendsfdf2>
     892:	4822                	lw	a6,8(sp)
     894:	48b2                	lw	a7,12(sp)
     896:	0000b637          	lui	a2,0xb
     89a:	87ae                	mv	a5,a1
     89c:	872a                	mv	a4,a0
     89e:	e0060613          	addi	a2,a2,-512 # ae00 <__trunctfdf2+0x242>
     8a2:	45e1                	li	a1,24
     8a4:	0828                	addi	a0,sp,24
     8a6:	4d5040ef          	jal	ra,557a <snprintf>
     8aa:	0830                	addi	a2,sp,24
     8ac:	4589                	li	a1,2
     8ae:	4509                	li	a0,2
     8b0:	10d000ef          	jal	ra,11bc <OLED_ShowString>
     8b4:	4661                	li	a2,24
     8b6:	4581                	li	a1,0
     8b8:	0828                	addi	a0,sp,24
     8ba:	8e7ff0ef          	jal	ra,1a0 <memset>
     8be:	07094783          	lbu	a5,112(s2)
     8c2:	c3a5                	beqz	a5,922 <__stack_size+0x122>
     8c4:	5068                	lw	a0,100(s0)
     8c6:	189070ef          	jal	ra,824e <__extendsfdf2>
     8ca:	0000b637          	lui	a2,0xb
     8ce:	872a                	mv	a4,a0
     8d0:	87ae                	mv	a5,a1
     8d2:	e1460613          	addi	a2,a2,-492 # ae14 <__trunctfdf2+0x256>
     8d6:	45e1                	li	a1,24
     8d8:	0828                	addi	a0,sp,24
     8da:	4a1040ef          	jal	ra,557a <snprintf>
     8de:	0830                	addi	a2,sp,24
     8e0:	4585                	li	a1,1
     8e2:	450d                	li	a0,3
     8e4:	0d9000ef          	jal	ra,11bc <OLED_ShowString>
     8e8:	4661                	li	a2,24
     8ea:	4581                	li	a1,0
     8ec:	0828                	addi	a0,sp,24
     8ee:	8b3ff0ef          	jal	ra,1a0 <memset>
     8f2:	07044783          	lbu	a5,112(s0)
     8f6:	cf95                	beqz	a5,932 <__stack_size+0x132>
     8f8:	31fd                	jal	5e6 <JY901_GetStableHeading>
     8fa:	155070ef          	jal	ra,824e <__extendsfdf2>
     8fe:	0000b637          	lui	a2,0xb
     902:	872a                	mv	a4,a0
     904:	87ae                	mv	a5,a1
     906:	e3060613          	addi	a2,a2,-464 # ae30 <__trunctfdf2+0x272>
     90a:	45e1                	li	a1,24
     90c:	0828                	addi	a0,sp,24
     90e:	46d040ef          	jal	ra,557a <snprintf>
     912:	0830                	addi	a2,sp,24
     914:	4585                	li	a1,1
     916:	4511                	li	a0,4
     918:	0a5000ef          	jal	ra,11bc <OLED_ShowString>
     91c:	0004a023          	sw	zero,0(s1)
     920:	bdcd                	j	812 <__stack_size+0x12>
     922:	0000b5b7          	lui	a1,0xb
     926:	e2058593          	addi	a1,a1,-480 # ae20 <__trunctfdf2+0x262>
     92a:	0828                	addi	a0,sp,24
     92c:	3b4080ef          	jal	ra,8ce0 <strcpy>
     930:	b77d                	j	8de <__stack_size+0xde>
     932:	0000b5b7          	lui	a1,0xb
     936:	e3c58593          	addi	a1,a1,-452 # ae3c <__trunctfdf2+0x27e>
     93a:	0828                	addi	a0,sp,24
     93c:	3a4080ef          	jal	ra,8ce0 <strcpy>
     940:	bfc9                	j	912 <__stack_size+0x112>

00000942 <USART2_IRQHandler>:
     942:	1101                	addi	sp,sp,-32
     944:	ce22                	sw	s0,28(sp)
     946:	40004437          	lui	s0,0x40004
     94a:	42400593          	li	a1,1060
     94e:	40040513          	addi	a0,s0,1024 # 40004400 <_eusrstack+0x1ffff400>
     952:	499020ef          	jal	ra,35ea <USART_GetITStatus>
     956:	cd31                	beqz	a0,9b2 <USART2_IRQHandler+0x70>
     958:	40045783          	lhu	a5,1024(s0)
     95c:	4581                	li	a1,0
     95e:	07c2                	slli	a5,a5,0x10
     960:	83c1                	srli	a5,a5,0x10
     962:	c63e                	sw	a5,12(sp)
     964:	40445783          	lhu	a5,1028(s0)
     968:	40020437          	lui	s0,0x40020
     96c:	06c40513          	addi	a0,s0,108 # 4002006c <_eusrstack+0x2001b06c>
     970:	07c2                	slli	a5,a5,0x10
     972:	83c1                	srli	a5,a5,0x10
     974:	c63e                	sw	a5,12(sp)
     976:	47b2                	lw	a5,12(sp)
     978:	6ca020ef          	jal	ra,3042 <DMA_Cmd>
     97c:	06c40513          	addi	a0,s0,108
     980:	6ec020ef          	jal	ra,306c <DMA_GetCurrDataCounter>
     984:	02c00793          	li	a5,44
     988:	40a78533          	sub	a0,a5,a0
     98c:	86418713          	addi	a4,gp,-1948 # 20000254 <JY901_data>
     990:	0ff57513          	andi	a0,a0,255
     994:	00a700a3          	sb	a0,1(a4)
     998:	00174703          	lbu	a4,1(a4)
     99c:	02c00693          	li	a3,44
     9a0:	86418793          	addi	a5,gp,-1948 # 20000254 <JY901_data>
     9a4:	00e6f463          	bgeu	a3,a4,9ac <USART2_IRQHandler+0x6a>
     9a8:	000780a3          	sb	zero,1(a5)
     9ac:	4705                	li	a4,1
     9ae:	00e78023          	sb	a4,0(a5)
     9b2:	4472                	lw	s0,28(sp)
     9b4:	6105                	addi	sp,sp,32
     9b6:	30200073          	mret

000009ba <DMA1_Channel6_IRQHandler>:
     9ba:	00200537          	lui	a0,0x200
     9be:	6f0020ef          	jal	ra,30ae <DMA_GetITStatus>
     9c2:	c50d                	beqz	a0,9ec <DMA1_Channel6_IRQHandler+0x32>
     9c4:	00200537          	lui	a0,0x200
     9c8:	6f2020ef          	jal	ra,30ba <DMA_ClearITPendingBit>
     9cc:	40020537          	lui	a0,0x40020
     9d0:	4581                	li	a1,0
     9d2:	06c50513          	addi	a0,a0,108 # 4002006c <_eusrstack+0x2001b06c>
     9d6:	66c020ef          	jal	ra,3042 <DMA_Cmd>
     9da:	86418793          	addi	a5,gp,-1948 # 20000254 <JY901_data>
     9de:	02c00713          	li	a4,44
     9e2:	00e780a3          	sb	a4,1(a5)
     9e6:	4705                	li	a4,1
     9e8:	00e78023          	sb	a4,0(a5)
     9ec:	30200073          	mret

000009f0 <USART3_CFG>:
     9f0:	f80ff2ef          	jal	t0,170 <__riscv_save_0>
     9f4:	7179                	addi	sp,sp,-48
     9f6:	84aa                	mv	s1,a0
     9f8:	4585                	li	a1,1
     9fa:	4521                	li	a0,8
     9fc:	ca02                	sw	zero,20(sp)
     9fe:	cc02                	sw	zero,24(sp)
     a00:	ce02                	sw	zero,28(sp)
     a02:	d002                	sw	zero,32(sp)
     a04:	d202                	sw	zero,36(sp)
     a06:	d402                	sw	zero,40(sp)
     a08:	d602                	sw	zero,44(sp)
     a0a:	c602                	sw	zero,12(sp)
     a0c:	c802                	sw	zero,16(sp)
     a0e:	0dd020ef          	jal	ra,32ea <RCC_APB2PeriphClockCmd>
     a12:	4585                	li	a1,1
     a14:	00040537          	lui	a0,0x40
     a18:	0f1020ef          	jal	ra,3308 <RCC_APB1PeriphClockCmd>
     a1c:	40000793          	li	a5,1024
     a20:	00f11a23          	sh	a5,20(sp)
     a24:	40011437          	lui	s0,0x40011
     a28:	478d                	li	a5,3
     a2a:	cc3e                	sw	a5,24(sp)
     a2c:	084c                	addi	a1,sp,20
     a2e:	47e1                	li	a5,24
     a30:	c0040513          	addi	a0,s0,-1024 # 40010c00 <_eusrstack+0x2000bc00>
     a34:	ce3e                	sw	a5,28(sp)
     a36:	690020ef          	jal	ra,30c6 <GPIO_Init>
     a3a:	6785                	lui	a5,0x1
     a3c:	80078793          	addi	a5,a5,-2048 # 800 <__stack_size>
     a40:	00f11a23          	sh	a5,20(sp)
     a44:	084c                	addi	a1,sp,20
     a46:	4791                	li	a5,4
     a48:	c0040513          	addi	a0,s0,-1024
     a4c:	ce3e                	sw	a5,28(sp)
     a4e:	40005437          	lui	s0,0x40005
     a52:	674020ef          	jal	ra,30c6 <GPIO_Init>
     a56:	100c                	addi	a1,sp,32
     a58:	000c07b7          	lui	a5,0xc0
     a5c:	80040513          	addi	a0,s0,-2048 # 40004800 <_eusrstack+0x1ffff800>
     a60:	d026                	sw	s1,32(sp)
     a62:	d43e                	sw	a5,40(sp)
     a64:	d202                	sw	zero,36(sp)
     a66:	02011623          	sh	zero,44(sp)
     a6a:	25b020ef          	jal	ra,34c4 <USART_Init>
     a6e:	13700793          	li	a5,311
     a72:	00f11623          	sh	a5,12(sp)
     a76:	4785                	li	a5,1
     a78:	00f10723          	sb	a5,14(sp)
     a7c:	0068                	addi	a0,sp,12
     a7e:	4785                	li	a5,1
     a80:	c83e                	sw	a5,16(sp)
     a82:	720020ef          	jal	ra,31a2 <NVIC_Init>
     a86:	4605                	li	a2,1
     a88:	80040513          	addi	a0,s0,-2048
     a8c:	42400593          	li	a1,1060
     a90:	2f9020ef          	jal	ra,3588 <USART_ITConfig>
     a94:	4585                	li	a1,1
     a96:	80040513          	addi	a0,s0,-2048
     a9a:	2d3020ef          	jal	ra,356c <USART_Cmd>
     a9e:	6145                	addi	sp,sp,48
     aa0:	ef4ff06f          	j	194 <__riscv_restore_0>

00000aa4 <USART3_DMA1_CH3_INIT>:
     aa4:	eccff2ef          	jal	t0,170 <__riscv_save_0>
     aa8:	7139                	addi	sp,sp,-64
     aaa:	02c00613          	li	a2,44
     aae:	4581                	li	a1,0
     ab0:	0848                	addi	a0,sp,20
     ab2:	eeeff0ef          	jal	ra,1a0 <memset>
     ab6:	4585                	li	a1,1
     ab8:	4505                	li	a0,1
     aba:	40020437          	lui	s0,0x40020
     abe:	c602                	sw	zero,12(sp)
     ac0:	c802                	sw	zero,16(sp)
     ac2:	00b020ef          	jal	ra,32cc <RCC_AHBPeriphClockCmd>
     ac6:	03040513          	addi	a0,s0,48 # 40020030 <_eusrstack+0x2001b030>
     aca:	446020ef          	jal	ra,2f10 <DMA_DeInit>
     ace:	400054b7          	lui	s1,0x40005
     ad2:	80448793          	addi	a5,s1,-2044 # 40004804 <_eusrstack+0x1ffff804>
     ad6:	ca3e                	sw	a5,20(sp)
     ad8:	9b818793          	addi	a5,gp,-1608 # 200003a8 <RX3_Buffer>
     adc:	cc3e                	sw	a5,24(sp)
     ade:	04000793          	li	a5,64
     ae2:	d03e                	sw	a5,32(sp)
     ae4:	08000793          	li	a5,128
     ae8:	d43e                	sw	a5,40(sp)
     aea:	084c                	addi	a1,sp,20
     aec:	678d                	lui	a5,0x3
     aee:	03040513          	addi	a0,s0,48
     af2:	dc3e                	sw	a5,56(sp)
     af4:	ce02                	sw	zero,28(sp)
     af6:	d202                	sw	zero,36(sp)
     af8:	d602                	sw	zero,44(sp)
     afa:	d802                	sw	zero,48(sp)
     afc:	da02                	sw	zero,52(sp)
     afe:	de02                	sw	zero,60(sp)
     b00:	50a020ef          	jal	ra,300a <DMA_Init>
     b04:	4605                	li	a2,1
     b06:	4589                	li	a1,2
     b08:	03040513          	addi	a0,s0,48
     b0c:	54a020ef          	jal	ra,3056 <DMA_ITConfig>
     b10:	11d00793          	li	a5,285
     b14:	00f11623          	sh	a5,12(sp)
     b18:	4789                	li	a5,2
     b1a:	00f10723          	sb	a5,14(sp)
     b1e:	0068                	addi	a0,sp,12
     b20:	4785                	li	a5,1
     b22:	c83e                	sw	a5,16(sp)
     b24:	67e020ef          	jal	ra,31a2 <NVIC_Init>
     b28:	03040513          	addi	a0,s0,48
     b2c:	4585                	li	a1,1
     b2e:	514020ef          	jal	ra,3042 <DMA_Cmd>
     b32:	4605                	li	a2,1
     b34:	04000593          	li	a1,64
     b38:	80048513          	addi	a0,s1,-2048
     b3c:	283020ef          	jal	ra,35be <USART_DMACmd>
     b40:	6121                	addi	sp,sp,64
     b42:	e52ff06f          	j	194 <__riscv_restore_0>

00000b46 <Laser_Init>:
     b46:	e2aff2ef          	jal	t0,170 <__riscv_save_0>
     b4a:	842a                	mv	s0,a0
     b4c:	04000613          	li	a2,64
     b50:	4581                	li	a1,0
     b52:	9b818513          	addi	a0,gp,-1608 # 200003a8 <RX3_Buffer>
     b56:	e4aff0ef          	jal	ra,1a0 <memset>
     b5a:	9a818793          	addi	a5,gp,-1624 # 20000398 <Laser_Data>
     b5e:	00078023          	sb	zero,0(a5) # 3000 <DMA_DeInit+0xf0>
     b62:	8522                	mv	a0,s0
     b64:	00079123          	sh	zero,2(a5)
     b68:	00079223          	sh	zero,4(a5)
     b6c:	00078323          	sb	zero,6(a5)
     b70:	0007a423          	sw	zero,8(a5)
     b74:	0007a623          	sw	zero,12(a5)
     b78:	3da5                	jal	9f0 <USART3_CFG>
     b7a:	372d                	jal	aa4 <USART3_DMA1_CH3_INIT>
     b7c:	e18ff06f          	j	194 <__riscv_restore_0>

00000b80 <Laser_Task>:
     b80:	df0ff2ef          	jal	t0,170 <__riscv_save_0>
     b84:	9a818793          	addi	a5,gp,-1624 # 20000398 <Laser_Data>
     b88:	47dc                	lw	a5,12(a5)
     b8a:	0c700713          	li	a4,199
     b8e:	1101                	addi	sp,sp,-32
     b90:	40f507b3          	sub	a5,a0,a5
     b94:	9a818413          	addi	s0,gp,-1624 # 20000398 <Laser_Data>
     b98:	02f77963          	bgeu	a4,a5,bca <Laser_Task+0x4a>
     b9c:	00644783          	lbu	a5,6(s0)
     ba0:	c448                	sw	a0,12(s0)
     ba2:	c602                	sw	zero,12(sp)
     ba4:	c802                	sw	zero,16(sp)
     ba6:	ca02                	sw	zero,20(sp)
     ba8:	cc02                	sw	zero,24(sp)
     baa:	ce02                	sw	zero,28(sp)
     bac:	cf95                	beqz	a5,be8 <Laser_Task+0x68>
     bae:	00445683          	lhu	a3,4(s0)
     bb2:	0000b637          	lui	a2,0xb
     bb6:	e4860613          	addi	a2,a2,-440 # ae48 <__trunctfdf2+0x28a>
     bba:	45d1                	li	a1,20
     bbc:	0068                	addi	a0,sp,12
     bbe:	1bd040ef          	jal	ra,557a <snprintf>
     bc2:	0070                	addi	a2,sp,12
     bc4:	4585                	li	a1,1
     bc6:	4505                	li	a0,1
     bc8:	2bd5                	jal	11bc <OLED_ShowString>
     bca:	441c                	lw	a5,8(s0)
     bcc:	4705                	li	a4,1
     bce:	04e78963          	beq	a5,a4,c20 <Laser_Task+0xa0>
     bd2:	22079663          	bnez	a5,dfe <Laser_Task+0x27e>
     bd6:	00044783          	lbu	a5,0(s0)
     bda:	0ff7f793          	andi	a5,a5,255
     bde:	c391                	beqz	a5,be2 <Laser_Task+0x62>
     be0:	c418                	sw	a4,8(s0)
     be2:	6105                	addi	sp,sp,32
     be4:	db0ff06f          	j	194 <__riscv_restore_0>
     be8:	8441c783          	lbu	a5,-1980(gp) # 20000234 <s_laser_ever_frame>
     bec:	0ff7f793          	andi	a5,a5,255
     bf0:	eb89                	bnez	a5,c02 <Laser_Task+0x82>
     bf2:	0000b5b7          	lui	a1,0xb
     bf6:	e5858593          	addi	a1,a1,-424 # ae58 <__trunctfdf2+0x29a>
     bfa:	0068                	addi	a0,sp,12
     bfc:	0e4080ef          	jal	ra,8ce0 <strcpy>
     c00:	b7c9                	j	bc2 <Laser_Task+0x42>
     c02:	8451c783          	lbu	a5,-1979(gp) # 20000235 <s_laser_parse_error>
     c06:	0ff7f793          	andi	a5,a5,255
     c0a:	c791                	beqz	a5,c16 <Laser_Task+0x96>
     c0c:	0000b5b7          	lui	a1,0xb
     c10:	e6858593          	addi	a1,a1,-408 # ae68 <__trunctfdf2+0x2aa>
     c14:	b7dd                	j	bfa <Laser_Task+0x7a>
     c16:	0000b5b7          	lui	a1,0xb
     c1a:	e7858593          	addi	a1,a1,-392 # ae78 <__trunctfdf2+0x2ba>
     c1e:	bff1                	j	bfa <Laser_Task+0x7a>
     c20:	00245683          	lhu	a3,2(s0)
     c24:	4789                	li	a5,2
     c26:	06c2                	slli	a3,a3,0x10
     c28:	82c1                	srli	a3,a3,0x10
     c2a:	14d7fb63          	bgeu	a5,a3,d80 <Laser_Task+0x200>
     c2e:	9b818593          	addi	a1,gp,-1608 # 200003a8 <RX3_Buffer>
     c32:	9b818793          	addi	a5,gp,-1608 # 200003a8 <RX3_Buffer>
     c36:	4601                	li	a2,0
     c38:	9b818813          	addi	a6,gp,-1608 # 200003a8 <RX3_Buffer>
     c3c:	05300313          	li	t1,83
     c40:	07400893          	li	a7,116
     c44:	06100e13          	li	t3,97
     c48:	06500e93          	li	t4,101
     c4c:	03b00f13          	li	t5,59
     c50:	01061713          	slli	a4,a2,0x10
     c54:	00660f93          	addi	t6,a2,6
     c58:	8341                	srli	a4,a4,0x10
     c5a:	08dff763          	bgeu	t6,a3,ce8 <Laser_Task+0x168>
     c5e:	0007cf83          	lbu	t6,0(a5)
     c62:	086f9363          	bne	t6,t1,ce8 <Laser_Task+0x168>
     c66:	0017cf83          	lbu	t6,1(a5)
     c6a:	071f9f63          	bne	t6,a7,ce8 <Laser_Task+0x168>
     c6e:	0027cf83          	lbu	t6,2(a5)
     c72:	07cf9b63          	bne	t6,t3,ce8 <Laser_Task+0x168>
     c76:	0037cf83          	lbu	t6,3(a5)
     c7a:	071f9763          	bne	t6,a7,ce8 <Laser_Task+0x168>
     c7e:	0047cf83          	lbu	t6,4(a5)
     c82:	07df9363          	bne	t6,t4,ce8 <Laser_Task+0x168>
     c86:	0057cf83          	lbu	t6,5(a5)
     c8a:	05ef9f63          	bne	t6,t5,ce8 <Laser_Task+0x168>
     c8e:	0719                	addi	a4,a4,6
     c90:	0742                	slli	a4,a4,0x10
     c92:	8341                	srli	a4,a4,0x10
     c94:	00e807b3          	add	a5,a6,a4
     c98:	02000613          	li	a2,32
     c9c:	00d77763          	bgeu	a4,a3,caa <Laser_Task+0x12a>
     ca0:	0785                	addi	a5,a5,1
     ca2:	fff7c883          	lbu	a7,-1(a5)
     ca6:	02c88d63          	beq	a7,a2,ce0 <Laser_Task+0x160>
     caa:	00e808b3          	add	a7,a6,a4
     cae:	4301                	li	t1,0
     cb0:	4781                	li	a5,0
     cb2:	4ea5                	li	t4,9
     cb4:	4e29                	li	t3,10
     cb6:	0ad77f63          	bgeu	a4,a3,d74 <Laser_Task+0x1f4>
     cba:	0008c603          	lbu	a2,0(a7)
     cbe:	0885                	addi	a7,a7,1
     cc0:	fd060613          	addi	a2,a2,-48
     cc4:	0ff67613          	andi	a2,a2,255
     cc8:	0acee663          	bltu	t4,a2,d74 <Laser_Task+0x1f4>
     ccc:	03c787b3          	mul	a5,a5,t3
     cd0:	0705                	addi	a4,a4,1
     cd2:	0742                	slli	a4,a4,0x10
     cd4:	8341                	srli	a4,a4,0x10
     cd6:	4305                	li	t1,1
     cd8:	97b2                	add	a5,a5,a2
     cda:	07c2                	slli	a5,a5,0x10
     cdc:	83c1                	srli	a5,a5,0x10
     cde:	bfe1                	j	cb6 <Laser_Task+0x136>
     ce0:	0705                	addi	a4,a4,1
     ce2:	0742                	slli	a4,a4,0x10
     ce4:	8341                	srli	a4,a4,0x10
     ce6:	bf5d                	j	c9c <Laser_Task+0x11c>
     ce8:	0605                	addi	a2,a2,1
     cea:	01061713          	slli	a4,a2,0x10
     cee:	8341                	srli	a4,a4,0x10
     cf0:	0785                	addi	a5,a5,1
     cf2:	f4d76fe3          	bltu	a4,a3,c50 <Laser_Task+0xd0>
     cf6:	4781                	li	a5,0
     cf8:	fff68713          	addi	a4,a3,-1
     cfc:	0742                	slli	a4,a4,0x10
     cfe:	06400613          	li	a2,100
     d02:	03a00893          	li	a7,58
     d06:	8341                	srli	a4,a4,0x10
     d08:	0005c303          	lbu	t1,0(a1)
     d0c:	08c31063          	bne	t1,a2,d8c <Laser_Task+0x20c>
     d10:	0015c303          	lbu	t1,1(a1)
     d14:	07131c63          	bne	t1,a7,d8c <Laser_Task+0x20c>
     d18:	0789                	addi	a5,a5,2
     d1a:	07c2                	slli	a5,a5,0x10
     d1c:	83c1                	srli	a5,a5,0x10
     d1e:	00f80733          	add	a4,a6,a5
     d22:	02000613          	li	a2,32
     d26:	00d7f763          	bgeu	a5,a3,d34 <Laser_Task+0x1b4>
     d2a:	0705                	addi	a4,a4,1
     d2c:	fff74583          	lbu	a1,-1(a4)
     d30:	06c58563          	beq	a1,a2,d9a <Laser_Task+0x21a>
     d34:	68c1                	lui	a7,0x10
     d36:	4581                	li	a1,0
     d38:	4701                	li	a4,0
     d3a:	4ea5                	li	t4,9
     d3c:	4e29                	li	t3,10
     d3e:	18f9                	addi	a7,a7,-2
     d40:	00b78633          	add	a2,a5,a1
     d44:	01061f13          	slli	t5,a2,0x10
     d48:	010f5f13          	srli	t5,t5,0x10
     d4c:	0ff5f313          	andi	t1,a1,255
     d50:	04df7963          	bgeu	t5,a3,da2 <Laser_Task+0x222>
     d54:	9642                	add	a2,a2,a6
     d56:	00064603          	lbu	a2,0(a2)
     d5a:	fd060613          	addi	a2,a2,-48
     d5e:	0ff67613          	andi	a2,a2,255
     d62:	04cee063          	bltu	t4,a2,da2 <Laser_Task+0x222>
     d66:	03c70733          	mul	a4,a4,t3
     d6a:	0585                	addi	a1,a1,1
     d6c:	9732                	add	a4,a4,a2
     d6e:	fce8f9e3          	bgeu	a7,a4,d40 <Laser_Task+0x1c0>
     d72:	a039                	j	d80 <Laser_Task+0x200>
     d74:	f80301e3          	beqz	t1,cf6 <Laser_Task+0x176>
     d78:	4709                	li	a4,2
     d7a:	06e78f63          	beq	a5,a4,df8 <Laser_Task+0x278>
     d7e:	dfad                	beqz	a5,cf8 <Laser_Task+0x178>
     d80:	4705                	li	a4,1
     d82:	00040323          	sb	zero,6(s0)
     d86:	84e182a3          	sb	a4,-1979(gp) # 20000235 <s_laser_parse_error>
     d8a:	a03d                	j	db8 <Laser_Task+0x238>
     d8c:	0785                	addi	a5,a5,1
     d8e:	07c2                	slli	a5,a5,0x10
     d90:	83c1                	srli	a5,a5,0x10
     d92:	0585                	addi	a1,a1,1
     d94:	f6e7eae3          	bltu	a5,a4,d08 <Laser_Task+0x188>
     d98:	b7e5                	j	d80 <Laser_Task+0x200>
     d9a:	0785                	addi	a5,a5,1
     d9c:	07c2                	slli	a5,a5,0x10
     d9e:	83c1                	srli	a5,a5,0x10
     da0:	b759                	j	d26 <Laser_Task+0x1a6>
     da2:	fc030fe3          	beqz	t1,d80 <Laser_Task+0x200>
     da6:	0742                	slli	a4,a4,0x10
     da8:	8341                	srli	a4,a4,0x10
     daa:	4785                	li	a5,1
     dac:	00f40323          	sb	a5,6(s0)
     db0:	00e41223          	sh	a4,4(s0)
     db4:	840182a3          	sb	zero,-1979(gp) # 20000235 <s_laser_parse_error>
     db8:	04000613          	li	a2,64
     dbc:	4581                	li	a1,0
     dbe:	9b818513          	addi	a0,gp,-1608 # 200003a8 <RX3_Buffer>
     dc2:	bdeff0ef          	jal	ra,1a0 <memset>
     dc6:	400204b7          	lui	s1,0x40020
     dca:	00041123          	sh	zero,2(s0)
     dce:	4581                	li	a1,0
     dd0:	03048513          	addi	a0,s1,48 # 40020030 <_eusrstack+0x2001b030>
     dd4:	00040023          	sb	zero,0(s0)
     dd8:	26a020ef          	jal	ra,3042 <DMA_Cmd>
     ddc:	04000593          	li	a1,64
     de0:	03048513          	addi	a0,s1,48
     de4:	284020ef          	jal	ra,3068 <DMA_SetCurrDataCounter>
     de8:	4585                	li	a1,1
     dea:	03048513          	addi	a0,s1,48
     dee:	254020ef          	jal	ra,3042 <DMA_Cmd>
     df2:	4789                	li	a5,2
     df4:	c41c                	sw	a5,8(s0)
     df6:	b3f5                	j	be2 <Laser_Task+0x62>
     df8:	6741                	lui	a4,0x10
     dfa:	177d                	addi	a4,a4,-1
     dfc:	b77d                	j	daa <Laser_Task+0x22a>
     dfe:	00042423          	sw	zero,8(s0)
     e02:	b3c5                	j	be2 <Laser_Task+0x62>

00000e04 <USART3_IRQHandler>:
     e04:	1101                	addi	sp,sp,-32
     e06:	ce22                	sw	s0,28(sp)
     e08:	40005437          	lui	s0,0x40005
     e0c:	42400593          	li	a1,1060
     e10:	80040513          	addi	a0,s0,-2048 # 40004800 <_eusrstack+0x1ffff800>
     e14:	7d6020ef          	jal	ra,35ea <USART_GetITStatus>
     e18:	c125                	beqz	a0,e78 <USART3_IRQHandler+0x74>
     e1a:	80045783          	lhu	a5,-2048(s0)
     e1e:	4581                	li	a1,0
     e20:	07c2                	slli	a5,a5,0x10
     e22:	83c1                	srli	a5,a5,0x10
     e24:	c63e                	sw	a5,12(sp)
     e26:	80445783          	lhu	a5,-2044(s0)
     e2a:	40020437          	lui	s0,0x40020
     e2e:	03040513          	addi	a0,s0,48 # 40020030 <_eusrstack+0x2001b030>
     e32:	07c2                	slli	a5,a5,0x10
     e34:	83c1                	srli	a5,a5,0x10
     e36:	c63e                	sw	a5,12(sp)
     e38:	47b2                	lw	a5,12(sp)
     e3a:	208020ef          	jal	ra,3042 <DMA_Cmd>
     e3e:	03040513          	addi	a0,s0,48
     e42:	22a020ef          	jal	ra,306c <DMA_GetCurrDataCounter>
     e46:	04000793          	li	a5,64
     e4a:	40a78533          	sub	a0,a5,a0
     e4e:	0542                	slli	a0,a0,0x10
     e50:	9a818713          	addi	a4,gp,-1624 # 20000398 <Laser_Data>
     e54:	8141                	srli	a0,a0,0x10
     e56:	00a71123          	sh	a0,2(a4) # 10002 <_data_lma+0x4182>
     e5a:	00275703          	lhu	a4,2(a4)
     e5e:	04000693          	li	a3,64
     e62:	9a818793          	addi	a5,gp,-1624 # 20000398 <Laser_Data>
     e66:	00e6f463          	bgeu	a3,a4,e6e <USART3_IRQHandler+0x6a>
     e6a:	00079123          	sh	zero,2(a5)
     e6e:	4705                	li	a4,1
     e70:	84e18223          	sb	a4,-1980(gp) # 20000234 <s_laser_ever_frame>
     e74:	00e78023          	sb	a4,0(a5)
     e78:	4472                	lw	s0,28(sp)
     e7a:	6105                	addi	sp,sp,32
     e7c:	30200073          	mret

00000e80 <DMA1_Channel3_IRQHandler>:
     e80:	20000513          	li	a0,512
     e84:	22a020ef          	jal	ra,30ae <DMA_GetITStatus>
     e88:	c51d                	beqz	a0,eb6 <DMA1_Channel3_IRQHandler+0x36>
     e8a:	20000513          	li	a0,512
     e8e:	22c020ef          	jal	ra,30ba <DMA_ClearITPendingBit>
     e92:	40020537          	lui	a0,0x40020
     e96:	4581                	li	a1,0
     e98:	03050513          	addi	a0,a0,48 # 40020030 <_eusrstack+0x2001b030>
     e9c:	1a6020ef          	jal	ra,3042 <DMA_Cmd>
     ea0:	9a818793          	addi	a5,gp,-1624 # 20000398 <Laser_Data>
     ea4:	04000713          	li	a4,64
     ea8:	00e79123          	sh	a4,2(a5)
     eac:	4705                	li	a4,1
     eae:	84e18223          	sb	a4,-1980(gp) # 20000234 <s_laser_ever_frame>
     eb2:	00e78023          	sb	a4,0(a5)
     eb6:	30200073          	mret

00000eba <TIM1_Motor_Init>:
     eba:	ab6ff2ef          	jal	t0,170 <__riscv_save_0>
     ebe:	6505                	lui	a0,0x1
     ec0:	7179                	addi	sp,sp,-48
     ec2:	4585                	li	a1,1
     ec4:	80450513          	addi	a0,a0,-2044 # 804 <__stack_size+0x4>
     ec8:	ca02                	sw	zero,20(sp)
     eca:	cc02                	sw	zero,24(sp)
     ecc:	ce02                	sw	zero,28(sp)
     ece:	d002                	sw	zero,32(sp)
     ed0:	d202                	sw	zero,36(sp)
     ed2:	d402                	sw	zero,40(sp)
     ed4:	d602                	sw	zero,44(sp)
     ed6:	c402                	sw	zero,8(sp)
     ed8:	c602                	sw	zero,12(sp)
     eda:	00011823          	sh	zero,16(sp)
     ede:	40c020ef          	jal	ra,32ea <RCC_APB2PeriphClockCmd>
     ee2:	4585                	li	a1,1
     ee4:	4505                	li	a0,1
     ee6:	404020ef          	jal	ra,32ea <RCC_APB2PeriphClockCmd>
     eea:	10000793          	li	a5,256
     eee:	00f11a23          	sh	a5,20(sp)
     ef2:	40011537          	lui	a0,0x40011
     ef6:	47e1                	li	a5,24
     ef8:	ce3e                	sw	a5,28(sp)
     efa:	084c                	addi	a1,sp,20
     efc:	478d                	li	a5,3
     efe:	80050513          	addi	a0,a0,-2048 # 40010800 <_eusrstack+0x2000b800>
     f02:	cc3e                	sw	a5,24(sp)
     f04:	1c2020ef          	jal	ra,30c6 <GPIO_Init>
     f08:	40013437          	lui	s0,0x40013
     f0c:	04700793          	li	a5,71
     f10:	c43e                	sw	a5,8(sp)
     f12:	002c                	addi	a1,sp,8
     f14:	06300793          	li	a5,99
     f18:	c0040513          	addi	a0,s0,-1024 # 40012c00 <_eusrstack+0x2000dc00>
     f1c:	c63e                	sw	a5,12(sp)
     f1e:	408020ef          	jal	ra,3326 <TIM_TimeBaseInit>
     f22:	67c1                	lui	a5,0x10
     f24:	07078793          	addi	a5,a5,112 # 10070 <_data_lma+0x41f0>
     f28:	100c                	addi	a1,sp,32
     f2a:	c0040513          	addi	a0,s0,-1024
     f2e:	d03e                	sw	a5,32(sp)
     f30:	02011323          	sh	zero,38(sp)
     f34:	02011423          	sh	zero,40(sp)
     f38:	466020ef          	jal	ra,339e <TIM_OC1Init>
     f3c:	c0040513          	addi	a0,s0,-1024
     f40:	4585                	li	a1,1
     f42:	500020ef          	jal	ra,3442 <TIM_CtrlPWMOutputs>
     f46:	c0040513          	addi	a0,s0,-1024
     f4a:	4581                	li	a1,0
     f4c:	52a020ef          	jal	ra,3476 <TIM_OC1PreloadConfig>
     f50:	c0040513          	addi	a0,s0,-1024
     f54:	4585                	li	a1,1
     f56:	502020ef          	jal	ra,3458 <TIM_ARRPreloadConfig>
     f5a:	4585                	li	a1,1
     f5c:	c0040513          	addi	a0,s0,-1024
     f60:	4c6020ef          	jal	ra,3426 <TIM_Cmd>
     f64:	6145                	addi	sp,sp,48
     f66:	a2eff06f          	j	194 <__riscv_restore_0>

00000f6a <Car_SetRearSpeed>:
     f6a:	a06ff2ef          	jal	t0,170 <__riscv_save_0>
     f6e:	06400793          	li	a5,100
     f72:	06400593          	li	a1,100
     f76:	00a7e363          	bltu	a5,a0,f7c <Car_SetRearSpeed+0x12>
     f7a:	85aa                	mv	a1,a0
     f7c:	05c2                	slli	a1,a1,0x10
     f7e:	40013537          	lui	a0,0x40013
     f82:	81c1                	srli	a1,a1,0x10
     f84:	c0050513          	addi	a0,a0,-1024 # 40012c00 <_eusrstack+0x2000dc00>
     f88:	500020ef          	jal	ra,3488 <TIM_SetCompare1>
     f8c:	a08ff06f          	j	194 <__riscv_restore_0>

00000f90 <OLED_I2C_Init>:
     f90:	9e0ff2ef          	jal	t0,170 <__riscv_save_0>
     f94:	1141                	addi	sp,sp,-16
     f96:	4585                	li	a1,1
     f98:	4521                	li	a0,8
     f9a:	350020ef          	jal	ra,32ea <RCC_APB2PeriphClockCmd>
     f9e:	47d1                	li	a5,20
     fa0:	40011437          	lui	s0,0x40011
     fa4:	c63e                	sw	a5,12(sp)
     fa6:	478d                	li	a5,3
     fa8:	c43e                	sw	a5,8(sp)
     faa:	004c                	addi	a1,sp,4
     fac:	04000793          	li	a5,64
     fb0:	c0040513          	addi	a0,s0,-1024 # 40010c00 <_eusrstack+0x2000bc00>
     fb4:	00f11223          	sh	a5,4(sp)
     fb8:	10e020ef          	jal	ra,30c6 <GPIO_Init>
     fbc:	08000793          	li	a5,128
     fc0:	004c                	addi	a1,sp,4
     fc2:	c0040513          	addi	a0,s0,-1024
     fc6:	00f11223          	sh	a5,4(sp)
     fca:	0fc020ef          	jal	ra,30c6 <GPIO_Init>
     fce:	c0040513          	addi	a0,s0,-1024
     fd2:	4605                	li	a2,1
     fd4:	04000593          	li	a1,64
     fd8:	1b0020ef          	jal	ra,3188 <GPIO_WriteBit>
     fdc:	4605                	li	a2,1
     fde:	08000593          	li	a1,128
     fe2:	c0040513          	addi	a0,s0,-1024
     fe6:	1a2020ef          	jal	ra,3188 <GPIO_WriteBit>
     fea:	0141                	addi	sp,sp,16
     fec:	9a8ff06f          	j	194 <__riscv_restore_0>

00000ff0 <OLED_I2C_Start>:
     ff0:	980ff2ef          	jal	t0,170 <__riscv_save_0>
     ff4:	40011437          	lui	s0,0x40011
     ff8:	c0040513          	addi	a0,s0,-1024 # 40010c00 <_eusrstack+0x2000bc00>
     ffc:	4605                	li	a2,1
     ffe:	08000593          	li	a1,128
    1002:	186020ef          	jal	ra,3188 <GPIO_WriteBit>
    1006:	c0040513          	addi	a0,s0,-1024
    100a:	4605                	li	a2,1
    100c:	04000593          	li	a1,64
    1010:	178020ef          	jal	ra,3188 <GPIO_WriteBit>
    1014:	c0040513          	addi	a0,s0,-1024
    1018:	4601                	li	a2,0
    101a:	08000593          	li	a1,128
    101e:	16a020ef          	jal	ra,3188 <GPIO_WriteBit>
    1022:	4601                	li	a2,0
    1024:	04000593          	li	a1,64
    1028:	c0040513          	addi	a0,s0,-1024
    102c:	15c020ef          	jal	ra,3188 <GPIO_WriteBit>
    1030:	964ff06f          	j	194 <__riscv_restore_0>

00001034 <OLED_I2C_Stop>:
    1034:	93cff2ef          	jal	t0,170 <__riscv_save_0>
    1038:	40011437          	lui	s0,0x40011
    103c:	c0040513          	addi	a0,s0,-1024 # 40010c00 <_eusrstack+0x2000bc00>
    1040:	4601                	li	a2,0
    1042:	08000593          	li	a1,128
    1046:	142020ef          	jal	ra,3188 <GPIO_WriteBit>
    104a:	c0040513          	addi	a0,s0,-1024
    104e:	4605                	li	a2,1
    1050:	04000593          	li	a1,64
    1054:	134020ef          	jal	ra,3188 <GPIO_WriteBit>
    1058:	4605                	li	a2,1
    105a:	08000593          	li	a1,128
    105e:	c0040513          	addi	a0,s0,-1024
    1062:	126020ef          	jal	ra,3188 <GPIO_WriteBit>
    1066:	92eff06f          	j	194 <__riscv_restore_0>

0000106a <OLED_I2C_SendByte>:
    106a:	8ecff2ef          	jal	t0,156 <__riscv_save_4>
    106e:	400114b7          	lui	s1,0x40011
    1072:	8a2a                	mv	s4,a0
    1074:	4401                	li	s0,0
    1076:	08000a93          	li	s5,128
    107a:	c0048913          	addi	s2,s1,-1024 # 40010c00 <_eusrstack+0x2000bc00>
    107e:	49a1                	li	s3,8
    1080:	408ad633          	sra	a2,s5,s0
    1084:	01467633          	and	a2,a2,s4
    1088:	08000593          	li	a1,128
    108c:	854a                	mv	a0,s2
    108e:	0fa020ef          	jal	ra,3188 <GPIO_WriteBit>
    1092:	4605                	li	a2,1
    1094:	04000593          	li	a1,64
    1098:	854a                	mv	a0,s2
    109a:	0ee020ef          	jal	ra,3188 <GPIO_WriteBit>
    109e:	4601                	li	a2,0
    10a0:	04000593          	li	a1,64
    10a4:	854a                	mv	a0,s2
    10a6:	0405                	addi	s0,s0,1
    10a8:	0e0020ef          	jal	ra,3188 <GPIO_WriteBit>
    10ac:	fd341ae3          	bne	s0,s3,1080 <OLED_I2C_SendByte+0x16>
    10b0:	c0048513          	addi	a0,s1,-1024
    10b4:	4605                	li	a2,1
    10b6:	04000593          	li	a1,64
    10ba:	0ce020ef          	jal	ra,3188 <GPIO_WriteBit>
    10be:	4601                	li	a2,0
    10c0:	04000593          	li	a1,64
    10c4:	c0048513          	addi	a0,s1,-1024
    10c8:	0c0020ef          	jal	ra,3188 <GPIO_WriteBit>
    10cc:	8beff06f          	j	18a <__riscv_restore_4>

000010d0 <OLED_WriteCommand>:
    10d0:	8a0ff2ef          	jal	t0,170 <__riscv_save_0>
    10d4:	842a                	mv	s0,a0
    10d6:	3f29                	jal	ff0 <OLED_I2C_Start>
    10d8:	07800513          	li	a0,120
    10dc:	3779                	jal	106a <OLED_I2C_SendByte>
    10de:	4501                	li	a0,0
    10e0:	3769                	jal	106a <OLED_I2C_SendByte>
    10e2:	8522                	mv	a0,s0
    10e4:	3759                	jal	106a <OLED_I2C_SendByte>
    10e6:	37b9                	jal	1034 <OLED_I2C_Stop>
    10e8:	8acff06f          	j	194 <__riscv_restore_0>

000010ec <OLED_WriteData>:
    10ec:	884ff2ef          	jal	t0,170 <__riscv_save_0>
    10f0:	842a                	mv	s0,a0
    10f2:	3dfd                	jal	ff0 <OLED_I2C_Start>
    10f4:	07800513          	li	a0,120
    10f8:	3f8d                	jal	106a <OLED_I2C_SendByte>
    10fa:	04000513          	li	a0,64
    10fe:	37b5                	jal	106a <OLED_I2C_SendByte>
    1100:	8522                	mv	a0,s0
    1102:	37a5                	jal	106a <OLED_I2C_SendByte>
    1104:	3f05                	jal	1034 <OLED_I2C_Stop>
    1106:	88eff06f          	j	194 <__riscv_restore_0>

0000110a <OLED_SetCursor>:
    110a:	866ff2ef          	jal	t0,170 <__riscv_save_0>
    110e:	0b056513          	ori	a0,a0,176
    1112:	842e                	mv	s0,a1
    1114:	3f75                	jal	10d0 <OLED_WriteCommand>
    1116:	00445513          	srli	a0,s0,0x4
    111a:	01056513          	ori	a0,a0,16
    111e:	3f4d                	jal	10d0 <OLED_WriteCommand>
    1120:	00f47513          	andi	a0,s0,15
    1124:	3775                	jal	10d0 <OLED_WriteCommand>
    1126:	86eff06f          	j	194 <__riscv_restore_0>

0000112a <OLED_Clear>:
    112a:	846ff2ef          	jal	t0,170 <__riscv_save_0>
    112e:	4401                	li	s0,0
    1130:	4921                	li	s2,8
    1132:	4581                	li	a1,0
    1134:	8522                	mv	a0,s0
    1136:	3fd1                	jal	110a <OLED_SetCursor>
    1138:	08000493          	li	s1,128
    113c:	4501                	li	a0,0
    113e:	14fd                	addi	s1,s1,-1
    1140:	3775                	jal	10ec <OLED_WriteData>
    1142:	fced                	bnez	s1,113c <OLED_Clear+0x12>
    1144:	0405                	addi	s0,s0,1
    1146:	0ff47413          	andi	s0,s0,255
    114a:	ff2414e3          	bne	s0,s2,1132 <OLED_Clear+0x8>
    114e:	846ff06f          	j	194 <__riscv_restore_0>

00001152 <OLED_ShowChar>:
    1152:	804ff2ef          	jal	t0,156 <__riscv_save_4>
    1156:	07f50493          	addi	s1,a0,127
    115a:	01f58993          	addi	s3,a1,31
    115e:	0486                	slli	s1,s1,0x1
    1160:	098e                	slli	s3,s3,0x3
    1162:	8932                	mv	s2,a2
    1164:	642d                	lui	s0,0xb
    1166:	0ff4f493          	andi	s1,s1,255
    116a:	0ff9f993          	andi	s3,s3,255
    116e:	e8840a93          	addi	s5,s0,-376 # ae88 <OLED_F8x16>
    1172:	85ce                	mv	a1,s3
    1174:	8526                	mv	a0,s1
    1176:	0912                	slli	s2,s2,0x4
    1178:	3f49                	jal	110a <OLED_SetCursor>
    117a:	9aca                	add	s5,s5,s2
    117c:	4a21                	li	s4,8
    117e:	e8840413          	addi	s0,s0,-376
    1182:	e00ac503          	lbu	a0,-512(s5)
    1186:	1a7d                	addi	s4,s4,-1
    1188:	0ffa7a13          	andi	s4,s4,255
    118c:	3785                	jal	10ec <OLED_WriteData>
    118e:	0a85                	addi	s5,s5,1
    1190:	fe0a19e3          	bnez	s4,1182 <OLED_ShowChar+0x30>
    1194:	00148513          	addi	a0,s1,1
    1198:	85ce                	mv	a1,s3
    119a:	0ff57513          	andi	a0,a0,255
    119e:	e0090913          	addi	s2,s2,-512
    11a2:	37a5                	jal	110a <OLED_SetCursor>
    11a4:	944a                	add	s0,s0,s2
    11a6:	44a1                	li	s1,8
    11a8:	00844503          	lbu	a0,8(s0)
    11ac:	14fd                	addi	s1,s1,-1
    11ae:	0ff4f493          	andi	s1,s1,255
    11b2:	3f2d                	jal	10ec <OLED_WriteData>
    11b4:	0405                	addi	s0,s0,1
    11b6:	f8ed                	bnez	s1,11a8 <OLED_ShowChar+0x56>
    11b8:	fd3fe06f          	j	18a <__riscv_restore_4>

000011bc <OLED_ShowString>:
    11bc:	f9bfe2ef          	jal	t0,156 <__riscv_save_4>
    11c0:	892a                	mv	s2,a0
    11c2:	89ae                	mv	s3,a1
    11c4:	84b2                	mv	s1,a2
    11c6:	4401                	li	s0,0
    11c8:	008487b3          	add	a5,s1,s0
    11cc:	00078603          	lb	a2,0(a5)
    11d0:	e219                	bnez	a2,11d6 <OLED_ShowString+0x1a>
    11d2:	fb9fe06f          	j	18a <__riscv_restore_4>
    11d6:	013405b3          	add	a1,s0,s3
    11da:	0ff5f593          	andi	a1,a1,255
    11de:	854a                	mv	a0,s2
    11e0:	0405                	addi	s0,s0,1
    11e2:	3f85                	jal	1152 <OLED_ShowChar>
    11e4:	0ff47413          	andi	s0,s0,255
    11e8:	b7c5                	j	11c8 <OLED_ShowString+0xc>

000011ea <OLED_Init>:
    11ea:	f87fe2ef          	jal	t0,170 <__riscv_save_0>
    11ee:	03200513          	li	a0,50
    11f2:	462020ef          	jal	ra,3654 <Delay_Ms>
    11f6:	3b69                	jal	f90 <OLED_I2C_Init>
    11f8:	0ae00513          	li	a0,174
    11fc:	3dd1                	jal	10d0 <OLED_WriteCommand>
    11fe:	0d500513          	li	a0,213
    1202:	35f9                	jal	10d0 <OLED_WriteCommand>
    1204:	08000513          	li	a0,128
    1208:	35e1                	jal	10d0 <OLED_WriteCommand>
    120a:	0a800513          	li	a0,168
    120e:	35c9                	jal	10d0 <OLED_WriteCommand>
    1210:	03f00513          	li	a0,63
    1214:	3d75                	jal	10d0 <OLED_WriteCommand>
    1216:	0d300513          	li	a0,211
    121a:	3d5d                	jal	10d0 <OLED_WriteCommand>
    121c:	4501                	li	a0,0
    121e:	3d4d                	jal	10d0 <OLED_WriteCommand>
    1220:	04000513          	li	a0,64
    1224:	3575                	jal	10d0 <OLED_WriteCommand>
    1226:	0a100513          	li	a0,161
    122a:	355d                	jal	10d0 <OLED_WriteCommand>
    122c:	0c800513          	li	a0,200
    1230:	3545                	jal	10d0 <OLED_WriteCommand>
    1232:	0da00513          	li	a0,218
    1236:	3d69                	jal	10d0 <OLED_WriteCommand>
    1238:	4549                	li	a0,18
    123a:	3d59                	jal	10d0 <OLED_WriteCommand>
    123c:	08100513          	li	a0,129
    1240:	3d41                	jal	10d0 <OLED_WriteCommand>
    1242:	0cf00513          	li	a0,207
    1246:	3569                	jal	10d0 <OLED_WriteCommand>
    1248:	0d900513          	li	a0,217
    124c:	3551                	jal	10d0 <OLED_WriteCommand>
    124e:	0f100513          	li	a0,241
    1252:	3dbd                	jal	10d0 <OLED_WriteCommand>
    1254:	0db00513          	li	a0,219
    1258:	3da5                	jal	10d0 <OLED_WriteCommand>
    125a:	03000513          	li	a0,48
    125e:	3d8d                	jal	10d0 <OLED_WriteCommand>
    1260:	0a400513          	li	a0,164
    1264:	35b5                	jal	10d0 <OLED_WriteCommand>
    1266:	0a600513          	li	a0,166
    126a:	359d                	jal	10d0 <OLED_WriteCommand>
    126c:	08d00513          	li	a0,141
    1270:	3585                	jal	10d0 <OLED_WriteCommand>
    1272:	4551                	li	a0,20
    1274:	3db1                	jal	10d0 <OLED_WriteCommand>
    1276:	0af00513          	li	a0,175
    127a:	3d99                	jal	10d0 <OLED_WriteCommand>
    127c:	357d                	jal	112a <OLED_Clear>
    127e:	f17fe06f          	j	194 <__riscv_restore_0>

00001282 <TIM2_IRQHandler>:
    1282:	4589                	li	a1,2
    1284:	40000537          	lui	a0,0x40000
    1288:	212020ef          	jal	ra,349a <TIM_GetITStatus>
    128c:	cd19                	beqz	a0,12aa <TIM2_IRQHandler+0x28>
    128e:	40000537          	lui	a0,0x40000
    1292:	1fc020ef          	jal	ra,348e <TIM_GetCapture1>
    1296:	84a19523          	sh	a0,-1974(gp) # 2000023a <rising_cnt>
    129a:	4705                	li	a4,1
    129c:	4589                	li	a1,2
    129e:	40000537          	lui	a0,0x40000
    12a2:	84e19623          	sh	a4,-1972(gp) # 2000023c <startFlag>
    12a6:	210020ef          	jal	ra,34b6 <TIM_ClearITPendingBit>
    12aa:	4591                	li	a1,4
    12ac:	40000537          	lui	a0,0x40000
    12b0:	1ea020ef          	jal	ra,349a <TIM_GetITStatus>
    12b4:	cd11                	beqz	a0,12d0 <TIM2_IRQHandler+0x4e>
    12b6:	40000537          	lui	a0,0x40000
    12ba:	1da020ef          	jal	ra,3494 <TIM_GetCapture2>
    12be:	84a19423          	sh	a0,-1976(gp) # 20000238 <falling_cnt>
    12c2:	4591                	li	a1,4
    12c4:	40000537          	lui	a0,0x40000
    12c8:	84019623          	sh	zero,-1972(gp) # 2000023c <startFlag>
    12cc:	1ea020ef          	jal	ra,34b6 <TIM_ClearITPendingBit>
    12d0:	4585                	li	a1,1
    12d2:	40000537          	lui	a0,0x40000
    12d6:	1c4020ef          	jal	ra,349a <TIM_GetITStatus>
    12da:	c115                	beqz	a0,12fe <TIM2_IRQHandler+0x7c>
    12dc:	84c1d703          	lhu	a4,-1972(gp) # 2000023c <startFlag>
    12e0:	4785                	li	a5,1
    12e2:	00f71963          	bne	a4,a5,12f4 <TIM2_IRQHandler+0x72>
    12e6:	84618793          	addi	a5,gp,-1978 # 20000236 <count>
    12ea:	0007d703          	lhu	a4,0(a5)
    12ee:	0705                	addi	a4,a4,1
    12f0:	00e79023          	sh	a4,0(a5)
    12f4:	4585                	li	a1,1
    12f6:	40000537          	lui	a0,0x40000
    12fa:	1bc020ef          	jal	ra,34b6 <TIM_ClearITPendingBit>
    12fe:	30200073          	mret

00001302 <TIM3_PWMOut_Init>:
    1302:	e6ffe2ef          	jal	t0,170 <__riscv_save_0>
    1306:	7179                	addi	sp,sp,-48
    1308:	4585                	li	a1,1
    130a:	4511                	li	a0,4
    130c:	ca02                	sw	zero,20(sp)
    130e:	cc02                	sw	zero,24(sp)
    1310:	ce02                	sw	zero,28(sp)
    1312:	d002                	sw	zero,32(sp)
    1314:	d202                	sw	zero,36(sp)
    1316:	d402                	sw	zero,40(sp)
    1318:	d602                	sw	zero,44(sp)
    131a:	c402                	sw	zero,8(sp)
    131c:	c602                	sw	zero,12(sp)
    131e:	00011823          	sh	zero,16(sp)
    1322:	7c9010ef          	jal	ra,32ea <RCC_APB2PeriphClockCmd>
    1326:	4585                	li	a1,1
    1328:	4509                	li	a0,2
    132a:	7df010ef          	jal	ra,3308 <RCC_APB1PeriphClockCmd>
    132e:	4585                	li	a1,1
    1330:	4505                	li	a0,1
    1332:	7b9010ef          	jal	ra,32ea <RCC_APB2PeriphClockCmd>
    1336:	04000793          	li	a5,64
    133a:	00f11a23          	sh	a5,20(sp)
    133e:	40011537          	lui	a0,0x40011
    1342:	47e1                	li	a5,24
    1344:	ce3e                	sw	a5,28(sp)
    1346:	084c                	addi	a1,sp,20
    1348:	478d                	li	a5,3
    134a:	80050513          	addi	a0,a0,-2048 # 40010800 <_eusrstack+0x2000b800>
    134e:	cc3e                	sw	a5,24(sp)
    1350:	577010ef          	jal	ra,30c6 <GPIO_Init>
    1354:	04700793          	li	a5,71
    1358:	40000437          	lui	s0,0x40000
    135c:	c43e                	sw	a5,8(sp)
    135e:	6795                	lui	a5,0x5
    1360:	e1f78793          	addi	a5,a5,-481 # 4e1f <printchar+0x41>
    1364:	002c                	addi	a1,sp,8
    1366:	40040513          	addi	a0,s0,1024 # 40000400 <_eusrstack+0x1fffb400>
    136a:	c63e                	sw	a5,12(sp)
    136c:	7bb010ef          	jal	ra,3326 <TIM_TimeBaseInit>
    1370:	67c1                	lui	a5,0x10
    1372:	06078793          	addi	a5,a5,96 # 10060 <_data_lma+0x41e0>
    1376:	d03e                	sw	a5,32(sp)
    1378:	100c                	addi	a1,sp,32
    137a:	5dc00793          	li	a5,1500
    137e:	40040513          	addi	a0,s0,1024
    1382:	02f11323          	sh	a5,38(sp)
    1386:	02011423          	sh	zero,40(sp)
    138a:	014020ef          	jal	ra,339e <TIM_OC1Init>
    138e:	40040513          	addi	a0,s0,1024
    1392:	4585                	li	a1,1
    1394:	0ae020ef          	jal	ra,3442 <TIM_CtrlPWMOutputs>
    1398:	40040513          	addi	a0,s0,1024
    139c:	4581                	li	a1,0
    139e:	0d8020ef          	jal	ra,3476 <TIM_OC1PreloadConfig>
    13a2:	40040513          	addi	a0,s0,1024
    13a6:	4585                	li	a1,1
    13a8:	0b0020ef          	jal	ra,3458 <TIM_ARRPreloadConfig>
    13ac:	4585                	li	a1,1
    13ae:	40040513          	addi	a0,s0,1024
    13b2:	074020ef          	jal	ra,3426 <TIM_Cmd>
    13b6:	6145                	addi	sp,sp,48
    13b8:	dddfe06f          	j	194 <__riscv_restore_0>

000013bc <turnAngle>:
    13bc:	db5fe2ef          	jal	t0,170 <__riscv_save_0>
    13c0:	fd300713          	li	a4,-45
    13c4:	fd300793          	li	a5,-45
    13c8:	00e54363          	blt	a0,a4,13ce <turnAngle+0x12>
    13cc:	87aa                	mv	a5,a0
    13ce:	01079693          	slli	a3,a5,0x10
    13d2:	86c1                	srai	a3,a3,0x10
    13d4:	02d00713          	li	a4,45
    13d8:	00d75463          	bge	a4,a3,13e0 <turnAngle+0x24>
    13dc:	02d00793          	li	a5,45
    13e0:	01079593          	slli	a1,a5,0x10
    13e4:	85c1                	srai	a1,a1,0x10
    13e6:	1f400793          	li	a5,500
    13ea:	02f585b3          	mul	a1,a1,a5
    13ee:	02d00793          	li	a5,45
    13f2:	40000537          	lui	a0,0x40000
    13f6:	40050513          	addi	a0,a0,1024 # 40000400 <_eusrstack+0x1fffb400>
    13fa:	02f5c5b3          	div	a1,a1,a5
    13fe:	5dc58593          	addi	a1,a1,1500
    1402:	05c2                	slli	a1,a1,0x10
    1404:	81c1                	srli	a1,a1,0x10
    1406:	082020ef          	jal	ra,3488 <TIM_SetCompare1>
    140a:	d8bfe06f          	j	194 <__riscv_restore_0>

0000140e <NMI_Handler>:
    140e:	a001                	j	140e <NMI_Handler>

00001410 <HardFault_Handler>:
    1410:	beef07b7          	lui	a5,0xbeef0
    1414:	e000e737          	lui	a4,0xe000e
    1418:	08078793          	addi	a5,a5,128 # beef0080 <_eusrstack+0x9eeeb080>
    141c:	c73c                	sw	a5,72(a4)
    141e:	a001                	j	141e <HardFault_Handler+0xe>

00001420 <FloatToS16>:
    1420:	d51fe2ef          	jal	t0,170 <__riscv_save_0>
    1424:	00000593          	li	a1,0
    1428:	842a                	mv	s0,a0
    142a:	4c4060ef          	jal	ra,78ee <__gesf2>
    142e:	0000b7b7          	lui	a5,0xb
    1432:	de47a583          	lw	a1,-540(a5) # ade4 <__trunctfdf2+0x226>
    1436:	00054b63          	bltz	a0,144c <FloatToS16+0x2c>
    143a:	8522                	mv	a0,s0
    143c:	63b050ef          	jal	ra,7276 <__addsf3>
    1440:	419060ef          	jal	ra,8058 <__fixsfsi>
    1444:	0542                	slli	a0,a0,0x10
    1446:	8541                	srai	a0,a0,0x10
    1448:	d4dfe06f          	j	194 <__riscv_restore_0>
    144c:	8522                	mv	a0,s0
    144e:	047060ef          	jal	ra,7c94 <__subsf3>
    1452:	b7fd                	j	1440 <FloatToS16+0x20>

00001454 <SetSpeed>:
    1454:	d1dfe2ef          	jal	t0,170 <__riscv_save_0>
    1458:	06400793          	li	a5,100
    145c:	02a7e063          	bltu	a5,a0,147c <SetSpeed+0x28>
    1460:	fff50793          	addi	a5,a0,-1
    1464:	0ff7f793          	andi	a5,a5,255
    1468:	02400713          	li	a4,36
    146c:	00f76463          	bltu	a4,a5,1474 <SetSpeed+0x20>
    1470:	02600513          	li	a0,38
    1474:	af7ff0ef          	jal	ra,f6a <Car_SetRearSpeed>
    1478:	d1dfe06f          	j	194 <__riscv_restore_0>
    147c:	06400513          	li	a0,100
    1480:	bfd5                	j	1474 <SetSpeed+0x20>

00001482 <SetSteerRaw>:
    1482:	ceffe2ef          	jal	t0,170 <__riscv_save_0>
    1486:	c591                	beqz	a1,1492 <SetSteerRaw+0x10>
    1488:	02e5d783          	lhu	a5,46(a1)
    148c:	953e                	add	a0,a0,a5
    148e:	0542                	slli	a0,a0,0x10
    1490:	8541                	srai	a0,a0,0x10
    1492:	fd300613          	li	a2,-45
    1496:	84e1d703          	lhu	a4,-1970(gp) # 2000023e <last_angle.5456>
    149a:	87aa                	mv	a5,a0
    149c:	84e18693          	addi	a3,gp,-1970 # 2000023e <last_angle.5456>
    14a0:	00c55463          	bge	a0,a2,14a8 <SetSteerRaw+0x26>
    14a4:	fd300793          	li	a5,-45
    14a8:	01079613          	slli	a2,a5,0x10
    14ac:	8641                	srai	a2,a2,0x10
    14ae:	02d00593          	li	a1,45
    14b2:	00c5d463          	bge	a1,a2,14ba <SetSteerRaw+0x38>
    14b6:	02d00793          	li	a5,45
    14ba:	8f99                	sub	a5,a5,a4
    14bc:	853e                	mv	a0,a5
    14be:	07c2                	slli	a5,a5,0x10
    14c0:	87c1                	srai	a5,a5,0x10
    14c2:	5661                	li	a2,-8
    14c4:	00c7d363          	bge	a5,a2,14ca <SetSteerRaw+0x48>
    14c8:	5561                	li	a0,-8
    14ca:	01051613          	slli	a2,a0,0x10
    14ce:	8641                	srai	a2,a2,0x10
    14d0:	47a1                	li	a5,8
    14d2:	00c7d363          	bge	a5,a2,14d8 <SetSteerRaw+0x56>
    14d6:	4521                	li	a0,8
    14d8:	953a                	add	a0,a0,a4
    14da:	0542                	slli	a0,a0,0x10
    14dc:	8541                	srai	a0,a0,0x10
    14de:	00a69023          	sh	a0,0(a3)
    14e2:	3de9                	jal	13bc <turnAngle>
    14e4:	cb1fe06f          	j	194 <__riscv_restore_0>

000014e8 <GetGateCarSideTarget>:
    14e8:	c61fe2ef          	jal	t0,148 <__riscv_save_10>
    14ec:	00154783          	lbu	a5,1(a0)
    14f0:	01452983          	lw	s3,20(a0)
    14f4:	e799                	bnez	a5,1502 <GetGateCarSideTarget+0x1a>
    14f6:	0135a023          	sw	s3,0(a1)
    14fa:	4d1c                	lw	a5,24(a0)
    14fc:	c21c                	sw	a5,0(a2)
    14fe:	c83fe06f          	j	180 <__riscv_restore_10>
    1502:	0000ba37          	lui	s4,0xb
    1506:	842a                	mv	s0,a0
    1508:	892e                	mv	s2,a1
    150a:	5508                	lw	a0,40(a0)
    150c:	4b4a2583          	lw	a1,1204(s4) # b4b4 <OLED_F8x16+0x62c>
    1510:	84b2                	mv	s1,a2
    1512:	4ee060ef          	jal	ra,7a00 <__mulsf3>
    1516:	85ce                	mv	a1,s3
    1518:	8baa                	mv	s7,a0
    151a:	55d050ef          	jal	ra,7276 <__addsf3>
    151e:	8aaa                	mv	s5,a0
    1520:	4b4a2583          	lw	a1,1204(s4)
    1524:	5448                	lw	a0,44(s0)
    1526:	01842b03          	lw	s6,24(s0)
    152a:	4d6060ef          	jal	ra,7a00 <__mulsf3>
    152e:	842a                	mv	s0,a0
    1530:	85aa                	mv	a1,a0
    1532:	855a                	mv	a0,s6
    1534:	543050ef          	jal	ra,7276 <__addsf3>
    1538:	8a2a                	mv	s4,a0
    153a:	85de                	mv	a1,s7
    153c:	854e                	mv	a0,s3
    153e:	756060ef          	jal	ra,7c94 <__subsf3>
    1542:	89aa                	mv	s3,a0
    1544:	85a2                	mv	a1,s0
    1546:	855a                	mv	a0,s6
    1548:	74c060ef          	jal	ra,7c94 <__subsf3>
    154c:	842a                	mv	s0,a0
    154e:	85d6                	mv	a1,s5
    1550:	8556                	mv	a0,s5
    1552:	4ae060ef          	jal	ra,7a00 <__mulsf3>
    1556:	8b2a                	mv	s6,a0
    1558:	85d2                	mv	a1,s4
    155a:	8552                	mv	a0,s4
    155c:	4a4060ef          	jal	ra,7a00 <__mulsf3>
    1560:	85aa                	mv	a1,a0
    1562:	855a                	mv	a0,s6
    1564:	513050ef          	jal	ra,7276 <__addsf3>
    1568:	8b2a                	mv	s6,a0
    156a:	85ce                	mv	a1,s3
    156c:	854e                	mv	a0,s3
    156e:	492060ef          	jal	ra,7a00 <__mulsf3>
    1572:	8baa                	mv	s7,a0
    1574:	85a2                	mv	a1,s0
    1576:	8522                	mv	a0,s0
    1578:	488060ef          	jal	ra,7a00 <__mulsf3>
    157c:	85aa                	mv	a1,a0
    157e:	855e                	mv	a0,s7
    1580:	4f7050ef          	jal	ra,7276 <__addsf3>
    1584:	85aa                	mv	a1,a0
    1586:	855a                	mv	a0,s6
    1588:	3ec060ef          	jal	ra,7974 <__lesf2>
    158c:	00055763          	bgez	a0,159a <GetGateCarSideTarget+0xb2>
    1590:	01592023          	sw	s5,0(s2)
    1594:	0144a023          	sw	s4,0(s1)
    1598:	b79d                	j	14fe <GetGateCarSideTarget+0x16>
    159a:	01392023          	sw	s3,0(s2)
    159e:	c080                	sw	s0,0(s1)
    15a0:	bfb9                	j	14fe <GetGateCarSideTarget+0x16>

000015a2 <GetGateCarSideTargetDist>:
    15a2:	bcffe2ef          	jal	t0,170 <__riscv_save_0>
    15a6:	1141                	addi	sp,sp,-16
    15a8:	00000793          	li	a5,0
    15ac:	0070                	addi	a2,sp,12
    15ae:	002c                	addi	a1,sp,8
    15b0:	c43e                	sw	a5,8(sp)
    15b2:	c63e                	sw	a5,12(sp)
    15b4:	3f15                	jal	14e8 <GetGateCarSideTarget>
    15b6:	45a2                	lw	a1,8(sp)
    15b8:	852e                	mv	a0,a1
    15ba:	446060ef          	jal	ra,7a00 <__mulsf3>
    15be:	45b2                	lw	a1,12(sp)
    15c0:	842a                	mv	s0,a0
    15c2:	852e                	mv	a0,a1
    15c4:	43c060ef          	jal	ra,7a00 <__mulsf3>
    15c8:	85aa                	mv	a1,a0
    15ca:	8522                	mv	a0,s0
    15cc:	4ab050ef          	jal	ra,7276 <__addsf3>
    15d0:	222020ef          	jal	ra,37f2 <sqrtf>
    15d4:	0141                	addi	sp,sp,16
    15d6:	bbffe06f          	j	194 <__riscv_restore_0>

000015da <ConeDetect_UpdateWithSide.constprop.10>:
    15da:	e519                	bnez	a0,15e8 <ConeDetect_UpdateWithSide.constprop.10+0xe>
    15dc:	4501                	li	a0,0
    15de:	8082                	ret
    15e0:	4501                	li	a0,0
    15e2:	0141                	addi	sp,sp,16
    15e4:	b99fe06f          	j	17c <__riscv_restore_12>
    15e8:	d9f5                	beqz	a1,15dc <ConeDetect_UpdateWithSide.constprop.10+0x2>
    15ea:	b57fe2ef          	jal	t0,140 <__riscv_save_12>
    15ee:	842e                	mv	s0,a1
    15f0:	1141                	addi	sp,sp,-16
    15f2:	8a2a                	mv	s4,a0
    15f4:	03800613          	li	a2,56
    15f8:	4581                	li	a1,0
    15fa:	8522                	mv	a0,s0
    15fc:	ba5fe0ef          	jal	ra,1a0 <memset>
    1600:	0000b7b7          	lui	a5,0xb
    1604:	49c7ab03          	lw	s6,1180(a5) # b49c <OLED_F8x16+0x614>
    1608:	0000b7b7          	lui	a5,0xb
    160c:	dec7ab83          	lw	s7,-532(a5) # adec <__trunctfdf2+0x22e>
    1610:	6d85                	lui	s11,0x1
    1612:	20001ab7          	lui	s5,0x20001
    1616:	4981                	li	s3,0
    1618:	f9700493          	li	s1,-105
    161c:	c80d8d93          	addi	s11,s11,-896 # c80 <Laser_Task+0x100>
    1620:	0db00713          	li	a4,219
    1624:	9e8a8a93          	addi	s5,s5,-1560 # 200009e8 <detect_points>
    1628:	06a00c93          	li	s9,106
    162c:	87a6                	mv	a5,s1
    162e:	0004d663          	bgez	s1,163a <ConeDetect_UpdateWithSide.constprop.10+0x60>
    1632:	16848793          	addi	a5,s1,360
    1636:	07c2                	slli	a5,a5,0x10
    1638:	87c1                	srai	a5,a5,0x10
    163a:	078a                	slli	a5,a5,0x2
    163c:	97d2                	add	a5,a5,s4
    163e:	0037c683          	lbu	a3,3(a5)
    1642:	cab5                	beqz	a3,16b6 <ConeDetect_UpdateWithSide.constprop.10+0xdc>
    1644:	0007dc03          	lhu	s8,0(a5)
    1648:	f9cc0793          	addi	a5,s8,-100
    164c:	07c2                	slli	a5,a5,0x10
    164e:	83c1                	srli	a5,a5,0x10
    1650:	06fde363          	bltu	s11,a5,16b6 <ConeDetect_UpdateWithSide.constprop.10+0xdc>
    1654:	07376963          	bltu	a4,s3,16c6 <ConeDetect_UpdateWithSide.constprop.10+0xec>
    1658:	8526                	mv	a0,s1
    165a:	261060ef          	jal	ra,80ba <__floatsisf>
    165e:	85da                	mv	a1,s6
    1660:	c42a                	sw	a0,8(sp)
    1662:	39e060ef          	jal	ra,7a00 <__mulsf3>
    1666:	85de                	mv	a1,s7
    1668:	779050ef          	jal	ra,75e0 <__divsf3>
    166c:	47a2                	lw	a5,8(sp)
    166e:	00499913          	slli	s2,s3,0x4
    1672:	9956                	add	s2,s2,s5
    1674:	00f92423          	sw	a5,8(s2)
    1678:	8d2a                	mv	s10,a0
    167a:	01891623          	sh	s8,12(s2)
    167e:	8562                	mv	a0,s8
    1680:	301060ef          	jal	ra,8180 <__floatunsisf>
    1684:	8c2a                	mv	s8,a0
    1686:	856a                	mv	a0,s10
    1688:	0e6020ef          	jal	ra,376e <sinf>
    168c:	85aa                	mv	a1,a0
    168e:	8562                	mv	a0,s8
    1690:	370060ef          	jal	ra,7a00 <__mulsf3>
    1694:	00a92023          	sw	a0,0(s2)
    1698:	856a                	mv	a0,s10
    169a:	052020ef          	jal	ra,36ec <cosf>
    169e:	85aa                	mv	a1,a0
    16a0:	0985                	addi	s3,s3,1
    16a2:	8562                	mv	a0,s8
    16a4:	35c060ef          	jal	ra,7a00 <__mulsf3>
    16a8:	09c2                	slli	s3,s3,0x10
    16aa:	00a92223          	sw	a0,4(s2)
    16ae:	0109d993          	srli	s3,s3,0x10
    16b2:	0db00713          	li	a4,219
    16b6:	0485                	addi	s1,s1,1
    16b8:	04c2                	slli	s1,s1,0x10
    16ba:	84c1                	srai	s1,s1,0x10
    16bc:	f79498e3          	bne	s1,s9,162c <ConeDetect_UpdateWithSide.constprop.10+0x52>
    16c0:	4785                	li	a5,1
    16c2:	f137ffe3          	bgeu	a5,s3,15e0 <ConeDetect_UpdateWithSide.constprop.10+0x6>
    16c6:	9f818513          	addi	a0,gp,-1544 # 200003e8 <detect_clusters>
    16ca:	60000613          	li	a2,1536
    16ce:	4581                	li	a1,0
    16d0:	ad1fe0ef          	jal	ra,1a0 <memset>
    16d4:	0000b737          	lui	a4,0xb
    16d8:	4a072783          	lw	a5,1184(a4) # b4a0 <OLED_F8x16+0x618>
    16dc:	0000b737          	lui	a4,0xb
    16e0:	9f818b13          	addi	s6,gp,-1544 # 200003e8 <detect_clusters>
    16e4:	c63e                	sw	a5,12(sp)
    16e6:	4a472783          	lw	a5,1188(a4) # b4a4 <OLED_F8x16+0x61c>
    16ea:	0000b737          	lui	a4,0xb
    16ee:	4a872d83          	lw	s11,1192(a4) # b4a8 <OLED_F8x16+0x620>
    16f2:	9f818c93          	addi	s9,gp,-1544 # 200003e8 <detect_clusters>
    16f6:	4481                	li	s1,0
    16f8:	4a01                	li	s4,0
    16fa:	9f818a93          	addi	s5,gp,-1544 # 200003e8 <detect_clusters>
    16fe:	0000bc37          	lui	s8,0xb
    1702:	c43e                	sw	a5,8(sp)
    1704:	4685                	li	a3,1
    1706:	20001937          	lui	s2,0x20001
    170a:	00148713          	addi	a4,s1,1
    170e:	00dc9123          	sh	a3,2(s9)
    1712:	0492                	slli	s1,s1,0x4
    1714:	9e890693          	addi	a3,s2,-1560 # 200009e8 <detect_points>
    1718:	94b6                	add	s1,s1,a3
    171a:	408c                	lw	a1,0(s1)
    171c:	40d0                	lw	a2,4(s1)
    171e:	0742                	slli	a4,a4,0x10
    1720:	8341                	srli	a4,a4,0x10
    1722:	00471913          	slli	s2,a4,0x4
    1726:	00bca223          	sw	a1,4(s9)
    172a:	00cca423          	sw	a2,8(s9)
    172e:	00bcaa23          	sw	a1,20(s9)
    1732:	00bcac23          	sw	a1,24(s9)
    1736:	00ccae23          	sw	a2,28(s9)
    173a:	02cca023          	sw	a2,32(s9)
    173e:	9936                	add	s2,s2,a3
    1740:	84ba                	mv	s1,a4
    1742:	0534f463          	bgeu	s1,s3,178a <ConeDetect_UpdateWithSide.constprop.10+0x1b0>
    1746:	ff092583          	lw	a1,-16(s2)
    174a:	00092503          	lw	a0,0(s2)
    174e:	546060ef          	jal	ra,7c94 <__subsf3>
    1752:	8baa                	mv	s7,a0
    1754:	ff492583          	lw	a1,-12(s2)
    1758:	00492503          	lw	a0,4(s2)
    175c:	538060ef          	jal	ra,7c94 <__subsf3>
    1760:	8d2a                	mv	s10,a0
    1762:	85de                	mv	a1,s7
    1764:	855e                	mv	a0,s7
    1766:	29a060ef          	jal	ra,7a00 <__mulsf3>
    176a:	8baa                	mv	s7,a0
    176c:	85ea                	mv	a1,s10
    176e:	856a                	mv	a0,s10
    1770:	290060ef          	jal	ra,7a00 <__mulsf3>
    1774:	85aa                	mv	a1,a0
    1776:	855e                	mv	a0,s7
    1778:	2ff050ef          	jal	ra,7276 <__addsf3>
    177c:	076020ef          	jal	ra,37f2 <sqrtf>
    1780:	45b2                	lw	a1,12(sp)
    1782:	16c060ef          	jal	ra,78ee <__gesf2>
    1786:	1ca05b63          	blez	a0,195c <ConeDetect_UpdateWithSide.constprop.10+0x382>
    178a:	002cd503          	lhu	a0,2(s9)
    178e:	1f3060ef          	jal	ra,8180 <__floatunsisf>
    1792:	892a                	mv	s2,a0
    1794:	85aa                	mv	a1,a0
    1796:	004ca503          	lw	a0,4(s9)
    179a:	647050ef          	jal	ra,75e0 <__divsf3>
    179e:	8baa                	mv	s7,a0
    17a0:	00aca623          	sw	a0,12(s9)
    17a4:	008ca503          	lw	a0,8(s9)
    17a8:	85ca                	mv	a1,s2
    17aa:	637050ef          	jal	ra,75e0 <__divsf3>
    17ae:	892a                	mv	s2,a0
    17b0:	85de                	mv	a1,s7
    17b2:	00aca823          	sw	a0,16(s9)
    17b6:	855e                	mv	a0,s7
    17b8:	248060ef          	jal	ra,7a00 <__mulsf3>
    17bc:	8baa                	mv	s7,a0
    17be:	85ca                	mv	a1,s2
    17c0:	854a                	mv	a0,s2
    17c2:	23e060ef          	jal	ra,7a00 <__mulsf3>
    17c6:	85aa                	mv	a1,a0
    17c8:	855e                	mv	a0,s7
    17ca:	2ad050ef          	jal	ra,7276 <__addsf3>
    17ce:	024020ef          	jal	ra,37f2 <sqrtf>
    17d2:	02aca423          	sw	a0,40(s9)
    17d6:	010ca583          	lw	a1,16(s9)
    17da:	00cca503          	lw	a0,12(s9)
    17de:	0000b937          	lui	s2,0xb
    17e2:	00e020ef          	jal	ra,37f0 <atan2f>
    17e6:	0000b7b7          	lui	a5,0xb
    17ea:	dec7a583          	lw	a1,-532(a5) # adec <__trunctfdf2+0x22e>
    17ee:	212060ef          	jal	ra,7a00 <__mulsf3>
    17f2:	49c92583          	lw	a1,1180(s2) # b49c <OLED_F8x16+0x614>
    17f6:	5eb050ef          	jal	ra,75e0 <__divsf3>
    17fa:	014ca583          	lw	a1,20(s9)
    17fe:	02aca623          	sw	a0,44(s9)
    1802:	018ca503          	lw	a0,24(s9)
    1806:	48e060ef          	jal	ra,7c94 <__subsf3>
    180a:	8baa                	mv	s7,a0
    180c:	01cca583          	lw	a1,28(s9)
    1810:	020ca503          	lw	a0,32(s9)
    1814:	480060ef          	jal	ra,7c94 <__subsf3>
    1818:	8d2a                	mv	s10,a0
    181a:	85de                	mv	a1,s7
    181c:	855e                	mv	a0,s7
    181e:	1e2060ef          	jal	ra,7a00 <__mulsf3>
    1822:	8baa                	mv	s7,a0
    1824:	85ea                	mv	a1,s10
    1826:	856a                	mv	a0,s10
    1828:	1d8060ef          	jal	ra,7a00 <__mulsf3>
    182c:	85aa                	mv	a1,a0
    182e:	855e                	mv	a0,s7
    1830:	247050ef          	jal	ra,7276 <__addsf3>
    1834:	7bf010ef          	jal	ra,37f2 <sqrtf>
    1838:	8baa                	mv	s7,a0
    183a:	02aca223          	sw	a0,36(s9)
    183e:	45a2                	lw	a1,8(sp)
    1840:	010ca503          	lw	a0,16(s9)
    1844:	0aa060ef          	jal	ra,78ee <__gesf2>
    1848:	18a04a63          	bgtz	a0,19dc <ConeDetect_UpdateWithSide.constprop.10+0x402>
    184c:	0a05                	addi	s4,s4,1
    184e:	0ffa7a13          	andi	s4,s4,255
    1852:	0134f863          	bgeu	s1,s3,1862 <ConeDetect_UpdateWithSide.constprop.10+0x288>
    1856:	02000713          	li	a4,32
    185a:	030c8c93          	addi	s9,s9,48
    185e:	eaea13e3          	bne	s4,a4,1704 <ConeDetect_UpdateWithSide.constprop.10+0x12a>
    1862:	0000bcb7          	lui	s9,0xb
    1866:	498cab83          	lw	s7,1176(s9) # b498 <OLED_F8x16+0x610>
    186a:	89da                	mv	s3,s6
    186c:	4481                	li	s1,0
    186e:	5d7d                	li	s10,-1
    1870:	0009c783          	lbu	a5,0(s3)
    1874:	cb99                	beqz	a5,188a <ConeDetect_UpdateWithSide.constprop.10+0x2b0>
    1876:	0289ad83          	lw	s11,40(s3)
    187a:	85de                	mv	a1,s7
    187c:	856e                	mv	a0,s11
    187e:	0f6060ef          	jal	ra,7974 <__lesf2>
    1882:	00055463          	bgez	a0,188a <ConeDetect_UpdateWithSide.constprop.10+0x2b0>
    1886:	8d26                	mv	s10,s1
    1888:	8bee                	mv	s7,s11
    188a:	0485                	addi	s1,s1,1
    188c:	0ff4f793          	andi	a5,s1,255
    1890:	03098993          	addi	s3,s3,48
    1894:	fd47eee3          	bltu	a5,s4,1870 <ConeDetect_UpdateWithSide.constprop.10+0x296>
    1898:	57fd                	li	a5,-1
    189a:	d4fd03e3          	beq	s10,a5,15e0 <ConeDetect_UpdateWithSide.constprop.10+0x6>
    189e:	03000493          	li	s1,48
    18a2:	029d04b3          	mul	s1,s10,s1
    18a6:	94d6                	add	s1,s1,s5
    18a8:	c0b1                	beqz	s1,18ec <ConeDetect_UpdateWithSide.constprop.10+0x312>
    18aa:	03600613          	li	a2,54
    18ae:	4581                	li	a1,0
    18b0:	00240513          	addi	a0,s0,2
    18b4:	8edfe0ef          	jal	ra,1a0 <memset>
    18b8:	4785                	li	a5,1
    18ba:	00f41023          	sh	a5,0(s0)
    18be:	4898                	lw	a4,16(s1)
    18c0:	44dc                	lw	a5,12(s1)
    18c2:	00000693          	li	a3,0
    18c6:	c418                	sw	a4,8(s0)
    18c8:	c818                	sw	a4,16(s0)
    18ca:	cc18                	sw	a4,24(s0)
    18cc:	5498                	lw	a4,40(s1)
    18ce:	c05c                	sw	a5,4(s0)
    18d0:	c45c                	sw	a5,12(s0)
    18d2:	cc58                	sw	a4,28(s0)
    18d4:	54d8                	lw	a4,44(s1)
    18d6:	c85c                	sw	a5,20(s0)
    18d8:	d054                	sw	a3,36(s0)
    18da:	d018                	sw	a4,32(s0)
    18dc:	0000b737          	lui	a4,0xb
    18e0:	4ac72703          	lw	a4,1196(a4) # b4ac <OLED_F8x16+0x624>
    18e4:	d414                	sw	a3,40(s0)
    18e6:	d814                	sw	a3,48(s0)
    18e8:	d458                	sw	a4,44(s0)
    18ea:	d85c                	sw	a5,52(s0)
    18ec:	498cac83          	lw	s9,1176(s9)
    18f0:	4b81                	li	s7,0
    18f2:	59fd                	li	s3,-1
    18f4:	05ab8963          	beq	s7,s10,1946 <ConeDetect_UpdateWithSide.constprop.10+0x36c>
    18f8:	000b4783          	lbu	a5,0(s6)
    18fc:	c7a9                	beqz	a5,1946 <ConeDetect_UpdateWithSide.constprop.10+0x36c>
    18fe:	44cc                	lw	a1,12(s1)
    1900:	00cb2503          	lw	a0,12(s6)
    1904:	390060ef          	jal	ra,7c94 <__subsf3>
    1908:	8daa                	mv	s11,a0
    190a:	488c                	lw	a1,16(s1)
    190c:	010b2503          	lw	a0,16(s6)
    1910:	384060ef          	jal	ra,7c94 <__subsf3>
    1914:	85ee                	mv	a1,s11
    1916:	c42a                	sw	a0,8(sp)
    1918:	856e                	mv	a0,s11
    191a:	0e6060ef          	jal	ra,7a00 <__mulsf3>
    191e:	47a2                	lw	a5,8(sp)
    1920:	8daa                	mv	s11,a0
    1922:	85be                	mv	a1,a5
    1924:	853e                	mv	a0,a5
    1926:	0da060ef          	jal	ra,7a00 <__mulsf3>
    192a:	85aa                	mv	a1,a0
    192c:	856e                	mv	a0,s11
    192e:	149050ef          	jal	ra,7276 <__addsf3>
    1932:	6c1010ef          	jal	ra,37f2 <sqrtf>
    1936:	85e6                	mv	a1,s9
    1938:	8daa                	mv	s11,a0
    193a:	03a060ef          	jal	ra,7974 <__lesf2>
    193e:	00055463          	bgez	a0,1946 <ConeDetect_UpdateWithSide.constprop.10+0x36c>
    1942:	8cee                	mv	s9,s11
    1944:	89de                	mv	s3,s7
    1946:	0b85                	addi	s7,s7,1
    1948:	0ffbf793          	andi	a5,s7,255
    194c:	030b0b13          	addi	s6,s6,48
    1950:	fb47e2e3          	bltu	a5,s4,18f4 <ConeDetect_UpdateWithSide.constprop.10+0x31a>
    1954:	0809de63          	bgez	s3,19f0 <ConeDetect_UpdateWithSide.constprop.10+0x416>
    1958:	4505                	li	a0,1
    195a:	b161                	j	15e2 <ConeDetect_UpdateWithSide.constprop.10+0x8>
    195c:	002cd703          	lhu	a4,2(s9)
    1960:	00092d03          	lw	s10,0(s2)
    1964:	004ca503          	lw	a0,4(s9)
    1968:	0705                	addi	a4,a4,1
    196a:	00ec9123          	sh	a4,2(s9)
    196e:	85ea                	mv	a1,s10
    1970:	107050ef          	jal	ra,7276 <__addsf3>
    1974:	00492b83          	lw	s7,4(s2)
    1978:	00aca223          	sw	a0,4(s9)
    197c:	008ca503          	lw	a0,8(s9)
    1980:	85de                	mv	a1,s7
    1982:	0f5050ef          	jal	ra,7276 <__addsf3>
    1986:	014ca583          	lw	a1,20(s9)
    198a:	00aca423          	sw	a0,8(s9)
    198e:	856a                	mv	a0,s10
    1990:	7e5050ef          	jal	ra,7974 <__lesf2>
    1994:	00055463          	bgez	a0,199c <ConeDetect_UpdateWithSide.constprop.10+0x3c2>
    1998:	01acaa23          	sw	s10,20(s9)
    199c:	018ca583          	lw	a1,24(s9)
    19a0:	856a                	mv	a0,s10
    19a2:	74d050ef          	jal	ra,78ee <__gesf2>
    19a6:	00a05463          	blez	a0,19ae <ConeDetect_UpdateWithSide.constprop.10+0x3d4>
    19aa:	01acac23          	sw	s10,24(s9)
    19ae:	01cca583          	lw	a1,28(s9)
    19b2:	855e                	mv	a0,s7
    19b4:	7c1050ef          	jal	ra,7974 <__lesf2>
    19b8:	00055463          	bgez	a0,19c0 <ConeDetect_UpdateWithSide.constprop.10+0x3e6>
    19bc:	017cae23          	sw	s7,28(s9)
    19c0:	020ca583          	lw	a1,32(s9)
    19c4:	855e                	mv	a0,s7
    19c6:	729050ef          	jal	ra,78ee <__gesf2>
    19ca:	00a05463          	blez	a0,19d2 <ConeDetect_UpdateWithSide.constprop.10+0x3f8>
    19ce:	037ca023          	sw	s7,32(s9)
    19d2:	0485                	addi	s1,s1,1
    19d4:	04c2                	slli	s1,s1,0x10
    19d6:	80c1                	srli	s1,s1,0x10
    19d8:	0941                	addi	s2,s2,16
    19da:	b3a5                	j	1742 <ConeDetect_UpdateWithSide.constprop.10+0x168>
    19dc:	85ee                	mv	a1,s11
    19de:	855e                	mv	a0,s7
    19e0:	795050ef          	jal	ra,7974 <__lesf2>
    19e4:	e6a044e3          	bgtz	a0,184c <ConeDetect_UpdateWithSide.constprop.10+0x272>
    19e8:	4705                	li	a4,1
    19ea:	00ec8023          	sb	a4,0(s9)
    19ee:	bdb9                	j	184c <ConeDetect_UpdateWithSide.constprop.10+0x272>
    19f0:	0000b7b7          	lui	a5,0xb
    19f4:	4b07ab03          	lw	s6,1200(a5) # b4b0 <OLED_F8x16+0x628>
    19f8:	8566                	mv	a0,s9
    19fa:	85da                	mv	a1,s6
    19fc:	779050ef          	jal	ra,7974 <__lesf2>
    1a00:	f4a04ce3          	bgtz	a0,1958 <ConeDetect_UpdateWithSide.constprop.10+0x37e>
    1a04:	03000793          	li	a5,48
    1a08:	02f989b3          	mul	s3,s3,a5
    1a0c:	44cc                	lw	a1,12(s1)
    1a0e:	9ace                	add	s5,s5,s3
    1a10:	00caa503          	lw	a0,12(s5)
    1a14:	280060ef          	jal	ra,7c94 <__subsf3>
    1a18:	8caa                	mv	s9,a0
    1a1a:	488c                	lw	a1,16(s1)
    1a1c:	010aa503          	lw	a0,16(s5)
    1a20:	274060ef          	jal	ra,7c94 <__subsf3>
    1a24:	8daa                	mv	s11,a0
    1a26:	85e6                	mv	a1,s9
    1a28:	8566                	mv	a0,s9
    1a2a:	7d7050ef          	jal	ra,7a00 <__mulsf3>
    1a2e:	89aa                	mv	s3,a0
    1a30:	85ee                	mv	a1,s11
    1a32:	856e                	mv	a0,s11
    1a34:	7cd050ef          	jal	ra,7a00 <__mulsf3>
    1a38:	85aa                	mv	a1,a0
    1a3a:	854e                	mv	a0,s3
    1a3c:	03b050ef          	jal	ra,7276 <__addsf3>
    1a40:	5b3010ef          	jal	ra,37f2 <sqrtf>
    1a44:	00caa583          	lw	a1,12(s5)
    1a48:	8baa                	mv	s7,a0
    1a4a:	44c8                	lw	a0,12(s1)
    1a4c:	0000b9b7          	lui	s3,0xb
    1a50:	027050ef          	jal	ra,7276 <__addsf3>
    1a54:	de49a583          	lw	a1,-540(s3) # ade4 <__trunctfdf2+0x226>
    1a58:	7a9050ef          	jal	ra,7a00 <__mulsf3>
    1a5c:	8a2a                	mv	s4,a0
    1a5e:	010aa583          	lw	a1,16(s5)
    1a62:	4888                	lw	a0,16(s1)
    1a64:	013050ef          	jal	ra,7276 <__addsf3>
    1a68:	de49a583          	lw	a1,-540(s3)
    1a6c:	795050ef          	jal	ra,7a00 <__mulsf3>
    1a70:	89aa                	mv	s3,a0
    1a72:	85d2                	mv	a1,s4
    1a74:	8552                	mv	a0,s4
    1a76:	78b050ef          	jal	ra,7a00 <__mulsf3>
    1a7a:	8d2a                	mv	s10,a0
    1a7c:	85ce                	mv	a1,s3
    1a7e:	854e                	mv	a0,s3
    1a80:	781050ef          	jal	ra,7a00 <__mulsf3>
    1a84:	85aa                	mv	a1,a0
    1a86:	856a                	mv	a0,s10
    1a88:	7ee050ef          	jal	ra,7276 <__addsf3>
    1a8c:	567010ef          	jal	ra,37f2 <sqrtf>
    1a90:	0000b7b7          	lui	a5,0xb
    1a94:	4ac7a583          	lw	a1,1196(a5) # b4ac <OLED_F8x16+0x624>
    1a98:	c42a                	sw	a0,8(sp)
    1a9a:	855e                	mv	a0,s7
    1a9c:	6d9050ef          	jal	ra,7974 <__lesf2>
    1aa0:	ea054ce3          	bltz	a0,1958 <ConeDetect_UpdateWithSide.constprop.10+0x37e>
    1aa4:	85da                	mv	a1,s6
    1aa6:	855e                	mv	a0,s7
    1aa8:	647050ef          	jal	ra,78ee <__gesf2>
    1aac:	eaa046e3          	bgtz	a0,1958 <ConeDetect_UpdateWithSide.constprop.10+0x37e>
    1ab0:	85de                	mv	a1,s7
    1ab2:	8566                	mv	a0,s9
    1ab4:	32d050ef          	jal	ra,75e0 <__divsf3>
    1ab8:	8caa                	mv	s9,a0
    1aba:	85de                	mv	a1,s7
    1abc:	856e                	mv	a0,s11
    1abe:	323050ef          	jal	ra,75e0 <__divsf3>
    1ac2:	8d2a                	mv	s10,a0
    1ac4:	00000593          	li	a1,0
    1ac8:	8566                	mv	a0,s9
    1aca:	6ab050ef          	jal	ra,7974 <__lesf2>
    1ace:	0a054463          	bltz	a0,1b76 <ConeDetect_UpdateWithSide.constprop.10+0x59c>
    1ad2:	80000b37          	lui	s6,0x80000
    1ad6:	01ab4b33          	xor	s6,s6,s10
    1ada:	8de6                	mv	s11,s9
    1adc:	03600613          	li	a2,54
    1ae0:	4581                	li	a1,0
    1ae2:	00240513          	addi	a0,s0,2
    1ae6:	ebafe0ef          	jal	ra,1a0 <memset>
    1aea:	10100713          	li	a4,257
    1aee:	00e41023          	sh	a4,0(s0)
    1af2:	44d8                	lw	a4,12(s1)
    1af4:	47a2                	lw	a5,8(sp)
    1af6:	85ce                	mv	a1,s3
    1af8:	c058                	sw	a4,4(s0)
    1afa:	4898                	lw	a4,16(s1)
    1afc:	8552                	mv	a0,s4
    1afe:	c418                	sw	a4,8(s0)
    1b00:	00caa703          	lw	a4,12(s5)
    1b04:	c458                	sw	a4,12(s0)
    1b06:	010aa703          	lw	a4,16(s5)
    1b0a:	cc5c                	sw	a5,28(s0)
    1b0c:	01442a23          	sw	s4,20(s0)
    1b10:	c818                	sw	a4,16(s0)
    1b12:	01342c23          	sw	s3,24(s0)
    1b16:	4db010ef          	jal	ra,37f0 <atan2f>
    1b1a:	decc2583          	lw	a1,-532(s8) # adec <__trunctfdf2+0x22e>
    1b1e:	6e3050ef          	jal	ra,7a00 <__mulsf3>
    1b22:	49c92583          	lw	a1,1180(s2)
    1b26:	2bb050ef          	jal	ra,75e0 <__divsf3>
    1b2a:	d008                	sw	a0,32(s0)
    1b2c:	85ee                	mv	a1,s11
    1b2e:	03742223          	sw	s7,36(s0)
    1b32:	03642423          	sw	s6,40(s0)
    1b36:	03b42623          	sw	s11,44(s0)
    1b3a:	855a                	mv	a0,s6
    1b3c:	4b5010ef          	jal	ra,37f0 <atan2f>
    1b40:	decc2583          	lw	a1,-532(s8)
    1b44:	6bd050ef          	jal	ra,7a00 <__mulsf3>
    1b48:	49c92583          	lw	a1,1180(s2)
    1b4c:	295050ef          	jal	ra,75e0 <__divsf3>
    1b50:	d808                	sw	a0,48(s0)
    1b52:	85e6                	mv	a1,s9
    1b54:	8552                	mv	a0,s4
    1b56:	6ab050ef          	jal	ra,7a00 <__mulsf3>
    1b5a:	84aa                	mv	s1,a0
    1b5c:	85ea                	mv	a1,s10
    1b5e:	854e                	mv	a0,s3
    1b60:	6a1050ef          	jal	ra,7a00 <__mulsf3>
    1b64:	85aa                	mv	a1,a0
    1b66:	8526                	mv	a0,s1
    1b68:	70e050ef          	jal	ra,7276 <__addsf3>
    1b6c:	800007b7          	lui	a5,0x80000
    1b70:	8d3d                	xor	a0,a0,a5
    1b72:	d848                	sw	a0,52(s0)
    1b74:	b3d5                	j	1958 <ConeDetect_UpdateWithSide.constprop.10+0x37e>
    1b76:	80000db7          	lui	s11,0x80000
    1b7a:	019dcdb3          	xor	s11,s11,s9
    1b7e:	8b6a                	mv	s6,s10
    1b80:	bfb1                	j	1adc <ConeDetect_UpdateWithSide.constprop.10+0x502>

00001b82 <CalcLineSteer.isra.1>:
    1b82:	deefe2ef          	jal	t0,170 <__riscv_save_0>
    1b86:	842a                	mv	s0,a0
    1b88:	5108                	lw	a0,32(a0)
    1b8a:	897ff0ef          	jal	ra,1420 <FloatToS16>
    1b8e:	84aa                	mv	s1,a0
    1b90:	5808                	lw	a0,48(s0)
    1b92:	88fff0ef          	jal	ra,1420 <FloatToS16>
    1b96:	4795                	li	a5,5
    1b98:	02f54533          	div	a0,a0,a5
    1b9c:	9526                	add	a0,a0,s1
    1b9e:	0542                	slli	a0,a0,0x10
    1ba0:	8141                	srli	a0,a0,0x10
    1ba2:	01051713          	slli	a4,a0,0x10
    1ba6:	8741                	srai	a4,a4,0x10
    1ba8:	04075263          	bgez	a4,1bec <CalcLineSteer.isra.1+0x6a>
    1bac:	40a00533          	neg	a0,a0
    1bb0:	01051793          	slli	a5,a0,0x10
    1bb4:	87c1                	srai	a5,a5,0x10
    1bb6:	4691                	li	a3,4
    1bb8:	4501                	li	a0,0
    1bba:	02f6d763          	bge	a3,a5,1be8 <CalcLineSteer.isra.1+0x66>
    1bbe:	0706                	slli	a4,a4,0x1
    1bc0:	853a                	mv	a0,a4
    1bc2:	0742                	slli	a4,a4,0x10
    1bc4:	8741                	srai	a4,a4,0x10
    1bc6:	fdc00793          	li	a5,-36
    1bca:	00f75463          	bge	a4,a5,1bd2 <CalcLineSteer.isra.1+0x50>
    1bce:	fdc00513          	li	a0,-36
    1bd2:	01051793          	slli	a5,a0,0x10
    1bd6:	87c1                	srai	a5,a5,0x10
    1bd8:	02400713          	li	a4,36
    1bdc:	00f75463          	bge	a4,a5,1be4 <CalcLineSteer.isra.1+0x62>
    1be0:	02400513          	li	a0,36
    1be4:	0542                	slli	a0,a0,0x10
    1be6:	8541                	srai	a0,a0,0x10
    1be8:	dacfe06f          	j	194 <__riscv_restore_0>
    1bec:	4791                	li	a5,4
    1bee:	4501                	li	a0,0
    1bf0:	fce7c7e3          	blt	a5,a4,1bbe <CalcLineSteer.isra.1+0x3c>
    1bf4:	bfd5                	j	1be8 <CalcLineSteer.isra.1+0x66>

00001bf6 <CalcCenteringSteerSafe.isra.2>:
    1bf6:	d60fe2ef          	jal	t0,156 <__riscv_save_4>
    1bfa:	84aa                	mv	s1,a0
    1bfc:	f87ff0ef          	jal	ra,1b82 <CalcLineSteer.isra.1>
    1c00:	0014c783          	lbu	a5,1(s1)
    1c04:	842a                	mv	s0,a0
    1c06:	c7d5                	beqz	a5,1cb2 <CalcCenteringSteerSafe.isra.2+0xbc>
    1c08:	0044a903          	lw	s2,4(s1)
    1c0c:	00c4a983          	lw	s3,12(s1)
    1c10:	0104aa03          	lw	s4,16(s1)
    1c14:	854a                	mv	a0,s2
    1c16:	85ce                	mv	a1,s3
    1c18:	4484                	lw	s1,8(s1)
    1c1a:	55b050ef          	jal	ra,7974 <__lesf2>
    1c1e:	00a04863          	bgtz	a0,1c2e <CalcCenteringSteerSafe.isra.2+0x38>
    1c22:	87d2                	mv	a5,s4
    1c24:	8a26                	mv	s4,s1
    1c26:	84be                	mv	s1,a5
    1c28:	87ce                	mv	a5,s3
    1c2a:	89ca                	mv	s3,s2
    1c2c:	893e                	mv	s2,a5
    1c2e:	00000593          	li	a1,0
    1c32:	8552                	mv	a0,s4
    1c34:	4bb050ef          	jal	ra,78ee <__gesf2>
    1c38:	02a05c63          	blez	a0,1c70 <CalcCenteringSteerSafe.isra.2+0x7a>
    1c3c:	0000b7b7          	lui	a5,0xb
    1c40:	48c7a583          	lw	a1,1164(a5) # b48c <OLED_F8x16+0x604>
    1c44:	8552                	mv	a0,s4
    1c46:	52f050ef          	jal	ra,7974 <__lesf2>
    1c4a:	02055363          	bgez	a0,1c70 <CalcCenteringSteerSafe.isra.2+0x7a>
    1c4e:	0000b7b7          	lui	a5,0xb
    1c52:	4907a583          	lw	a1,1168(a5) # b490 <OLED_F8x16+0x608>
    1c56:	854e                	mv	a0,s3
    1c58:	497050ef          	jal	ra,78ee <__gesf2>
    1c5c:	00a05a63          	blez	a0,1c70 <CalcCenteringSteerSafe.isra.2+0x7a>
    1c60:	4749                	li	a4,18
    1c62:	87a2                	mv	a5,s0
    1c64:	00e45363          	bge	s0,a4,1c6a <CalcCenteringSteerSafe.isra.2+0x74>
    1c68:	47c9                	li	a5,18
    1c6a:	01079413          	slli	s0,a5,0x10
    1c6e:	8441                	srai	s0,s0,0x10
    1c70:	00000593          	li	a1,0
    1c74:	8526                	mv	a0,s1
    1c76:	479050ef          	jal	ra,78ee <__gesf2>
    1c7a:	02a05c63          	blez	a0,1cb2 <CalcCenteringSteerSafe.isra.2+0xbc>
    1c7e:	0000b7b7          	lui	a5,0xb
    1c82:	48c7a583          	lw	a1,1164(a5) # b48c <OLED_F8x16+0x604>
    1c86:	8526                	mv	a0,s1
    1c88:	4ed050ef          	jal	ra,7974 <__lesf2>
    1c8c:	02055363          	bgez	a0,1cb2 <CalcCenteringSteerSafe.isra.2+0xbc>
    1c90:	0000b7b7          	lui	a5,0xb
    1c94:	4947a583          	lw	a1,1172(a5) # b494 <OLED_F8x16+0x60c>
    1c98:	854a                	mv	a0,s2
    1c9a:	4db050ef          	jal	ra,7974 <__lesf2>
    1c9e:	00055a63          	bgez	a0,1cb2 <CalcCenteringSteerSafe.isra.2+0xbc>
    1ca2:	5739                	li	a4,-18
    1ca4:	87a2                	mv	a5,s0
    1ca6:	00875363          	bge	a4,s0,1cac <CalcCenteringSteerSafe.isra.2+0xb6>
    1caa:	57b9                	li	a5,-18
    1cac:	01079413          	slli	s0,a5,0x10
    1cb0:	8441                	srai	s0,s0,0x10
    1cb2:	8522                	mv	a0,s0
    1cb4:	cd6fe06f          	j	18a <__riscv_restore_4>

00001cb8 <IsGateSideUnsafe.part.0>:
    1cb8:	c9efe2ef          	jal	t0,156 <__riscv_save_4>
    1cbc:	00c52903          	lw	s2,12(a0)
    1cc0:	4140                	lw	s0,4(a0)
    1cc2:	01052983          	lw	s3,16(a0)
    1cc6:	4504                	lw	s1,8(a0)
    1cc8:	85ca                	mv	a1,s2
    1cca:	8522                	mv	a0,s0
    1ccc:	4a9050ef          	jal	ra,7974 <__lesf2>
    1cd0:	00a04863          	bgtz	a0,1ce0 <IsGateSideUnsafe.part.0+0x28>
    1cd4:	87ce                	mv	a5,s3
    1cd6:	89a6                	mv	s3,s1
    1cd8:	84be                	mv	s1,a5
    1cda:	87ca                	mv	a5,s2
    1cdc:	8922                	mv	s2,s0
    1cde:	843e                	mv	s0,a5
    1ce0:	00000593          	li	a1,0
    1ce4:	854e                	mv	a0,s3
    1ce6:	409050ef          	jal	ra,78ee <__gesf2>
    1cea:	02a05563          	blez	a0,1d14 <IsGateSideUnsafe.part.0+0x5c>
    1cee:	0000b7b7          	lui	a5,0xb
    1cf2:	48c7a583          	lw	a1,1164(a5) # b48c <OLED_F8x16+0x604>
    1cf6:	854e                	mv	a0,s3
    1cf8:	47d050ef          	jal	ra,7974 <__lesf2>
    1cfc:	00055c63          	bgez	a0,1d14 <IsGateSideUnsafe.part.0+0x5c>
    1d00:	0000b7b7          	lui	a5,0xb
    1d04:	4907a583          	lw	a1,1168(a5) # b490 <OLED_F8x16+0x608>
    1d08:	854a                	mv	a0,s2
    1d0a:	3e5050ef          	jal	ra,78ee <__gesf2>
    1d0e:	4785                	li	a5,1
    1d10:	02a04b63          	bgtz	a0,1d46 <IsGateSideUnsafe.part.0+0x8e>
    1d14:	00000593          	li	a1,0
    1d18:	8526                	mv	a0,s1
    1d1a:	3d5050ef          	jal	ra,78ee <__gesf2>
    1d1e:	02a05763          	blez	a0,1d4c <IsGateSideUnsafe.part.0+0x94>
    1d22:	0000b7b7          	lui	a5,0xb
    1d26:	48c7a583          	lw	a1,1164(a5) # b48c <OLED_F8x16+0x604>
    1d2a:	8526                	mv	a0,s1
    1d2c:	449050ef          	jal	ra,7974 <__lesf2>
    1d30:	00055e63          	bgez	a0,1d4c <IsGateSideUnsafe.part.0+0x94>
    1d34:	0000b7b7          	lui	a5,0xb
    1d38:	4947a583          	lw	a1,1172(a5) # b494 <OLED_F8x16+0x60c>
    1d3c:	8522                	mv	a0,s0
    1d3e:	437050ef          	jal	ra,7974 <__lesf2>
    1d42:	01f55793          	srli	a5,a0,0x1f
    1d46:	853e                	mv	a0,a5
    1d48:	c42fe06f          	j	18a <__riscv_restore_4>
    1d4c:	4781                	li	a5,0
    1d4e:	bfe5                	j	1d46 <IsGateSideUnsafe.part.0+0x8e>

00001d50 <IsGateReadyToPass>:
    1d50:	00154783          	lbu	a5,1(a0)
    1d54:	e791                	bnez	a5,1d60 <IsGateReadyToPass+0x10>
    1d56:	4501                	li	a0,0
    1d58:	8082                	ret
    1d5a:	4501                	li	a0,0
    1d5c:	c38fe06f          	j	194 <__riscv_restore_0>
    1d60:	c10fe2ef          	jal	t0,170 <__riscv_save_0>
    1d64:	842a                	mv	s0,a0
    1d66:	83dff0ef          	jal	ra,15a2 <GetGateCarSideTargetDist>
    1d6a:	0000b7b7          	lui	a5,0xb
    1d6e:	4b87a583          	lw	a1,1208(a5) # b4b8 <OLED_F8x16+0x630>
    1d72:	37d050ef          	jal	ra,78ee <__gesf2>
    1d76:	fea042e3          	bgtz	a0,1d5a <IsGateReadyToPass+0xa>
    1d7a:	5848                	lw	a0,52(s0)
    1d7c:	0000b7b7          	lui	a5,0xb
    1d80:	4bc7a583          	lw	a1,1212(a5) # b4bc <OLED_F8x16+0x634>
    1d84:	0506                	slli	a0,a0,0x1
    1d86:	8105                	srli	a0,a0,0x1
    1d88:	367050ef          	jal	ra,78ee <__gesf2>
    1d8c:	fca047e3          	bgtz	a0,1d5a <IsGateReadyToPass+0xa>
    1d90:	5808                	lw	a0,48(s0)
    1d92:	e8eff0ef          	jal	ra,1420 <FloatToS16>
    1d96:	00055663          	bgez	a0,1da2 <IsGateReadyToPass+0x52>
    1d9a:	40a00533          	neg	a0,a0
    1d9e:	0542                	slli	a0,a0,0x10
    1da0:	8541                	srai	a0,a0,0x10
    1da2:	47a9                	li	a5,10
    1da4:	faa7cbe3          	blt	a5,a0,1d5a <IsGateReadyToPass+0xa>
    1da8:	5008                	lw	a0,32(s0)
    1daa:	e76ff0ef          	jal	ra,1420 <FloatToS16>
    1dae:	00055663          	bgez	a0,1dba <IsGateReadyToPass+0x6a>
    1db2:	40a00533          	neg	a0,a0
    1db6:	0542                	slli	a0,a0,0x10
    1db8:	8541                	srai	a0,a0,0x10
    1dba:	4799                	li	a5,6
    1dbc:	f8a7cfe3          	blt	a5,a0,1d5a <IsGateReadyToPass+0xa>
    1dc0:	00144783          	lbu	a5,1(s0)
    1dc4:	4505                	li	a0,1
    1dc6:	dbd9                	beqz	a5,1d5c <IsGateReadyToPass+0xc>
    1dc8:	8522                	mv	a0,s0
    1dca:	eefff0ef          	jal	ra,1cb8 <IsGateSideUnsafe.part.0>
    1dce:	00153513          	seqz	a0,a0
    1dd2:	b769                	j	1d5c <IsGateReadyToPass+0xc>

00001dd4 <CalcTargetSteer.isra.8>:
    1dd4:	b9cfe2ef          	jal	t0,170 <__riscv_save_0>
    1dd8:	1141                	addi	sp,sp,-16
    1dda:	0070                	addi	a2,sp,12
    1ddc:	842e                	mv	s0,a1
    1dde:	002c                	addi	a1,sp,8
    1de0:	f08ff0ef          	jal	ra,14e8 <GetGateCarSideTarget>
    1de4:	45b2                	lw	a1,12(sp)
    1de6:	4522                	lw	a0,8(sp)
    1de8:	209010ef          	jal	ra,37f0 <atan2f>
    1dec:	0000b7b7          	lui	a5,0xb
    1df0:	dec7a583          	lw	a1,-532(a5) # adec <__trunctfdf2+0x22e>
    1df4:	40d050ef          	jal	ra,7a00 <__mulsf3>
    1df8:	0000b7b7          	lui	a5,0xb
    1dfc:	49c7a583          	lw	a1,1180(a5) # b49c <OLED_F8x16+0x614>
    1e00:	7e0050ef          	jal	ra,75e0 <__divsf3>
    1e04:	e1cff0ef          	jal	ra,1420 <FloatToS16>
    1e08:	470d                	li	a4,3
    1e0a:	02e50533          	mul	a0,a0,a4
    1e0e:	00041783          	lh	a5,0(s0)
    1e12:	0542                	slli	a0,a0,0x10
    1e14:	8541                	srai	a0,a0,0x10
    1e16:	00a7cc63          	blt	a5,a0,1e2e <CalcTargetSteer.isra.8+0x5a>
    1e1a:	40f00733          	neg	a4,a5
    1e1e:	87ba                	mv	a5,a4
    1e20:	0742                	slli	a4,a4,0x10
    1e22:	8741                	srai	a4,a4,0x10
    1e24:	00a75363          	bge	a4,a0,1e2a <CalcTargetSteer.isra.8+0x56>
    1e28:	87aa                	mv	a5,a0
    1e2a:	07c2                	slli	a5,a5,0x10
    1e2c:	87c1                	srai	a5,a5,0x10
    1e2e:	853e                	mv	a0,a5
    1e30:	0141                	addi	sp,sp,16
    1e32:	b62fe06f          	j	194 <__riscv_restore_0>

00001e36 <ConeDetect_Init>:
    1e36:	b3afe2ef          	jal	t0,170 <__riscv_save_0>
    1e3a:	6605                	lui	a2,0x1
    1e3c:	20001537          	lui	a0,0x20001
    1e40:	dc060613          	addi	a2,a2,-576 # dc0 <Laser_Task+0x240>
    1e44:	4581                	li	a1,0
    1e46:	9e850513          	addi	a0,a0,-1560 # 200009e8 <detect_points>
    1e4a:	b56fe0ef          	jal	ra,1a0 <memset>
    1e4e:	60000613          	li	a2,1536
    1e52:	4581                	li	a1,0
    1e54:	9f818513          	addi	a0,gp,-1544 # 200003e8 <detect_clusters>
    1e58:	b48fe0ef          	jal	ra,1a0 <memset>
    1e5c:	20001537          	lui	a0,0x20001
    1e60:	5a800613          	li	a2,1448
    1e64:	4581                	li	a1,0
    1e66:	7a850513          	addi	a0,a0,1960 # 200017a8 <drive_frame>
    1e6a:	b36fe0ef          	jal	ra,1a0 <memset>
    1e6e:	b26fe06f          	j	194 <__riscv_restore_0>

00001e72 <ConeDrive_ConfigDefault>:
    1e72:	c14d                	beqz	a0,1f14 <ConeDrive_ConfigDefault+0xa2>
    1e74:	6785                	lui	a5,0x1
    1e76:	96078713          	addi	a4,a5,-1696 # 960 <USART2_IRQHandler+0x1e>
    1e7a:	bb878793          	addi	a5,a5,-1096
    1e7e:	00f51223          	sh	a5,4(a0)
    1e82:	1f400793          	li	a5,500
    1e86:	00f51323          	sh	a5,6(a0)
    1e8a:	6789                	lui	a5,0x2
    1e8c:	62678793          	addi	a5,a5,1574 # 2626 <main+0x128>
    1e90:	00f51623          	sh	a5,12(a0)
    1e94:	00f51723          	sh	a5,14(a0)
    1e98:	02d00793          	li	a5,45
    1e9c:	00f50823          	sb	a5,16(a0)
    1ea0:	47a1                	li	a5,8
    1ea2:	00f50a23          	sb	a5,20(a0)
    1ea6:	05000793          	li	a5,80
    1eaa:	00f51c23          	sh	a5,24(a0)
    1eae:	02300793          	li	a5,35
    1eb2:	00f51d23          	sh	a5,26(a0)
    1eb6:	02f51023          	sh	a5,32(a0)
    1eba:	47c9                	li	a5,18
    1ebc:	00e51023          	sh	a4,0(a0)
    1ec0:	02f51123          	sh	a5,34(a0)
    1ec4:	64000713          	li	a4,1600
    1ec8:	4795                	li	a5,5
    1eca:	00e51123          	sh	a4,2(a0)
    1ece:	02f51223          	sh	a5,36(a0)
    1ed2:	2bc00713          	li	a4,700
    1ed6:	4791                	li	a5,4
    1ed8:	00e51423          	sh	a4,8(a0)
    1edc:	00e51b23          	sh	a4,22(a0)
    1ee0:	02f51323          	sh	a5,38(a0)
    1ee4:	04600713          	li	a4,70
    1ee8:	4785                	li	a5,1
    1eea:	00e51e23          	sh	a4,28(a0)
    1eee:	02f51423          	sh	a5,40(a0)
    1ef2:	4779                	li	a4,30
    1ef4:	02a00793          	li	a5,42
    1ef8:	00051523          	sh	zero,10(a0)
    1efc:	00051923          	sh	zero,18(a0)
    1f00:	00e51f23          	sh	a4,30(a0)
    1f04:	02051523          	sh	zero,42(a0)
    1f08:	02f51623          	sh	a5,44(a0)
    1f0c:	02051723          	sh	zero,46(a0)
    1f10:	02050823          	sb	zero,48(a0)
    1f14:	8082                	ret

00001f16 <ConeDrive_Init>:
    1f16:	cd11                	beqz	a0,1f32 <ConeDrive_Init+0x1c>
    1f18:	a58fe2ef          	jal	t0,170 <__riscv_save_0>
    1f1c:	842a                	mv	s0,a0
    1f1e:	05000613          	li	a2,80
    1f22:	4581                	li	a1,0
    1f24:	0511                	addi	a0,a0,4
    1f26:	a7afe0ef          	jal	ra,1a0 <memset>
    1f2a:	00042023          	sw	zero,0(s0)
    1f2e:	a66fe06f          	j	194 <__riscv_restore_0>
    1f32:	8082                	ret

00001f34 <ConeDrive_Update>:
    1f34:	44050763          	beqz	a0,2382 <ConeDrive_Update+0x44e>
    1f38:	44058563          	beqz	a1,2382 <ConeDrive_Update+0x44e>
    1f3c:	a1afe2ef          	jal	t0,156 <__riscv_save_4>
    1f40:	7139                	addi	sp,sp,-64
    1f42:	8932                	mv	s2,a2
    1f44:	84ae                	mv	s1,a1
    1f46:	03800613          	li	a2,56
    1f4a:	4581                	li	a1,0
    1f4c:	842a                	mv	s0,a0
    1f4e:	0028                	addi	a0,sp,8
    1f50:	a50fe0ef          	jal	ra,1a0 <memset>
    1f54:	200019b7          	lui	s3,0x20001
    1f58:	7a898513          	addi	a0,s3,1960 # 200017a8 <drive_frame>
    1f5c:	4f3000ef          	jal	ra,2c4e <APP_RPLIDAR_CopyCurrentFrame>
    1f60:	8aaa                	mv	s5,a0
    1f62:	cd15                	beqz	a0,1f9e <ConeDrive_Update+0x6a>
    1f64:	00a4d683          	lhu	a3,10(s1)
    1f68:	ca9d                	beqz	a3,1f9e <ConeDrive_Update+0x6a>
    1f6a:	5739                	li	a4,-18
    1f6c:	7a898613          	addi	a2,s3,1960
    1f70:	45cd                	li	a1,19
    1f72:	87ba                	mv	a5,a4
    1f74:	00075663          	bgez	a4,1f80 <ConeDrive_Update+0x4c>
    1f78:	16870793          	addi	a5,a4,360
    1f7c:	07c2                	slli	a5,a5,0x10
    1f7e:	87c1                	srai	a5,a5,0x10
    1f80:	078a                	slli	a5,a5,0x2
    1f82:	97b2                	add	a5,a5,a2
    1f84:	0037c503          	lbu	a0,3(a5)
    1f88:	c511                	beqz	a0,1f94 <ConeDrive_Update+0x60>
    1f8a:	0007d783          	lhu	a5,0(a5)
    1f8e:	c399                	beqz	a5,1f94 <ConeDrive_Update+0x60>
    1f90:	3cf6fa63          	bgeu	a3,a5,2364 <ConeDrive_Update+0x430>
    1f94:	0705                	addi	a4,a4,1
    1f96:	0742                	slli	a4,a4,0x10
    1f98:	8741                	srai	a4,a4,0x10
    1f9a:	fcb71ce3          	bne	a4,a1,1f72 <ConeDrive_Update+0x3e>
    1f9e:	7a898513          	addi	a0,s3,1960
    1fa2:	4cd000ef          	jal	ra,2c6e <APP_RPLIDAR_CopyUsableFrame>
    1fa6:	8b2a                	mv	s6,a0
    1fa8:	cd01                	beqz	a0,1fc0 <ConeDrive_Update+0x8c>
    1faa:	002c                	addi	a1,sp,8
    1fac:	7a898513          	addi	a0,s3,1960
    1fb0:	e2aff0ef          	jal	ra,15da <ConeDetect_UpdateWithSide.constprop.10>
    1fb4:	8a2a                	mv	s4,a0
    1fb6:	e131                	bnez	a0,1ffa <ConeDrive_Update+0xc6>
    1fb8:	4a05                	li	s4,1
    1fba:	000a9d63          	bnez	s5,1fd4 <ConeDrive_Update+0xa0>
    1fbe:	a08d                	j	2020 <ConeDrive_Update+0xec>
    1fc0:	4a01                	li	s4,0
    1fc2:	040a8f63          	beqz	s5,2020 <ConeDrive_Update+0xec>
    1fc6:	002c                	addi	a1,sp,8
    1fc8:	7a898513          	addi	a0,s3,1960
    1fcc:	e0eff0ef          	jal	ra,15da <ConeDetect_UpdateWithSide.constprop.10>
    1fd0:	8a2a                	mv	s4,a0
    1fd2:	e50d                	bnez	a0,1ffc <ConeDrive_Update+0xc8>
    1fd4:	7a898993          	addi	s3,s3,1960
    1fd8:	5a49a783          	lw	a5,1444(s3)
    1fdc:	4858                	lw	a4,20(s0)
    1fde:	4a81                	li	s5,0
    1fe0:	04e78063          	beq	a5,a4,2020 <ConeDrive_Update+0xec>
    1fe4:	c85c                	sw	a5,20(s0)
    1fe6:	01844783          	lbu	a5,24(s0)
    1fea:	0ff00713          	li	a4,255
    1fee:	02e78963          	beq	a5,a4,2020 <ConeDrive_Update+0xec>
    1ff2:	0785                	addi	a5,a5,1
    1ff4:	00f40c23          	sb	a5,24(s0)
    1ff8:	a025                	j	2020 <ConeDrive_Update+0xec>
    1ffa:	4b05                	li	s6,1
    1ffc:	03800613          	li	a2,56
    2000:	002c                	addi	a1,sp,8
    2002:	01c40513          	addi	a0,s0,28
    2006:	4dc060ef          	jal	ra,84e2 <memcpy>
    200a:	7a898993          	addi	s3,s3,1960
    200e:	00040c23          	sb	zero,24(s0)
    2012:	5a49a783          	lw	a5,1444(s3)
    2016:	8ad2                	mv	s5,s4
    2018:	01242823          	sw	s2,16(s0)
    201c:	c85c                	sw	a5,20(s0)
    201e:	8a5a                	mv	s4,s6
    2020:	401c                	lw	a5,0(s0)
    2022:	4711                	li	a4,4
    2024:	16f76563          	bltu	a4,a5,218e <ConeDrive_Update+0x25a>
    2028:	672d                	lui	a4,0xb
    202a:	078a                	slli	a5,a5,0x2
    202c:	47870713          	addi	a4,a4,1144 # b478 <OLED_F8x16+0x5f0>
    2030:	97ba                	add	a5,a5,a4
    2032:	439c                	lw	a5,0(a5)
    2034:	8782                	jr	a5
    2036:	00c4c503          	lbu	a0,12(s1)
    203a:	c1aff0ef          	jal	ra,1454 <SetSpeed>
    203e:	060a8763          	beqz	s5,20ac <ConeDrive_Update+0x178>
    2042:	00914783          	lbu	a5,9(sp)
    2046:	efa1                	bnez	a5,209e <ConeDrive_Update+0x16a>
    2048:	0000b7b7          	lui	a5,0xb
    204c:	48c7a583          	lw	a1,1164(a5) # b48c <OLED_F8x16+0x604>
    2050:	5512                	lw	a0,36(sp)
    2052:	123050ef          	jal	ra,7974 <__lesf2>
    2056:	04055463          	bgez	a0,209e <ConeDrive_Update+0x16a>
    205a:	4572                	lw	a0,28(sp)
    205c:	00000593          	li	a1,0
    2060:	02c49983          	lh	s3,44(s1)
    2064:	08b050ef          	jal	ra,78ee <__gesf2>
    2068:	00054763          	bltz	a0,2076 <ConeDrive_Update+0x142>
    206c:	413009b3          	neg	s3,s3
    2070:	09c2                	slli	s3,s3,0x10
    2072:	4109d993          	srai	s3,s3,0x10
    2076:	85a6                	mv	a1,s1
    2078:	854e                	mv	a0,s3
    207a:	c08ff0ef          	jal	ra,1482 <SetSteerRaw>
    207e:	00914783          	lbu	a5,9(sp)
    2082:	01341d23          	sh	s3,26(s0)
    2086:	c79d                	beqz	a5,20b4 <ConeDrive_Update+0x180>
    2088:	01242623          	sw	s2,12(s0)
    208c:	00040c23          	sb	zero,24(s0)
    2090:	4785                	li	a5,1
    2092:	c01c                	sw	a5,0(s0)
    2094:	00042223          	sw	zero,4(s0)
    2098:	00041423          	sh	zero,8(s0)
    209c:	a821                	j	20b4 <ConeDrive_Update+0x180>
    209e:	02c48593          	addi	a1,s1,44
    20a2:	0028                	addi	a0,sp,8
    20a4:	d31ff0ef          	jal	ra,1dd4 <CalcTargetSteer.isra.8>
    20a8:	89aa                	mv	s3,a0
    20aa:	b7f1                	j	2076 <ConeDrive_Update+0x142>
    20ac:	85a6                	mv	a1,s1
    20ae:	4501                	li	a0,0
    20b0:	bd2ff0ef          	jal	ra,1482 <SetSteerRaw>
    20b4:	6121                	addi	sp,sp,64
    20b6:	8d4fe06f          	j	18a <__riscv_restore_4>
    20ba:	080a8763          	beqz	s5,2148 <ConeDrive_Update+0x214>
    20be:	00914783          	lbu	a5,9(sp)
    20c2:	10079263          	bnez	a5,21c6 <ConeDrive_Update+0x292>
    20c6:	01c40513          	addi	a0,s0,28
    20ca:	c87ff0ef          	jal	ra,1d50 <IsGateReadyToPass>
    20ce:	cd15                	beqz	a0,210a <ConeDrive_Update+0x1d6>
    20d0:	01a41783          	lh	a5,26(s0)
    20d4:	4709                	li	a4,2
    20d6:	01242623          	sw	s2,12(s0)
    20da:	00040c23          	sb	zero,24(s0)
    20de:	c018                	sw	a4,0(s0)
    20e0:	00042223          	sw	zero,4(s0)
    20e4:	00f41423          	sh	a5,8(s0)
    20e8:	4901                	li	s2,0
    20ea:	00c4c503          	lbu	a0,12(s1)
    20ee:	b66ff0ef          	jal	ra,1454 <SetSpeed>
    20f2:	0c095363          	bgez	s2,21b8 <ConeDrive_Update+0x284>
    20f6:	5781                	li	a5,-32
    20f8:	1af94063          	blt	s2,a5,2298 <ConeDrive_Update+0x364>
    20fc:	478d                	li	a5,3
    20fe:	02f94933          	div	s2,s2,a5
    2102:	0942                	slli	s2,s2,0x10
    2104:	41095913          	srai	s2,s2,0x10
    2108:	a845                	j	21b8 <ConeDrive_Update+0x284>
    210a:	0000b7b7          	lui	a5,0xb
    210e:	48c7a583          	lw	a1,1164(a5) # b48c <OLED_F8x16+0x604>
    2112:	5512                	lw	a0,36(sp)
    2114:	061050ef          	jal	ra,7974 <__lesf2>
    2118:	02055163          	bgez	a0,213a <ConeDrive_Update+0x206>
    211c:	4572                	lw	a0,28(sp)
    211e:	00000593          	li	a1,0
    2122:	02c49903          	lh	s2,44(s1)
    2126:	7c8050ef          	jal	ra,78ee <__gesf2>
    212a:	fc0540e3          	bltz	a0,20ea <ConeDrive_Update+0x1b6>
    212e:	41200933          	neg	s2,s2
    2132:	0942                	slli	s2,s2,0x10
    2134:	41095913          	srai	s2,s2,0x10
    2138:	bf4d                	j	20ea <ConeDrive_Update+0x1b6>
    213a:	02c48593          	addi	a1,s1,44
    213e:	0028                	addi	a0,sp,8
    2140:	c95ff0ef          	jal	ra,1dd4 <CalcTargetSteer.isra.8>
    2144:	892a                	mv	s2,a0
    2146:	b755                	j	20ea <ConeDrive_Update+0x1b6>
    2148:	481c                	lw	a5,16(s0)
    214a:	0164d703          	lhu	a4,22(s1)
    214e:	40f907b3          	sub	a5,s2,a5
    2152:	04e7e563          	bltu	a5,a4,219c <ConeDrive_Update+0x268>
    2156:	01c40513          	addi	a0,s0,28
    215a:	bf7ff0ef          	jal	ra,1d50 <IsGateReadyToPass>
    215e:	cd11                	beqz	a0,217a <ConeDrive_Update+0x246>
    2160:	01a41783          	lh	a5,26(s0)
    2164:	4709                	li	a4,2
    2166:	01242623          	sw	s2,12(s0)
    216a:	00040c23          	sb	zero,24(s0)
    216e:	c018                	sw	a4,0(s0)
    2170:	00042223          	sw	zero,4(s0)
    2174:	00f41423          	sh	a5,8(s0)
    2178:	bf35                	j	20b4 <ConeDrive_Update+0x180>
    217a:	00c4c503          	lbu	a0,12(s1)
    217e:	ad6ff0ef          	jal	ra,1454 <SetSpeed>
    2182:	85a6                	mv	a1,s1
    2184:	4501                	li	a0,0
    2186:	afcff0ef          	jal	ra,1482 <SetSteerRaw>
    218a:	00041d23          	sh	zero,26(s0)
    218e:	01242623          	sw	s2,12(s0)
    2192:	00040c23          	sb	zero,24(s0)
    2196:	00042023          	sw	zero,0(s0)
    219a:	bded                	j	2094 <ConeDrive_Update+0x160>
    219c:	01a41903          	lh	s2,26(s0)
    21a0:	00e4c503          	lbu	a0,14(s1)
    21a4:	ab0ff0ef          	jal	ra,1454 <SetSpeed>
    21a8:	00095863          	bgez	s2,21b8 <ConeDrive_Update+0x284>
    21ac:	5781                	li	a5,-32
    21ae:	0ef94563          	blt	s2,a5,2298 <ConeDrive_Update+0x364>
    21b2:	478d                	li	a5,3
    21b4:	02f94933          	div	s2,s2,a5
    21b8:	85a6                	mv	a1,s1
    21ba:	854a                	mv	a0,s2
    21bc:	ac6ff0ef          	jal	ra,1482 <SetSteerRaw>
    21c0:	01241d23          	sh	s2,26(s0)
    21c4:	bdc5                	j	20b4 <ConeDrive_Update+0x180>
    21c6:	0028                	addi	a0,sp,8
    21c8:	af1ff0ef          	jal	ra,1cb8 <IsGateSideUnsafe.part.0>
    21cc:	c901                	beqz	a0,21dc <ConeDrive_Update+0x2a8>
    21ce:	0028                	addi	a0,sp,8
    21d0:	a27ff0ef          	jal	ra,1bf6 <CalcCenteringSteerSafe.isra.2>
    21d4:	892a                	mv	s2,a0
    21d6:	00f4c503          	lbu	a0,15(s1)
    21da:	bf11                	j	20ee <ConeDrive_Update+0x1ba>
    21dc:	0028                	addi	a0,sp,8
    21de:	bc4ff0ef          	jal	ra,15a2 <GetGateCarSideTargetDist>
    21e2:	0000b7b7          	lui	a5,0xb
    21e6:	4b87a583          	lw	a1,1208(a5) # b4b8 <OLED_F8x16+0x630>
    21ea:	704050ef          	jal	ra,78ee <__gesf2>
    21ee:	06a05863          	blez	a0,225e <ConeDrive_Update+0x32a>
    21f2:	0050                	addi	a2,sp,4
    21f4:	858a                	mv	a1,sp
    21f6:	0028                	addi	a0,sp,8
    21f8:	af0ff0ef          	jal	ra,14e8 <GetGateCarSideTarget>
    21fc:	4592                	lw	a1,4(sp)
    21fe:	4502                	lw	a0,0(sp)
    2200:	5f0010ef          	jal	ra,37f0 <atan2f>
    2204:	0000b7b7          	lui	a5,0xb
    2208:	dec7a583          	lw	a1,-532(a5) # adec <__trunctfdf2+0x22e>
    220c:	7f4050ef          	jal	ra,7a00 <__mulsf3>
    2210:	0000b7b7          	lui	a5,0xb
    2214:	49c7a583          	lw	a1,1180(a5) # b49c <OLED_F8x16+0x614>
    2218:	3c8050ef          	jal	ra,75e0 <__divsf3>
    221c:	a04ff0ef          	jal	ra,1420 <FloatToS16>
    2220:	89aa                	mv	s3,a0
    2222:	5562                	lw	a0,56(sp)
    2224:	9fcff0ef          	jal	ra,1420 <FloatToS16>
    2228:	4789                	li	a5,2
    222a:	02f54533          	div	a0,a0,a5
    222e:	478d                	li	a5,3
    2230:	02c49903          	lh	s2,44(s1)
    2234:	954e                	add	a0,a0,s3
    2236:	02f50533          	mul	a0,a0,a5
    223a:	0542                	slli	a0,a0,0x10
    223c:	8541                	srai	a0,a0,0x10
    223e:	00a94d63          	blt	s2,a0,2258 <ConeDrive_Update+0x324>
    2242:	412007b3          	neg	a5,s2
    2246:	893e                	mv	s2,a5
    2248:	07c2                	slli	a5,a5,0x10
    224a:	87c1                	srai	a5,a5,0x10
    224c:	00a7d363          	bge	a5,a0,2252 <ConeDrive_Update+0x31e>
    2250:	892a                	mv	s2,a0
    2252:	0942                	slli	s2,s2,0x10
    2254:	41095913          	srai	s2,s2,0x10
    2258:	00e4c503          	lbu	a0,14(s1)
    225c:	bd49                	j	20ee <ConeDrive_Update+0x1ba>
    225e:	0028                	addi	a0,sp,8
    2260:	af1ff0ef          	jal	ra,1d50 <IsGateReadyToPass>
    2264:	00f4c983          	lbu	s3,15(s1)
    2268:	c115                	beqz	a0,228c <ConeDrive_Update+0x358>
    226a:	854e                	mv	a0,s3
    226c:	9e8ff0ef          	jal	ra,1454 <SetSpeed>
    2270:	01a41783          	lh	a5,26(s0)
    2274:	4709                	li	a4,2
    2276:	01242623          	sw	s2,12(s0)
    227a:	00040c23          	sb	zero,24(s0)
    227e:	c018                	sw	a4,0(s0)
    2280:	00042223          	sw	zero,4(s0)
    2284:	00f41423          	sh	a5,8(s0)
    2288:	4901                	li	s2,0
    228a:	b73d                	j	21b8 <ConeDrive_Update+0x284>
    228c:	0028                	addi	a0,sp,8
    228e:	969ff0ef          	jal	ra,1bf6 <CalcCenteringSteerSafe.isra.2>
    2292:	892a                	mv	s2,a0
    2294:	854e                	mv	a0,s3
    2296:	bda1                	j	20ee <ConeDrive_Update+0x1ba>
    2298:	5959                	li	s2,-10
    229a:	bf39                	j	21b8 <ConeDrive_Update+0x284>
    229c:	0104c503          	lbu	a0,16(s1)
    22a0:	00c42a03          	lw	s4,12(s0)
    22a4:	4981                	li	s3,0
    22a6:	9aeff0ef          	jal	ra,1454 <SetSpeed>
    22aa:	41490a33          	sub	s4,s2,s4
    22ae:	2bb00793          	li	a5,699
    22b2:	0347e163          	bltu	a5,s4,22d4 <ConeDrive_Update+0x3a0>
    22b6:	000a8f63          	beqz	s5,22d4 <ConeDrive_Update+0x3a0>
    22ba:	00914783          	lbu	a5,9(sp)
    22be:	cb99                	beqz	a5,22d4 <ConeDrive_Update+0x3a0>
    22c0:	0028                	addi	a0,sp,8
    22c2:	8c1ff0ef          	jal	ra,1b82 <CalcLineSteer.isra.1>
    22c6:	89aa                	mv	s3,a0
    22c8:	00055363          	bgez	a0,22ce <ConeDrive_Update+0x39a>
    22cc:	4981                	li	s3,0
    22ce:	09c2                	slli	s3,s3,0x10
    22d0:	4109d993          	srai	s3,s3,0x10
    22d4:	85a6                	mv	a1,s1
    22d6:	854e                	mv	a0,s3
    22d8:	9aaff0ef          	jal	ra,1482 <SetSteerRaw>
    22dc:	0044d783          	lhu	a5,4(s1)
    22e0:	01341d23          	sh	s3,26(s0)
    22e4:	dcfa68e3          	bltu	s4,a5,20b4 <ConeDrive_Update+0x180>
    22e8:	01944783          	lbu	a5,25(s0)
    22ec:	0ff00713          	li	a4,255
    22f0:	00e78563          	beq	a5,a4,22fa <ConeDrive_Update+0x3c6>
    22f4:	0785                	addi	a5,a5,1
    22f6:	00f40ca3          	sb	a5,25(s0)
    22fa:	0304c783          	lbu	a5,48(s1)
    22fe:	cb99                	beqz	a5,2314 <ConeDrive_Update+0x3e0>
    2300:	01944703          	lbu	a4,25(s0)
    2304:	00f76863          	bltu	a4,a5,2314 <ConeDrive_Update+0x3e0>
    2308:	01242623          	sw	s2,12(s0)
    230c:	00040c23          	sb	zero,24(s0)
    2310:	4791                	li	a5,4
    2312:	b341                	j	2092 <ConeDrive_Update+0x15e>
    2314:	0064d783          	lhu	a5,6(s1)
    2318:	e6078be3          	beqz	a5,218e <ConeDrive_Update+0x25a>
    231c:	01242623          	sw	s2,12(s0)
    2320:	00040c23          	sb	zero,24(s0)
    2324:	478d                	li	a5,3
    2326:	b3b5                	j	2092 <ConeDrive_Update+0x15e>
    2328:	445c                	lw	a5,12(s0)
    232a:	0064d703          	lhu	a4,6(s1)
    232e:	00c4c503          	lbu	a0,12(s1)
    2332:	40f907b3          	sub	a5,s2,a5
    2336:	00e7e563          	bltu	a5,a4,2340 <ConeDrive_Update+0x40c>
    233a:	91aff0ef          	jal	ra,1454 <SetSpeed>
    233e:	bd81                	j	218e <ConeDrive_Update+0x25a>
    2340:	914ff0ef          	jal	ra,1454 <SetSpeed>
    2344:	85a6                	mv	a1,s1
    2346:	4501                	li	a0,0
    2348:	93aff0ef          	jal	ra,1482 <SetSteerRaw>
    234c:	00041d23          	sh	zero,26(s0)
    2350:	b395                	j	20b4 <ConeDrive_Update+0x180>
    2352:	00c4c503          	lbu	a0,12(s1)
    2356:	8feff0ef          	jal	ra,1454 <SetSpeed>
    235a:	85a6                	mv	a1,s1
    235c:	4501                	li	a0,0
    235e:	924ff0ef          	jal	ra,1482 <SetSteerRaw>
    2362:	b535                	j	218e <ConeDrive_Update+0x25a>
    2364:	00c4c503          	lbu	a0,12(s1)
    2368:	8ecff0ef          	jal	ra,1454 <SetSpeed>
    236c:	85a6                	mv	a1,s1
    236e:	4501                	li	a0,0
    2370:	912ff0ef          	jal	ra,1482 <SetSteerRaw>
    2374:	4018                	lw	a4,0(s0)
    2376:	00041d23          	sh	zero,26(s0)
    237a:	4791                	li	a5,4
    237c:	e0f719e3          	bne	a4,a5,218e <ConeDrive_Update+0x25a>
    2380:	bb15                	j	20b4 <ConeDrive_Update+0x180>
    2382:	8082                	ret

00002384 <SYSTICK_ClearCounter>:
    2384:	e000f7b7          	lui	a5,0xe000f
    2388:	00078223          	sb	zero,4(a5) # e000f004 <_eusrstack+0xc000a004>
    238c:	000782a3          	sb	zero,5(a5)
    2390:	00078323          	sb	zero,6(a5)
    2394:	000783a3          	sb	zero,7(a5)
    2398:	00078423          	sb	zero,8(a5)
    239c:	000784a3          	sb	zero,9(a5)
    23a0:	00078523          	sb	zero,10(a5)
    23a4:	000785a3          	sb	zero,11(a5)
    23a8:	8082                	ret

000023aa <APP_ShowFixedLocation>:
    23aa:	dadfd2ef          	jal	t0,156 <__riscv_save_4>
    23ae:	80418713          	addi	a4,gp,-2044 # 200001f4 <gps_seed.5022>
    23b2:	4304                	lw	s1,0(a4)
    23b4:	41c657b7          	lui	a5,0x41c65
    23b8:	e6d78793          	addi	a5,a5,-403 # 41c64e6d <_eusrstack+0x21c5fe6d>
    23bc:	02f484b3          	mul	s1,s1,a5
    23c0:	640d                	lui	s0,0x3
    23c2:	03940413          	addi	s0,s0,57 # 3039 <DMA_Init+0x2f>
    23c6:	1101                	addi	sp,sp,-32
    23c8:	02500993          	li	s3,37
    23cc:	0000b937          	lui	s2,0xb
    23d0:	94a2                	add	s1,s1,s0
    23d2:	02f487b3          	mul	a5,s1,a5
    23d6:	943e                	add	s0,s0,a5
    23d8:	c300                	sw	s0,0(a4)
    23da:	d51fe0ef          	jal	ra,112a <OLED_Clear>
    23de:	0000b637          	lui	a2,0xb
    23e2:	4c060613          	addi	a2,a2,1216 # b4c0 <OLED_F8x16+0x638>
    23e6:	4585                	li	a1,1
    23e8:	4505                	li	a0,1
    23ea:	dd3fe0ef          	jal	ra,11bc <OLED_ShowString>
    23ee:	0104d793          	srli	a5,s1,0x10
    23f2:	0337f7b3          	remu	a5,a5,s3
    23f6:	06ec94b7          	lui	s1,0x6ec9
    23fa:	43b48493          	addi	s1,s1,1083 # 6ec943b <_data_lma+0x6ebd5bb>
    23fe:	0000b6b7          	lui	a3,0xb
    2402:	07400713          	li	a4,116
    2406:	4c868693          	addi	a3,a3,1224 # b4c8 <OLED_F8x16+0x640>
    240a:	4d090613          	addi	a2,s2,1232 # b4d0 <OLED_F8x16+0x648>
    240e:	45d1                	li	a1,20
    2410:	0068                	addi	a0,sp,12
    2412:	97a6                	add	a5,a5,s1
    2414:	000f44b7          	lui	s1,0xf4
    2418:	24048493          	addi	s1,s1,576 # f4240 <_data_lma+0xe83c0>
    241c:	0297e7b3          	rem	a5,a5,s1
    2420:	15a030ef          	jal	ra,557a <snprintf>
    2424:	0070                	addi	a2,sp,12
    2426:	4585                	li	a1,1
    2428:	4509                	li	a0,2
    242a:	d93fe0ef          	jal	ra,11bc <OLED_ShowString>
    242e:	01045793          	srli	a5,s0,0x10
    2432:	0337f7b3          	remu	a5,a5,s3
    2436:	025e3437          	lui	s0,0x25e3
    243a:	82e40413          	addi	s0,s0,-2002 # 25e282e <_data_lma+0x25d69ae>
    243e:	0000b6b7          	lui	a3,0xb
    2442:	02700713          	li	a4,39
    2446:	4dc68693          	addi	a3,a3,1244 # b4dc <OLED_F8x16+0x654>
    244a:	4d090613          	addi	a2,s2,1232
    244e:	45d1                	li	a1,20
    2450:	0068                	addi	a0,sp,12
    2452:	97a2                	add	a5,a5,s0
    2454:	0297e7b3          	rem	a5,a5,s1
    2458:	122030ef          	jal	ra,557a <snprintf>
    245c:	0070                	addi	a2,sp,12
    245e:	4585                	li	a1,1
    2460:	450d                	li	a0,3
    2462:	d5bfe0ef          	jal	ra,11bc <OLED_ShowString>
    2466:	6105                	addi	sp,sp,32
    2468:	d23fd06f          	j	18a <__riscv_restore_4>

0000246c <SYSTICK_Init_Config>:
    246c:	d05fd2ef          	jal	t0,170 <__riscv_save_0>
    2470:	1141                	addi	sp,sp,-16
    2472:	e000f437          	lui	s0,0xe000f
    2476:	c62a                	sw	a0,12(sp)
    2478:	c42e                	sw	a1,8(sp)
    247a:	00042023          	sw	zero,0(s0) # e000f000 <_eusrstack+0xc000a000>
    247e:	f07ff0ef          	jal	ra,2384 <SYSTICK_ClearCounter>
    2482:	4532                	lw	a0,12(sp)
    2484:	473d                	li	a4,15
    2486:	0ff57793          	andi	a5,a0,255
    248a:	00f40623          	sb	a5,12(s0)
    248e:	00855793          	srli	a5,a0,0x8
    2492:	0ff7f793          	andi	a5,a5,255
    2496:	00f406a3          	sb	a5,13(s0)
    249a:	01055793          	srli	a5,a0,0x10
    249e:	0ff7f793          	andi	a5,a5,255
    24a2:	00f40723          	sb	a5,14(s0)
    24a6:	8161                	srli	a0,a0,0x18
    24a8:	00a407a3          	sb	a0,15(s0)
    24ac:	45a2                	lw	a1,8(sp)
    24ae:	0ff5f793          	andi	a5,a1,255
    24b2:	00f40823          	sb	a5,16(s0)
    24b6:	0085d793          	srli	a5,a1,0x8
    24ba:	0ff7f793          	andi	a5,a5,255
    24be:	00f408a3          	sb	a5,17(s0)
    24c2:	0105d793          	srli	a5,a1,0x10
    24c6:	0ff7f793          	andi	a5,a5,255
    24ca:	00f40923          	sb	a5,18(s0)
    24ce:	81e1                	srli	a1,a1,0x18
    24d0:	00b409a3          	sb	a1,19(s0)
    24d4:	e000e7b7          	lui	a5,0xe000e
    24d8:	40e78623          	sb	a4,1036(a5) # e000e40c <_eusrstack+0xc000940c>
    24dc:	6705                	lui	a4,0x1
    24de:	10e7a023          	sw	a4,256(a5)
    24e2:	47ad                	li	a5,11
    24e4:	c01c                	sw	a5,0(s0)
    24e6:	0141                	addi	sp,sp,16
    24e8:	cadfd06f          	j	194 <__riscv_restore_0>

000024ec <SysTick_Handler>:
    24ec:	e99ff0ef          	jal	ra,2384 <SYSTICK_ClearCounter>
    24f0:	85018793          	addi	a5,gp,-1968 # 20000240 <g_system_ms>
    24f4:	4398                	lw	a4,0(a5)
    24f6:	0705                	addi	a4,a4,1
    24f8:	c398                	sw	a4,0(a5)
    24fa:	30200073          	mret

000024fe <main>:
    24fe:	c4bfd2ef          	jal	t0,148 <__riscv_save_10>
    2502:	7155                	addi	sp,sp,-208
    2504:	4505                	li	a0,1
    2506:	48d000ef          	jal	ra,3192 <NVIC_PriorityGroupConfig>
    250a:	101000ef          	jal	ra,2e0a <SystemCoreClockUpdate>
    250e:	120010ef          	jal	ra,362e <Delay_Init>
    2512:	df1fe0ef          	jal	ra,1302 <TIM3_PWMOut_Init>
    2516:	4501                	li	a0,0
    2518:	ea5fe0ef          	jal	ra,13bc <turnAngle>
    251c:	99ffe0ef          	jal	ra,eba <TIM1_Motor_Init>
    2520:	4501                	li	a0,0
    2522:	a49fe0ef          	jal	ra,f6a <Car_SetRearSpeed>
    2526:	cc5fe0ef          	jal	ra,11ea <OLED_Init>
    252a:	e81ff0ef          	jal	ra,23aa <APP_ShowFixedLocation>
    252e:	850a                	mv	a0,sp
    2530:	d9dfd0ef          	jal	ra,2cc <MA_Init>
    2534:	6571                	lui	a0,0x1c
    2536:	20050513          	addi	a0,a0,512 # 1c200 <_data_lma+0x10380>
    253a:	e0cfe0ef          	jal	ra,b46 <Laser_Init>
    253e:	6489                	lui	s1,0x2
    2540:	58048513          	addi	a0,s1,1408 # 2580 <main+0x82>
    2544:	a78fe0ef          	jal	ra,7bc <JY901_Init>
    2548:	12c00513          	li	a0,300
    254c:	108010ef          	jal	ra,3654 <Delay_Ms>
    2550:	2e65                	jal	2908 <APP_RPLIDAR_Init>
    2552:	06400513          	li	a0,100
    2556:	85018b13          	addi	s6,gp,-1968 # 20000240 <g_system_ms>
    255a:	0fa010ef          	jal	ra,3654 <Delay_Ms>
    255e:	20002937          	lui	s2,0x20002
    2562:	000b2a03          	lw	s4,0(s6) # 80000000 <_eusrstack+0x5fffb000>
    2566:	8d1ff0ef          	jal	ra,1e36 <ConeDetect_Init>
    256a:	d5090513          	addi	a0,s2,-688 # 20001d50 <drive_cfg>
    256e:	905ff0ef          	jal	ra,1e72 <ConeDrive_ConfigDefault>
    2572:	d5090413          	addi	s0,s2,-688
    2576:	02600793          	li	a5,38
    257a:	00f406a3          	sb	a5,13(s0)
    257e:	6789                	lui	a5,0x2
    2580:	62678793          	addi	a5,a5,1574 # 2626 <main+0x128>
    2584:	00f41723          	sh	a5,14(s0)
    2588:	02d00793          	li	a5,45
    258c:	00f40823          	sb	a5,16(s0)
    2590:	6785                	lui	a5,0x1
    2592:	bb878713          	addi	a4,a5,-1096 # bb8 <Laser_Task+0x38>
    2596:	96078793          	addi	a5,a5,-1696
    259a:	00f41023          	sh	a5,0(s0)
    259e:	20002ab7          	lui	s5,0x20002
    25a2:	02a00793          	li	a5,42
    25a6:	00e41223          	sh	a4,4(s0)
    25aa:	02f41623          	sh	a5,44(s0)
    25ae:	4709                	li	a4,2
    25b0:	4785                	li	a5,1
    25b2:	d84a8513          	addi	a0,s5,-636 # 20001d84 <drive_ctx>
    25b6:	02f41423          	sh	a5,40(s0)
    25ba:	02e41323          	sh	a4,38(s0)
    25be:	02040823          	sb	zero,48(s0)
    25c2:	955ff0ef          	jal	ra,1f16 <ConeDrive_Init>
    25c6:	8081a583          	lw	a1,-2040(gp) # 200001f8 <SystemCoreClock>
    25ca:	000b2023          	sw	zero,0(s6)
    25ce:	f3f48793          	addi	a5,s1,-193
    25d2:	85018993          	addi	s3,gp,-1968 # 20000240 <g_system_ms>
    25d6:	06b7fb63          	bgeu	a5,a1,264c <main+0x14e>
    25da:	f4048493          	addi	s1,s1,-192
    25de:	0295d5b3          	divu	a1,a1,s1
    25e2:	fff58513          	addi	a0,a1,-1
    25e6:	00b535b3          	sltu	a1,a0,a1
    25ea:	15fd                	addi	a1,a1,-1
    25ec:	6b09                	lui	s6,0x2
    25ee:	e7fff0ef          	jal	ra,246c <SYSTICK_Init_Config>
    25f2:	4b81                	li	s7,0
    25f4:	4485                	li	s1,1
    25f6:	7cf00c13          	li	s8,1999
    25fa:	70fb0b13          	addi	s6,s6,1807 # 270f <RPLIDAR360_Stop.constprop.7+0x1>
    25fe:	5db00c93          	li	s9,1499
    2602:	0009a403          	lw	s0,0(s3)
    2606:	2175                	jal	2ab2 <APP_RPLIDAR_Task>
    2608:	d5090593          	addi	a1,s2,-688
    260c:	8622                	mv	a2,s0
    260e:	d84a8513          	addi	a0,s5,-636
    2612:	923ff0ef          	jal	ra,1f34 <ConeDrive_Update>
    2616:	414407b3          	sub	a5,s0,s4
    261a:	ec85                	bnez	s1,2652 <main+0x154>
    261c:	04fb6063          	bltu	s6,a5,265c <main+0x15e>
    2620:	0014c513          	xori	a0,s1,1
    2624:	840fe0ef          	jal	ra,664 <JY901_SetDisplayEnabled>
    2628:	8522                	mv	a0,s0
    262a:	9b8fe0ef          	jal	ra,7e2 <JY901_Task>
    262e:	000b9a63          	bnez	s7,2642 <main+0x144>
    2632:	82cfe0ef          	jal	ra,65e <JY901_IsYawValid>
    2636:	c511                	beqz	a0,2642 <main+0x144>
    2638:	008cf563          	bgeu	s9,s0,2642 <main+0x144>
    263c:	f9bfd0ef          	jal	ra,5d6 <JY901_SetYawZero>
    2640:	4b85                	li	s7,1
    2642:	f0e1                	bnez	s1,2602 <main+0x104>
    2644:	8522                	mv	a0,s0
    2646:	d3afe0ef          	jal	ra,b80 <Laser_Task>
    264a:	bf65                	j	2602 <main+0x104>
    264c:	4501                	li	a0,0
    264e:	4581                	li	a1,0
    2650:	bf71                	j	25ec <main+0xee>
    2652:	fcfc77e3          	bgeu	s8,a5,2620 <main+0x122>
    2656:	8a22                	mv	s4,s0
    2658:	4481                	li	s1,0
    265a:	b7d9                	j	2620 <main+0x122>
    265c:	d4fff0ef          	jal	ra,23aa <APP_ShowFixedLocation>
    2660:	8a22                	mv	s4,s0
    2662:	4485                	li	s1,1
    2664:	bf75                	j	2620 <main+0x122>

00002666 <LIDAR_DMA_RX_Reset>:
    2666:	b0bfd2ef          	jal	t0,170 <__riscv_save_0>
    266a:	40020437          	lui	s0,0x40020
    266e:	05840513          	addi	a0,s0,88 # 40020058 <_eusrstack+0x2001b058>
    2672:	4581                	li	a1,0
    2674:	1cf000ef          	jal	ra,3042 <DMA_Cmd>
    2678:	200024b7          	lui	s1,0x20002
    267c:	08000593          	li	a1,128
    2680:	05840513          	addi	a0,s0,88
    2684:	dd848493          	addi	s1,s1,-552 # 20001dd8 <g_lidar_dma>
    2688:	00048023          	sb	zero,0(s1)
    268c:	1dd000ef          	jal	ra,3068 <DMA_SetCurrDataCounter>
    2690:	0485                	addi	s1,s1,1
    2692:	d064                	sw	s1,100(s0)
    2694:	00020537          	lui	a0,0x20
    2698:	223000ef          	jal	ra,30ba <DMA_ClearITPendingBit>
    269c:	05840413          	addi	s0,s0,88
    26a0:	4585                	li	a1,1
    26a2:	8522                	mv	a0,s0
    26a4:	19f000ef          	jal	ra,3042 <DMA_Cmd>
    26a8:	aedfd06f          	j	194 <__riscv_restore_0>

000026ac <RPLIDAR_PortDelayMs>:
    26ac:	ac5fd2ef          	jal	t0,170 <__riscv_save_0>
    26b0:	7a5000ef          	jal	ra,3654 <Delay_Ms>
    26b4:	ae1fd06f          	j	194 <__riscv_restore_0>

000026b8 <RPLIDAR_PortSend>:
    26b8:	c931                	beqz	a0,270c <RPLIDAR_PortSend+0x54>
    26ba:	a9dfd2ef          	jal	t0,156 <__riscv_save_4>
    26be:	400144b7          	lui	s1,0x40014
    26c2:	89ae                	mv	s3,a1
    26c4:	892a                	mv	s2,a0
    26c6:	4401                	li	s0,0
    26c8:	80048493          	addi	s1,s1,-2048 # 40013800 <_eusrstack+0x2000e800>
    26cc:	01041793          	slli	a5,s0,0x10
    26d0:	83c1                	srli	a5,a5,0x10
    26d2:	0137ee63          	bltu	a5,s3,26ee <RPLIDAR_PortSend+0x36>
    26d6:	40014437          	lui	s0,0x40014
    26da:	80040413          	addi	s0,s0,-2048 # 40013800 <_eusrstack+0x2000e800>
    26de:	04000593          	li	a1,64
    26e2:	8522                	mv	a0,s0
    26e4:	6fb000ef          	jal	ra,35de <USART_GetFlagStatus>
    26e8:	d97d                	beqz	a0,26de <RPLIDAR_PortSend+0x26>
    26ea:	aa1fd06f          	j	18a <__riscv_restore_4>
    26ee:	08000593          	li	a1,128
    26f2:	8526                	mv	a0,s1
    26f4:	6eb000ef          	jal	ra,35de <USART_GetFlagStatus>
    26f8:	d97d                	beqz	a0,26ee <RPLIDAR_PortSend+0x36>
    26fa:	008907b3          	add	a5,s2,s0
    26fe:	0007c583          	lbu	a1,0(a5)
    2702:	8526                	mv	a0,s1
    2704:	0405                	addi	s0,s0,1
    2706:	6cf000ef          	jal	ra,35d4 <USART_SendData>
    270a:	b7c9                	j	26cc <RPLIDAR_PortSend+0x14>
    270c:	8082                	ret

0000270e <RPLIDAR360_Stop.constprop.7>:
    270e:	a63fd2ef          	jal	t0,170 <__riscv_save_0>
    2712:	20002437          	lui	s0,0x20002
    2716:	edc40413          	addi	s0,s0,-292 # 20001edc <g_rplidar>
    271a:	485c                	lw	a5,20(s0)
    271c:	557d                	li	a0,-1
    271e:	cb99                	beqz	a5,2734 <RPLIDAR360_Stop.constprop.7+0x26>
    2720:	82018513          	addi	a0,gp,-2016 # 20000210 <cmd_stop.4903>
    2724:	4589                	li	a1,2
    2726:	9782                	jalr	a5
    2728:	4c1c                	lw	a5,24(s0)
    272a:	4501                	li	a0,0
    272c:	c781                	beqz	a5,2734 <RPLIDAR360_Stop.constprop.7+0x26>
    272e:	4509                	li	a0,2
    2730:	9782                	jalr	a5
    2732:	4501                	li	a0,0
    2734:	a61fd06f          	j	194 <__riscv_restore_0>

00002738 <RPLIDAR360_InputBytesFromISR.part.0.constprop.21>:
    2738:	200027b7          	lui	a5,0x20002
    273c:	4601                	li	a2,0
    273e:	4681                	li	a3,0
    2740:	edc78793          	addi	a5,a5,-292 # 20001edc <g_rplidar>
    2744:	4305                	li	t1,1
    2746:	01061713          	slli	a4,a2,0x10
    274a:	8341                	srli	a4,a4,0x10
    274c:	00b76463          	bltu	a4,a1,2754 <RPLIDAR360_InputBytesFromISR.part.0.constprop.21+0x1c>
    2750:	8536                	mv	a0,a3
    2752:	8082                	ret
    2754:	0007a803          	lw	a6,0(a5)
    2758:	00c50733          	add	a4,a0,a2
    275c:	00074e03          	lbu	t3,0(a4) # 1000 <OLED_I2C_Start+0x10>
    2760:	02080b63          	beqz	a6,2796 <RPLIDAR360_InputBytesFromISR.part.0.constprop.21+0x5e>
    2764:	0047d883          	lhu	a7,4(a5)
    2768:	03137763          	bgeu	t1,a7,2796 <RPLIDAR360_InputBytesFromISR.part.0.constprop.21+0x5e>
    276c:	0067d703          	lhu	a4,6(a5)
    2770:	0705                	addi	a4,a4,1
    2772:	0742                	slli	a4,a4,0x10
    2774:	8341                	srli	a4,a4,0x10
    2776:	01176363          	bltu	a4,a7,277c <RPLIDAR360_InputBytesFromISR.part.0.constprop.21+0x44>
    277a:	4701                	li	a4,0
    277c:	0087d883          	lhu	a7,8(a5)
    2780:	01170b63          	beq	a4,a7,2796 <RPLIDAR360_InputBytesFromISR.part.0.constprop.21+0x5e>
    2784:	0067d883          	lhu	a7,6(a5)
    2788:	9846                	add	a6,a6,a7
    278a:	01c80023          	sb	t3,0(a6)
    278e:	00e79323          	sh	a4,6(a5)
    2792:	0605                	addi	a2,a2,1
    2794:	bf4d                	j	2746 <RPLIDAR360_InputBytesFromISR.part.0.constprop.21+0xe>
    2796:	56f9                	li	a3,-2
    2798:	bfed                	j	2792 <RPLIDAR360_InputBytesFromISR.part.0.constprop.21+0x5a>

0000279a <RPLIDAR360_StartScan.constprop.5>:
    279a:	9d7fd2ef          	jal	t0,170 <__riscv_save_0>
    279e:	20002437          	lui	s0,0x20002
    27a2:	edc40413          	addi	s0,s0,-292 # 20001edc <g_rplidar>
    27a6:	485c                	lw	a5,20(s0)
    27a8:	557d                	li	a0,-1
    27aa:	cb9d                	beqz	a5,27e0 <RPLIDAR360_StartScan.constprop.5+0x46>
    27ac:	f63ff0ef          	jal	ra,270e <RPLIDAR360_Stop.constprop.7>
    27b0:	5b000613          	li	a2,1456
    27b4:	00041323          	sh	zero,6(s0)
    27b8:	4581                	li	a1,0
    27ba:	01c40513          	addi	a0,s0,28
    27be:	00041423          	sh	zero,8(s0)
    27c2:	00041523          	sh	zero,10(s0)
    27c6:	00040623          	sb	zero,12(s0)
    27ca:	9d7fd0ef          	jal	ra,1a0 <memset>
    27ce:	4785                	li	a5,1
    27d0:	5cf42423          	sw	a5,1480(s0)
    27d4:	485c                	lw	a5,20(s0)
    27d6:	81c18513          	addi	a0,gp,-2020 # 2000020c <cmd_scan.4911>
    27da:	4589                	li	a1,2
    27dc:	9782                	jalr	a5
    27de:	4501                	li	a0,0
    27e0:	9b5fd06f          	j	194 <__riscv_restore_0>

000027e4 <USART1_IRQHandler>:
    27e4:	7179                	addi	sp,sp,-48
    27e6:	ce52                	sw	s4,28(sp)
    27e8:	40014a37          	lui	s4,0x40014
    27ec:	42400593          	li	a1,1060
    27f0:	800a0513          	addi	a0,s4,-2048 # 40013800 <_eusrstack+0x2000e800>
    27f4:	d622                	sw	s0,44(sp)
    27f6:	d426                	sw	s1,40(sp)
    27f8:	d24a                	sw	s2,36(sp)
    27fa:	d04e                	sw	s3,32(sp)
    27fc:	5ef000ef          	jal	ra,35ea <USART_GetITStatus>
    2800:	cd3d                	beqz	a0,287e <USART1_IRQHandler+0x9a>
    2802:	400204b7          	lui	s1,0x40020
    2806:	05848513          	addi	a0,s1,88 # 40020058 <_eusrstack+0x2001b058>
    280a:	4581                	li	a1,0
    280c:	20002437          	lui	s0,0x20002
    2810:	033000ef          	jal	ra,3042 <DMA_Cmd>
    2814:	dd840413          	addi	s0,s0,-552 # 20001dd8 <g_lidar_dma>
    2818:	4cfc                	lw	a5,92(s1)
    281a:	00044903          	lbu	s2,0(s0)
    281e:	05848493          	addi	s1,s1,88
    2822:	08000993          	li	s3,128
    2826:	40f989b3          	sub	s3,s3,a5
    282a:	08000593          	li	a1,128
    282e:	00194793          	xori	a5,s2,1
    2832:	8526                	mv	a0,s1
    2834:	00f40023          	sb	a5,0(s0)
    2838:	031000ef          	jal	ra,3068 <DMA_SetCurrDataCounter>
    283c:	00044783          	lbu	a5,0(s0)
    2840:	09c2                	slli	s3,s3,0x10
    2842:	0109d993          	srli	s3,s3,0x10
    2846:	079e                	slli	a5,a5,0x7
    2848:	0785                	addi	a5,a5,1
    284a:	97a2                	add	a5,a5,s0
    284c:	c4dc                	sw	a5,12(s1)
    284e:	800a5783          	lhu	a5,-2048(s4)
    2852:	4585                	li	a1,1
    2854:	8526                	mv	a0,s1
    2856:	07c2                	slli	a5,a5,0x10
    2858:	83c1                	srli	a5,a5,0x10
    285a:	c63e                	sw	a5,12(sp)
    285c:	804a5783          	lhu	a5,-2044(s4)
    2860:	07c2                	slli	a5,a5,0x10
    2862:	83c1                	srli	a5,a5,0x10
    2864:	c63e                	sw	a5,12(sp)
    2866:	47b2                	lw	a5,12(sp)
    2868:	7da000ef          	jal	ra,3042 <DMA_Cmd>
    286c:	00098963          	beqz	s3,287e <USART1_IRQHandler+0x9a>
    2870:	00791513          	slli	a0,s2,0x7
    2874:	0505                	addi	a0,a0,1
    2876:	85ce                	mv	a1,s3
    2878:	9522                	add	a0,a0,s0
    287a:	ebfff0ef          	jal	ra,2738 <RPLIDAR360_InputBytesFromISR.part.0.constprop.21>
    287e:	5432                	lw	s0,44(sp)
    2880:	54a2                	lw	s1,40(sp)
    2882:	5912                	lw	s2,36(sp)
    2884:	5982                	lw	s3,32(sp)
    2886:	4a72                	lw	s4,28(sp)
    2888:	6145                	addi	sp,sp,48
    288a:	30200073          	mret

0000288e <DMA1_Channel5_IRQHandler>:
    288e:	1141                	addi	sp,sp,-16
    2890:	00020537          	lui	a0,0x20
    2894:	c622                	sw	s0,12(sp)
    2896:	c426                	sw	s1,8(sp)
    2898:	c24a                	sw	s2,4(sp)
    289a:	015000ef          	jal	ra,30ae <DMA_GetITStatus>
    289e:	cd39                	beqz	a0,28fc <DMA1_Channel5_IRQHandler+0x6e>
    28a0:	20002437          	lui	s0,0x20002
    28a4:	dd840413          	addi	s0,s0,-552 # 20001dd8 <g_lidar_dma>
    28a8:	00020537          	lui	a0,0x20
    28ac:	00f000ef          	jal	ra,30ba <DMA_ClearITPendingBit>
    28b0:	00044483          	lbu	s1,0(s0)
    28b4:	40020937          	lui	s2,0x40020
    28b8:	4581                	li	a1,0
    28ba:	0014c793          	xori	a5,s1,1
    28be:	05890513          	addi	a0,s2,88 # 40020058 <_eusrstack+0x2001b058>
    28c2:	00f40023          	sb	a5,0(s0)
    28c6:	77c000ef          	jal	ra,3042 <DMA_Cmd>
    28ca:	05890513          	addi	a0,s2,88
    28ce:	08000593          	li	a1,128
    28d2:	796000ef          	jal	ra,3068 <DMA_SetCurrDataCounter>
    28d6:	00044783          	lbu	a5,0(s0)
    28da:	05890513          	addi	a0,s2,88
    28de:	4585                	li	a1,1
    28e0:	079e                	slli	a5,a5,0x7
    28e2:	0785                	addi	a5,a5,1
    28e4:	97a2                	add	a5,a5,s0
    28e6:	c55c                	sw	a5,12(a0)
    28e8:	75a000ef          	jal	ra,3042 <DMA_Cmd>
    28ec:	00749513          	slli	a0,s1,0x7
    28f0:	0505                	addi	a0,a0,1
    28f2:	08000593          	li	a1,128
    28f6:	9522                	add	a0,a0,s0
    28f8:	e41ff0ef          	jal	ra,2738 <RPLIDAR360_InputBytesFromISR.part.0.constprop.21>
    28fc:	4432                	lw	s0,12(sp)
    28fe:	44a2                	lw	s1,8(sp)
    2900:	4912                	lw	s2,4(sp)
    2902:	0141                	addi	sp,sp,16
    2904:	30200073          	mret

00002908 <APP_RPLIDAR_Init>:
    2908:	84ffd2ef          	jal	t0,156 <__riscv_save_4>
    290c:	20002537          	lui	a0,0x20002
    2910:	7139                	addi	sp,sp,-64
    2912:	10100613          	li	a2,257
    2916:	dd850a13          	addi	s4,a0,-552 # 20001dd8 <g_lidar_dma>
    291a:	4581                	li	a1,0
    291c:	dd850513          	addi	a0,a0,-552
    2920:	881fd0ef          	jal	ra,1a0 <memset>
    2924:	6511                	lui	a0,0x4
    2926:	4585                	li	a1,1
    2928:	0511                	addi	a0,a0,4
    292a:	c402                	sw	zero,8(sp)
    292c:	c602                	sw	zero,12(sp)
    292e:	c802                	sw	zero,16(sp)
    2930:	ca02                	sw	zero,20(sp)
    2932:	cc02                	sw	zero,24(sp)
    2934:	ce02                	sw	zero,28(sp)
    2936:	d002                	sw	zero,32(sp)
    2938:	c002                	sw	zero,0(sp)
    293a:	c202                	sw	zero,4(sp)
    293c:	1af000ef          	jal	ra,32ea <RCC_APB2PeriphClockCmd>
    2940:	20000793          	li	a5,512
    2944:	00f11423          	sh	a5,8(sp)
    2948:	40011437          	lui	s0,0x40011
    294c:	478d                	li	a5,3
    294e:	c63e                	sw	a5,12(sp)
    2950:	002c                	addi	a1,sp,8
    2952:	47e1                	li	a5,24
    2954:	80040513          	addi	a0,s0,-2048 # 40010800 <_eusrstack+0x2000b800>
    2958:	c83e                	sw	a5,16(sp)
    295a:	76c000ef          	jal	ra,30c6 <GPIO_Init>
    295e:	40000993          	li	s3,1024
    2962:	4791                	li	a5,4
    2964:	002c                	addi	a1,sp,8
    2966:	80040513          	addi	a0,s0,-2048
    296a:	01311423          	sh	s3,8(sp)
    296e:	c83e                	sw	a5,16(sp)
    2970:	756000ef          	jal	ra,30c6 <GPIO_Init>
    2974:	67f1                	lui	a5,0x1c
    2976:	40014437          	lui	s0,0x40014
    297a:	20078793          	addi	a5,a5,512 # 1c200 <_data_lma+0x10380>
    297e:	ca3e                	sw	a5,20(sp)
    2980:	084c                	addi	a1,sp,20
    2982:	000c07b7          	lui	a5,0xc0
    2986:	80040513          	addi	a0,s0,-2048 # 40013800 <_eusrstack+0x2000e800>
    298a:	ce3e                	sw	a5,28(sp)
    298c:	cc02                	sw	zero,24(sp)
    298e:	02011023          	sh	zero,32(sp)
    2992:	333000ef          	jal	ra,34c4 <USART_Init>
    2996:	4605                	li	a2,1
    2998:	42400593          	li	a1,1060
    299c:	80040513          	addi	a0,s0,-2048
    29a0:	3e9000ef          	jal	ra,3588 <USART_ITConfig>
    29a4:	13500793          	li	a5,309
    29a8:	4905                	li	s2,1
    29aa:	00f11023          	sh	a5,0(sp)
    29ae:	850a                	mv	a0,sp
    29b0:	4785                	li	a5,1
    29b2:	00f10123          	sb	a5,2(sp)
    29b6:	c24a                	sw	s2,4(sp)
    29b8:	7ea000ef          	jal	ra,31a2 <NVIC_Init>
    29bc:	80040513          	addi	a0,s0,-2048
    29c0:	4585                	li	a1,1
    29c2:	3ab000ef          	jal	ra,356c <USART_Cmd>
    29c6:	02c00613          	li	a2,44
    29ca:	4581                	li	a1,0
    29cc:	0848                	addi	a0,sp,20
    29ce:	fd2fd0ef          	jal	ra,1a0 <memset>
    29d2:	4585                	li	a1,1
    29d4:	4505                	li	a0,1
    29d6:	400204b7          	lui	s1,0x40020
    29da:	c402                	sw	zero,8(sp)
    29dc:	c602                	sw	zero,12(sp)
    29de:	0ef000ef          	jal	ra,32cc <RCC_AHBPeriphClockCmd>
    29e2:	05848513          	addi	a0,s1,88 # 40020058 <_eusrstack+0x2001b058>
    29e6:	232d                	jal	2f10 <DMA_DeInit>
    29e8:	80440793          	addi	a5,s0,-2044
    29ec:	ca3e                	sw	a5,20(sp)
    29ee:	001a0793          	addi	a5,s4,1
    29f2:	cc3e                	sw	a5,24(sp)
    29f4:	08000793          	li	a5,128
    29f8:	d03e                	sw	a5,32(sp)
    29fa:	d43e                	sw	a5,40(sp)
    29fc:	084c                	addi	a1,sp,20
    29fe:	678d                	lui	a5,0x3
    2a00:	05848513          	addi	a0,s1,88
    2a04:	dc3e                	sw	a5,56(sp)
    2a06:	ce02                	sw	zero,28(sp)
    2a08:	d202                	sw	zero,36(sp)
    2a0a:	d602                	sw	zero,44(sp)
    2a0c:	d802                	sw	zero,48(sp)
    2a0e:	da02                	sw	zero,52(sp)
    2a10:	de02                	sw	zero,60(sp)
    2a12:	2be5                	jal	300a <DMA_Init>
    2a14:	4605                	li	a2,1
    2a16:	4589                	li	a1,2
    2a18:	05848513          	addi	a0,s1,88
    2a1c:	2d2d                	jal	3056 <DMA_ITConfig>
    2a1e:	11f00793          	li	a5,287
    2a22:	0028                	addi	a0,sp,8
    2a24:	00f11423          	sh	a5,8(sp)
    2a28:	c64a                	sw	s2,12(sp)
    2a2a:	00010523          	sb	zero,10(sp)
    2a2e:	774000ef          	jal	ra,31a2 <NVIC_Init>
    2a32:	00020537          	lui	a0,0x20
    2a36:	000a0023          	sb	zero,0(s4)
    2a3a:	2541                	jal	30ba <DMA_ClearITPendingBit>
    2a3c:	05848513          	addi	a0,s1,88
    2a40:	4585                	li	a1,1
    2a42:	2501                	jal	3042 <DMA_Cmd>
    2a44:	80040513          	addi	a0,s0,-2048
    2a48:	4605                	li	a2,1
    2a4a:	04000593          	li	a1,64
    2a4e:	371000ef          	jal	ra,35be <USART_DMACmd>
    2a52:	20002537          	lui	a0,0x20002
    2a56:	edc50413          	addi	s0,a0,-292 # 20001edc <g_rplidar>
    2a5a:	5cc00613          	li	a2,1484
    2a5e:	4581                	li	a1,0
    2a60:	edc50513          	addi	a0,a0,-292
    2a64:	f3cfd0ef          	jal	ra,1a0 <memset>
    2a68:	200027b7          	lui	a5,0x20002
    2a6c:	4a878793          	addi	a5,a5,1192 # 200024a8 <g_rplidar_ring_buf>
    2a70:	c01c                	sw	a5,0(s0)
    2a72:	000027b7          	lui	a5,0x2
    2a76:	6b878793          	addi	a5,a5,1720 # 26b8 <RPLIDAR_PortSend>
    2a7a:	c85c                	sw	a5,20(s0)
    2a7c:	000027b7          	lui	a5,0x2
    2a80:	6ac78793          	addi	a5,a5,1708 # 26ac <RPLIDAR_PortDelayMs>
    2a84:	5b000613          	li	a2,1456
    2a88:	4581                	li	a1,0
    2a8a:	01c40513          	addi	a0,s0,28
    2a8e:	cc1c                	sw	a5,24(s0)
    2a90:	01341223          	sh	s3,4(s0)
    2a94:	f0cfd0ef          	jal	ra,1a0 <memset>
    2a98:	32000513          	li	a0,800
    2a9c:	5d242423          	sw	s2,1480(s0)
    2aa0:	3b5000ef          	jal	ra,3654 <Delay_Ms>
    2aa4:	bc3ff0ef          	jal	ra,2666 <LIDAR_DMA_RX_Reset>
    2aa8:	cf3ff0ef          	jal	ra,279a <RPLIDAR360_StartScan.constprop.5>
    2aac:	6121                	addi	sp,sp,64
    2aae:	edcfd06f          	j	18a <__riscv_restore_4>

00002ab2 <APP_RPLIDAR_Task>:
    2ab2:	e96fd2ef          	jal	t0,148 <__riscv_save_10>
    2ab6:	20002437          	lui	s0,0x20002
    2aba:	edc40413          	addi	s0,s0,-292 # 20001edc <g_rplidar>
    2abe:	6499                	lui	s1,0x6
    2ac0:	4991                	li	s3,4
    2ac2:	9ff48493          	addi	s1,s1,-1537 # 59ff <__umoddi3+0xc3>
    2ac6:	01c40693          	addi	a3,s0,28
    2aca:	82418913          	addi	s2,gp,-2012 # 20000214 <s_rplidar_scan_desc>
    2ace:	00845703          	lhu	a4,8(s0)
    2ad2:	00645783          	lhu	a5,6(s0)
    2ad6:	07c2                	slli	a5,a5,0x10
    2ad8:	83c1                	srli	a5,a5,0x10
    2ada:	16e78863          	beq	a5,a4,2c4a <APP_RPLIDAR_Task+0x198>
    2ade:	00845703          	lhu	a4,8(s0)
    2ae2:	401c                	lw	a5,0(s0)
    2ae4:	00445603          	lhu	a2,4(s0)
    2ae8:	97ba                	add	a5,a5,a4
    2aea:	0007c703          	lbu	a4,0(a5)
    2aee:	00845783          	lhu	a5,8(s0)
    2af2:	0785                	addi	a5,a5,1
    2af4:	07c2                	slli	a5,a5,0x10
    2af6:	83c1                	srli	a5,a5,0x10
    2af8:	00f41423          	sh	a5,8(s0)
    2afc:	00845783          	lhu	a5,8(s0)
    2b00:	00c7e463          	bltu	a5,a2,2b08 <APP_RPLIDAR_Task+0x56>
    2b04:	00041423          	sh	zero,8(s0)
    2b08:	00a44783          	lbu	a5,10(s0)
    2b0c:	e3a1                	bnez	a5,2b4c <APP_RPLIDAR_Task+0x9a>
    2b0e:	00b44783          	lbu	a5,11(s0)
    2b12:	00f90633          	add	a2,s2,a5
    2b16:	00064603          	lbu	a2,0(a2)
    2b1a:	00e61e63          	bne	a2,a4,2b36 <APP_RPLIDAR_Task+0x84>
    2b1e:	0785                	addi	a5,a5,1
    2b20:	0ff7f793          	andi	a5,a5,255
    2b24:	4719                	li	a4,6
    2b26:	00f77d63          	bgeu	a4,a5,2b40 <APP_RPLIDAR_Task+0x8e>
    2b2a:	4785                	li	a5,1
    2b2c:	00f41523          	sh	a5,10(s0)
    2b30:	00040623          	sb	zero,12(s0)
    2b34:	bf69                	j	2ace <APP_RPLIDAR_Task+0x1c>
    2b36:	0a500793          	li	a5,165
    2b3a:	00f71663          	bne	a4,a5,2b46 <APP_RPLIDAR_Task+0x94>
    2b3e:	4785                	li	a5,1
    2b40:	00f405a3          	sb	a5,11(s0)
    2b44:	b769                	j	2ace <APP_RPLIDAR_Task+0x1c>
    2b46:	000405a3          	sb	zero,11(s0)
    2b4a:	b751                	j	2ace <APP_RPLIDAR_Task+0x1c>
    2b4c:	00c44783          	lbu	a5,12(s0)
    2b50:	00f40633          	add	a2,s0,a5
    2b54:	0785                	addi	a5,a5,1
    2b56:	00e606a3          	sb	a4,13(a2)
    2b5a:	0ff7f793          	andi	a5,a5,255
    2b5e:	00f9e563          	bltu	s3,a5,2b68 <APP_RPLIDAR_Task+0xb6>
    2b62:	00f40623          	sb	a5,12(s0)
    2b66:	b7a5                	j	2ace <APP_RPLIDAR_Task+0x1c>
    2b68:	00d44b03          	lbu	s6,13(s0)
    2b6c:	00040623          	sb	zero,12(s0)
    2b70:	001b5793          	srli	a5,s6,0x1
    2b74:	00fb47b3          	xor	a5,s6,a5
    2b78:	8b85                	andi	a5,a5,1
    2b7a:	c3f1                	beqz	a5,2c3e <APP_RPLIDAR_Task+0x18c>
    2b7c:	00e44703          	lbu	a4,14(s0)
    2b80:	00177793          	andi	a5,a4,1
    2b84:	cfcd                	beqz	a5,2c3e <APP_RPLIDAR_Task+0x18c>
    2b86:	00f44783          	lbu	a5,15(s0)
    2b8a:	8305                	srli	a4,a4,0x1
    2b8c:	079e                	slli	a5,a5,0x7
    2b8e:	8fd9                	or	a5,a5,a4
    2b90:	0af4c763          	blt	s1,a5,2c3e <APP_RPLIDAR_Task+0x18c>
    2b94:	01079a13          	slli	s4,a5,0x10
    2b98:	5c444783          	lbu	a5,1476(s0)
    2b9c:	010a5a13          	srli	s4,s4,0x10
    2ba0:	01044b83          	lbu	s7,16(s0)
    2ba4:	01144a83          	lbu	s5,17(s0)
    2ba8:	ebb5                	bnez	a5,2c1c <APP_RPLIDAR_Task+0x16a>
    2baa:	4785                	li	a5,1
    2bac:	8536                	mv	a0,a3
    2bae:	5a800613          	li	a2,1448
    2bb2:	4581                	li	a1,0
    2bb4:	5cf40223          	sb	a5,1476(s0)
    2bb8:	de8fd0ef          	jal	ra,1a0 <memset>
    2bbc:	5c842783          	lw	a5,1480(s0)
    2bc0:	86aa                	mv	a3,a0
    2bc2:	00278713          	addi	a4,a5,2
    2bc6:	5ce42423          	sw	a4,1480(s0)
    2bca:	0785                	addi	a5,a5,1
    2bcc:	5cf42023          	sw	a5,1472(s0)
    2bd0:	008a9713          	slli	a4,s5,0x8
    2bd4:	01776733          	or	a4,a4,s7
    2bd8:	006a5793          	srli	a5,s4,0x6
    2bdc:	ee0709e3          	beqz	a4,2ace <APP_RPLIDAR_Task+0x1c>
    2be0:	8309                	srli	a4,a4,0x2
    2be2:	ee0706e3          	beqz	a4,2ace <APP_RPLIDAR_Task+0x1c>
    2be6:	5bc45603          	lhu	a2,1468(s0)
    2bea:	078a                	slli	a5,a5,0x2
    2bec:	0605                	addi	a2,a2,1
    2bee:	5ac41e23          	sh	a2,1468(s0)
    2bf2:	00f40633          	add	a2,s0,a5
    2bf6:	01f64603          	lbu	a2,31(a2)
    2bfa:	e611                	bnez	a2,2c06 <APP_RPLIDAR_Task+0x154>
    2bfc:	5be45603          	lhu	a2,1470(s0)
    2c00:	0605                	addi	a2,a2,1
    2c02:	5ac41f23          	sh	a2,1470(s0)
    2c06:	97a2                	add	a5,a5,s0
    2c08:	00e79e23          	sh	a4,28(a5)
    2c0c:	002b5713          	srli	a4,s6,0x2
    2c10:	00e78f23          	sb	a4,30(a5)
    2c14:	4705                	li	a4,1
    2c16:	00e78fa3          	sb	a4,31(a5)
    2c1a:	bd55                	j	2ace <APP_RPLIDAR_Task+0x1c>
    2c1c:	001b7793          	andi	a5,s6,1
    2c20:	dbc5                	beqz	a5,2bd0 <APP_RPLIDAR_Task+0x11e>
    2c22:	8536                	mv	a0,a3
    2c24:	5a800613          	li	a2,1448
    2c28:	4581                	li	a1,0
    2c2a:	d76fd0ef          	jal	ra,1a0 <memset>
    2c2e:	5c842783          	lw	a5,1480(s0)
    2c32:	86aa                	mv	a3,a0
    2c34:	00178713          	addi	a4,a5,1
    2c38:	5ce42423          	sw	a4,1480(s0)
    2c3c:	bf41                	j	2bcc <APP_RPLIDAR_Task+0x11a>
    2c3e:	00645783          	lhu	a5,6(s0)
    2c42:	07c2                	slli	a5,a5,0x10
    2c44:	83c1                	srli	a5,a5,0x10
    2c46:	00f41423          	sh	a5,8(s0)
    2c4a:	d36fd06f          	j	180 <__riscv_restore_10>

00002c4e <APP_RPLIDAR_CopyCurrentFrame>:
    2c4e:	cd11                	beqz	a0,2c6a <APP_RPLIDAR_CopyCurrentFrame+0x1c>
    2c50:	d20fd2ef          	jal	t0,170 <__riscv_save_0>
    2c54:	200025b7          	lui	a1,0x20002
    2c58:	5a800613          	li	a2,1448
    2c5c:	ef858593          	addi	a1,a1,-264 # 20001ef8 <g_rplidar+0x1c>
    2c60:	083050ef          	jal	ra,84e2 <memcpy>
    2c64:	4505                	li	a0,1
    2c66:	d2efd06f          	j	194 <__riscv_restore_0>
    2c6a:	4501                	li	a0,0
    2c6c:	8082                	ret

00002c6e <APP_RPLIDAR_CopyUsableFrame>:
    2c6e:	e901                	bnez	a0,2c7e <APP_RPLIDAR_CopyUsableFrame+0x10>
    2c70:	4501                	li	a0,0
    2c72:	8082                	ret
    2c74:	4501                	li	a0,0
    2c76:	5b010113          	addi	sp,sp,1456
    2c7a:	d1afd06f          	j	194 <__riscv_restore_0>
    2c7e:	cf2fd2ef          	jal	t0,170 <__riscv_save_0>
    2c82:	a5010113          	addi	sp,sp,-1456
    2c86:	200025b7          	lui	a1,0x20002
    2c8a:	842a                	mv	s0,a0
    2c8c:	5a800613          	li	a2,1448
    2c90:	ef858593          	addi	a1,a1,-264 # 20001ef8 <g_rplidar+0x1c>
    2c94:	0028                	addi	a0,sp,8
    2c96:	04d050ef          	jal	ra,84e2 <memcpy>
    2c9a:	5a815703          	lhu	a4,1448(sp)
    2c9e:	02f00793          	li	a5,47
    2ca2:	fce7f9e3          	bgeu	a5,a4,2c74 <APP_RPLIDAR_CopyUsableFrame+0x6>
    2ca6:	5aa15703          	lhu	a4,1450(sp)
    2caa:	47dd                	li	a5,23
    2cac:	fce7f4e3          	bgeu	a5,a4,2c74 <APP_RPLIDAR_CopyUsableFrame+0x6>
    2cb0:	4701                	li	a4,0
    2cb2:	f9700613          	li	a2,-105
    2cb6:	06a00593          	li	a1,106
    2cba:	01061693          	slli	a3,a2,0x10
    2cbe:	82c1                	srli	a3,a3,0x10
    2cc0:	87b6                	mv	a5,a3
    2cc2:	00065663          	bgez	a2,2cce <APP_RPLIDAR_CopyUsableFrame+0x60>
    2cc6:	16868793          	addi	a5,a3,360
    2cca:	07c2                	slli	a5,a5,0x10
    2ccc:	83c1                	srli	a5,a5,0x10
    2cce:	078a                	slli	a5,a5,0x2
    2cd0:	5b010613          	addi	a2,sp,1456
    2cd4:	97b2                	add	a5,a5,a2
    2cd6:	a5b7c783          	lbu	a5,-1445(a5)
    2cda:	c781                	beqz	a5,2ce2 <APP_RPLIDAR_CopyUsableFrame+0x74>
    2cdc:	0705                	addi	a4,a4,1
    2cde:	0742                	slli	a4,a4,0x10
    2ce0:	8341                	srli	a4,a4,0x10
    2ce2:	0685                	addi	a3,a3,1
    2ce4:	01069613          	slli	a2,a3,0x10
    2ce8:	8641                	srai	a2,a2,0x10
    2cea:	fcb618e3          	bne	a2,a1,2cba <APP_RPLIDAR_CopyUsableFrame+0x4c>
    2cee:	47dd                	li	a5,23
    2cf0:	f8e7f2e3          	bgeu	a5,a4,2c74 <APP_RPLIDAR_CopyUsableFrame+0x6>
    2cf4:	5a800613          	li	a2,1448
    2cf8:	002c                	addi	a1,sp,8
    2cfa:	8522                	mv	a0,s0
    2cfc:	7e6050ef          	jal	ra,84e2 <memcpy>
    2d00:	4505                	li	a0,1
    2d02:	bf95                	j	2c76 <APP_RPLIDAR_CopyUsableFrame+0x8>

00002d04 <SystemInit>:
    2d04:	400217b7          	lui	a5,0x40021
    2d08:	4398                	lw	a4,0(a5)
    2d0a:	f8ff06b7          	lui	a3,0xf8ff0
    2d0e:	1141                	addi	sp,sp,-16
    2d10:	00176713          	ori	a4,a4,1
    2d14:	c398                	sw	a4,0(a5)
    2d16:	43d8                	lw	a4,4(a5)
    2d18:	00020637          	lui	a2,0x20
    2d1c:	8f75                	and	a4,a4,a3
    2d1e:	c3d8                	sw	a4,4(a5)
    2d20:	4398                	lw	a4,0(a5)
    2d22:	fef706b7          	lui	a3,0xfef70
    2d26:	16fd                	addi	a3,a3,-1
    2d28:	8f75                	and	a4,a4,a3
    2d2a:	c398                	sw	a4,0(a5)
    2d2c:	4398                	lw	a4,0(a5)
    2d2e:	fffc06b7          	lui	a3,0xfffc0
    2d32:	16fd                	addi	a3,a3,-1
    2d34:	8f75                	and	a4,a4,a3
    2d36:	c398                	sw	a4,0(a5)
    2d38:	43d8                	lw	a4,4(a5)
    2d3a:	ff8106b7          	lui	a3,0xff810
    2d3e:	16fd                	addi	a3,a3,-1
    2d40:	8f75                	and	a4,a4,a3
    2d42:	c3d8                	sw	a4,4(a5)
    2d44:	009f0737          	lui	a4,0x9f0
    2d48:	c798                	sw	a4,8(a5)
    2d4a:	c402                	sw	zero,8(sp)
    2d4c:	c602                	sw	zero,12(sp)
    2d4e:	4398                	lw	a4,0(a5)
    2d50:	66c1                	lui	a3,0x10
    2d52:	8f55                	or	a4,a4,a3
    2d54:	c398                	sw	a4,0(a5)
    2d56:	400216b7          	lui	a3,0x40021
    2d5a:	50000713          	li	a4,1280
    2d5e:	429c                	lw	a5,0(a3)
    2d60:	8ff1                	and	a5,a5,a2
    2d62:	c63e                	sw	a5,12(sp)
    2d64:	47a2                	lw	a5,8(sp)
    2d66:	0785                	addi	a5,a5,1
    2d68:	c43e                	sw	a5,8(sp)
    2d6a:	47b2                	lw	a5,12(sp)
    2d6c:	e781                	bnez	a5,2d74 <SystemInit+0x70>
    2d6e:	47a2                	lw	a5,8(sp)
    2d70:	fee797e3          	bne	a5,a4,2d5e <SystemInit+0x5a>
    2d74:	400217b7          	lui	a5,0x40021
    2d78:	439c                	lw	a5,0(a5)
    2d7a:	00e79713          	slli	a4,a5,0xe
    2d7e:	08075463          	bgez	a4,2e06 <SystemInit+0x102>
    2d82:	4785                	li	a5,1
    2d84:	c63e                	sw	a5,12(sp)
    2d86:	4732                	lw	a4,12(sp)
    2d88:	4785                	li	a5,1
    2d8a:	06f71c63          	bne	a4,a5,2e02 <SystemInit+0xfe>
    2d8e:	400227b7          	lui	a5,0x40022
    2d92:	4398                	lw	a4,0(a5)
    2d94:	ffc106b7          	lui	a3,0xffc10
    2d98:	16fd                	addi	a3,a3,-1
    2d9a:	01076713          	ori	a4,a4,16
    2d9e:	c398                	sw	a4,0(a5)
    2da0:	4398                	lw	a4,0(a5)
    2da2:	9b71                	andi	a4,a4,-4
    2da4:	c398                	sw	a4,0(a5)
    2da6:	4398                	lw	a4,0(a5)
    2da8:	00276713          	ori	a4,a4,2
    2dac:	c398                	sw	a4,0(a5)
    2dae:	400217b7          	lui	a5,0x40021
    2db2:	43d8                	lw	a4,4(a5)
    2db4:	c3d8                	sw	a4,4(a5)
    2db6:	43d8                	lw	a4,4(a5)
    2db8:	c3d8                	sw	a4,4(a5)
    2dba:	43d8                	lw	a4,4(a5)
    2dbc:	40076713          	ori	a4,a4,1024
    2dc0:	c3d8                	sw	a4,4(a5)
    2dc2:	43d8                	lw	a4,4(a5)
    2dc4:	8f75                	and	a4,a4,a3
    2dc6:	c3d8                	sw	a4,4(a5)
    2dc8:	43d8                	lw	a4,4(a5)
    2dca:	001d06b7          	lui	a3,0x1d0
    2dce:	8f55                	or	a4,a4,a3
    2dd0:	c3d8                	sw	a4,4(a5)
    2dd2:	4398                	lw	a4,0(a5)
    2dd4:	010006b7          	lui	a3,0x1000
    2dd8:	8f55                	or	a4,a4,a3
    2dda:	c398                	sw	a4,0(a5)
    2ddc:	4398                	lw	a4,0(a5)
    2dde:	00671693          	slli	a3,a4,0x6
    2de2:	fe06dde3          	bgez	a3,2ddc <SystemInit+0xd8>
    2de6:	43d8                	lw	a4,4(a5)
    2de8:	400216b7          	lui	a3,0x40021
    2dec:	9b71                	andi	a4,a4,-4
    2dee:	c3d8                	sw	a4,4(a5)
    2df0:	43d8                	lw	a4,4(a5)
    2df2:	00276713          	ori	a4,a4,2
    2df6:	c3d8                	sw	a4,4(a5)
    2df8:	4721                	li	a4,8
    2dfa:	42dc                	lw	a5,4(a3)
    2dfc:	8bb1                	andi	a5,a5,12
    2dfe:	fee79ee3          	bne	a5,a4,2dfa <SystemInit+0xf6>
    2e02:	0141                	addi	sp,sp,16
    2e04:	8082                	ret
    2e06:	c602                	sw	zero,12(sp)
    2e08:	bfbd                	j	2d86 <SystemInit+0x82>

00002e0a <SystemCoreClockUpdate>:
    2e0a:	400216b7          	lui	a3,0x40021
    2e0e:	42dc                	lw	a5,4(a3)
    2e10:	4611                	li	a2,4
    2e12:	8bb1                	andi	a5,a5,12
    2e14:	80818713          	addi	a4,gp,-2040 # 200001f8 <SystemCoreClock>
    2e18:	00c78563          	beq	a5,a2,2e22 <SystemCoreClockUpdate+0x18>
    2e1c:	4621                	li	a2,8
    2e1e:	02c78963          	beq	a5,a2,2e50 <SystemCoreClockUpdate+0x46>
    2e22:	007a17b7          	lui	a5,0x7a1
    2e26:	20078793          	addi	a5,a5,512 # 7a1200 <_data_lma+0x795380>
    2e2a:	c31c                	sw	a5,0(a4)
    2e2c:	400217b7          	lui	a5,0x40021
    2e30:	43dc                	lw	a5,4(a5)
    2e32:	8391                	srli	a5,a5,0x4
    2e34:	00f7f693          	andi	a3,a5,15
    2e38:	200007b7          	lui	a5,0x20000
    2e3c:	00078793          	mv	a5,a5
    2e40:	97b6                	add	a5,a5,a3
    2e42:	0007c683          	lbu	a3,0(a5) # 20000000 <_data_vma>
    2e46:	431c                	lw	a5,0(a4)
    2e48:	00d7d7b3          	srl	a5,a5,a3
    2e4c:	c31c                	sw	a5,0(a4)
    2e4e:	8082                	ret
    2e50:	42dc                	lw	a5,4(a3)
    2e52:	42d0                	lw	a2,4(a3)
    2e54:	83c9                	srli	a5,a5,0x12
    2e56:	8bbd                	andi	a5,a5,15
    2e58:	00f61593          	slli	a1,a2,0xf
    2e5c:	0789                	addi	a5,a5,2
    2e5e:	0005cd63          	bltz	a1,2e78 <SystemCoreClockUpdate+0x6e>
    2e62:	400246b7          	lui	a3,0x40024
    2e66:	8006a683          	lw	a3,-2048(a3) # 40023800 <_eusrstack+0x2001e800>
    2e6a:	8ac1                	andi	a3,a3,16
    2e6c:	ca99                	beqz	a3,2e82 <SystemCoreClockUpdate+0x78>
    2e6e:	007a16b7          	lui	a3,0x7a1
    2e72:	20068693          	addi	a3,a3,512 # 7a1200 <_data_lma+0x795380>
    2e76:	a811                	j	2e8a <SystemCoreClockUpdate+0x80>
    2e78:	42d4                	lw	a3,4(a3)
    2e7a:	00e69613          	slli	a2,a3,0xe
    2e7e:	fe0658e3          	bgez	a2,2e6e <SystemCoreClockUpdate+0x64>
    2e82:	003d16b7          	lui	a3,0x3d1
    2e86:	90068693          	addi	a3,a3,-1792 # 3d0900 <_data_lma+0x3c4a80>
    2e8a:	02d787b3          	mul	a5,a5,a3
    2e8e:	bf71                	j	2e2a <SystemCoreClockUpdate+0x20>

00002e90 <ADC1_2_IRQHandler>:
    2e90:	a001                	j	2e90 <ADC1_2_IRQHandler>

00002e92 <handle_reset>:
    2e92:	1fffe197          	auipc	gp,0x1fffe
    2e96:	b5e18193          	addi	gp,gp,-1186 # 200009f0 <__global_pointer$>
    2e9a:	20002117          	auipc	sp,0x20002
    2e9e:	16610113          	addi	sp,sp,358 # 20005000 <_eusrstack>
    2ea2:	00009517          	auipc	a0,0x9
    2ea6:	fde50513          	addi	a0,a0,-34 # be80 <_data_lma>
    2eaa:	1fffd597          	auipc	a1,0x1fffd
    2eae:	15658593          	addi	a1,a1,342 # 20000000 <_data_vma>
    2eb2:	83018613          	addi	a2,gp,-2000 # 20000220 <_edata>
    2eb6:	00c5fa63          	bgeu	a1,a2,2eca <handle_reset+0x38>
    2eba:	00052283          	lw	t0,0(a0)
    2ebe:	0055a023          	sw	t0,0(a1)
    2ec2:	0511                	addi	a0,a0,4
    2ec4:	0591                	addi	a1,a1,4
    2ec6:	fec5eae3          	bltu	a1,a2,2eba <handle_reset+0x28>
    2eca:	83018513          	addi	a0,gp,-2000 # 20000220 <_edata>
    2ece:	20000597          	auipc	a1,0x20000
    2ed2:	9de58593          	addi	a1,a1,-1570 # 200028ac <_ebss>
    2ed6:	00b57763          	bgeu	a0,a1,2ee4 <handle_reset+0x52>
    2eda:	00052023          	sw	zero,0(a0)
    2ede:	0511                	addi	a0,a0,4
    2ee0:	feb56de3          	bltu	a0,a1,2eda <handle_reset+0x48>
    2ee4:	08800293          	li	t0,136
    2ee8:	30029073          	csrw	mstatus,t0
    2eec:	ffffd297          	auipc	t0,0xffffd
    2ef0:	14c28293          	addi	t0,t0,332 # 38 <_einit>
    2ef4:	0012e293          	ori	t0,t0,1
    2ef8:	30529073          	csrw	mtvec,t0
    2efc:	e09ff0ef          	jal	ra,2d04 <SystemInit>
    2f00:	fffff297          	auipc	t0,0xfffff
    2f04:	5fe28293          	addi	t0,t0,1534 # 24fe <main>
    2f08:	34129073          	csrw	mepc,t0
    2f0c:	30200073          	mret

00002f10 <DMA_DeInit>:
    2f10:	411c                	lw	a5,0(a0)
    2f12:	6741                	lui	a4,0x10
    2f14:	1779                	addi	a4,a4,-2
    2f16:	8ff9                	and	a5,a5,a4
    2f18:	c11c                	sw	a5,0(a0)
    2f1a:	00052023          	sw	zero,0(a0)
    2f1e:	00052223          	sw	zero,4(a0)
    2f22:	00052423          	sw	zero,8(a0)
    2f26:	400207b7          	lui	a5,0x40020
    2f2a:	00052623          	sw	zero,12(a0)
    2f2e:	00878713          	addi	a4,a5,8 # 40020008 <_eusrstack+0x2001b008>
    2f32:	00e51763          	bne	a0,a4,2f40 <DMA_DeInit+0x30>
    2f36:	43d8                	lw	a4,4(a5)
    2f38:	00f76713          	ori	a4,a4,15
    2f3c:	c3d8                	sw	a4,4(a5)
    2f3e:	8082                	ret
    2f40:	01c78713          	addi	a4,a5,28
    2f44:	00e51663          	bne	a0,a4,2f50 <DMA_DeInit+0x40>
    2f48:	43d8                	lw	a4,4(a5)
    2f4a:	0f076713          	ori	a4,a4,240
    2f4e:	b7fd                	j	2f3c <DMA_DeInit+0x2c>
    2f50:	03078713          	addi	a4,a5,48
    2f54:	00e51863          	bne	a0,a4,2f64 <DMA_DeInit+0x54>
    2f58:	43d8                	lw	a4,4(a5)
    2f5a:	6685                	lui	a3,0x1
    2f5c:	f0068693          	addi	a3,a3,-256 # f00 <TIM1_Motor_Init+0x46>
    2f60:	8f55                	or	a4,a4,a3
    2f62:	bfe9                	j	2f3c <DMA_DeInit+0x2c>
    2f64:	04478713          	addi	a4,a5,68
    2f68:	00e51563          	bne	a0,a4,2f72 <DMA_DeInit+0x62>
    2f6c:	43d8                	lw	a4,4(a5)
    2f6e:	66bd                	lui	a3,0xf
    2f70:	bfc5                	j	2f60 <DMA_DeInit+0x50>
    2f72:	05878713          	addi	a4,a5,88
    2f76:	00e51663          	bne	a0,a4,2f82 <DMA_DeInit+0x72>
    2f7a:	43d8                	lw	a4,4(a5)
    2f7c:	000f06b7          	lui	a3,0xf0
    2f80:	b7c5                	j	2f60 <DMA_DeInit+0x50>
    2f82:	06c78713          	addi	a4,a5,108
    2f86:	00e51663          	bne	a0,a4,2f92 <DMA_DeInit+0x82>
    2f8a:	43d8                	lw	a4,4(a5)
    2f8c:	00f006b7          	lui	a3,0xf00
    2f90:	bfc1                	j	2f60 <DMA_DeInit+0x50>
    2f92:	08078713          	addi	a4,a5,128
    2f96:	00e51663          	bne	a0,a4,2fa2 <DMA_DeInit+0x92>
    2f9a:	43d8                	lw	a4,4(a5)
    2f9c:	0f0006b7          	lui	a3,0xf000
    2fa0:	b7c1                	j	2f60 <DMA_DeInit+0x50>
    2fa2:	40878713          	addi	a4,a5,1032
    2fa6:	00e51963          	bne	a0,a4,2fb8 <DMA_DeInit+0xa8>
    2faa:	4047a703          	lw	a4,1028(a5)
    2fae:	00f76713          	ori	a4,a4,15
    2fb2:	40e7a223          	sw	a4,1028(a5)
    2fb6:	8082                	ret
    2fb8:	41c78713          	addi	a4,a5,1052
    2fbc:	00e51763          	bne	a0,a4,2fca <DMA_DeInit+0xba>
    2fc0:	4047a703          	lw	a4,1028(a5)
    2fc4:	0f076713          	ori	a4,a4,240
    2fc8:	b7ed                	j	2fb2 <DMA_DeInit+0xa2>
    2fca:	43078793          	addi	a5,a5,1072
    2fce:	00f51b63          	bne	a0,a5,2fe4 <DMA_DeInit+0xd4>
    2fd2:	400207b7          	lui	a5,0x40020
    2fd6:	4047a703          	lw	a4,1028(a5) # 40020404 <_eusrstack+0x2001b404>
    2fda:	6685                	lui	a3,0x1
    2fdc:	f0068693          	addi	a3,a3,-256 # f00 <TIM1_Motor_Init+0x46>
    2fe0:	8f55                	or	a4,a4,a3
    2fe2:	bfc1                	j	2fb2 <DMA_DeInit+0xa2>
    2fe4:	400207b7          	lui	a5,0x40020
    2fe8:	44478713          	addi	a4,a5,1092 # 40020444 <_eusrstack+0x2001b444>
    2fec:	00e51663          	bne	a0,a4,2ff8 <DMA_DeInit+0xe8>
    2ff0:	4047a703          	lw	a4,1028(a5)
    2ff4:	66bd                	lui	a3,0xf
    2ff6:	b7ed                	j	2fe0 <DMA_DeInit+0xd0>
    2ff8:	45878713          	addi	a4,a5,1112
    2ffc:	fae51de3          	bne	a0,a4,2fb6 <DMA_DeInit+0xa6>
    3000:	4047a703          	lw	a4,1028(a5)
    3004:	000f06b7          	lui	a3,0xf0
    3008:	bfe1                	j	2fe0 <DMA_DeInit+0xd0>

0000300a <DMA_Init>:
    300a:	411c                	lw	a5,0(a0)
    300c:	7761                	lui	a4,0xffff8
    300e:	073d                	addi	a4,a4,15
    3010:	5194                	lw	a3,32(a1)
    3012:	8f7d                	and	a4,a4,a5
    3014:	459c                	lw	a5,8(a1)
    3016:	8fd5                	or	a5,a5,a3
    3018:	4994                	lw	a3,16(a1)
    301a:	8fd5                	or	a5,a5,a3
    301c:	49d4                	lw	a3,20(a1)
    301e:	8fd5                	or	a5,a5,a3
    3020:	4d94                	lw	a3,24(a1)
    3022:	8fd5                	or	a5,a5,a3
    3024:	4dd4                	lw	a3,28(a1)
    3026:	8fd5                	or	a5,a5,a3
    3028:	51d4                	lw	a3,36(a1)
    302a:	8fd5                	or	a5,a5,a3
    302c:	5594                	lw	a3,40(a1)
    302e:	8fd5                	or	a5,a5,a3
    3030:	8fd9                	or	a5,a5,a4
    3032:	c11c                	sw	a5,0(a0)
    3034:	45dc                	lw	a5,12(a1)
    3036:	c15c                	sw	a5,4(a0)
    3038:	419c                	lw	a5,0(a1)
    303a:	c51c                	sw	a5,8(a0)
    303c:	41dc                	lw	a5,4(a1)
    303e:	c55c                	sw	a5,12(a0)
    3040:	8082                	ret

00003042 <DMA_Cmd>:
    3042:	411c                	lw	a5,0(a0)
    3044:	c589                	beqz	a1,304e <DMA_Cmd+0xc>
    3046:	0017e793          	ori	a5,a5,1
    304a:	c11c                	sw	a5,0(a0)
    304c:	8082                	ret
    304e:	6741                	lui	a4,0x10
    3050:	1779                	addi	a4,a4,-2
    3052:	8ff9                	and	a5,a5,a4
    3054:	bfdd                	j	304a <DMA_Cmd+0x8>

00003056 <DMA_ITConfig>:
    3056:	411c                	lw	a5,0(a0)
    3058:	c601                	beqz	a2,3060 <DMA_ITConfig+0xa>
    305a:	8ddd                	or	a1,a1,a5
    305c:	c10c                	sw	a1,0(a0)
    305e:	8082                	ret
    3060:	fff5c593          	not	a1,a1
    3064:	8dfd                	and	a1,a1,a5
    3066:	bfdd                	j	305c <DMA_ITConfig+0x6>

00003068 <DMA_SetCurrDataCounter>:
    3068:	c14c                	sw	a1,4(a0)
    306a:	8082                	ret

0000306c <DMA_GetCurrDataCounter>:
    306c:	4148                	lw	a0,4(a0)
    306e:	0542                	slli	a0,a0,0x10
    3070:	8141                	srli	a0,a0,0x10
    3072:	8082                	ret

00003074 <DMA_GetFlagStatus>:
    3074:	00351793          	slli	a5,a0,0x3
    3078:	0007da63          	bgez	a5,308c <DMA_GetFlagStatus+0x18>
    307c:	400207b7          	lui	a5,0x40020
    3080:	4007a783          	lw	a5,1024(a5) # 40020400 <_eusrstack+0x2001b400>
    3084:	8d7d                	and	a0,a0,a5
    3086:	00a03533          	snez	a0,a0
    308a:	8082                	ret
    308c:	400207b7          	lui	a5,0x40020
    3090:	439c                	lw	a5,0(a5)
    3092:	bfcd                	j	3084 <DMA_GetFlagStatus+0x10>

00003094 <DMA_ClearFlag>:
    3094:	00351793          	slli	a5,a0,0x3
    3098:	0007d763          	bgez	a5,30a6 <DMA_ClearFlag+0x12>
    309c:	400207b7          	lui	a5,0x40020
    30a0:	40a7a223          	sw	a0,1028(a5) # 40020404 <_eusrstack+0x2001b404>
    30a4:	8082                	ret
    30a6:	400207b7          	lui	a5,0x40020
    30aa:	c3c8                	sw	a0,4(a5)
    30ac:	8082                	ret

000030ae <DMA_GetITStatus>:
    30ae:	8c2fd2ef          	jal	t0,170 <__riscv_save_0>
    30b2:	fc3ff0ef          	jal	ra,3074 <DMA_GetFlagStatus>
    30b6:	8defd06f          	j	194 <__riscv_restore_0>

000030ba <DMA_ClearITPendingBit>:
    30ba:	8b6fd2ef          	jal	t0,170 <__riscv_save_0>
    30be:	fd7ff0ef          	jal	ra,3094 <DMA_ClearFlag>
    30c2:	8d2fd06f          	j	194 <__riscv_restore_0>

000030c6 <GPIO_Init>:
    30c6:	459c                	lw	a5,8(a1)
    30c8:	0107f713          	andi	a4,a5,16
    30cc:	00f7f813          	andi	a6,a5,15
    30d0:	c701                	beqz	a4,30d8 <GPIO_Init+0x12>
    30d2:	41d8                	lw	a4,4(a1)
    30d4:	00e86833          	or	a6,a6,a4
    30d8:	0005d583          	lhu	a1,0(a1)
    30dc:	0ff5f713          	andi	a4,a1,255
    30e0:	c339                	beqz	a4,3126 <GPIO_Init+0x60>
    30e2:	4118                	lw	a4,0(a0)
    30e4:	4681                	li	a3,0
    30e6:	4e85                	li	t4,1
    30e8:	4f3d                	li	t5,15
    30ea:	02800f93          	li	t6,40
    30ee:	04800293          	li	t0,72
    30f2:	4e21                	li	t3,8
    30f4:	00de9633          	sll	a2,t4,a3
    30f8:	00c5f8b3          	and	a7,a1,a2
    30fc:	03161163          	bne	a2,a7,311e <GPIO_Init+0x58>
    3100:	00269893          	slli	a7,a3,0x2
    3104:	011f1333          	sll	t1,t5,a7
    3108:	fff34313          	not	t1,t1
    310c:	00e37733          	and	a4,t1,a4
    3110:	011818b3          	sll	a7,a6,a7
    3114:	00e8e733          	or	a4,a7,a4
    3118:	05f79f63          	bne	a5,t6,3176 <GPIO_Init+0xb0>
    311c:	c950                	sw	a2,20(a0)
    311e:	0685                	addi	a3,a3,1
    3120:	fdc69ae3          	bne	a3,t3,30f4 <GPIO_Init+0x2e>
    3124:	c118                	sw	a4,0(a0)
    3126:	0ff00713          	li	a4,255
    312a:	04b77563          	bgeu	a4,a1,3174 <GPIO_Init+0xae>
    312e:	4154                	lw	a3,4(a0)
    3130:	4621                	li	a2,8
    3132:	4e85                	li	t4,1
    3134:	4f3d                	li	t5,15
    3136:	02800f93          	li	t6,40
    313a:	04800293          	li	t0,72
    313e:	4e41                	li	t3,16
    3140:	00ce98b3          	sll	a7,t4,a2
    3144:	0115f733          	and	a4,a1,a7
    3148:	02e89263          	bne	a7,a4,316c <GPIO_Init+0xa6>
    314c:	00261713          	slli	a4,a2,0x2
    3150:	1701                	addi	a4,a4,-32
    3152:	00ef1333          	sll	t1,t5,a4
    3156:	fff34313          	not	t1,t1
    315a:	00d376b3          	and	a3,t1,a3
    315e:	00e81733          	sll	a4,a6,a4
    3162:	8ed9                	or	a3,a3,a4
    3164:	01f79d63          	bne	a5,t6,317e <GPIO_Init+0xb8>
    3168:	01152a23          	sw	a7,20(a0)
    316c:	0605                	addi	a2,a2,1
    316e:	fdc619e3          	bne	a2,t3,3140 <GPIO_Init+0x7a>
    3172:	c154                	sw	a3,4(a0)
    3174:	8082                	ret
    3176:	fa5794e3          	bne	a5,t0,311e <GPIO_Init+0x58>
    317a:	c910                	sw	a2,16(a0)
    317c:	b74d                	j	311e <GPIO_Init+0x58>
    317e:	fe5797e3          	bne	a5,t0,316c <GPIO_Init+0xa6>
    3182:	01152823          	sw	a7,16(a0)
    3186:	b7dd                	j	316c <GPIO_Init+0xa6>

00003188 <GPIO_WriteBit>:
    3188:	c219                	beqz	a2,318e <GPIO_WriteBit+0x6>
    318a:	c90c                	sw	a1,16(a0)
    318c:	8082                	ret
    318e:	c94c                	sw	a1,20(a0)
    3190:	8082                	ret

00003192 <NVIC_PriorityGroupConfig>:
    3192:	e000e7b7          	lui	a5,0xe000e
    3196:	fa050737          	lui	a4,0xfa050
    319a:	c7b8                	sw	a4,72(a5)
    319c:	84a1aa23          	sw	a0,-1964(gp) # 20000244 <NVIC_Priority_Group>
    31a0:	8082                	ret

000031a2 <NVIC_Init>:
    31a2:	8541a683          	lw	a3,-1964(gp) # 20000244 <NVIC_Priority_Group>
    31a6:	4785                	li	a5,1
    31a8:	00054703          	lbu	a4,0(a0)
    31ac:	02f69263          	bne	a3,a5,31d0 <NVIC_Init+0x2e>
    31b0:	00154783          	lbu	a5,1(a0)
    31b4:	02d79d63          	bne	a5,a3,31ee <NVIC_Init+0x4c>
    31b8:	00254783          	lbu	a5,2(a0)
    31bc:	0792                	slli	a5,a5,0x4
    31be:	f807e793          	ori	a5,a5,-128
    31c2:	e000e6b7          	lui	a3,0xe000e
    31c6:	0ff7f793          	andi	a5,a5,255
    31ca:	96ba                	add	a3,a3,a4
    31cc:	40f68023          	sb	a5,1024(a3) # e000e400 <_eusrstack+0xc0009400>
    31d0:	4685                	li	a3,1
    31d2:	00575793          	srli	a5,a4,0x5
    31d6:	00e696b3          	sll	a3,a3,a4
    31da:	4158                	lw	a4,4(a0)
    31dc:	cf11                	beqz	a4,31f8 <NVIC_Init+0x56>
    31de:	04078793          	addi	a5,a5,64 # e000e040 <_eusrstack+0xc0009040>
    31e2:	078a                	slli	a5,a5,0x2
    31e4:	e000e737          	lui	a4,0xe000e
    31e8:	97ba                	add	a5,a5,a4
    31ea:	c394                	sw	a3,0(a5)
    31ec:	8082                	ret
    31ee:	f3ed                	bnez	a5,31d0 <NVIC_Init+0x2e>
    31f0:	00254783          	lbu	a5,2(a0)
    31f4:	0792                	slli	a5,a5,0x4
    31f6:	b7f1                	j	31c2 <NVIC_Init+0x20>
    31f8:	e000e737          	lui	a4,0xe000e
    31fc:	06078793          	addi	a5,a5,96
    3200:	4330                	lw	a2,64(a4)
    3202:	45c1                	li	a1,16
    3204:	078a                	slli	a5,a5,0x2
    3206:	c32c                	sw	a1,64(a4)
    3208:	97ba                	add	a5,a5,a4
    320a:	c394                	sw	a3,0(a5)
    320c:	c330                	sw	a2,64(a4)
    320e:	8082                	ret

00003210 <RCC_GetClocksFreq>:
    3210:	40021737          	lui	a4,0x40021
    3214:	435c                	lw	a5,4(a4)
    3216:	4691                	li	a3,4
    3218:	8bb1                	andi	a5,a5,12
    321a:	00d78563          	beq	a5,a3,3224 <RCC_GetClocksFreq+0x14>
    321e:	46a1                	li	a3,8
    3220:	06d78663          	beq	a5,a3,328c <RCC_GetClocksFreq+0x7c>
    3224:	007a17b7          	lui	a5,0x7a1
    3228:	20078793          	addi	a5,a5,512 # 7a1200 <_data_lma+0x795380>
    322c:	c11c                	sw	a5,0(a0)
    322e:	40021637          	lui	a2,0x40021
    3232:	425c                	lw	a5,4(a2)
    3234:	20000737          	lui	a4,0x20000
    3238:	01070713          	addi	a4,a4,16 # 20000010 <APBAHBPrescTable>
    323c:	8391                	srli	a5,a5,0x4
    323e:	8bbd                	andi	a5,a5,15
    3240:	97ba                	add	a5,a5,a4
    3242:	0007c683          	lbu	a3,0(a5)
    3246:	411c                	lw	a5,0(a0)
    3248:	00d7d7b3          	srl	a5,a5,a3
    324c:	c15c                	sw	a5,4(a0)
    324e:	4254                	lw	a3,4(a2)
    3250:	82a1                	srli	a3,a3,0x8
    3252:	8a9d                	andi	a3,a3,7
    3254:	96ba                	add	a3,a3,a4
    3256:	0006c683          	lbu	a3,0(a3)
    325a:	00d7d6b3          	srl	a3,a5,a3
    325e:	c514                	sw	a3,8(a0)
    3260:	4254                	lw	a3,4(a2)
    3262:	82ad                	srli	a3,a3,0xb
    3264:	8a9d                	andi	a3,a3,7
    3266:	9736                	add	a4,a4,a3
    3268:	00074703          	lbu	a4,0(a4)
    326c:	00e7d7b3          	srl	a5,a5,a4
    3270:	c55c                	sw	a5,12(a0)
    3272:	4258                	lw	a4,4(a2)
    3274:	8339                	srli	a4,a4,0xe
    3276:	00377693          	andi	a3,a4,3
    327a:	80c18713          	addi	a4,gp,-2036 # 200001fc <ADCPrescTable>
    327e:	9736                	add	a4,a4,a3
    3280:	00074703          	lbu	a4,0(a4)
    3284:	02e7d7b3          	divu	a5,a5,a4
    3288:	c91c                	sw	a5,16(a0)
    328a:	8082                	ret
    328c:	435c                	lw	a5,4(a4)
    328e:	4354                	lw	a3,4(a4)
    3290:	83c9                	srli	a5,a5,0x12
    3292:	8bbd                	andi	a5,a5,15
    3294:	00f69613          	slli	a2,a3,0xf
    3298:	0789                	addi	a5,a5,2
    329a:	00064d63          	bltz	a2,32b4 <RCC_GetClocksFreq+0xa4>
    329e:	40024737          	lui	a4,0x40024
    32a2:	80072703          	lw	a4,-2048(a4) # 40023800 <_eusrstack+0x2001e800>
    32a6:	8b41                	andi	a4,a4,16
    32a8:	cb19                	beqz	a4,32be <RCC_GetClocksFreq+0xae>
    32aa:	007a1737          	lui	a4,0x7a1
    32ae:	20070713          	addi	a4,a4,512 # 7a1200 <_data_lma+0x795380>
    32b2:	a811                	j	32c6 <RCC_GetClocksFreq+0xb6>
    32b4:	4358                	lw	a4,4(a4)
    32b6:	00e71693          	slli	a3,a4,0xe
    32ba:	fe06d8e3          	bgez	a3,32aa <RCC_GetClocksFreq+0x9a>
    32be:	003d1737          	lui	a4,0x3d1
    32c2:	90070713          	addi	a4,a4,-1792 # 3d0900 <_data_lma+0x3c4a80>
    32c6:	02e787b3          	mul	a5,a5,a4
    32ca:	b78d                	j	322c <RCC_GetClocksFreq+0x1c>

000032cc <RCC_AHBPeriphClockCmd>:
    32cc:	c599                	beqz	a1,32da <RCC_AHBPeriphClockCmd+0xe>
    32ce:	40021737          	lui	a4,0x40021
    32d2:	4b5c                	lw	a5,20(a4)
    32d4:	8d5d                	or	a0,a0,a5
    32d6:	cb48                	sw	a0,20(a4)
    32d8:	8082                	ret
    32da:	400217b7          	lui	a5,0x40021
    32de:	4bd8                	lw	a4,20(a5)
    32e0:	fff54513          	not	a0,a0
    32e4:	8d79                	and	a0,a0,a4
    32e6:	cbc8                	sw	a0,20(a5)
    32e8:	8082                	ret

000032ea <RCC_APB2PeriphClockCmd>:
    32ea:	c599                	beqz	a1,32f8 <RCC_APB2PeriphClockCmd+0xe>
    32ec:	40021737          	lui	a4,0x40021
    32f0:	4f1c                	lw	a5,24(a4)
    32f2:	8d5d                	or	a0,a0,a5
    32f4:	cf08                	sw	a0,24(a4)
    32f6:	8082                	ret
    32f8:	400217b7          	lui	a5,0x40021
    32fc:	4f98                	lw	a4,24(a5)
    32fe:	fff54513          	not	a0,a0
    3302:	8d79                	and	a0,a0,a4
    3304:	cf88                	sw	a0,24(a5)
    3306:	8082                	ret

00003308 <RCC_APB1PeriphClockCmd>:
    3308:	c599                	beqz	a1,3316 <RCC_APB1PeriphClockCmd+0xe>
    330a:	40021737          	lui	a4,0x40021
    330e:	4f5c                	lw	a5,28(a4)
    3310:	8d5d                	or	a0,a0,a5
    3312:	cf48                	sw	a0,28(a4)
    3314:	8082                	ret
    3316:	400217b7          	lui	a5,0x40021
    331a:	4fd8                	lw	a4,28(a5)
    331c:	fff54513          	not	a0,a0
    3320:	8d79                	and	a0,a0,a4
    3322:	cfc8                	sw	a0,28(a5)
    3324:	8082                	ret

00003326 <TIM_TimeBaseInit>:
    3326:	00055783          	lhu	a5,0(a0)
    332a:	40013737          	lui	a4,0x40013
    332e:	c0070713          	addi	a4,a4,-1024 # 40012c00 <_eusrstack+0x2000dc00>
    3332:	07c2                	slli	a5,a5,0x10
    3334:	83c1                	srli	a5,a5,0x10
    3336:	02e50063          	beq	a0,a4,3356 <TIM_TimeBaseInit+0x30>
    333a:	40000737          	lui	a4,0x40000
    333e:	00e50c63          	beq	a0,a4,3356 <TIM_TimeBaseInit+0x30>
    3342:	40070713          	addi	a4,a4,1024 # 40000400 <_eusrstack+0x1fffb400>
    3346:	00e50863          	beq	a0,a4,3356 <TIM_TimeBaseInit+0x30>
    334a:	40001737          	lui	a4,0x40001
    334e:	80070713          	addi	a4,a4,-2048 # 40000800 <_eusrstack+0x1fffb800>
    3352:	00e51763          	bne	a0,a4,3360 <TIM_TimeBaseInit+0x3a>
    3356:	0025d703          	lhu	a4,2(a1)
    335a:	f8f7f793          	andi	a5,a5,-113
    335e:	8fd9                	or	a5,a5,a4
    3360:	0065d703          	lhu	a4,6(a1)
    3364:	cff7f793          	andi	a5,a5,-769
    3368:	07c2                	slli	a5,a5,0x10
    336a:	83c1                	srli	a5,a5,0x10
    336c:	8fd9                	or	a5,a5,a4
    336e:	00f51023          	sh	a5,0(a0)
    3372:	0045d783          	lhu	a5,4(a1)
    3376:	02f51623          	sh	a5,44(a0)
    337a:	0005d783          	lhu	a5,0(a1)
    337e:	02f51423          	sh	a5,40(a0)
    3382:	400137b7          	lui	a5,0x40013
    3386:	c0078793          	addi	a5,a5,-1024 # 40012c00 <_eusrstack+0x2000dc00>
    338a:	00f51663          	bne	a0,a5,3396 <TIM_TimeBaseInit+0x70>
    338e:	0085c783          	lbu	a5,8(a1)
    3392:	02f51823          	sh	a5,48(a0)
    3396:	4785                	li	a5,1
    3398:	00f51a23          	sh	a5,20(a0)
    339c:	8082                	ret

0000339e <TIM_OC1Init>:
    339e:	02055783          	lhu	a5,32(a0)
    33a2:	0005d603          	lhu	a2,0(a1)
    33a6:	0025d803          	lhu	a6,2(a1)
    33aa:	07c2                	slli	a5,a5,0x10
    33ac:	83c1                	srli	a5,a5,0x10
    33ae:	9bf9                	andi	a5,a5,-2
    33b0:	07c2                	slli	a5,a5,0x10
    33b2:	83c1                	srli	a5,a5,0x10
    33b4:	02f51023          	sh	a5,32(a0)
    33b8:	02055783          	lhu	a5,32(a0)
    33bc:	00455683          	lhu	a3,4(a0)
    33c0:	01855703          	lhu	a4,24(a0)
    33c4:	07c2                	slli	a5,a5,0x10
    33c6:	83c1                	srli	a5,a5,0x10
    33c8:	0742                	slli	a4,a4,0x10
    33ca:	8341                	srli	a4,a4,0x10
    33cc:	f8c77713          	andi	a4,a4,-116
    33d0:	8f51                	or	a4,a4,a2
    33d2:	0085d603          	lhu	a2,8(a1)
    33d6:	9bf5                	andi	a5,a5,-3
    33d8:	06c2                	slli	a3,a3,0x10
    33da:	01066633          	or	a2,a2,a6
    33de:	8fd1                	or	a5,a5,a2
    33e0:	40013637          	lui	a2,0x40013
    33e4:	c0060613          	addi	a2,a2,-1024 # 40012c00 <_eusrstack+0x2000dc00>
    33e8:	82c1                	srli	a3,a3,0x10
    33ea:	02c51363          	bne	a0,a2,3410 <TIM_OC1Init+0x72>
    33ee:	00a5d603          	lhu	a2,10(a1)
    33f2:	9bdd                	andi	a5,a5,-9
    33f4:	00e5d803          	lhu	a6,14(a1)
    33f8:	8fd1                	or	a5,a5,a2
    33fa:	0045d603          	lhu	a2,4(a1)
    33fe:	9bed                	andi	a5,a5,-5
    3400:	cff6f693          	andi	a3,a3,-769
    3404:	8fd1                	or	a5,a5,a2
    3406:	00c5d603          	lhu	a2,12(a1)
    340a:	01066633          	or	a2,a2,a6
    340e:	8ed1                	or	a3,a3,a2
    3410:	00d51223          	sh	a3,4(a0)
    3414:	00e51c23          	sh	a4,24(a0)
    3418:	0065d703          	lhu	a4,6(a1)
    341c:	02e51a23          	sh	a4,52(a0)
    3420:	02f51023          	sh	a5,32(a0)
    3424:	8082                	ret

00003426 <TIM_Cmd>:
    3426:	00055783          	lhu	a5,0(a0)
    342a:	c591                	beqz	a1,3436 <TIM_Cmd+0x10>
    342c:	0017e793          	ori	a5,a5,1
    3430:	00f51023          	sh	a5,0(a0)
    3434:	8082                	ret
    3436:	07c2                	slli	a5,a5,0x10
    3438:	83c1                	srli	a5,a5,0x10
    343a:	9bf9                	andi	a5,a5,-2
    343c:	07c2                	slli	a5,a5,0x10
    343e:	83c1                	srli	a5,a5,0x10
    3440:	bfc5                	j	3430 <TIM_Cmd+0xa>

00003442 <TIM_CtrlPWMOutputs>:
    3442:	04455783          	lhu	a5,68(a0)
    3446:	c591                	beqz	a1,3452 <TIM_CtrlPWMOutputs+0x10>
    3448:	6721                	lui	a4,0x8
    344a:	8fd9                	or	a5,a5,a4
    344c:	04f51223          	sh	a5,68(a0)
    3450:	8082                	ret
    3452:	07c6                	slli	a5,a5,0x11
    3454:	83c5                	srli	a5,a5,0x11
    3456:	bfdd                	j	344c <TIM_CtrlPWMOutputs+0xa>

00003458 <TIM_ARRPreloadConfig>:
    3458:	00055783          	lhu	a5,0(a0)
    345c:	c591                	beqz	a1,3468 <TIM_ARRPreloadConfig+0x10>
    345e:	0807e793          	ori	a5,a5,128
    3462:	00f51023          	sh	a5,0(a0)
    3466:	8082                	ret
    3468:	07c2                	slli	a5,a5,0x10
    346a:	83c1                	srli	a5,a5,0x10
    346c:	f7f7f793          	andi	a5,a5,-129
    3470:	07c2                	slli	a5,a5,0x10
    3472:	83c1                	srli	a5,a5,0x10
    3474:	b7fd                	j	3462 <TIM_ARRPreloadConfig+0xa>

00003476 <TIM_OC1PreloadConfig>:
    3476:	01855783          	lhu	a5,24(a0)
    347a:	07c2                	slli	a5,a5,0x10
    347c:	83c1                	srli	a5,a5,0x10
    347e:	9bdd                	andi	a5,a5,-9
    3480:	8ddd                	or	a1,a1,a5
    3482:	00b51c23          	sh	a1,24(a0)
    3486:	8082                	ret

00003488 <TIM_SetCompare1>:
    3488:	02b51a23          	sh	a1,52(a0)
    348c:	8082                	ret

0000348e <TIM_GetCapture1>:
    348e:	03455503          	lhu	a0,52(a0)
    3492:	8082                	ret

00003494 <TIM_GetCapture2>:
    3494:	03855503          	lhu	a0,56(a0)
    3498:	8082                	ret

0000349a <TIM_GetITStatus>:
    349a:	01055783          	lhu	a5,16(a0)
    349e:	00c55503          	lhu	a0,12(a0)
    34a2:	8fed                	and	a5,a5,a1
    34a4:	0542                	slli	a0,a0,0x10
    34a6:	8141                	srli	a0,a0,0x10
    34a8:	c789                	beqz	a5,34b2 <TIM_GetITStatus+0x18>
    34aa:	8d6d                	and	a0,a0,a1
    34ac:	00a03533          	snez	a0,a0
    34b0:	8082                	ret
    34b2:	4501                	li	a0,0
    34b4:	8082                	ret

000034b6 <TIM_ClearITPendingBit>:
    34b6:	fff5c593          	not	a1,a1
    34ba:	05c2                	slli	a1,a1,0x10
    34bc:	81c1                	srli	a1,a1,0x10
    34be:	00b51823          	sh	a1,16(a0)
    34c2:	8082                	ret

000034c4 <USART_Init>:
    34c4:	cadfc2ef          	jal	t0,170 <__riscv_save_0>
    34c8:	01055683          	lhu	a3,16(a0)
    34cc:	77f5                	lui	a5,0xffffd
    34ce:	17fd                	addi	a5,a5,-1
    34d0:	8ff5                	and	a5,a5,a3
    34d2:	0065d683          	lhu	a3,6(a1)
    34d6:	00c5d703          	lhu	a4,12(a1)
    34da:	7179                	addi	sp,sp,-48
    34dc:	8fd5                	or	a5,a5,a3
    34de:	00f51823          	sh	a5,16(a0)
    34e2:	00c55683          	lhu	a3,12(a0)
    34e6:	77fd                	lui	a5,0xfffff
    34e8:	9f378793          	addi	a5,a5,-1549 # ffffe9f3 <_eusrstack+0xdfff99f3>
    34ec:	8ff5                	and	a5,a5,a3
    34ee:	0045d683          	lhu	a3,4(a1)
    34f2:	842a                	mv	s0,a0
    34f4:	c62e                	sw	a1,12(sp)
    34f6:	8fd5                	or	a5,a5,a3
    34f8:	0085d683          	lhu	a3,8(a1)
    34fc:	8fd5                	or	a5,a5,a3
    34fe:	00a5d683          	lhu	a3,10(a1)
    3502:	8fd5                	or	a5,a5,a3
    3504:	00f51623          	sh	a5,12(a0)
    3508:	01455783          	lhu	a5,20(a0)
    350c:	07c2                	slli	a5,a5,0x10
    350e:	83c1                	srli	a5,a5,0x10
    3510:	cff7f793          	andi	a5,a5,-769
    3514:	8fd9                	or	a5,a5,a4
    3516:	00f51a23          	sh	a5,20(a0)
    351a:	0868                	addi	a0,sp,28
    351c:	cf5ff0ef          	jal	ra,3210 <RCC_GetClocksFreq>
    3520:	400147b7          	lui	a5,0x40014
    3524:	80078793          	addi	a5,a5,-2048 # 40013800 <_eusrstack+0x2000e800>
    3528:	45b2                	lw	a1,12(sp)
    352a:	02f41f63          	bne	s0,a5,3568 <USART_Init+0xa4>
    352e:	57a2                	lw	a5,40(sp)
    3530:	4765                	li	a4,25
    3532:	02e787b3          	mul	a5,a5,a4
    3536:	4198                	lw	a4,0(a1)
    3538:	06400693          	li	a3,100
    353c:	070a                	slli	a4,a4,0x2
    353e:	02e7d7b3          	divu	a5,a5,a4
    3542:	02d7d733          	divu	a4,a5,a3
    3546:	02d7f7b3          	remu	a5,a5,a3
    354a:	0712                	slli	a4,a4,0x4
    354c:	0792                	slli	a5,a5,0x4
    354e:	03278793          	addi	a5,a5,50
    3552:	02d7d7b3          	divu	a5,a5,a3
    3556:	8bbd                	andi	a5,a5,15
    3558:	8fd9                	or	a5,a5,a4
    355a:	07c2                	slli	a5,a5,0x10
    355c:	83c1                	srli	a5,a5,0x10
    355e:	00f41423          	sh	a5,8(s0)
    3562:	6145                	addi	sp,sp,48
    3564:	c31fc06f          	j	194 <__riscv_restore_0>
    3568:	5792                	lw	a5,36(sp)
    356a:	b7d9                	j	3530 <USART_Init+0x6c>

0000356c <USART_Cmd>:
    356c:	c981                	beqz	a1,357c <USART_Cmd+0x10>
    356e:	00c55783          	lhu	a5,12(a0)
    3572:	6709                	lui	a4,0x2
    3574:	8fd9                	or	a5,a5,a4
    3576:	00f51623          	sh	a5,12(a0)
    357a:	8082                	ret
    357c:	00c55703          	lhu	a4,12(a0)
    3580:	77f9                	lui	a5,0xffffe
    3582:	17fd                	addi	a5,a5,-1
    3584:	8ff9                	and	a5,a5,a4
    3586:	bfc5                	j	3576 <USART_Cmd+0xa>

00003588 <USART_ITConfig>:
    3588:	0ff5f713          	andi	a4,a1,255
    358c:	4785                	li	a5,1
    358e:	8315                	srli	a4,a4,0x5
    3590:	00b795b3          	sll	a1,a5,a1
    3594:	00f71963          	bne	a4,a5,35a6 <USART_ITConfig+0x1e>
    3598:	00c50793          	addi	a5,a0,12
    359c:	4398                	lw	a4,0(a5)
    359e:	ce01                	beqz	a2,35b6 <USART_ITConfig+0x2e>
    35a0:	8dd9                	or	a1,a1,a4
    35a2:	c38c                	sw	a1,0(a5)
    35a4:	8082                	ret
    35a6:	4689                	li	a3,2
    35a8:	01450793          	addi	a5,a0,20
    35ac:	fed718e3          	bne	a4,a3,359c <USART_ITConfig+0x14>
    35b0:	01050793          	addi	a5,a0,16
    35b4:	b7e5                	j	359c <USART_ITConfig+0x14>
    35b6:	fff5c593          	not	a1,a1
    35ba:	8df9                	and	a1,a1,a4
    35bc:	b7dd                	j	35a2 <USART_ITConfig+0x1a>

000035be <USART_DMACmd>:
    35be:	01455783          	lhu	a5,20(a0)
    35c2:	c609                	beqz	a2,35cc <USART_DMACmd+0xe>
    35c4:	8ddd                	or	a1,a1,a5
    35c6:	00b51a23          	sh	a1,20(a0)
    35ca:	8082                	ret
    35cc:	fff5c593          	not	a1,a1
    35d0:	8dfd                	and	a1,a1,a5
    35d2:	bfd5                	j	35c6 <USART_DMACmd+0x8>

000035d4 <USART_SendData>:
    35d4:	1ff5f593          	andi	a1,a1,511
    35d8:	00b51223          	sh	a1,4(a0)
    35dc:	8082                	ret

000035de <USART_GetFlagStatus>:
    35de:	00055503          	lhu	a0,0(a0)
    35e2:	8d6d                	and	a0,a0,a1
    35e4:	00a03533          	snez	a0,a0
    35e8:	8082                	ret

000035ea <USART_GetITStatus>:
    35ea:	0ff5f713          	andi	a4,a1,255
    35ee:	4685                	li	a3,1
    35f0:	8315                	srli	a4,a4,0x5
    35f2:	00b697b3          	sll	a5,a3,a1
    35f6:	02d71363          	bne	a4,a3,361c <USART_GetITStatus+0x32>
    35fa:	00c55703          	lhu	a4,12(a0)
    35fe:	8ff9                	and	a5,a5,a4
    3600:	00055703          	lhu	a4,0(a0)
    3604:	4501                	li	a0,0
    3606:	0742                	slli	a4,a4,0x10
    3608:	8341                	srli	a4,a4,0x10
    360a:	cb81                	beqz	a5,361a <USART_GetITStatus+0x30>
    360c:	4505                	li	a0,1
    360e:	81a1                	srli	a1,a1,0x8
    3610:	00b515b3          	sll	a1,a0,a1
    3614:	8f6d                	and	a4,a4,a1
    3616:	00e03533          	snez	a0,a4
    361a:	8082                	ret
    361c:	4689                	li	a3,2
    361e:	00d71563          	bne	a4,a3,3628 <USART_GetITStatus+0x3e>
    3622:	01055703          	lhu	a4,16(a0)
    3626:	bfe1                	j	35fe <USART_GetITStatus+0x14>
    3628:	01455703          	lhu	a4,20(a0)
    362c:	bfc9                	j	35fe <USART_GetITStatus+0x14>

0000362e <Delay_Init>:
    362e:	8081a783          	lw	a5,-2040(gp) # 200001f8 <SystemCoreClock>
    3632:	007a1737          	lui	a4,0x7a1
    3636:	20070713          	addi	a4,a4,512 # 7a1200 <_data_lma+0x795380>
    363a:	02e7d7b3          	divu	a5,a5,a4
    363e:	0ff7f793          	andi	a5,a5,255
    3642:	84f18d23          	sb	a5,-1958(gp) # 2000024a <p_us>
    3646:	3e800713          	li	a4,1000
    364a:	02e787b3          	mul	a5,a5,a4
    364e:	84f19c23          	sh	a5,-1960(gp) # 20000248 <p_ms>
    3652:	8082                	ret

00003654 <Delay_Ms>:
    3654:	e000f7b7          	lui	a5,0xe000f
    3658:	0007a023          	sw	zero,0(a5) # e000f000 <_eusrstack+0xc000a000>
    365c:	8581d703          	lhu	a4,-1960(gp) # 20000248 <p_ms>
    3660:	00078223          	sb	zero,4(a5)
    3664:	000782a3          	sb	zero,5(a5)
    3668:	00078323          	sb	zero,6(a5)
    366c:	02a70533          	mul	a0,a4,a0
    3670:	000783a3          	sb	zero,7(a5)
    3674:	4705                	li	a4,1
    3676:	c398                	sw	a4,0(a5)
    3678:	e000f737          	lui	a4,0xe000f
    367c:	435c                	lw	a5,4(a4)
    367e:	fef57fe3          	bgeu	a0,a5,367c <Delay_Ms+0x28>
    3682:	8082                	ret

00003684 <_write>:
    3684:	ad3fc2ef          	jal	t0,156 <__riscv_save_4>
    3688:	400054b7          	lui	s1,0x40005
    368c:	89ae                	mv	s3,a1
    368e:	8932                	mv	s2,a2
    3690:	4401                	li	s0,0
    3692:	80048493          	addi	s1,s1,-2048 # 40004800 <_eusrstack+0x1ffff800>
    3696:	01244563          	blt	s0,s2,36a0 <_write+0x1c>
    369a:	854a                	mv	a0,s2
    369c:	aeffc06f          	j	18a <__riscv_restore_4>
    36a0:	04000593          	li	a1,64
    36a4:	8526                	mv	a0,s1
    36a6:	f39ff0ef          	jal	ra,35de <USART_GetFlagStatus>
    36aa:	d97d                	beqz	a0,36a0 <_write+0x1c>
    36ac:	008987b3          	add	a5,s3,s0
    36b0:	00078583          	lb	a1,0(a5)
    36b4:	8526                	mv	a0,s1
    36b6:	0405                	addi	s0,s0,1
    36b8:	05c2                	slli	a1,a1,0x10
    36ba:	81c1                	srli	a1,a1,0x10
    36bc:	f19ff0ef          	jal	ra,35d4 <USART_SendData>
    36c0:	bfd9                	j	3696 <_write+0x12>

000036c2 <_sbrk>:
    36c2:	81018713          	addi	a4,gp,-2032 # 20000200 <curbrk.4779>
    36c6:	431c                	lw	a5,0(a4)
    36c8:	200036b7          	lui	a3,0x20003
    36cc:	8ac68693          	addi	a3,a3,-1876 # 200028ac <_ebss>
    36d0:	953e                	add	a0,a0,a5
    36d2:	00d56b63          	bltu	a0,a3,36e8 <_sbrk+0x26>
    36d6:	200056b7          	lui	a3,0x20005
    36da:	80068693          	addi	a3,a3,-2048 # 20004800 <_heap_end>
    36de:	00a6e563          	bltu	a3,a0,36e8 <_sbrk+0x26>
    36e2:	c308                	sw	a0,0(a4)
    36e4:	853e                	mv	a0,a5
    36e6:	8082                	ret
    36e8:	57fd                	li	a5,-1
    36ea:	bfed                	j	36e4 <_sbrk+0x22>

000036ec <cosf>:
    36ec:	1101                	addi	sp,sp,-32
    36ee:	cc22                	sw	s0,24(sp)
    36f0:	80000437          	lui	s0,0x80000
    36f4:	fff44793          	not	a5,s0
    36f8:	3f491737          	lui	a4,0x3f491
    36fc:	ce06                	sw	ra,28(sp)
    36fe:	8fe9                	and	a5,a5,a0
    3700:	fd870713          	addi	a4,a4,-40 # 3f490fd8 <_eusrstack+0x1f48bfd8>
    3704:	02f75d63          	bge	a4,a5,373e <cosf+0x52>
    3708:	7f800737          	lui	a4,0x7f800
    370c:	00e7c963          	blt	a5,a4,371e <cosf+0x32>
    3710:	85aa                	mv	a1,a0
    3712:	582040ef          	jal	ra,7c94 <__subsf3>
    3716:	40f2                	lw	ra,28(sp)
    3718:	4462                	lw	s0,24(sp)
    371a:	6105                	addi	sp,sp,32
    371c:	8082                	ret
    371e:	002c                	addi	a1,sp,8
    3720:	260d                	jal	3a42 <__ieee754_rem_pio2f>
    3722:	890d                	andi	a0,a0,3
    3724:	4785                	li	a5,1
    3726:	02f50463          	beq	a0,a5,374e <cosf+0x62>
    372a:	4789                	li	a5,2
    372c:	45b2                	lw	a1,12(sp)
    372e:	02f50b63          	beq	a0,a5,3764 <cosf+0x78>
    3732:	c50d                	beqz	a0,375c <cosf+0x70>
    3734:	4522                	lw	a0,8(sp)
    3736:	4605                	li	a2,1
    3738:	12c010ef          	jal	ra,4864 <__kernel_sinf>
    373c:	bfe9                	j	3716 <cosf+0x2a>
    373e:	00000593          	li	a1,0
    3742:	730000ef          	jal	ra,3e72 <__kernel_cosf>
    3746:	40f2                	lw	ra,28(sp)
    3748:	4462                	lw	s0,24(sp)
    374a:	6105                	addi	sp,sp,32
    374c:	8082                	ret
    374e:	45b2                	lw	a1,12(sp)
    3750:	4522                	lw	a0,8(sp)
    3752:	4605                	li	a2,1
    3754:	110010ef          	jal	ra,4864 <__kernel_sinf>
    3758:	8d21                	xor	a0,a0,s0
    375a:	bf75                	j	3716 <cosf+0x2a>
    375c:	4522                	lw	a0,8(sp)
    375e:	714000ef          	jal	ra,3e72 <__kernel_cosf>
    3762:	bf55                	j	3716 <cosf+0x2a>
    3764:	4522                	lw	a0,8(sp)
    3766:	70c000ef          	jal	ra,3e72 <__kernel_cosf>
    376a:	8d21                	xor	a0,a0,s0
    376c:	b76d                	j	3716 <cosf+0x2a>

0000376e <sinf>:
    376e:	1101                	addi	sp,sp,-32
    3770:	cc22                	sw	s0,24(sp)
    3772:	80000437          	lui	s0,0x80000
    3776:	fff44793          	not	a5,s0
    377a:	3f491737          	lui	a4,0x3f491
    377e:	ce06                	sw	ra,28(sp)
    3780:	8fe9                	and	a5,a5,a0
    3782:	fd870713          	addi	a4,a4,-40 # 3f490fd8 <_eusrstack+0x1f48bfd8>
    3786:	02f75d63          	bge	a4,a5,37c0 <sinf+0x52>
    378a:	7f800737          	lui	a4,0x7f800
    378e:	00e7c963          	blt	a5,a4,37a0 <sinf+0x32>
    3792:	85aa                	mv	a1,a0
    3794:	500040ef          	jal	ra,7c94 <__subsf3>
    3798:	40f2                	lw	ra,28(sp)
    379a:	4462                	lw	s0,24(sp)
    379c:	6105                	addi	sp,sp,32
    379e:	8082                	ret
    37a0:	002c                	addi	a1,sp,8
    37a2:	2445                	jal	3a42 <__ieee754_rem_pio2f>
    37a4:	890d                	andi	a0,a0,3
    37a6:	4785                	li	a5,1
    37a8:	02f50563          	beq	a0,a5,37d2 <sinf+0x64>
    37ac:	4789                	li	a5,2
    37ae:	45b2                	lw	a1,12(sp)
    37b0:	02f50a63          	beq	a0,a5,37e4 <sinf+0x76>
    37b4:	c11d                	beqz	a0,37da <sinf+0x6c>
    37b6:	4522                	lw	a0,8(sp)
    37b8:	6ba000ef          	jal	ra,3e72 <__kernel_cosf>
    37bc:	8d21                	xor	a0,a0,s0
    37be:	bfe9                	j	3798 <sinf+0x2a>
    37c0:	4601                	li	a2,0
    37c2:	00000593          	li	a1,0
    37c6:	09e010ef          	jal	ra,4864 <__kernel_sinf>
    37ca:	40f2                	lw	ra,28(sp)
    37cc:	4462                	lw	s0,24(sp)
    37ce:	6105                	addi	sp,sp,32
    37d0:	8082                	ret
    37d2:	45b2                	lw	a1,12(sp)
    37d4:	4522                	lw	a0,8(sp)
    37d6:	2d71                	jal	3e72 <__kernel_cosf>
    37d8:	b7c1                	j	3798 <sinf+0x2a>
    37da:	4522                	lw	a0,8(sp)
    37dc:	4605                	li	a2,1
    37de:	086010ef          	jal	ra,4864 <__kernel_sinf>
    37e2:	bf5d                	j	3798 <sinf+0x2a>
    37e4:	4522                	lw	a0,8(sp)
    37e6:	4605                	li	a2,1
    37e8:	07c010ef          	jal	ra,4864 <__kernel_sinf>
    37ec:	8d21                	xor	a0,a0,s0
    37ee:	b76d                	j	3798 <sinf+0x2a>

000037f0 <atan2f>:
    37f0:	a86d                	j	38aa <__ieee754_atan2f>

000037f2 <sqrtf>:
    37f2:	7139                	addi	sp,sp,-64
    37f4:	dc22                	sw	s0,56(sp)
    37f6:	da26                	sw	s1,52(sp)
    37f8:	d84a                	sw	s2,48(sp)
    37fa:	de06                	sw	ra,60(sp)
    37fc:	842a                	mv	s0,a0
    37fe:	2b61                	jal	3d96 <__ieee754_sqrtf>
    3800:	81418793          	addi	a5,gp,-2028 # 20000204 <__fdlib_version>
    3804:	4384                	lw	s1,0(a5)
    3806:	57fd                	li	a5,-1
    3808:	892a                	mv	s2,a0
    380a:	00f48e63          	beq	s1,a5,3826 <sqrtf+0x34>
    380e:	85a2                	mv	a1,s0
    3810:	8522                	mv	a0,s0
    3812:	00b040ef          	jal	ra,801c <__unordsf2>
    3816:	e901                	bnez	a0,3826 <sqrtf+0x34>
    3818:	00000593          	li	a1,0
    381c:	8522                	mv	a0,s0
    381e:	156040ef          	jal	ra,7974 <__lesf2>
    3822:	00054963          	bltz	a0,3834 <sqrtf+0x42>
    3826:	50f2                	lw	ra,60(sp)
    3828:	5462                	lw	s0,56(sp)
    382a:	854a                	mv	a0,s2
    382c:	54d2                	lw	s1,52(sp)
    382e:	5942                	lw	s2,48(sp)
    3830:	6121                	addi	sp,sp,64
    3832:	8082                	ret
    3834:	4785                	li	a5,1
    3836:	c43e                	sw	a5,8(sp)
    3838:	8522                	mv	a0,s0
    383a:	00008797          	auipc	a5,0x8
    383e:	caa78793          	addi	a5,a5,-854 # b4e4 <OLED_F8x16+0x65c>
    3842:	c63e                	sw	a5,12(sp)
    3844:	d402                	sw	zero,40(sp)
    3846:	209040ef          	jal	ra,824e <__extendsfdf2>
    384a:	cc2a                	sw	a0,24(sp)
    384c:	ce2e                	sw	a1,28(sp)
    384e:	c82a                	sw	a0,16(sp)
    3850:	ca2e                	sw	a1,20(sp)
    3852:	cc9d                	beqz	s1,3890 <sqrtf+0x9e>
    3854:	4601                	li	a2,0
    3856:	4681                	li	a3,0
    3858:	8532                	mv	a0,a2
    385a:	85b6                	mv	a1,a3
    385c:	46e020ef          	jal	ra,5cca <__divdf3>
    3860:	d02a                	sw	a0,32(sp)
    3862:	d22e                	sw	a1,36(sp)
    3864:	4789                	li	a5,2
    3866:	02f49763          	bne	s1,a5,3894 <sqrtf+0xa2>
    386a:	471040ef          	jal	ra,84da <__errno>
    386e:	02100793          	li	a5,33
    3872:	c11c                	sw	a5,0(a0)
    3874:	57a2                	lw	a5,40(sp)
    3876:	e78d                	bnez	a5,38a0 <sqrtf+0xae>
    3878:	5502                	lw	a0,32(sp)
    387a:	5592                	lw	a1,36(sp)
    387c:	27f040ef          	jal	ra,82fa <__truncdfsf2>
    3880:	50f2                	lw	ra,60(sp)
    3882:	5462                	lw	s0,56(sp)
    3884:	892a                	mv	s2,a0
    3886:	854a                	mv	a0,s2
    3888:	54d2                	lw	s1,52(sp)
    388a:	5942                	lw	s2,48(sp)
    388c:	6121                	addi	sp,sp,64
    388e:	8082                	ret
    3890:	d002                	sw	zero,32(sp)
    3892:	d202                	sw	zero,36(sp)
    3894:	0028                	addi	a0,sp,8
    3896:	0fa010ef          	jal	ra,4990 <matherr>
    389a:	d961                	beqz	a0,386a <sqrtf+0x78>
    389c:	57a2                	lw	a5,40(sp)
    389e:	dfe9                	beqz	a5,3878 <sqrtf+0x86>
    38a0:	43b040ef          	jal	ra,84da <__errno>
    38a4:	57a2                	lw	a5,40(sp)
    38a6:	c11c                	sw	a5,0(a0)
    38a8:	bfc1                	j	3878 <sqrtf+0x86>

000038aa <__ieee754_atan2f>:
    38aa:	800007b7          	lui	a5,0x80000
    38ae:	1141                	addi	sp,sp,-16
    38b0:	fff7c793          	not	a5,a5
    38b4:	872e                	mv	a4,a1
    38b6:	c606                	sw	ra,12(sp)
    38b8:	c422                	sw	s0,8(sp)
    38ba:	8dfd                	and	a1,a1,a5
    38bc:	7f800637          	lui	a2,0x7f800
    38c0:	86aa                	mv	a3,a0
    38c2:	04b64063          	blt	a2,a1,3902 <__ieee754_atan2f+0x58>
    38c6:	8fe9                	and	a5,a5,a0
    38c8:	832a                	mv	t1,a0
    38ca:	02f64c63          	blt	a2,a5,3902 <__ieee754_atan2f+0x58>
    38ce:	3f8008b7          	lui	a7,0x3f800
    38d2:	0f170263          	beq	a4,a7,39b6 <__ieee754_atan2f+0x10c>
    38d6:	41e75413          	srai	s0,a4,0x1e
    38da:	8809                	andi	s0,s0,2
    38dc:	817d                	srli	a0,a0,0x1f
    38de:	8c49                	or	s0,s0,a0
    38e0:	eb8d                	bnez	a5,3912 <__ieee754_atan2f+0x68>
    38e2:	4789                	li	a5,2
    38e4:	0af40063          	beq	s0,a5,3984 <__ieee754_atan2f+0xda>
    38e8:	478d                	li	a5,3
    38ea:	8536                	mv	a0,a3
    38ec:	00f41f63          	bne	s0,a5,390a <__ieee754_atan2f+0x60>
    38f0:	40b2                	lw	ra,12(sp)
    38f2:	4422                	lw	s0,8(sp)
    38f4:	00008797          	auipc	a5,0x8
    38f8:	c0078793          	addi	a5,a5,-1024 # b4f4 <OLED_F8x16+0x66c>
    38fc:	4388                	lw	a0,0(a5)
    38fe:	0141                	addi	sp,sp,16
    3900:	8082                	ret
    3902:	85b6                	mv	a1,a3
    3904:	853a                	mv	a0,a4
    3906:	171030ef          	jal	ra,7276 <__addsf3>
    390a:	40b2                	lw	ra,12(sp)
    390c:	4422                	lw	s0,8(sp)
    390e:	0141                	addi	sp,sp,16
    3910:	8082                	ret
    3912:	c1ad                	beqz	a1,3974 <__ieee754_atan2f+0xca>
    3914:	06c58e63          	beq	a1,a2,3990 <__ieee754_atan2f+0xe6>
    3918:	04c78e63          	beq	a5,a2,3974 <__ieee754_atan2f+0xca>
    391c:	8f8d                	sub	a5,a5,a1
    391e:	87dd                	srai	a5,a5,0x17
    3920:	03c00613          	li	a2,60
    3924:	08f64e63          	blt	a2,a5,39c0 <__ieee754_atan2f+0x116>
    3928:	00075863          	bgez	a4,3938 <__ieee754_atan2f+0x8e>
    392c:	fc400613          	li	a2,-60
    3930:	00000513          	li	a0,0
    3934:	00c7ca63          	blt	a5,a2,3948 <__ieee754_atan2f+0x9e>
    3938:	85ba                	mv	a1,a4
    393a:	8536                	mv	a0,a3
    393c:	4a5030ef          	jal	ra,75e0 <__divsf3>
    3940:	2dc010ef          	jal	ra,4c1c <fabsf>
    3944:	050010ef          	jal	ra,4994 <atanf>
    3948:	4785                	li	a5,1
    394a:	0cf40663          	beq	s0,a5,3a16 <__ieee754_atan2f+0x16c>
    394e:	4789                	li	a5,2
    3950:	0af40363          	beq	s0,a5,39f6 <__ieee754_atan2f+0x14c>
    3954:	d85d                	beqz	s0,390a <__ieee754_atan2f+0x60>
    3956:	00008797          	auipc	a5,0x8
    395a:	bba78793          	addi	a5,a5,-1094 # b510 <OLED_F8x16+0x688>
    395e:	438c                	lw	a1,0(a5)
    3960:	117030ef          	jal	ra,7276 <__addsf3>
    3964:	00008797          	auipc	a5,0x8
    3968:	b8c78793          	addi	a5,a5,-1140 # b4f0 <OLED_F8x16+0x668>
    396c:	438c                	lw	a1,0(a5)
    396e:	326040ef          	jal	ra,7c94 <__subsf3>
    3972:	bf61                	j	390a <__ieee754_atan2f+0x60>
    3974:	06034b63          	bltz	t1,39ea <__ieee754_atan2f+0x140>
    3978:	00008797          	auipc	a5,0x8
    397c:	b7478793          	addi	a5,a5,-1164 # b4ec <OLED_F8x16+0x664>
    3980:	4388                	lw	a0,0(a5)
    3982:	b761                	j	390a <__ieee754_atan2f+0x60>
    3984:	00008797          	auipc	a5,0x8
    3988:	b6c78793          	addi	a5,a5,-1172 # b4f0 <OLED_F8x16+0x668>
    398c:	4388                	lw	a0,0(a5)
    398e:	bfb5                	j	390a <__ieee754_atan2f+0x60>
    3990:	02b78e63          	beq	a5,a1,39cc <__ieee754_atan2f+0x122>
    3994:	4789                	li	a5,2
    3996:	fef407e3          	beq	s0,a5,3984 <__ieee754_atan2f+0xda>
    399a:	478d                	li	a5,3
    399c:	f4f40ae3          	beq	s0,a5,38f0 <__ieee754_atan2f+0x46>
    39a0:	4785                	li	a5,1
    39a2:	00000513          	li	a0,0
    39a6:	f6f412e3          	bne	s0,a5,390a <__ieee754_atan2f+0x60>
    39aa:	00008797          	auipc	a5,0x8
    39ae:	b4e78793          	addi	a5,a5,-1202 # b4f8 <OLED_F8x16+0x670>
    39b2:	4388                	lw	a0,0(a5)
    39b4:	bf99                	j	390a <__ieee754_atan2f+0x60>
    39b6:	4422                	lw	s0,8(sp)
    39b8:	40b2                	lw	ra,12(sp)
    39ba:	0141                	addi	sp,sp,16
    39bc:	7d90006f          	j	4994 <atanf>
    39c0:	00008797          	auipc	a5,0x8
    39c4:	b2c78793          	addi	a5,a5,-1236 # b4ec <OLED_F8x16+0x664>
    39c8:	4388                	lw	a0,0(a5)
    39ca:	bfbd                	j	3948 <__ieee754_atan2f+0x9e>
    39cc:	4789                	li	a5,2
    39ce:	06f40463          	beq	s0,a5,3a36 <__ieee754_atan2f+0x18c>
    39d2:	478d                	li	a5,3
    39d4:	04f40b63          	beq	s0,a5,3a2a <__ieee754_atan2f+0x180>
    39d8:	4785                	li	a5,1
    39da:	04f40263          	beq	s0,a5,3a1e <__ieee754_atan2f+0x174>
    39de:	00008797          	auipc	a5,0x8
    39e2:	b2a78793          	addi	a5,a5,-1238 # b508 <OLED_F8x16+0x680>
    39e6:	4388                	lw	a0,0(a5)
    39e8:	b70d                	j	390a <__ieee754_atan2f+0x60>
    39ea:	00008797          	auipc	a5,0x8
    39ee:	b1278793          	addi	a5,a5,-1262 # b4fc <OLED_F8x16+0x674>
    39f2:	4388                	lw	a0,0(a5)
    39f4:	bf19                	j	390a <__ieee754_atan2f+0x60>
    39f6:	00008797          	auipc	a5,0x8
    39fa:	b1a78793          	addi	a5,a5,-1254 # b510 <OLED_F8x16+0x688>
    39fe:	438c                	lw	a1,0(a5)
    3a00:	077030ef          	jal	ra,7276 <__addsf3>
    3a04:	00008797          	auipc	a5,0x8
    3a08:	aec78793          	addi	a5,a5,-1300 # b4f0 <OLED_F8x16+0x668>
    3a0c:	85aa                	mv	a1,a0
    3a0e:	4388                	lw	a0,0(a5)
    3a10:	284040ef          	jal	ra,7c94 <__subsf3>
    3a14:	bddd                	j	390a <__ieee754_atan2f+0x60>
    3a16:	800007b7          	lui	a5,0x80000
    3a1a:	8d3d                	xor	a0,a0,a5
    3a1c:	b5fd                	j	390a <__ieee754_atan2f+0x60>
    3a1e:	00008797          	auipc	a5,0x8
    3a22:	aee78793          	addi	a5,a5,-1298 # b50c <OLED_F8x16+0x684>
    3a26:	4388                	lw	a0,0(a5)
    3a28:	b5cd                	j	390a <__ieee754_atan2f+0x60>
    3a2a:	00008797          	auipc	a5,0x8
    3a2e:	ada78793          	addi	a5,a5,-1318 # b504 <OLED_F8x16+0x67c>
    3a32:	4388                	lw	a0,0(a5)
    3a34:	bdd9                	j	390a <__ieee754_atan2f+0x60>
    3a36:	00008797          	auipc	a5,0x8
    3a3a:	aca78793          	addi	a5,a5,-1334 # b500 <OLED_F8x16+0x678>
    3a3e:	4388                	lw	a0,0(a5)
    3a40:	b5e9                	j	390a <__ieee754_atan2f+0x60>

00003a42 <__ieee754_rem_pio2f>:
    3a42:	7139                	addi	sp,sp,-64
    3a44:	dc22                	sw	s0,56(sp)
    3a46:	3f491737          	lui	a4,0x3f491
    3a4a:	00151413          	slli	s0,a0,0x1
    3a4e:	de06                	sw	ra,60(sp)
    3a50:	da26                	sw	s1,52(sp)
    3a52:	d84a                	sw	s2,48(sp)
    3a54:	d64e                	sw	s3,44(sp)
    3a56:	d452                	sw	s4,40(sp)
    3a58:	d256                	sw	s5,36(sp)
    3a5a:	d05a                	sw	s6,32(sp)
    3a5c:	ce5e                	sw	s7,28(sp)
    3a5e:	cc62                	sw	s8,24(sp)
    3a60:	8005                	srli	s0,s0,0x1
    3a62:	fd870713          	addi	a4,a4,-40 # 3f490fd8 <_eusrstack+0x1f48bfd8>
    3a66:	12875263          	bge	a4,s0,3b8a <__ieee754_rem_pio2f+0x148>
    3a6a:	4016d737          	lui	a4,0x4016d
    3a6e:	be370713          	addi	a4,a4,-1053 # 4016cbe3 <_eusrstack+0x20167be3>
    3a72:	89aa                	mv	s3,a0
    3a74:	84ae                	mv	s1,a1
    3a76:	06874163          	blt	a4,s0,3ad8 <__ieee754_rem_pio2f+0x96>
    3a7a:	00008797          	auipc	a5,0x8
    3a7e:	a9a78793          	addi	a5,a5,-1382 # b514 <OLED_F8x16+0x68c>
    3a82:	9841                	andi	s0,s0,-16
    3a84:	438c                	lw	a1,0(a5)
    3a86:	2aa05e63          	blez	a0,3d42 <__ieee754_rem_pio2f+0x300>
    3a8a:	20a040ef          	jal	ra,7c94 <__subsf3>
    3a8e:	3fc917b7          	lui	a5,0x3fc91
    3a92:	fd078793          	addi	a5,a5,-48 # 3fc90fd0 <_eusrstack+0x1fc8bfd0>
    3a96:	892a                	mv	s2,a0
    3a98:	10f40663          	beq	s0,a5,3ba4 <__ieee754_rem_pio2f+0x162>
    3a9c:	00008417          	auipc	s0,0x8
    3aa0:	a7c40413          	addi	s0,s0,-1412 # b518 <OLED_F8x16+0x690>
    3aa4:	400c                	lw	a1,0(s0)
    3aa6:	4b85                	li	s7,1
    3aa8:	1ec040ef          	jal	ra,7c94 <__subsf3>
    3aac:	85aa                	mv	a1,a0
    3aae:	c088                	sw	a0,0(s1)
    3ab0:	854a                	mv	a0,s2
    3ab2:	1e2040ef          	jal	ra,7c94 <__subsf3>
    3ab6:	400c                	lw	a1,0(s0)
    3ab8:	1dc040ef          	jal	ra,7c94 <__subsf3>
    3abc:	c0c8                	sw	a0,4(s1)
    3abe:	50f2                	lw	ra,60(sp)
    3ac0:	5462                	lw	s0,56(sp)
    3ac2:	855e                	mv	a0,s7
    3ac4:	54d2                	lw	s1,52(sp)
    3ac6:	5942                	lw	s2,48(sp)
    3ac8:	59b2                	lw	s3,44(sp)
    3aca:	5a22                	lw	s4,40(sp)
    3acc:	5a92                	lw	s5,36(sp)
    3ace:	5b02                	lw	s6,32(sp)
    3ad0:	4bf2                	lw	s7,28(sp)
    3ad2:	4c62                	lw	s8,24(sp)
    3ad4:	6121                	addi	sp,sp,64
    3ad6:	8082                	ret
    3ad8:	43491737          	lui	a4,0x43491
    3adc:	f8070713          	addi	a4,a4,-128 # 43490f80 <_eusrstack+0x2348bf80>
    3ae0:	0e875163          	bge	a4,s0,3bc2 <__ieee754_rem_pio2f+0x180>
    3ae4:	7f800737          	lui	a4,0x7f800
    3ae8:	0ae45763          	bge	s0,a4,3b96 <__ieee754_rem_pio2f+0x154>
    3aec:	41745913          	srai	s2,s0,0x17
    3af0:	f7a90913          	addi	s2,s2,-134
    3af4:	01791793          	slli	a5,s2,0x17
    3af8:	8c1d                	sub	s0,s0,a5
    3afa:	8522                	mv	a0,s0
    3afc:	55c040ef          	jal	ra,8058 <__fixsfsi>
    3b00:	5ba040ef          	jal	ra,80ba <__floatsisf>
    3b04:	87aa                	mv	a5,a0
    3b06:	85aa                	mv	a1,a0
    3b08:	8522                	mv	a0,s0
    3b0a:	c23e                	sw	a5,4(sp)
    3b0c:	00008a17          	auipc	s4,0x8
    3b10:	a24a0a13          	addi	s4,s4,-1500 # b530 <OLED_F8x16+0x6a8>
    3b14:	180040ef          	jal	ra,7c94 <__subsf3>
    3b18:	000a2583          	lw	a1,0(s4)
    3b1c:	6e5030ef          	jal	ra,7a00 <__mulsf3>
    3b20:	8aaa                	mv	s5,a0
    3b22:	536040ef          	jal	ra,8058 <__fixsfsi>
    3b26:	594040ef          	jal	ra,80ba <__floatsisf>
    3b2a:	85aa                	mv	a1,a0
    3b2c:	842a                	mv	s0,a0
    3b2e:	8556                	mv	a0,s5
    3b30:	c422                	sw	s0,8(sp)
    3b32:	162040ef          	jal	ra,7c94 <__subsf3>
    3b36:	000a2583          	lw	a1,0(s4)
    3b3a:	6c7030ef          	jal	ra,7a00 <__mulsf3>
    3b3e:	00000593          	li	a1,0
    3b42:	c62a                	sw	a0,12(sp)
    3b44:	54f030ef          	jal	ra,7892 <__eqsf2>
    3b48:	468d                	li	a3,3
    3b4a:	e909                	bnez	a0,3b5c <__ieee754_rem_pio2f+0x11a>
    3b4c:	00000593          	li	a1,0
    3b50:	8522                	mv	a0,s0
    3b52:	541030ef          	jal	ra,7892 <__eqsf2>
    3b56:	00a036b3          	snez	a3,a0
    3b5a:	0685                	addi	a3,a3,1
    3b5c:	00008797          	auipc	a5,0x8
    3b60:	a5878793          	addi	a5,a5,-1448 # b5b4 <two_over_pi>
    3b64:	4709                	li	a4,2
    3b66:	864a                	mv	a2,s2
    3b68:	85a6                	mv	a1,s1
    3b6a:	0048                	addi	a0,sp,4
    3b6c:	2b11                	jal	4080 <__kernel_rem_pio2f>
    3b6e:	8baa                	mv	s7,a0
    3b70:	f409d7e3          	bgez	s3,3abe <__ieee754_rem_pio2f+0x7c>
    3b74:	4098                	lw	a4,0(s1)
    3b76:	40dc                	lw	a5,4(s1)
    3b78:	800006b7          	lui	a3,0x80000
    3b7c:	8f35                	xor	a4,a4,a3
    3b7e:	8fb5                	xor	a5,a5,a3
    3b80:	c098                	sw	a4,0(s1)
    3b82:	c0dc                	sw	a5,4(s1)
    3b84:	40a00bb3          	neg	s7,a0
    3b88:	bf1d                	j	3abe <__ieee754_rem_pio2f+0x7c>
    3b8a:	00000793          	li	a5,0
    3b8e:	c188                	sw	a0,0(a1)
    3b90:	c1dc                	sw	a5,4(a1)
    3b92:	4b81                	li	s7,0
    3b94:	b72d                	j	3abe <__ieee754_rem_pio2f+0x7c>
    3b96:	85aa                	mv	a1,a0
    3b98:	0fc040ef          	jal	ra,7c94 <__subsf3>
    3b9c:	c0c8                	sw	a0,4(s1)
    3b9e:	c088                	sw	a0,0(s1)
    3ba0:	4b81                	li	s7,0
    3ba2:	bf31                	j	3abe <__ieee754_rem_pio2f+0x7c>
    3ba4:	00008797          	auipc	a5,0x8
    3ba8:	97878793          	addi	a5,a5,-1672 # b51c <OLED_F8x16+0x694>
    3bac:	438c                	lw	a1,0(a5)
    3bae:	00008417          	auipc	s0,0x8
    3bb2:	97240413          	addi	s0,s0,-1678 # b520 <OLED_F8x16+0x698>
    3bb6:	4b85                	li	s7,1
    3bb8:	0dc040ef          	jal	ra,7c94 <__subsf3>
    3bbc:	892a                	mv	s2,a0
    3bbe:	400c                	lw	a1,0(s0)
    3bc0:	b5e5                	j	3aa8 <__ieee754_rem_pio2f+0x66>
    3bc2:	05a010ef          	jal	ra,4c1c <fabsf>
    3bc6:	00008797          	auipc	a5,0x8
    3bca:	95e78793          	addi	a5,a5,-1698 # b524 <OLED_F8x16+0x69c>
    3bce:	438c                	lw	a1,0(a5)
    3bd0:	892a                	mv	s2,a0
    3bd2:	62f030ef          	jal	ra,7a00 <__mulsf3>
    3bd6:	00007797          	auipc	a5,0x7
    3bda:	20e78793          	addi	a5,a5,526 # ade4 <__trunctfdf2+0x226>
    3bde:	438c                	lw	a1,0(a5)
    3be0:	696030ef          	jal	ra,7276 <__addsf3>
    3be4:	474040ef          	jal	ra,8058 <__fixsfsi>
    3be8:	8baa                	mv	s7,a0
    3bea:	4d0040ef          	jal	ra,80ba <__floatsisf>
    3bee:	00008797          	auipc	a5,0x8
    3bf2:	92678793          	addi	a5,a5,-1754 # b514 <OLED_F8x16+0x68c>
    3bf6:	438c                	lw	a1,0(a5)
    3bf8:	8aaa                	mv	s5,a0
    3bfa:	607030ef          	jal	ra,7a00 <__mulsf3>
    3bfe:	85aa                	mv	a1,a0
    3c00:	854a                	mv	a0,s2
    3c02:	092040ef          	jal	ra,7c94 <__subsf3>
    3c06:	00008797          	auipc	a5,0x8
    3c0a:	91278793          	addi	a5,a5,-1774 # b518 <OLED_F8x16+0x690>
    3c0e:	438c                	lw	a1,0(a5)
    3c10:	8b2a                	mv	s6,a0
    3c12:	8556                	mv	a0,s5
    3c14:	5ed030ef          	jal	ra,7a00 <__mulsf3>
    3c18:	47fd                	li	a5,31
    3c1a:	8a2a                	mv	s4,a0
    3c1c:	85aa                	mv	a1,a0
    3c1e:	855a                	mv	a0,s6
    3c20:	0577ca63          	blt	a5,s7,3c74 <__ieee754_rem_pio2f+0x232>
    3c24:	070040ef          	jal	ra,7c94 <__subsf3>
    3c28:	fffb8793          	addi	a5,s7,-1
    3c2c:	00279713          	slli	a4,a5,0x2
    3c30:	00008797          	auipc	a5,0x8
    3c34:	90478793          	addi	a5,a5,-1788 # b534 <npio2_hw>
    3c38:	97ba                	add	a5,a5,a4
    3c3a:	439c                	lw	a5,0(a5)
    3c3c:	f0047713          	andi	a4,s0,-256
    3c40:	892a                	mv	s2,a0
    3c42:	02f70c63          	beq	a4,a5,3c7a <__ieee754_rem_pio2f+0x238>
    3c46:	0124a023          	sw	s2,0(s1)
    3c4a:	85ca                	mv	a1,s2
    3c4c:	855a                	mv	a0,s6
    3c4e:	046040ef          	jal	ra,7c94 <__subsf3>
    3c52:	85d2                	mv	a1,s4
    3c54:	040040ef          	jal	ra,7c94 <__subsf3>
    3c58:	c0c8                	sw	a0,4(s1)
    3c5a:	e609d2e3          	bgez	s3,3abe <__ieee754_rem_pio2f+0x7c>
    3c5e:	800007b7          	lui	a5,0x80000
    3c62:	0127c933          	xor	s2,a5,s2
    3c66:	8d3d                	xor	a0,a0,a5
    3c68:	0124a023          	sw	s2,0(s1)
    3c6c:	c0c8                	sw	a0,4(s1)
    3c6e:	41700bb3          	neg	s7,s7
    3c72:	b5b1                	j	3abe <__ieee754_rem_pio2f+0x7c>
    3c74:	020040ef          	jal	ra,7c94 <__subsf3>
    3c78:	892a                	mv	s2,a0
    3c7a:	01795793          	srli	a5,s2,0x17
    3c7e:	845d                	srai	s0,s0,0x17
    3c80:	0ff7f793          	andi	a5,a5,255
    3c84:	40f407b3          	sub	a5,s0,a5
    3c88:	4721                	li	a4,8
    3c8a:	faf75ee3          	bge	a4,a5,3c46 <__ieee754_rem_pio2f+0x204>
    3c8e:	00008797          	auipc	a5,0x8
    3c92:	88e78793          	addi	a5,a5,-1906 # b51c <OLED_F8x16+0x694>
    3c96:	438c                	lw	a1,0(a5)
    3c98:	8556                	mv	a0,s5
    3c9a:	567030ef          	jal	ra,7a00 <__mulsf3>
    3c9e:	892a                	mv	s2,a0
    3ca0:	85aa                	mv	a1,a0
    3ca2:	855a                	mv	a0,s6
    3ca4:	7f1030ef          	jal	ra,7c94 <__subsf3>
    3ca8:	85aa                	mv	a1,a0
    3caa:	8c2a                	mv	s8,a0
    3cac:	855a                	mv	a0,s6
    3cae:	7e7030ef          	jal	ra,7c94 <__subsf3>
    3cb2:	85ca                	mv	a1,s2
    3cb4:	7e1030ef          	jal	ra,7c94 <__subsf3>
    3cb8:	00008797          	auipc	a5,0x8
    3cbc:	86878793          	addi	a5,a5,-1944 # b520 <OLED_F8x16+0x698>
    3cc0:	438c                	lw	a1,0(a5)
    3cc2:	892a                	mv	s2,a0
    3cc4:	8556                	mv	a0,s5
    3cc6:	53b030ef          	jal	ra,7a00 <__mulsf3>
    3cca:	85ca                	mv	a1,s2
    3ccc:	7c9030ef          	jal	ra,7c94 <__subsf3>
    3cd0:	85aa                	mv	a1,a0
    3cd2:	8a2a                	mv	s4,a0
    3cd4:	8562                	mv	a0,s8
    3cd6:	7bf030ef          	jal	ra,7c94 <__subsf3>
    3cda:	01755793          	srli	a5,a0,0x17
    3cde:	0ff7f793          	andi	a5,a5,255
    3ce2:	8c1d                	sub	s0,s0,a5
    3ce4:	47e5                	li	a5,25
    3ce6:	892a                	mv	s2,a0
    3ce8:	0087c563          	blt	a5,s0,3cf2 <__ieee754_rem_pio2f+0x2b0>
    3cec:	c088                	sw	a0,0(s1)
    3cee:	8b62                	mv	s6,s8
    3cf0:	bfa9                	j	3c4a <__ieee754_rem_pio2f+0x208>
    3cf2:	00008797          	auipc	a5,0x8
    3cf6:	83678793          	addi	a5,a5,-1994 # b528 <OLED_F8x16+0x6a0>
    3cfa:	438c                	lw	a1,0(a5)
    3cfc:	8556                	mv	a0,s5
    3cfe:	503030ef          	jal	ra,7a00 <__mulsf3>
    3d02:	842a                	mv	s0,a0
    3d04:	85aa                	mv	a1,a0
    3d06:	8562                	mv	a0,s8
    3d08:	78d030ef          	jal	ra,7c94 <__subsf3>
    3d0c:	85aa                	mv	a1,a0
    3d0e:	8b2a                	mv	s6,a0
    3d10:	8562                	mv	a0,s8
    3d12:	783030ef          	jal	ra,7c94 <__subsf3>
    3d16:	85a2                	mv	a1,s0
    3d18:	77d030ef          	jal	ra,7c94 <__subsf3>
    3d1c:	00008797          	auipc	a5,0x8
    3d20:	81078793          	addi	a5,a5,-2032 # b52c <OLED_F8x16+0x6a4>
    3d24:	438c                	lw	a1,0(a5)
    3d26:	842a                	mv	s0,a0
    3d28:	8556                	mv	a0,s5
    3d2a:	4d7030ef          	jal	ra,7a00 <__mulsf3>
    3d2e:	85a2                	mv	a1,s0
    3d30:	765030ef          	jal	ra,7c94 <__subsf3>
    3d34:	85aa                	mv	a1,a0
    3d36:	8a2a                	mv	s4,a0
    3d38:	855a                	mv	a0,s6
    3d3a:	75b030ef          	jal	ra,7c94 <__subsf3>
    3d3e:	892a                	mv	s2,a0
    3d40:	b719                	j	3c46 <__ieee754_rem_pio2f+0x204>
    3d42:	534030ef          	jal	ra,7276 <__addsf3>
    3d46:	3fc917b7          	lui	a5,0x3fc91
    3d4a:	fd078793          	addi	a5,a5,-48 # 3fc90fd0 <_eusrstack+0x1fc8bfd0>
    3d4e:	892a                	mv	s2,a0
    3d50:	02f40463          	beq	s0,a5,3d78 <__ieee754_rem_pio2f+0x336>
    3d54:	00007417          	auipc	s0,0x7
    3d58:	7c440413          	addi	s0,s0,1988 # b518 <OLED_F8x16+0x690>
    3d5c:	400c                	lw	a1,0(s0)
    3d5e:	5bfd                	li	s7,-1
    3d60:	516030ef          	jal	ra,7276 <__addsf3>
    3d64:	85aa                	mv	a1,a0
    3d66:	c088                	sw	a0,0(s1)
    3d68:	854a                	mv	a0,s2
    3d6a:	72b030ef          	jal	ra,7c94 <__subsf3>
    3d6e:	400c                	lw	a1,0(s0)
    3d70:	506030ef          	jal	ra,7276 <__addsf3>
    3d74:	c0c8                	sw	a0,4(s1)
    3d76:	b3a1                	j	3abe <__ieee754_rem_pio2f+0x7c>
    3d78:	00007797          	auipc	a5,0x7
    3d7c:	7a478793          	addi	a5,a5,1956 # b51c <OLED_F8x16+0x694>
    3d80:	438c                	lw	a1,0(a5)
    3d82:	00007417          	auipc	s0,0x7
    3d86:	79e40413          	addi	s0,s0,1950 # b520 <OLED_F8x16+0x698>
    3d8a:	5bfd                	li	s7,-1
    3d8c:	4ea030ef          	jal	ra,7276 <__addsf3>
    3d90:	892a                	mv	s2,a0
    3d92:	400c                	lw	a1,0(s0)
    3d94:	b7f1                	j	3d60 <__ieee754_rem_pio2f+0x31e>

00003d96 <__ieee754_sqrtf>:
    3d96:	1141                	addi	sp,sp,-16
    3d98:	00151793          	slli	a5,a0,0x1
    3d9c:	c422                	sw	s0,8(sp)
    3d9e:	c606                	sw	ra,12(sp)
    3da0:	8385                	srli	a5,a5,0x1
    3da2:	7f800737          	lui	a4,0x7f800
    3da6:	842a                	mv	s0,a0
    3da8:	85aa                	mv	a1,a0
    3daa:	08e7f863          	bgeu	a5,a4,3e3a <__ieee754_sqrtf+0xa4>
    3dae:	c3c9                	beqz	a5,3e30 <__ieee754_sqrtf+0x9a>
    3db0:	87aa                	mv	a5,a0
    3db2:	0a054263          	bltz	a0,3e56 <__ieee754_sqrtf+0xc0>
    3db6:	8f69                	and	a4,a4,a0
    3db8:	41755693          	srai	a3,a0,0x17
    3dbc:	e305                	bnez	a4,3ddc <__ieee754_sqrtf+0x46>
    3dbe:	00851713          	slli	a4,a0,0x8
    3dc2:	0a074563          	bltz	a4,3e6c <__ieee754_sqrtf+0xd6>
    3dc6:	4701                	li	a4,0
    3dc8:	a011                	j	3dcc <__ieee754_sqrtf+0x36>
    3dca:	8732                	mv	a4,a2
    3dcc:	0786                	slli	a5,a5,0x1
    3dce:	00879593          	slli	a1,a5,0x8
    3dd2:	00170613          	addi	a2,a4,1 # 7f800001 <_eusrstack+0x5f7fb001>
    3dd6:	fe05dae3          	bgez	a1,3dca <__ieee754_sqrtf+0x34>
    3dda:	8e99                	sub	a3,a3,a4
    3ddc:	00800737          	lui	a4,0x800
    3de0:	fff70613          	addi	a2,a4,-1 # 7fffff <_data_lma+0x7f417f>
    3de4:	8ff1                	and	a5,a5,a2
    3de6:	f8168693          	addi	a3,a3,-127 # 7fffff81 <_eusrstack+0x5fffaf81>
    3dea:	8f5d                	or	a4,a4,a5
    3dec:	0016f613          	andi	a2,a3,1
    3df0:	00171793          	slli	a5,a4,0x1
    3df4:	ee31                	bnez	a2,3e50 <__ieee754_sqrtf+0xba>
    3df6:	4016d813          	srai	a6,a3,0x1
    3dfa:	4501                	li	a0,0
    3dfc:	46e5                	li	a3,25
    3dfe:	4581                	li	a1,0
    3e00:	01000737          	lui	a4,0x1000
    3e04:	00e58633          	add	a2,a1,a4
    3e08:	16fd                	addi	a3,a3,-1
    3e0a:	00c7c663          	blt	a5,a2,3e16 <__ieee754_sqrtf+0x80>
    3e0e:	00e605b3          	add	a1,a2,a4
    3e12:	8f91                	sub	a5,a5,a2
    3e14:	953a                	add	a0,a0,a4
    3e16:	0786                	slli	a5,a5,0x1
    3e18:	8305                	srli	a4,a4,0x1
    3e1a:	f6ed                	bnez	a3,3e04 <__ieee754_sqrtf+0x6e>
    3e1c:	c399                	beqz	a5,3e22 <__ieee754_sqrtf+0x8c>
    3e1e:	0505                	addi	a0,a0,1
    3e20:	9979                	andi	a0,a0,-2
    3e22:	8505                	srai	a0,a0,0x1
    3e24:	3f0005b7          	lui	a1,0x3f000
    3e28:	95aa                	add	a1,a1,a0
    3e2a:	01781693          	slli	a3,a6,0x17
    3e2e:	95b6                	add	a1,a1,a3
    3e30:	40b2                	lw	ra,12(sp)
    3e32:	4422                	lw	s0,8(sp)
    3e34:	852e                	mv	a0,a1
    3e36:	0141                	addi	sp,sp,16
    3e38:	8082                	ret
    3e3a:	3c7030ef          	jal	ra,7a00 <__mulsf3>
    3e3e:	85a2                	mv	a1,s0
    3e40:	436030ef          	jal	ra,7276 <__addsf3>
    3e44:	40b2                	lw	ra,12(sp)
    3e46:	4422                	lw	s0,8(sp)
    3e48:	85aa                	mv	a1,a0
    3e4a:	852e                	mv	a0,a1
    3e4c:	0141                	addi	sp,sp,16
    3e4e:	8082                	ret
    3e50:	00271793          	slli	a5,a4,0x2
    3e54:	b74d                	j	3df6 <__ieee754_sqrtf+0x60>
    3e56:	63f030ef          	jal	ra,7c94 <__subsf3>
    3e5a:	85aa                	mv	a1,a0
    3e5c:	784030ef          	jal	ra,75e0 <__divsf3>
    3e60:	40b2                	lw	ra,12(sp)
    3e62:	4422                	lw	s0,8(sp)
    3e64:	85aa                	mv	a1,a0
    3e66:	852e                	mv	a0,a1
    3e68:	0141                	addi	sp,sp,16
    3e6a:	8082                	ret
    3e6c:	577d                	li	a4,-1
    3e6e:	8e99                	sub	a3,a3,a4
    3e70:	b7b5                	j	3ddc <__ieee754_sqrtf+0x46>

00003e72 <__kernel_cosf>:
    3e72:	1101                	addi	sp,sp,-32
    3e74:	ca26                	sw	s1,20(sp)
    3e76:	00151493          	slli	s1,a0,0x1
    3e7a:	c84a                	sw	s2,16(sp)
    3e7c:	c64e                	sw	s3,12(sp)
    3e7e:	ce06                	sw	ra,28(sp)
    3e80:	cc22                	sw	s0,24(sp)
    3e82:	c452                	sw	s4,8(sp)
    3e84:	c256                	sw	s5,4(sp)
    3e86:	8085                	srli	s1,s1,0x1
    3e88:	320007b7          	lui	a5,0x32000
    3e8c:	892a                	mv	s2,a0
    3e8e:	89ae                	mv	s3,a1
    3e90:	0cf4d863          	bge	s1,a5,3f60 <__kernel_cosf+0xee>
    3e94:	1c4040ef          	jal	ra,8058 <__fixsfsi>
    3e98:	1c050e63          	beqz	a0,4074 <__kernel_cosf+0x202>
    3e9c:	85ca                	mv	a1,s2
    3e9e:	854a                	mv	a0,s2
    3ea0:	361030ef          	jal	ra,7a00 <__mulsf3>
    3ea4:	00008797          	auipc	a5,0x8
    3ea8:	a3078793          	addi	a5,a5,-1488 # b8d4 <two_over_pi+0x320>
    3eac:	438c                	lw	a1,0(a5)
    3eae:	842a                	mv	s0,a0
    3eb0:	351030ef          	jal	ra,7a00 <__mulsf3>
    3eb4:	00008797          	auipc	a5,0x8
    3eb8:	a2478793          	addi	a5,a5,-1500 # b8d8 <two_over_pi+0x324>
    3ebc:	438c                	lw	a1,0(a5)
    3ebe:	3b8030ef          	jal	ra,7276 <__addsf3>
    3ec2:	85a2                	mv	a1,s0
    3ec4:	33d030ef          	jal	ra,7a00 <__mulsf3>
    3ec8:	00008797          	auipc	a5,0x8
    3ecc:	a1478793          	addi	a5,a5,-1516 # b8dc <two_over_pi+0x328>
    3ed0:	438c                	lw	a1,0(a5)
    3ed2:	5c3030ef          	jal	ra,7c94 <__subsf3>
    3ed6:	85a2                	mv	a1,s0
    3ed8:	329030ef          	jal	ra,7a00 <__mulsf3>
    3edc:	00008797          	auipc	a5,0x8
    3ee0:	a0478793          	addi	a5,a5,-1532 # b8e0 <two_over_pi+0x32c>
    3ee4:	438c                	lw	a1,0(a5)
    3ee6:	390030ef          	jal	ra,7276 <__addsf3>
    3eea:	85a2                	mv	a1,s0
    3eec:	315030ef          	jal	ra,7a00 <__mulsf3>
    3ef0:	00008797          	auipc	a5,0x8
    3ef4:	9f478793          	addi	a5,a5,-1548 # b8e4 <two_over_pi+0x330>
    3ef8:	438c                	lw	a1,0(a5)
    3efa:	59b030ef          	jal	ra,7c94 <__subsf3>
    3efe:	85a2                	mv	a1,s0
    3f00:	301030ef          	jal	ra,7a00 <__mulsf3>
    3f04:	00008797          	auipc	a5,0x8
    3f08:	9e478793          	addi	a5,a5,-1564 # b8e8 <two_over_pi+0x334>
    3f0c:	438c                	lw	a1,0(a5)
    3f0e:	368030ef          	jal	ra,7276 <__addsf3>
    3f12:	85a2                	mv	a1,s0
    3f14:	2ed030ef          	jal	ra,7a00 <__mulsf3>
    3f18:	8a2a                	mv	s4,a0
    3f1a:	00007797          	auipc	a5,0x7
    3f1e:	eca78793          	addi	a5,a5,-310 # ade4 <__trunctfdf2+0x226>
    3f22:	438c                	lw	a1,0(a5)
    3f24:	8522                	mv	a0,s0
    3f26:	2db030ef          	jal	ra,7a00 <__mulsf3>
    3f2a:	84aa                	mv	s1,a0
    3f2c:	85d2                	mv	a1,s4
    3f2e:	8522                	mv	a0,s0
    3f30:	2d1030ef          	jal	ra,7a00 <__mulsf3>
    3f34:	842a                	mv	s0,a0
    3f36:	85ce                	mv	a1,s3
    3f38:	854a                	mv	a0,s2
    3f3a:	2c7030ef          	jal	ra,7a00 <__mulsf3>
    3f3e:	85aa                	mv	a1,a0
    3f40:	8522                	mv	a0,s0
    3f42:	553030ef          	jal	ra,7c94 <__subsf3>
    3f46:	85aa                	mv	a1,a0
    3f48:	8526                	mv	a0,s1
    3f4a:	54b030ef          	jal	ra,7c94 <__subsf3>
    3f4e:	00007797          	auipc	a5,0x7
    3f52:	55e78793          	addi	a5,a5,1374 # b4ac <OLED_F8x16+0x624>
    3f56:	85aa                	mv	a1,a0
    3f58:	4388                	lw	a0,0(a5)
    3f5a:	53b030ef          	jal	ra,7c94 <__subsf3>
    3f5e:	a0f5                	j	404a <__kernel_cosf+0x1d8>
    3f60:	85aa                	mv	a1,a0
    3f62:	29f030ef          	jal	ra,7a00 <__mulsf3>
    3f66:	00008797          	auipc	a5,0x8
    3f6a:	96e78793          	addi	a5,a5,-1682 # b8d4 <two_over_pi+0x320>
    3f6e:	438c                	lw	a1,0(a5)
    3f70:	842a                	mv	s0,a0
    3f72:	28f030ef          	jal	ra,7a00 <__mulsf3>
    3f76:	00008797          	auipc	a5,0x8
    3f7a:	96278793          	addi	a5,a5,-1694 # b8d8 <two_over_pi+0x324>
    3f7e:	438c                	lw	a1,0(a5)
    3f80:	2f6030ef          	jal	ra,7276 <__addsf3>
    3f84:	85a2                	mv	a1,s0
    3f86:	27b030ef          	jal	ra,7a00 <__mulsf3>
    3f8a:	00008797          	auipc	a5,0x8
    3f8e:	95278793          	addi	a5,a5,-1710 # b8dc <two_over_pi+0x328>
    3f92:	438c                	lw	a1,0(a5)
    3f94:	501030ef          	jal	ra,7c94 <__subsf3>
    3f98:	85a2                	mv	a1,s0
    3f9a:	267030ef          	jal	ra,7a00 <__mulsf3>
    3f9e:	00008797          	auipc	a5,0x8
    3fa2:	94278793          	addi	a5,a5,-1726 # b8e0 <two_over_pi+0x32c>
    3fa6:	438c                	lw	a1,0(a5)
    3fa8:	2ce030ef          	jal	ra,7276 <__addsf3>
    3fac:	85a2                	mv	a1,s0
    3fae:	253030ef          	jal	ra,7a00 <__mulsf3>
    3fb2:	00008797          	auipc	a5,0x8
    3fb6:	93278793          	addi	a5,a5,-1742 # b8e4 <two_over_pi+0x330>
    3fba:	438c                	lw	a1,0(a5)
    3fbc:	4d9030ef          	jal	ra,7c94 <__subsf3>
    3fc0:	85a2                	mv	a1,s0
    3fc2:	23f030ef          	jal	ra,7a00 <__mulsf3>
    3fc6:	00008797          	auipc	a5,0x8
    3fca:	92278793          	addi	a5,a5,-1758 # b8e8 <two_over_pi+0x334>
    3fce:	438c                	lw	a1,0(a5)
    3fd0:	2a6030ef          	jal	ra,7276 <__addsf3>
    3fd4:	85a2                	mv	a1,s0
    3fd6:	22b030ef          	jal	ra,7a00 <__mulsf3>
    3fda:	3e99a7b7          	lui	a5,0x3e99a
    3fde:	99978793          	addi	a5,a5,-1639 # 3e999999 <_eusrstack+0x1e994999>
    3fe2:	8a2a                	mv	s4,a0
    3fe4:	f297dbe3          	bge	a5,s1,3f1a <__kernel_cosf+0xa8>
    3fe8:	3f4807b7          	lui	a5,0x3f480
    3fec:	0697c863          	blt	a5,s1,405c <__kernel_cosf+0x1ea>
    3ff0:	00007797          	auipc	a5,0x7
    3ff4:	4bc78793          	addi	a5,a5,1212 # b4ac <OLED_F8x16+0x624>
    3ff8:	4388                	lw	a0,0(a5)
    3ffa:	ff0007b7          	lui	a5,0xff000
    3ffe:	94be                	add	s1,s1,a5
    4000:	85a6                	mv	a1,s1
    4002:	493030ef          	jal	ra,7c94 <__subsf3>
    4006:	8aaa                	mv	s5,a0
    4008:	00007797          	auipc	a5,0x7
    400c:	ddc78793          	addi	a5,a5,-548 # ade4 <__trunctfdf2+0x226>
    4010:	438c                	lw	a1,0(a5)
    4012:	8522                	mv	a0,s0
    4014:	1ed030ef          	jal	ra,7a00 <__mulsf3>
    4018:	85a6                	mv	a1,s1
    401a:	47b030ef          	jal	ra,7c94 <__subsf3>
    401e:	84aa                	mv	s1,a0
    4020:	85d2                	mv	a1,s4
    4022:	8522                	mv	a0,s0
    4024:	1dd030ef          	jal	ra,7a00 <__mulsf3>
    4028:	842a                	mv	s0,a0
    402a:	85ce                	mv	a1,s3
    402c:	854a                	mv	a0,s2
    402e:	1d3030ef          	jal	ra,7a00 <__mulsf3>
    4032:	85aa                	mv	a1,a0
    4034:	8522                	mv	a0,s0
    4036:	45f030ef          	jal	ra,7c94 <__subsf3>
    403a:	85aa                	mv	a1,a0
    403c:	8526                	mv	a0,s1
    403e:	457030ef          	jal	ra,7c94 <__subsf3>
    4042:	85aa                	mv	a1,a0
    4044:	8556                	mv	a0,s5
    4046:	44f030ef          	jal	ra,7c94 <__subsf3>
    404a:	40f2                	lw	ra,28(sp)
    404c:	4462                	lw	s0,24(sp)
    404e:	44d2                	lw	s1,20(sp)
    4050:	4942                	lw	s2,16(sp)
    4052:	49b2                	lw	s3,12(sp)
    4054:	4a22                	lw	s4,8(sp)
    4056:	4a92                	lw	s5,4(sp)
    4058:	6105                	addi	sp,sp,32
    405a:	8082                	ret
    405c:	00008797          	auipc	a5,0x8
    4060:	87078793          	addi	a5,a5,-1936 # b8cc <two_over_pi+0x318>
    4064:	0007aa83          	lw	s5,0(a5)
    4068:	00008797          	auipc	a5,0x8
    406c:	86878793          	addi	a5,a5,-1944 # b8d0 <two_over_pi+0x31c>
    4070:	4384                	lw	s1,0(a5)
    4072:	bf59                	j	4008 <__kernel_cosf+0x196>
    4074:	00007797          	auipc	a5,0x7
    4078:	43878793          	addi	a5,a5,1080 # b4ac <OLED_F8x16+0x624>
    407c:	4388                	lw	a0,0(a5)
    407e:	b7f1                	j	404a <__kernel_cosf+0x1d8>

00004080 <__kernel_rem_pio2f>:
    4080:	7121                	addi	sp,sp,-448
    4082:	00271813          	slli	a6,a4,0x2
    4086:	da3a                	sw	a4,52(sp)
    4088:	00008717          	auipc	a4,0x8
    408c:	8a070713          	addi	a4,a4,-1888 # b928 <init_jk>
    4090:	1b312623          	sw	s3,428(sp)
    4094:	1b612023          	sw	s6,416(sp)
    4098:	89b6                	mv	s3,a3
    409a:	19712e23          	sw	s7,412(sp)
    409e:	9742                	add	a4,a4,a6
    40a0:	1a112e23          	sw	ra,444(sp)
    40a4:	1a812c23          	sw	s0,440(sp)
    40a8:	1a912a23          	sw	s1,436(sp)
    40ac:	1b212823          	sw	s2,432(sp)
    40b0:	1b412423          	sw	s4,424(sp)
    40b4:	1b512223          	sw	s5,420(sp)
    40b8:	19812c23          	sw	s8,408(sp)
    40bc:	19912a23          	sw	s9,404(sp)
    40c0:	19a12823          	sw	s10,400(sp)
    40c4:	19b12623          	sw	s11,396(sp)
    40c8:	de32                	sw	a2,60(sp)
    40ca:	56f1                	li	a3,-4
    40cc:	ce2a                	sw	a0,28(sp)
    40ce:	d82e                	sw	a1,48(sp)
    40d0:	d03e                	sw	a5,32(sp)
    40d2:	00072b03          	lw	s6,0(a4)
    40d6:	fff98b93          	addi	s7,s3,-1
    40da:	6ed64163          	blt	a2,a3,47bc <__kernel_rem_pio2f+0x73c>
    40de:	ffd60713          	addi	a4,a2,-3 # 7f7ffffd <_eusrstack+0x5f7faffd>
    40e2:	41f75793          	srai	a5,a4,0x1f
    40e6:	8b9d                	andi	a5,a5,7
    40e8:	97ba                	add	a5,a5,a4
    40ea:	878d                	srai	a5,a5,0x3
    40ec:	cc3e                	sw	a5,24(sp)
    40ee:	0785                	addi	a5,a5,1
    40f0:	078e                	slli	a5,a5,0x3
    40f2:	dc3e                	sw	a5,56(sp)
    40f4:	4762                	lw	a4,24(sp)
    40f6:	56e2                	lw	a3,56(sp)
    40f8:	017b07b3          	add	a5,s6,s7
    40fc:	41770433          	sub	s0,a4,s7
    4100:	5772                	lw	a4,60(sp)
    4102:	00178913          	addi	s2,a5,1
    4106:	0904                	addi	s1,sp,144
    4108:	8f15                	sub	a4,a4,a3
    410a:	c63a                	sw	a4,12(sp)
    410c:	9922                	add	s2,s2,s0
    410e:	0207c263          	bltz	a5,4132 <__kernel_rem_pio2f+0xb2>
    4112:	5a02                	lw	s4,32(sp)
    4114:	00241793          	slli	a5,s0,0x2
    4118:	97d2                	add	a5,a5,s4
    411a:	00000513          	li	a0,0
    411e:	00044563          	bltz	s0,4128 <__kernel_rem_pio2f+0xa8>
    4122:	4388                	lw	a0,0(a5)
    4124:	797030ef          	jal	ra,80ba <__floatsisf>
    4128:	c088                	sw	a0,0(s1)
    412a:	0405                	addi	s0,s0,1
    412c:	0491                	addi	s1,s1,4
    412e:	ff2413e3          	bne	s0,s2,4114 <__kernel_rem_pio2f+0x94>
    4132:	002b1c13          	slli	s8,s6,0x2
    4136:	040b4b63          	bltz	s6,418c <__kernel_rem_pio2f+0x10c>
    413a:	4df2                	lw	s11,28(sp)
    413c:	002b9913          	slli	s2,s7,0x2
    4140:	091c                	addi	a5,sp,144
    4142:	00490413          	addi	s0,s2,4
    4146:	002b1c13          	slli	s8,s6,0x2
    414a:	993e                	add	s2,s2,a5
    414c:	1a5c                	addi	a5,sp,308
    414e:	1a04                	addi	s1,sp,304
    4150:	01878a33          	add	s4,a5,s8
    4154:	946e                	add	s0,s0,s11
    4156:	8cca                	mv	s9,s2
    4158:	8aee                	mv	s5,s11
    415a:	00000d13          	li	s10,0
    415e:	020bc163          	bltz	s7,4180 <__kernel_rem_pio2f+0x100>
    4162:	000ca583          	lw	a1,0(s9)
    4166:	000aa503          	lw	a0,0(s5)
    416a:	0a91                	addi	s5,s5,4
    416c:	1cf1                	addi	s9,s9,-4
    416e:	093030ef          	jal	ra,7a00 <__mulsf3>
    4172:	85aa                	mv	a1,a0
    4174:	856a                	mv	a0,s10
    4176:	100030ef          	jal	ra,7276 <__addsf3>
    417a:	8d2a                	mv	s10,a0
    417c:	fe8a93e3          	bne	s5,s0,4162 <__kernel_rem_pio2f+0xe2>
    4180:	01a4a023          	sw	s10,0(s1)
    4184:	0491                	addi	s1,s1,4
    4186:	0911                	addi	s2,s2,4
    4188:	fd4497e3          	bne	s1,s4,4156 <__kernel_rem_pio2f+0xd6>
    418c:	1874                	addi	a3,sp,60
    418e:	ff8c0713          	addi	a4,s8,-8
    4192:	9c36                	add	s8,s8,a3
    4194:	0094                	addi	a3,sp,64
    4196:	9736                	add	a4,a4,a3
    4198:	d43a                	sw	a4,40(sp)
    419a:	4772                	lw	a4,28(sp)
    419c:	00299413          	slli	s0,s3,0x2
    41a0:	46b2                	lw	a3,12(sp)
    41a2:	943a                	add	s0,s0,a4
    41a4:	40000737          	lui	a4,0x40000
    41a8:	177d                	addi	a4,a4,-1
    41aa:	c43a                	sw	a4,8(sp)
    41ac:	4721                	li	a4,8
    41ae:	8f15                	sub	a4,a4,a3
    41b0:	fffb0793          	addi	a5,s6,-1
    41b4:	078a                	slli	a5,a5,0x2
    41b6:	d63a                	sw	a4,44(sp)
    41b8:	0318                	addi	a4,sp,384
    41ba:	97ba                	add	a5,a5,a4
    41bc:	84da                	mv	s1,s6
    41be:	13010a93          	addi	s5,sp,304
    41c2:	d23e                	sw	a5,36(sp)
    41c4:	ca5a                	sw	s6,20(sp)
    41c6:	00249d13          	slli	s10,s1,0x2
    41ca:	031c                	addi	a5,sp,384
    41cc:	97ea                	add	a5,a5,s10
    41ce:	fb07ad83          	lw	s11,-80(a5)
    41d2:	06905663          	blez	s1,423e <__kernel_rem_pio2f+0x1be>
    41d6:	47a2                	lw	a5,8(sp)
    41d8:	00007717          	auipc	a4,0x7
    41dc:	74470713          	addi	a4,a4,1860 # b91c <PIo2+0x30>
    41e0:	00072b03          	lw	s6,0(a4)
    41e4:	00f48933          	add	s2,s1,a5
    41e8:	090a                	slli	s2,s2,0x2
    41ea:	00007717          	auipc	a4,0x7
    41ee:	34670713          	addi	a4,a4,838 # b530 <OLED_F8x16+0x6a8>
    41f2:	9956                	add	s2,s2,s5
    41f4:	04010993          	addi	s3,sp,64
    41f8:	00072a03          	lw	s4,0(a4)
    41fc:	a011                	j	4200 <__kernel_rem_pio2f+0x180>
    41fe:	893e                	mv	s2,a5
    4200:	85da                	mv	a1,s6
    4202:	856e                	mv	a0,s11
    4204:	7fc030ef          	jal	ra,7a00 <__mulsf3>
    4208:	651030ef          	jal	ra,8058 <__fixsfsi>
    420c:	6af030ef          	jal	ra,80ba <__floatsisf>
    4210:	85d2                	mv	a1,s4
    4212:	8caa                	mv	s9,a0
    4214:	7ec030ef          	jal	ra,7a00 <__mulsf3>
    4218:	85aa                	mv	a1,a0
    421a:	856e                	mv	a0,s11
    421c:	279030ef          	jal	ra,7c94 <__subsf3>
    4220:	639030ef          	jal	ra,8058 <__fixsfsi>
    4224:	00092583          	lw	a1,0(s2)
    4228:	00a9a023          	sw	a0,0(s3)
    422c:	8566                	mv	a0,s9
    422e:	048030ef          	jal	ra,7276 <__addsf3>
    4232:	8daa                	mv	s11,a0
    4234:	ffc90793          	addi	a5,s2,-4
    4238:	0991                	addi	s3,s3,4
    423a:	fd2a92e3          	bne	s5,s2,41fe <__kernel_rem_pio2f+0x17e>
    423e:	4b32                	lw	s6,12(sp)
    4240:	856e                	mv	a0,s11
    4242:	85da                	mv	a1,s6
    4244:	2ab000ef          	jal	ra,4cee <scalbnf>
    4248:	00007797          	auipc	a5,0x7
    424c:	6d878793          	addi	a5,a5,1752 # b920 <PIo2+0x34>
    4250:	438c                	lw	a1,0(a5)
    4252:	892a                	mv	s2,a0
    4254:	7ac030ef          	jal	ra,7a00 <__mulsf3>
    4258:	1cb000ef          	jal	ra,4c22 <floorf>
    425c:	00007797          	auipc	a5,0x7
    4260:	6c878793          	addi	a5,a5,1736 # b924 <PIo2+0x38>
    4264:	438c                	lw	a1,0(a5)
    4266:	79a030ef          	jal	ra,7a00 <__mulsf3>
    426a:	85aa                	mv	a1,a0
    426c:	854a                	mv	a0,s2
    426e:	227030ef          	jal	ra,7c94 <__subsf3>
    4272:	892a                	mv	s2,a0
    4274:	5e5030ef          	jal	ra,8058 <__fixsfsi>
    4278:	89aa                	mv	s3,a0
    427a:	641030ef          	jal	ra,80ba <__floatsisf>
    427e:	85aa                	mv	a1,a0
    4280:	854a                	mv	a0,s2
    4282:	213030ef          	jal	ra,7c94 <__subsf3>
    4286:	8a2a                	mv	s4,a0
    4288:	11605563          	blez	s6,4392 <__kernel_rem_pio2f+0x312>
    428c:	fff48793          	addi	a5,s1,-1
    4290:	0318                	addi	a4,sp,384
    4292:	078a                	slli	a5,a5,0x2
    4294:	97ba                	add	a5,a5,a4
    4296:	ec07a903          	lw	s2,-320(a5)
    429a:	5632                	lw	a2,44(sp)
    429c:	471d                	li	a4,7
    429e:	41670733          	sub	a4,a4,s6
    42a2:	40c956b3          	sra	a3,s2,a2
    42a6:	00c69633          	sll	a2,a3,a2
    42aa:	40c90933          	sub	s2,s2,a2
    42ae:	ed27a023          	sw	s2,-320(a5)
    42b2:	40e95933          	sra	s2,s2,a4
    42b6:	99b6                	add	s3,s3,a3
    42b8:	0f204b63          	bgtz	s2,43ae <__kernel_rem_pio2f+0x32e>
    42bc:	00000593          	li	a1,0
    42c0:	8552                	mv	a0,s4
    42c2:	5d0030ef          	jal	ra,7892 <__eqsf2>
    42c6:	16051f63          	bnez	a0,4444 <__kernel_rem_pio2f+0x3c4>
    42ca:	47d2                	lw	a5,20(sp)
    42cc:	fff48a13          	addi	s4,s1,-1
    42d0:	00fa4f63          	blt	s4,a5,42ee <__kernel_rem_pio2f+0x26e>
    42d4:	47a2                	lw	a5,8(sp)
    42d6:	0098                	addi	a4,sp,64
    42d8:	97a6                	add	a5,a5,s1
    42da:	078a                	slli	a5,a5,0x2
    42dc:	97ba                	add	a5,a5,a4
    42de:	4701                	li	a4,0
    42e0:	4394                	lw	a3,0(a5)
    42e2:	17f1                	addi	a5,a5,-4
    42e4:	8f55                	or	a4,a4,a3
    42e6:	ff879de3          	bne	a5,s8,42e0 <__kernel_rem_pio2f+0x260>
    42ea:	2c071063          	bnez	a4,45aa <__kernel_rem_pio2f+0x52a>
    42ee:	5792                	lw	a5,36(sp)
    42f0:	ec07a783          	lw	a5,-320(a5)
    42f4:	2a079663          	bnez	a5,45a0 <__kernel_rem_pio2f+0x520>
    42f8:	57a2                	lw	a5,40(sp)
    42fa:	4705                	li	a4,1
    42fc:	17f1                	addi	a5,a5,-4
    42fe:	43d4                	lw	a3,4(a5)
    4300:	0705                	addi	a4,a4,1
    4302:	deed                	beqz	a3,42fc <__kernel_rem_pio2f+0x27c>
    4304:	00148793          	addi	a5,s1,1
    4308:	8b3e                	mv	s6,a5
    430a:	94ba                	add	s1,s1,a4
    430c:	4762                	lw	a4,24(sp)
    430e:	00fb8933          	add	s2,s7,a5
    4312:	4df2                	lw	s11,28(sp)
    4314:	00f70a33          	add	s4,a4,a5
    4318:	4722                	lw	a4,8(sp)
    431a:	078a                	slli	a5,a5,0x2
    431c:	0a0a                	slli	s4,s4,0x2
    431e:	993a                	add	s2,s2,a4
    4320:	5702                	lw	a4,32(sp)
    4322:	090a                	slli	s2,s2,0x2
    4324:	00fa89b3          	add	s3,s5,a5
    4328:	091c                	addi	a5,sp,144
    432a:	9a3a                	add	s4,s4,a4
    432c:	993e                	add	s2,s2,a5
    432e:	c862                	sw	s8,16(sp)
    4330:	000a2503          	lw	a0,0(s4)
    4334:	587030ef          	jal	ra,80ba <__floatsisf>
    4338:	00a92223          	sw	a0,4(s2)
    433c:	040bc063          	bltz	s7,437c <__kernel_rem_pio2f+0x2fc>
    4340:	8d4a                	mv	s10,s2
    4342:	8cee                	mv	s9,s11
    4344:	00000c13          	li	s8,0
    4348:	a021                	j	4350 <__kernel_rem_pio2f+0x2d0>
    434a:	000d2503          	lw	a0,0(s10)
    434e:	1d71                	addi	s10,s10,-4
    4350:	000ca583          	lw	a1,0(s9)
    4354:	0c91                	addi	s9,s9,4
    4356:	6aa030ef          	jal	ra,7a00 <__mulsf3>
    435a:	85aa                	mv	a1,a0
    435c:	8562                	mv	a0,s8
    435e:	719020ef          	jal	ra,7276 <__addsf3>
    4362:	8c2a                	mv	s8,a0
    4364:	fe8c93e3          	bne	s9,s0,434a <__kernel_rem_pio2f+0x2ca>
    4368:	0189a023          	sw	s8,0(s3)
    436c:	0b05                	addi	s6,s6,1
    436e:	0a11                	addi	s4,s4,4
    4370:	0991                	addi	s3,s3,4
    4372:	0911                	addi	s2,s2,4
    4374:	fb64dee3          	bge	s1,s6,4330 <__kernel_rem_pio2f+0x2b0>
    4378:	4c42                	lw	s8,16(sp)
    437a:	b5b1                	j	41c6 <__kernel_rem_pio2f+0x146>
    437c:	00000c13          	li	s8,0
    4380:	0189a023          	sw	s8,0(s3)
    4384:	0b05                	addi	s6,s6,1
    4386:	0a11                	addi	s4,s4,4
    4388:	0991                	addi	s3,s3,4
    438a:	0911                	addi	s2,s2,4
    438c:	fb64d2e3          	bge	s1,s6,4330 <__kernel_rem_pio2f+0x2b0>
    4390:	b7e5                	j	4378 <__kernel_rem_pio2f+0x2f8>
    4392:	47b2                	lw	a5,12(sp)
    4394:	1c079e63          	bnez	a5,4570 <__kernel_rem_pio2f+0x4f0>
    4398:	fff48793          	addi	a5,s1,-1
    439c:	078a                	slli	a5,a5,0x2
    439e:	0318                	addi	a4,sp,384
    43a0:	97ba                	add	a5,a5,a4
    43a2:	ec07a903          	lw	s2,-320(a5)
    43a6:	40895913          	srai	s2,s2,0x8
    43aa:	f12059e3          	blez	s2,42bc <__kernel_rem_pio2f+0x23c>
    43ae:	0985                	addi	s3,s3,1
    43b0:	40905a63          	blez	s1,47c4 <__kernel_rem_pio2f+0x744>
    43b4:	4b06                	lw	s6,64(sp)
    43b6:	4785                	li	a5,1
    43b8:	160b1b63          	bnez	s6,452e <__kernel_rem_pio2f+0x4ae>
    43bc:	00f48e63          	beq	s1,a5,43d8 <__kernel_rem_pio2f+0x358>
    43c0:	00d4                	addi	a3,sp,68
    43c2:	4705                	li	a4,1
    43c4:	0006ab03          	lw	s6,0(a3)
    43c8:	00170793          	addi	a5,a4,1
    43cc:	0691                	addi	a3,a3,4
    43ce:	160b1163          	bnez	s6,4530 <__kernel_rem_pio2f+0x4b0>
    43d2:	873e                	mv	a4,a5
    43d4:	fef498e3          	bne	s1,a5,43c4 <__kernel_rem_pio2f+0x344>
    43d8:	4732                	lw	a4,12(sp)
    43da:	02e05363          	blez	a4,4400 <__kernel_rem_pio2f+0x380>
    43de:	4785                	li	a5,1
    43e0:	3cf70263          	beq	a4,a5,47a4 <__kernel_rem_pio2f+0x724>
    43e4:	4789                	li	a5,2
    43e6:	00f71d63          	bne	a4,a5,4400 <__kernel_rem_pio2f+0x380>
    43ea:	fff48793          	addi	a5,s1,-1
    43ee:	0318                	addi	a4,sp,384
    43f0:	078a                	slli	a5,a5,0x2
    43f2:	97ba                	add	a5,a5,a4
    43f4:	ec07a703          	lw	a4,-320(a5)
    43f8:	03f77713          	andi	a4,a4,63
    43fc:	ece7a023          	sw	a4,-320(a5)
    4400:	4789                	li	a5,2
    4402:	eaf91de3          	bne	s2,a5,42bc <__kernel_rem_pio2f+0x23c>
    4406:	00007797          	auipc	a5,0x7
    440a:	0a678793          	addi	a5,a5,166 # b4ac <OLED_F8x16+0x624>
    440e:	4388                	lw	a0,0(a5)
    4410:	85d2                	mv	a1,s4
    4412:	083030ef          	jal	ra,7c94 <__subsf3>
    4416:	8a2a                	mv	s4,a0
    4418:	ea0b02e3          	beqz	s6,42bc <__kernel_rem_pio2f+0x23c>
    441c:	00007797          	auipc	a5,0x7
    4420:	09078793          	addi	a5,a5,144 # b4ac <OLED_F8x16+0x624>
    4424:	4388                	lw	a0,0(a5)
    4426:	45b2                	lw	a1,12(sp)
    4428:	0c7000ef          	jal	ra,4cee <scalbnf>
    442c:	85aa                	mv	a1,a0
    442e:	8552                	mv	a0,s4
    4430:	065030ef          	jal	ra,7c94 <__subsf3>
    4434:	8a2a                	mv	s4,a0
    4436:	00000593          	li	a1,0
    443a:	8552                	mv	a0,s4
    443c:	456030ef          	jal	ra,7892 <__eqsf2>
    4440:	e80505e3          	beqz	a0,42ca <__kernel_rem_pio2f+0x24a>
    4444:	57e2                	lw	a5,56(sp)
    4446:	5772                	lw	a4,60(sp)
    4448:	8552                	mv	a0,s4
    444a:	4b52                	lw	s6,20(sp)
    444c:	40e785b3          	sub	a1,a5,a4
    4450:	09f000ef          	jal	ra,4cee <scalbnf>
    4454:	00007797          	auipc	a5,0x7
    4458:	0dc78793          	addi	a5,a5,220 # b530 <OLED_F8x16+0x6a8>
    445c:	4380                	lw	s0,0(a5)
    445e:	8a2a                	mv	s4,a0
    4460:	85a2                	mv	a1,s0
    4462:	48c030ef          	jal	ra,78ee <__gesf2>
    4466:	3a054d63          	bltz	a0,4820 <__kernel_rem_pio2f+0x7a0>
    446a:	00007797          	auipc	a5,0x7
    446e:	4b278793          	addi	a5,a5,1202 # b91c <PIo2+0x30>
    4472:	438c                	lw	a1,0(a5)
    4474:	8552                	mv	a0,s4
    4476:	031c                	addi	a5,sp,384
    4478:	01a78bb3          	add	s7,a5,s10
    447c:	584030ef          	jal	ra,7a00 <__mulsf3>
    4480:	3d9030ef          	jal	ra,8058 <__fixsfsi>
    4484:	437030ef          	jal	ra,80ba <__floatsisf>
    4488:	85a2                	mv	a1,s0
    448a:	8aaa                	mv	s5,a0
    448c:	574030ef          	jal	ra,7a00 <__mulsf3>
    4490:	85aa                	mv	a1,a0
    4492:	8552                	mv	a0,s4
    4494:	001030ef          	jal	ra,7c94 <__subsf3>
    4498:	3c1030ef          	jal	ra,8058 <__fixsfsi>
    449c:	00148a13          	addi	s4,s1,1
    44a0:	031c                	addi	a5,sp,384
    44a2:	ecaba023          	sw	a0,-320(s7)
    44a6:	002a1413          	slli	s0,s4,0x2
    44aa:	8556                	mv	a0,s5
    44ac:	943e                	add	s0,s0,a5
    44ae:	3ab030ef          	jal	ra,8058 <__fixsfsi>
    44b2:	47b2                	lw	a5,12(sp)
    44b4:	eca42023          	sw	a0,-320(s0)
    44b8:	07a1                	addi	a5,a5,8
    44ba:	c63e                	sw	a5,12(sp)
    44bc:	00007797          	auipc	a5,0x7
    44c0:	ff078793          	addi	a5,a5,-16 # b4ac <OLED_F8x16+0x624>
    44c4:	4388                	lw	a0,0(a5)
    44c6:	45b2                	lw	a1,12(sp)
    44c8:	027000ef          	jal	ra,4cee <scalbnf>
    44cc:	8aaa                	mv	s5,a0
    44ce:	100a5f63          	bgez	s4,45ec <__kernel_rem_pio2f+0x56c>
    44d2:	5752                	lw	a4,52(sp)
    44d4:	4789                	li	a5,2
    44d6:	20e7c763          	blt	a5,a4,46e4 <__kernel_rem_pio2f+0x664>
    44da:	36e04f63          	bgtz	a4,4858 <__kernel_rem_pio2f+0x7d8>
    44de:	00000513          	li	a0,0
    44e2:	eb01                	bnez	a4,44f2 <__kernel_rem_pio2f+0x472>
    44e4:	00090563          	beqz	s2,44ee <__kernel_rem_pio2f+0x46e>
    44e8:	800007b7          	lui	a5,0x80000
    44ec:	8d3d                	xor	a0,a0,a5
    44ee:	57c2                	lw	a5,48(sp)
    44f0:	c388                	sw	a0,0(a5)
    44f2:	1bc12083          	lw	ra,444(sp)
    44f6:	1b812403          	lw	s0,440(sp)
    44fa:	0079f513          	andi	a0,s3,7
    44fe:	1b412483          	lw	s1,436(sp)
    4502:	1b012903          	lw	s2,432(sp)
    4506:	1ac12983          	lw	s3,428(sp)
    450a:	1a812a03          	lw	s4,424(sp)
    450e:	1a412a83          	lw	s5,420(sp)
    4512:	1a012b03          	lw	s6,416(sp)
    4516:	19c12b83          	lw	s7,412(sp)
    451a:	19812c03          	lw	s8,408(sp)
    451e:	19412c83          	lw	s9,404(sp)
    4522:	19012d03          	lw	s10,400(sp)
    4526:	18c12d83          	lw	s11,396(sp)
    452a:	6139                	addi	sp,sp,448
    452c:	8082                	ret
    452e:	4701                	li	a4,0
    4530:	0314                	addi	a3,sp,384
    4532:	070a                	slli	a4,a4,0x2
    4534:	9736                	add	a4,a4,a3
    4536:	10000693          	li	a3,256
    453a:	41668b33          	sub	s6,a3,s6
    453e:	ed672023          	sw	s6,-320(a4)
    4542:	0297d563          	bge	a5,s1,456c <__kernel_rem_pio2f+0x4ec>
    4546:	078a                	slli	a5,a5,0x2
    4548:	0318                	addi	a4,sp,384
    454a:	0094                	addi	a3,sp,64
    454c:	973e                	add	a4,a4,a5
    454e:	01a68633          	add	a2,a3,s10
    4552:	97b6                	add	a5,a5,a3
    4554:	ec072703          	lw	a4,-320(a4)
    4558:	0ff00693          	li	a3,255
    455c:	a011                	j	4560 <__kernel_rem_pio2f+0x4e0>
    455e:	4398                	lw	a4,0(a5)
    4560:	40e68733          	sub	a4,a3,a4
    4564:	c398                	sw	a4,0(a5)
    4566:	0791                	addi	a5,a5,4
    4568:	fec79be3          	bne	a5,a2,455e <__kernel_rem_pio2f+0x4de>
    456c:	4b05                	li	s6,1
    456e:	b5ad                	j	43d8 <__kernel_rem_pio2f+0x358>
    4570:	00007797          	auipc	a5,0x7
    4574:	87478793          	addi	a5,a5,-1932 # ade4 <__trunctfdf2+0x226>
    4578:	438c                	lw	a1,0(a5)
    457a:	4901                	li	s2,0
    457c:	372030ef          	jal	ra,78ee <__gesf2>
    4580:	d2054ee3          	bltz	a0,42bc <__kernel_rem_pio2f+0x23c>
    4584:	0985                	addi	s3,s3,1
    4586:	4909                	li	s2,2
    4588:	e29046e3          	bgtz	s1,43b4 <__kernel_rem_pio2f+0x334>
    458c:	00007797          	auipc	a5,0x7
    4590:	f2078793          	addi	a5,a5,-224 # b4ac <OLED_F8x16+0x624>
    4594:	4388                	lw	a0,0(a5)
    4596:	85d2                	mv	a1,s4
    4598:	6fc030ef          	jal	ra,7c94 <__subsf3>
    459c:	8a2a                	mv	s4,a0
    459e:	bb39                	j	42bc <__kernel_rem_pio2f+0x23c>
    45a0:	00148793          	addi	a5,s1,1
    45a4:	8b3e                	mv	s6,a5
    45a6:	84be                	mv	s1,a5
    45a8:	b395                	j	430c <__kernel_rem_pio2f+0x28c>
    45aa:	0318                	addi	a4,sp,384
    45ac:	002a1793          	slli	a5,s4,0x2
    45b0:	97ba                	add	a5,a5,a4
    45b2:	4732                	lw	a4,12(sp)
    45b4:	ec07a783          	lw	a5,-320(a5)
    45b8:	4b52                	lw	s6,20(sp)
    45ba:	1761                	addi	a4,a4,-8
    45bc:	c63a                	sw	a4,12(sp)
    45be:	ef81                	bnez	a5,45d6 <__kernel_rem_pio2f+0x556>
    45c0:	00249793          	slli	a5,s1,0x2
    45c4:	17e1                	addi	a5,a5,-8
    45c6:	0094                	addi	a3,sp,64
    45c8:	97b6                	add	a5,a5,a3
    45ca:	17f1                	addi	a5,a5,-4
    45cc:	43d4                	lw	a3,4(a5)
    45ce:	1a7d                	addi	s4,s4,-1
    45d0:	1761                	addi	a4,a4,-8
    45d2:	dee5                	beqz	a3,45ca <__kernel_rem_pio2f+0x54a>
    45d4:	c63a                	sw	a4,12(sp)
    45d6:	00007797          	auipc	a5,0x7
    45da:	ed678793          	addi	a5,a5,-298 # b4ac <OLED_F8x16+0x624>
    45de:	4388                	lw	a0,0(a5)
    45e0:	45b2                	lw	a1,12(sp)
    45e2:	70c000ef          	jal	ra,4cee <scalbnf>
    45e6:	8aaa                	mv	s5,a0
    45e8:	ee0a45e3          	bltz	s4,44d2 <__kernel_rem_pio2f+0x452>
    45ec:	002a1713          	slli	a4,s4,0x2
    45f0:	1a1c                	addi	a5,sp,304
    45f2:	00e784b3          	add	s1,a5,a4
    45f6:	0094                	addi	a3,sp,64
    45f8:	00007797          	auipc	a5,0x7
    45fc:	32478793          	addi	a5,a5,804 # b91c <PIo2+0x30>
    4600:	c43a                	sw	a4,8(sp)
    4602:	00e68d33          	add	s10,a3,a4
    4606:	8426                	mv	s0,s1
    4608:	0007ac83          	lw	s9,0(a5)
    460c:	a011                	j	4610 <__kernel_rem_pio2f+0x590>
    460e:	8d3e                	mv	s10,a5
    4610:	000d2503          	lw	a0,0(s10)
    4614:	1471                	addi	s0,s0,-4
    4616:	2a5030ef          	jal	ra,80ba <__floatsisf>
    461a:	85d6                	mv	a1,s5
    461c:	3e4030ef          	jal	ra,7a00 <__mulsf3>
    4620:	c048                	sw	a0,4(s0)
    4622:	85e6                	mv	a1,s9
    4624:	8556                	mv	a0,s5
    4626:	3da030ef          	jal	ra,7a00 <__mulsf3>
    462a:	0098                	addi	a4,sp,64
    462c:	8aaa                	mv	s5,a0
    462e:	ffcd0793          	addi	a5,s10,-4
    4632:	fda71ee3          	bne	a4,s10,460e <__kernel_rem_pio2f+0x58e>
    4636:	0e010c93          	addi	s9,sp,224
    463a:	8ae6                	mv	s5,s9
    463c:	4401                	li	s0,0
    463e:	040b4e63          	bltz	s6,469a <__kernel_rem_pio2f+0x61a>
    4642:	00007797          	auipc	a5,0x7
    4646:	2d678793          	addi	a5,a5,726 # b918 <PIo2+0x2c>
    464a:	00007d17          	auipc	s10,0x7
    464e:	2a6d0d13          	addi	s10,s10,678 # b8f0 <PIo2+0x4>
    4652:	8c26                	mv	s8,s1
    4654:	4388                	lw	a0,0(a5)
    4656:	00000d93          	li	s11,0
    465a:	4b81                	li	s7,0
    465c:	a039                	j	466a <__kernel_rem_pio2f+0x5ea>
    465e:	0c11                	addi	s8,s8,4
    4660:	03744163          	blt	s0,s7,4682 <__kernel_rem_pio2f+0x602>
    4664:	000d2503          	lw	a0,0(s10)
    4668:	0d11                	addi	s10,s10,4
    466a:	000c2583          	lw	a1,0(s8)
    466e:	0b85                	addi	s7,s7,1
    4670:	390030ef          	jal	ra,7a00 <__mulsf3>
    4674:	85aa                	mv	a1,a0
    4676:	856e                	mv	a0,s11
    4678:	3ff020ef          	jal	ra,7276 <__addsf3>
    467c:	8daa                	mv	s11,a0
    467e:	ff7b50e3          	bge	s6,s7,465e <__kernel_rem_pio2f+0x5de>
    4682:	01baa023          	sw	s11,0(s5)
    4686:	1a18                	addi	a4,sp,304
    4688:	0405                	addi	s0,s0,1
    468a:	0a91                	addi	s5,s5,4
    468c:	ffc48793          	addi	a5,s1,-4
    4690:	02970063          	beq	a4,s1,46b0 <__kernel_rem_pio2f+0x630>
    4694:	84be                	mv	s1,a5
    4696:	fa0b56e3          	bgez	s6,4642 <__kernel_rem_pio2f+0x5c2>
    469a:	00000d93          	li	s11,0
    469e:	01baa023          	sw	s11,0(s5)
    46a2:	1a18                	addi	a4,sp,304
    46a4:	0405                	addi	s0,s0,1
    46a6:	0a91                	addi	s5,s5,4
    46a8:	ffc48793          	addi	a5,s1,-4
    46ac:	fe9714e3          	bne	a4,s1,4694 <__kernel_rem_pio2f+0x614>
    46b0:	5752                	lw	a4,52(sp)
    46b2:	4789                	li	a5,2
    46b4:	02e7c863          	blt	a5,a4,46e4 <__kernel_rem_pio2f+0x664>
    46b8:	87ba                	mv	a5,a4
    46ba:	10e04763          	bgtz	a4,47c8 <__kernel_rem_pio2f+0x748>
    46be:	4722                	lw	a4,8(sp)
    46c0:	00000513          	li	a0,0
    46c4:	00ec8bb3          	add	s7,s9,a4
    46c8:	c399                	beqz	a5,46ce <__kernel_rem_pio2f+0x64e>
    46ca:	b525                	j	44f2 <__kernel_rem_pio2f+0x472>
    46cc:	8bbe                	mv	s7,a5
    46ce:	000ba583          	lw	a1,0(s7)
    46d2:	3a5020ef          	jal	ra,7276 <__addsf3>
    46d6:	ffcb8793          	addi	a5,s7,-4
    46da:	ff7c99e3          	bne	s9,s7,46cc <__kernel_rem_pio2f+0x64c>
    46de:	e00908e3          	beqz	s2,44ee <__kernel_rem_pio2f+0x46e>
    46e2:	b519                	j	44e8 <__kernel_rem_pio2f+0x468>
    46e4:	5752                	lw	a4,52(sp)
    46e6:	478d                	li	a5,3
    46e8:	e0f715e3          	bne	a4,a5,44f2 <__kernel_rem_pio2f+0x472>
    46ec:	17405963          	blez	s4,485e <__kernel_rem_pio2f+0x7de>
    46f0:	002a1a93          	slli	s5,s4,0x2
    46f4:	031c                	addi	a5,sp,384
    46f6:	97d6                	add	a5,a5,s5
    46f8:	0e010c93          	addi	s9,sp,224
    46fc:	ffca8413          	addi	s0,s5,-4
    4700:	f607ab03          	lw	s6,-160(a5)
    4704:	9466                	add	s0,s0,s9
    4706:	a011                	j	470a <__kernel_rem_pio2f+0x68a>
    4708:	843e                	mv	s0,a5
    470a:	00042b83          	lw	s7,0(s0)
    470e:	85da                	mv	a1,s6
    4710:	855e                	mv	a0,s7
    4712:	365020ef          	jal	ra,7276 <__addsf3>
    4716:	84aa                	mv	s1,a0
    4718:	85aa                	mv	a1,a0
    471a:	855e                	mv	a0,s7
    471c:	578030ef          	jal	ra,7c94 <__subsf3>
    4720:	85da                	mv	a1,s6
    4722:	355020ef          	jal	ra,7276 <__addsf3>
    4726:	c048                	sw	a0,4(s0)
    4728:	c004                	sw	s1,0(s0)
    472a:	ffc40793          	addi	a5,s0,-4
    472e:	8b26                	mv	s6,s1
    4730:	fc8c9ce3          	bne	s9,s0,4708 <__kernel_rem_pio2f+0x688>
    4734:	4785                	li	a5,1
    4736:	1347d463          	bge	a5,s4,485e <__kernel_rem_pio2f+0x7de>
    473a:	002a1413          	slli	s0,s4,0x2
    473e:	031c                	addi	a5,sp,384
    4740:	9abe                	add	s5,s5,a5
    4742:	1471                	addi	s0,s0,-4
    4744:	f60aaa83          	lw	s5,-160(s5)
    4748:	008c84b3          	add	s1,s9,s0
    474c:	a011                	j	4750 <__kernel_rem_pio2f+0x6d0>
    474e:	84be                	mv	s1,a5
    4750:	0004ab03          	lw	s6,0(s1)
    4754:	85d6                	mv	a1,s5
    4756:	855a                	mv	a0,s6
    4758:	31f020ef          	jal	ra,7276 <__addsf3>
    475c:	8a2a                	mv	s4,a0
    475e:	85aa                	mv	a1,a0
    4760:	855a                	mv	a0,s6
    4762:	532030ef          	jal	ra,7c94 <__subsf3>
    4766:	85d6                	mv	a1,s5
    4768:	30f020ef          	jal	ra,7276 <__addsf3>
    476c:	c0c8                	sw	a0,4(s1)
    476e:	0144a023          	sw	s4,0(s1)
    4772:	ffc48793          	addi	a5,s1,-4
    4776:	8ad2                	mv	s5,s4
    4778:	fcfc9be3          	bne	s9,a5,474e <__kernel_rem_pio2f+0x6ce>
    477c:	0411                	addi	s0,s0,4
    477e:	9ca2                	add	s9,s9,s0
    4780:	00000513          	li	a0,0
    4784:	000ca583          	lw	a1,0(s9)
    4788:	1cf1                	addi	s9,s9,-4
    478a:	2ed020ef          	jal	ra,7276 <__addsf3>
    478e:	ff949be3          	bne	s1,s9,4784 <__kernel_rem_pio2f+0x704>
    4792:	568e                	lw	a3,224(sp)
    4794:	571e                	lw	a4,228(sp)
    4796:	08091f63          	bnez	s2,4834 <__kernel_rem_pio2f+0x7b4>
    479a:	57c2                	lw	a5,48(sp)
    479c:	c394                	sw	a3,0(a5)
    479e:	c3d8                	sw	a4,4(a5)
    47a0:	c788                	sw	a0,8(a5)
    47a2:	bb81                	j	44f2 <__kernel_rem_pio2f+0x472>
    47a4:	fff48793          	addi	a5,s1,-1
    47a8:	0318                	addi	a4,sp,384
    47aa:	078a                	slli	a5,a5,0x2
    47ac:	97ba                	add	a5,a5,a4
    47ae:	ec07a703          	lw	a4,-320(a5)
    47b2:	07f77713          	andi	a4,a4,127
    47b6:	ece7a023          	sw	a4,-320(a5)
    47ba:	b199                	j	4400 <__kernel_rem_pio2f+0x380>
    47bc:	47a1                	li	a5,8
    47be:	dc3e                	sw	a5,56(sp)
    47c0:	cc02                	sw	zero,24(sp)
    47c2:	ba0d                	j	40f4 <__kernel_rem_pio2f+0x74>
    47c4:	4b01                	li	s6,0
    47c6:	b909                	j	43d8 <__kernel_rem_pio2f+0x358>
    47c8:	47a2                	lw	a5,8(sp)
    47ca:	00000413          	li	s0,0
    47ce:	8522                	mv	a0,s0
    47d0:	00fc8bb3          	add	s7,s9,a5
    47d4:	a011                	j	47d8 <__kernel_rem_pio2f+0x758>
    47d6:	8bbe                	mv	s7,a5
    47d8:	000ba583          	lw	a1,0(s7)
    47dc:	29b020ef          	jal	ra,7276 <__addsf3>
    47e0:	ffcb8793          	addi	a5,s7,-4
    47e4:	ff7c99e3          	bne	s9,s7,47d6 <__kernel_rem_pio2f+0x756>
    47e8:	842a                	mv	s0,a0
    47ea:	550e                	lw	a0,224(sp)
    47ec:	85a2                	mv	a1,s0
    47ee:	4a6030ef          	jal	ra,7c94 <__subsf3>
    47f2:	04091b63          	bnez	s2,4848 <__kernel_rem_pio2f+0x7c8>
    47f6:	57c2                	lw	a5,48(sp)
    47f8:	c380                	sw	s0,0(a5)
    47fa:	03405063          	blez	s4,481a <__kernel_rem_pio2f+0x79a>
    47fe:	11c4                	addi	s1,sp,228
    4800:	4405                	li	s0,1
    4802:	408c                	lw	a1,0(s1)
    4804:	0405                	addi	s0,s0,1
    4806:	0491                	addi	s1,s1,4
    4808:	26f020ef          	jal	ra,7276 <__addsf3>
    480c:	fe8a5be3          	bge	s4,s0,4802 <__kernel_rem_pio2f+0x782>
    4810:	00090563          	beqz	s2,481a <__kernel_rem_pio2f+0x79a>
    4814:	800007b7          	lui	a5,0x80000
    4818:	8d3d                	xor	a0,a0,a5
    481a:	57c2                	lw	a5,48(sp)
    481c:	c3c8                	sw	a0,4(a5)
    481e:	b9d1                	j	44f2 <__kernel_rem_pio2f+0x472>
    4820:	8552                	mv	a0,s4
    4822:	031c                	addi	a5,sp,384
    4824:	01a78433          	add	s0,a5,s10
    4828:	031030ef          	jal	ra,8058 <__fixsfsi>
    482c:	eca42023          	sw	a0,-320(s0)
    4830:	8a26                	mv	s4,s1
    4832:	b355                	j	45d6 <__kernel_rem_pio2f+0x556>
    4834:	5642                	lw	a2,48(sp)
    4836:	800007b7          	lui	a5,0x80000
    483a:	8ebd                	xor	a3,a3,a5
    483c:	8f3d                	xor	a4,a4,a5
    483e:	8fa9                	xor	a5,a5,a0
    4840:	c214                	sw	a3,0(a2)
    4842:	c258                	sw	a4,4(a2)
    4844:	c61c                	sw	a5,8(a2)
    4846:	b175                	j	44f2 <__kernel_rem_pio2f+0x472>
    4848:	800007b7          	lui	a5,0x80000
    484c:	8c3d                	xor	s0,s0,a5
    484e:	57c2                	lw	a5,48(sp)
    4850:	c380                	sw	s0,0(a5)
    4852:	fb4046e3          	bgtz	s4,47fe <__kernel_rem_pio2f+0x77e>
    4856:	bf7d                	j	4814 <__kernel_rem_pio2f+0x794>
    4858:	00000413          	li	s0,0
    485c:	b779                	j	47ea <__kernel_rem_pio2f+0x76a>
    485e:	00000513          	li	a0,0
    4862:	bf05                	j	4792 <__kernel_rem_pio2f+0x712>

00004864 <__kernel_sinf>:
    4864:	1101                	addi	sp,sp,-32
    4866:	00151793          	slli	a5,a0,0x1
    486a:	cc22                	sw	s0,24(sp)
    486c:	c64e                	sw	s3,12(sp)
    486e:	c452                	sw	s4,8(sp)
    4870:	ce06                	sw	ra,28(sp)
    4872:	ca26                	sw	s1,20(sp)
    4874:	c84a                	sw	s2,16(sp)
    4876:	c256                	sw	s5,4(sp)
    4878:	8385                	srli	a5,a5,0x1
    487a:	32000737          	lui	a4,0x32000
    487e:	842a                	mv	s0,a0
    4880:	89ae                	mv	s3,a1
    4882:	8a32                	mv	s4,a2
    4884:	00e7d663          	bge	a5,a4,4890 <__kernel_sinf+0x2c>
    4888:	7d0030ef          	jal	ra,8058 <__fixsfsi>
    488c:	87a2                	mv	a5,s0
    488e:	cd49                	beqz	a0,4928 <__kernel_sinf+0xc4>
    4890:	85a2                	mv	a1,s0
    4892:	8522                	mv	a0,s0
    4894:	16c030ef          	jal	ra,7a00 <__mulsf3>
    4898:	84aa                	mv	s1,a0
    489a:	85aa                	mv	a1,a0
    489c:	8522                	mv	a0,s0
    489e:	162030ef          	jal	ra,7a00 <__mulsf3>
    48a2:	00007797          	auipc	a5,0x7
    48a6:	09278793          	addi	a5,a5,146 # b934 <init_jk+0xc>
    48aa:	438c                	lw	a1,0(a5)
    48ac:	892a                	mv	s2,a0
    48ae:	8526                	mv	a0,s1
    48b0:	150030ef          	jal	ra,7a00 <__mulsf3>
    48b4:	00007797          	auipc	a5,0x7
    48b8:	08478793          	addi	a5,a5,132 # b938 <init_jk+0x10>
    48bc:	438c                	lw	a1,0(a5)
    48be:	3d6030ef          	jal	ra,7c94 <__subsf3>
    48c2:	85a6                	mv	a1,s1
    48c4:	13c030ef          	jal	ra,7a00 <__mulsf3>
    48c8:	00007797          	auipc	a5,0x7
    48cc:	07478793          	addi	a5,a5,116 # b93c <init_jk+0x14>
    48d0:	438c                	lw	a1,0(a5)
    48d2:	1a5020ef          	jal	ra,7276 <__addsf3>
    48d6:	85a6                	mv	a1,s1
    48d8:	128030ef          	jal	ra,7a00 <__mulsf3>
    48dc:	00007797          	auipc	a5,0x7
    48e0:	06478793          	addi	a5,a5,100 # b940 <init_jk+0x18>
    48e4:	438c                	lw	a1,0(a5)
    48e6:	3ae030ef          	jal	ra,7c94 <__subsf3>
    48ea:	85a6                	mv	a1,s1
    48ec:	114030ef          	jal	ra,7a00 <__mulsf3>
    48f0:	00007797          	auipc	a5,0x7
    48f4:	05478793          	addi	a5,a5,84 # b944 <init_jk+0x1c>
    48f8:	438c                	lw	a1,0(a5)
    48fa:	17d020ef          	jal	ra,7276 <__addsf3>
    48fe:	8aaa                	mv	s5,a0
    4900:	020a1e63          	bnez	s4,493c <__kernel_sinf+0xd8>
    4904:	85aa                	mv	a1,a0
    4906:	8526                	mv	a0,s1
    4908:	0f8030ef          	jal	ra,7a00 <__mulsf3>
    490c:	00007797          	auipc	a5,0x7
    4910:	03c78793          	addi	a5,a5,60 # b948 <init_jk+0x20>
    4914:	438c                	lw	a1,0(a5)
    4916:	37e030ef          	jal	ra,7c94 <__subsf3>
    491a:	85ca                	mv	a1,s2
    491c:	0e4030ef          	jal	ra,7a00 <__mulsf3>
    4920:	85a2                	mv	a1,s0
    4922:	155020ef          	jal	ra,7276 <__addsf3>
    4926:	87aa                	mv	a5,a0
    4928:	40f2                	lw	ra,28(sp)
    492a:	4462                	lw	s0,24(sp)
    492c:	44d2                	lw	s1,20(sp)
    492e:	4942                	lw	s2,16(sp)
    4930:	49b2                	lw	s3,12(sp)
    4932:	4a22                	lw	s4,8(sp)
    4934:	4a92                	lw	s5,4(sp)
    4936:	853e                	mv	a0,a5
    4938:	6105                	addi	sp,sp,32
    493a:	8082                	ret
    493c:	00006797          	auipc	a5,0x6
    4940:	4a878793          	addi	a5,a5,1192 # ade4 <__trunctfdf2+0x226>
    4944:	438c                	lw	a1,0(a5)
    4946:	854e                	mv	a0,s3
    4948:	0b8030ef          	jal	ra,7a00 <__mulsf3>
    494c:	8a2a                	mv	s4,a0
    494e:	85d6                	mv	a1,s5
    4950:	854a                	mv	a0,s2
    4952:	0ae030ef          	jal	ra,7a00 <__mulsf3>
    4956:	85aa                	mv	a1,a0
    4958:	8552                	mv	a0,s4
    495a:	33a030ef          	jal	ra,7c94 <__subsf3>
    495e:	85a6                	mv	a1,s1
    4960:	0a0030ef          	jal	ra,7a00 <__mulsf3>
    4964:	85ce                	mv	a1,s3
    4966:	32e030ef          	jal	ra,7c94 <__subsf3>
    496a:	00007797          	auipc	a5,0x7
    496e:	fde78793          	addi	a5,a5,-34 # b948 <init_jk+0x20>
    4972:	438c                	lw	a1,0(a5)
    4974:	84aa                	mv	s1,a0
    4976:	854a                	mv	a0,s2
    4978:	088030ef          	jal	ra,7a00 <__mulsf3>
    497c:	85aa                	mv	a1,a0
    497e:	8526                	mv	a0,s1
    4980:	0f7020ef          	jal	ra,7276 <__addsf3>
    4984:	85aa                	mv	a1,a0
    4986:	8522                	mv	a0,s0
    4988:	30c030ef          	jal	ra,7c94 <__subsf3>
    498c:	87aa                	mv	a5,a0
    498e:	bf69                	j	4928 <__kernel_sinf+0xc4>

00004990 <matherr>:
    4990:	4501                	li	a0,0
    4992:	8082                	ret

00004994 <atanf>:
    4994:	1101                	addi	sp,sp,-32
    4996:	cc22                	sw	s0,24(sp)
    4998:	00151413          	slli	s0,a0,0x1
    499c:	ca26                	sw	s1,20(sp)
    499e:	c64e                	sw	s3,12(sp)
    49a0:	ce06                	sw	ra,28(sp)
    49a2:	c84a                	sw	s2,16(sp)
    49a4:	c452                	sw	s4,8(sp)
    49a6:	8005                	srli	s0,s0,0x1
    49a8:	508007b7          	lui	a5,0x50800
    49ac:	84aa                	mv	s1,a0
    49ae:	89aa                	mv	s3,a0
    49b0:	02f44663          	blt	s0,a5,49dc <atanf+0x48>
    49b4:	7f8007b7          	lui	a5,0x7f800
    49b8:	1687c763          	blt	a5,s0,4b26 <atanf+0x192>
    49bc:	18a05c63          	blez	a0,4b54 <atanf+0x1c0>
    49c0:	00007797          	auipc	a5,0x7
    49c4:	b2c78793          	addi	a5,a5,-1236 # b4ec <OLED_F8x16+0x664>
    49c8:	439c                	lw	a5,0(a5)
    49ca:	40f2                	lw	ra,28(sp)
    49cc:	4462                	lw	s0,24(sp)
    49ce:	44d2                	lw	s1,20(sp)
    49d0:	4942                	lw	s2,16(sp)
    49d2:	49b2                	lw	s3,12(sp)
    49d4:	4a22                	lw	s4,8(sp)
    49d6:	853e                	mv	a0,a5
    49d8:	6105                	addi	sp,sp,32
    49da:	8082                	ret
    49dc:	3ee007b7          	lui	a5,0x3ee00
    49e0:	18f45563          	bge	s0,a5,4b6a <atanf+0x1d6>
    49e4:	310007b7          	lui	a5,0x31000
    49e8:	14f44463          	blt	s0,a5,4b30 <atanf+0x19c>
    49ec:	597d                	li	s2,-1
    49ee:	85a6                	mv	a1,s1
    49f0:	8526                	mv	a0,s1
    49f2:	00e030ef          	jal	ra,7a00 <__mulsf3>
    49f6:	85aa                	mv	a1,a0
    49f8:	8a2a                	mv	s4,a0
    49fa:	006030ef          	jal	ra,7a00 <__mulsf3>
    49fe:	00007797          	auipc	a5,0x7
    4a02:	f5a78793          	addi	a5,a5,-166 # b958 <init_jk+0x30>
    4a06:	438c                	lw	a1,0(a5)
    4a08:	842a                	mv	s0,a0
    4a0a:	7f7020ef          	jal	ra,7a00 <__mulsf3>
    4a0e:	00007797          	auipc	a5,0x7
    4a12:	f4e78793          	addi	a5,a5,-178 # b95c <init_jk+0x34>
    4a16:	438c                	lw	a1,0(a5)
    4a18:	05f020ef          	jal	ra,7276 <__addsf3>
    4a1c:	85a2                	mv	a1,s0
    4a1e:	7e3020ef          	jal	ra,7a00 <__mulsf3>
    4a22:	00007797          	auipc	a5,0x7
    4a26:	f3e78793          	addi	a5,a5,-194 # b960 <init_jk+0x38>
    4a2a:	438c                	lw	a1,0(a5)
    4a2c:	04b020ef          	jal	ra,7276 <__addsf3>
    4a30:	85a2                	mv	a1,s0
    4a32:	7cf020ef          	jal	ra,7a00 <__mulsf3>
    4a36:	00007797          	auipc	a5,0x7
    4a3a:	f2e78793          	addi	a5,a5,-210 # b964 <init_jk+0x3c>
    4a3e:	438c                	lw	a1,0(a5)
    4a40:	037020ef          	jal	ra,7276 <__addsf3>
    4a44:	85a2                	mv	a1,s0
    4a46:	7bb020ef          	jal	ra,7a00 <__mulsf3>
    4a4a:	00007797          	auipc	a5,0x7
    4a4e:	f1e78793          	addi	a5,a5,-226 # b968 <init_jk+0x40>
    4a52:	438c                	lw	a1,0(a5)
    4a54:	023020ef          	jal	ra,7276 <__addsf3>
    4a58:	85a2                	mv	a1,s0
    4a5a:	7a7020ef          	jal	ra,7a00 <__mulsf3>
    4a5e:	00007797          	auipc	a5,0x7
    4a62:	f0e78793          	addi	a5,a5,-242 # b96c <init_jk+0x44>
    4a66:	438c                	lw	a1,0(a5)
    4a68:	00f020ef          	jal	ra,7276 <__addsf3>
    4a6c:	85d2                	mv	a1,s4
    4a6e:	793020ef          	jal	ra,7a00 <__mulsf3>
    4a72:	00007797          	auipc	a5,0x7
    4a76:	efe78793          	addi	a5,a5,-258 # b970 <init_jk+0x48>
    4a7a:	438c                	lw	a1,0(a5)
    4a7c:	8a2a                	mv	s4,a0
    4a7e:	8522                	mv	a0,s0
    4a80:	781020ef          	jal	ra,7a00 <__mulsf3>
    4a84:	00007797          	auipc	a5,0x7
    4a88:	ef078793          	addi	a5,a5,-272 # b974 <init_jk+0x4c>
    4a8c:	438c                	lw	a1,0(a5)
    4a8e:	206030ef          	jal	ra,7c94 <__subsf3>
    4a92:	85a2                	mv	a1,s0
    4a94:	76d020ef          	jal	ra,7a00 <__mulsf3>
    4a98:	00007797          	auipc	a5,0x7
    4a9c:	ee078793          	addi	a5,a5,-288 # b978 <init_jk+0x50>
    4aa0:	438c                	lw	a1,0(a5)
    4aa2:	1f2030ef          	jal	ra,7c94 <__subsf3>
    4aa6:	85a2                	mv	a1,s0
    4aa8:	759020ef          	jal	ra,7a00 <__mulsf3>
    4aac:	00007797          	auipc	a5,0x7
    4ab0:	ed078793          	addi	a5,a5,-304 # b97c <init_jk+0x54>
    4ab4:	438c                	lw	a1,0(a5)
    4ab6:	1de030ef          	jal	ra,7c94 <__subsf3>
    4aba:	85a2                	mv	a1,s0
    4abc:	745020ef          	jal	ra,7a00 <__mulsf3>
    4ac0:	00007797          	auipc	a5,0x7
    4ac4:	ec078793          	addi	a5,a5,-320 # b980 <init_jk+0x58>
    4ac8:	438c                	lw	a1,0(a5)
    4aca:	1ca030ef          	jal	ra,7c94 <__subsf3>
    4ace:	85a2                	mv	a1,s0
    4ad0:	731020ef          	jal	ra,7a00 <__mulsf3>
    4ad4:	85aa                	mv	a1,a0
    4ad6:	8552                	mv	a0,s4
    4ad8:	79e020ef          	jal	ra,7276 <__addsf3>
    4adc:	85a6                	mv	a1,s1
    4ade:	723020ef          	jal	ra,7a00 <__mulsf3>
    4ae2:	57fd                	li	a5,-1
    4ae4:	85aa                	mv	a1,a0
    4ae6:	06f90d63          	beq	s2,a5,4b60 <atanf+0x1cc>
    4aea:	090a                	slli	s2,s2,0x2
    4aec:	00007797          	auipc	a5,0x7
    4af0:	ea878793          	addi	a5,a5,-344 # b994 <atanlo>
    4af4:	97ca                	add	a5,a5,s2
    4af6:	438c                	lw	a1,0(a5)
    4af8:	00007797          	auipc	a5,0x7
    4afc:	e8c78793          	addi	a5,a5,-372 # b984 <atanhi>
    4b00:	993e                	add	s2,s2,a5
    4b02:	192030ef          	jal	ra,7c94 <__subsf3>
    4b06:	85a6                	mv	a1,s1
    4b08:	18c030ef          	jal	ra,7c94 <__subsf3>
    4b0c:	85aa                	mv	a1,a0
    4b0e:	00092503          	lw	a0,0(s2)
    4b12:	182030ef          	jal	ra,7c94 <__subsf3>
    4b16:	87aa                	mv	a5,a0
    4b18:	ea09d9e3          	bgez	s3,49ca <atanf+0x36>
    4b1c:	80000737          	lui	a4,0x80000
    4b20:	00a747b3          	xor	a5,a4,a0
    4b24:	b55d                	j	49ca <atanf+0x36>
    4b26:	85aa                	mv	a1,a0
    4b28:	74e020ef          	jal	ra,7276 <__addsf3>
    4b2c:	87aa                	mv	a5,a0
    4b2e:	bd71                	j	49ca <atanf+0x36>
    4b30:	00007797          	auipc	a5,0x7
    4b34:	e1c78793          	addi	a5,a5,-484 # b94c <init_jk+0x24>
    4b38:	438c                	lw	a1,0(a5)
    4b3a:	73c020ef          	jal	ra,7276 <__addsf3>
    4b3e:	00007797          	auipc	a5,0x7
    4b42:	96e78793          	addi	a5,a5,-1682 # b4ac <OLED_F8x16+0x624>
    4b46:	438c                	lw	a1,0(a5)
    4b48:	5a7020ef          	jal	ra,78ee <__gesf2>
    4b4c:	87a6                	mv	a5,s1
    4b4e:	e8a05fe3          	blez	a0,49ec <atanf+0x58>
    4b52:	bda5                	j	49ca <atanf+0x36>
    4b54:	00007797          	auipc	a5,0x7
    4b58:	9a878793          	addi	a5,a5,-1624 # b4fc <OLED_F8x16+0x674>
    4b5c:	439c                	lw	a5,0(a5)
    4b5e:	b5b5                	j	49ca <atanf+0x36>
    4b60:	8526                	mv	a0,s1
    4b62:	132030ef          	jal	ra,7c94 <__subsf3>
    4b66:	87aa                	mv	a5,a0
    4b68:	b58d                	j	49ca <atanf+0x36>
    4b6a:	284d                	jal	4c1c <fabsf>
    4b6c:	3f9807b7          	lui	a5,0x3f980
    4b70:	84aa                	mv	s1,a0
    4b72:	04f45063          	bge	s0,a5,4bb2 <atanf+0x21e>
    4b76:	3f3007b7          	lui	a5,0x3f300
    4b7a:	08f45563          	bge	s0,a5,4c04 <atanf+0x270>
    4b7e:	85aa                	mv	a1,a0
    4b80:	6f6020ef          	jal	ra,7276 <__addsf3>
    4b84:	00007797          	auipc	a5,0x7
    4b88:	92878793          	addi	a5,a5,-1752 # b4ac <OLED_F8x16+0x624>
    4b8c:	438c                	lw	a1,0(a5)
    4b8e:	4901                	li	s2,0
    4b90:	104030ef          	jal	ra,7c94 <__subsf3>
    4b94:	00006797          	auipc	a5,0x6
    4b98:	24c78793          	addi	a5,a5,588 # ade0 <__trunctfdf2+0x222>
    4b9c:	438c                	lw	a1,0(a5)
    4b9e:	842a                	mv	s0,a0
    4ba0:	8526                	mv	a0,s1
    4ba2:	6d4020ef          	jal	ra,7276 <__addsf3>
    4ba6:	85aa                	mv	a1,a0
    4ba8:	8522                	mv	a0,s0
    4baa:	237020ef          	jal	ra,75e0 <__divsf3>
    4bae:	84aa                	mv	s1,a0
    4bb0:	bd3d                	j	49ee <atanf+0x5a>
    4bb2:	401c07b7          	lui	a5,0x401c0
    4bb6:	02f45c63          	bge	s0,a5,4bee <atanf+0x25a>
    4bba:	00007417          	auipc	s0,0x7
    4bbe:	d9640413          	addi	s0,s0,-618 # b950 <init_jk+0x28>
    4bc2:	400c                	lw	a1,0(s0)
    4bc4:	4909                	li	s2,2
    4bc6:	0ce030ef          	jal	ra,7c94 <__subsf3>
    4bca:	400c                	lw	a1,0(s0)
    4bcc:	8a2a                	mv	s4,a0
    4bce:	8526                	mv	a0,s1
    4bd0:	631020ef          	jal	ra,7a00 <__mulsf3>
    4bd4:	00007797          	auipc	a5,0x7
    4bd8:	8d878793          	addi	a5,a5,-1832 # b4ac <OLED_F8x16+0x624>
    4bdc:	438c                	lw	a1,0(a5)
    4bde:	698020ef          	jal	ra,7276 <__addsf3>
    4be2:	85aa                	mv	a1,a0
    4be4:	8552                	mv	a0,s4
    4be6:	1fb020ef          	jal	ra,75e0 <__divsf3>
    4bea:	84aa                	mv	s1,a0
    4bec:	b509                	j	49ee <atanf+0x5a>
    4bee:	00007797          	auipc	a5,0x7
    4bf2:	d6678793          	addi	a5,a5,-666 # b954 <init_jk+0x2c>
    4bf6:	4388                	lw	a0,0(a5)
    4bf8:	85a6                	mv	a1,s1
    4bfa:	490d                	li	s2,3
    4bfc:	1e5020ef          	jal	ra,75e0 <__divsf3>
    4c00:	84aa                	mv	s1,a0
    4c02:	b3f5                	j	49ee <atanf+0x5a>
    4c04:	00007417          	auipc	s0,0x7
    4c08:	8a840413          	addi	s0,s0,-1880 # b4ac <OLED_F8x16+0x624>
    4c0c:	400c                	lw	a1,0(s0)
    4c0e:	4905                	li	s2,1
    4c10:	084030ef          	jal	ra,7c94 <__subsf3>
    4c14:	8a2a                	mv	s4,a0
    4c16:	400c                	lw	a1,0(s0)
    4c18:	8526                	mv	a0,s1
    4c1a:	b7d1                	j	4bde <atanf+0x24a>

00004c1c <fabsf>:
    4c1c:	0506                	slli	a0,a0,0x1
    4c1e:	8105                	srli	a0,a0,0x1
    4c20:	8082                	ret

00004c22 <floorf>:
    4c22:	1101                	addi	sp,sp,-32
    4c24:	ca26                	sw	s1,20(sp)
    4c26:	00151493          	slli	s1,a0,0x1
    4c2a:	8085                	srli	s1,s1,0x1
    4c2c:	cc22                	sw	s0,24(sp)
    4c2e:	0174d413          	srli	s0,s1,0x17
    4c32:	c84a                	sw	s2,16(sp)
    4c34:	ce06                	sw	ra,28(sp)
    4c36:	c64e                	sw	s3,12(sp)
    4c38:	c452                	sw	s4,8(sp)
    4c3a:	c256                	sw	s5,4(sp)
    4c3c:	f8140413          	addi	s0,s0,-127
    4c40:	47d9                	li	a5,22
    4c42:	892a                	mv	s2,a0
    4c44:	0887cb63          	blt	a5,s0,4cda <floorf+0xb8>
    4c48:	8a2a                	mv	s4,a0
    4c4a:	04044d63          	bltz	s0,4ca4 <floorf+0x82>
    4c4e:	00800ab7          	lui	s5,0x800
    4c52:	fffa8493          	addi	s1,s5,-1 # 7fffff <_data_lma+0x7f417f>
    4c56:	4084d4b3          	sra	s1,s1,s0
    4c5a:	00a4f7b3          	and	a5,s1,a0
    4c5e:	89aa                	mv	s3,a0
    4c60:	cb85                	beqz	a5,4c90 <floorf+0x6e>
    4c62:	00007797          	auipc	a5,0x7
    4c66:	cea78793          	addi	a5,a5,-790 # b94c <init_jk+0x24>
    4c6a:	438c                	lw	a1,0(a5)
    4c6c:	60a020ef          	jal	ra,7276 <__addsf3>
    4c70:	00000593          	li	a1,0
    4c74:	47b020ef          	jal	ra,78ee <__gesf2>
    4c78:	00a05c63          	blez	a0,4c90 <floorf+0x6e>
    4c7c:	00095663          	bgez	s2,4c88 <floorf+0x66>
    4c80:	408ad433          	sra	s0,s5,s0
    4c84:	01240a33          	add	s4,s0,s2
    4c88:	fff4c993          	not	s3,s1
    4c8c:	0149f9b3          	and	s3,s3,s4
    4c90:	40f2                	lw	ra,28(sp)
    4c92:	4462                	lw	s0,24(sp)
    4c94:	854e                	mv	a0,s3
    4c96:	44d2                	lw	s1,20(sp)
    4c98:	4942                	lw	s2,16(sp)
    4c9a:	49b2                	lw	s3,12(sp)
    4c9c:	4a22                	lw	s4,8(sp)
    4c9e:	4a92                	lw	s5,4(sp)
    4ca0:	6105                	addi	sp,sp,32
    4ca2:	8082                	ret
    4ca4:	00007797          	auipc	a5,0x7
    4ca8:	ca878793          	addi	a5,a5,-856 # b94c <init_jk+0x24>
    4cac:	438c                	lw	a1,0(a5)
    4cae:	89ca                	mv	s3,s2
    4cb0:	5c6020ef          	jal	ra,7276 <__addsf3>
    4cb4:	00000593          	li	a1,0
    4cb8:	437020ef          	jal	ra,78ee <__gesf2>
    4cbc:	fca05ae3          	blez	a0,4c90 <floorf+0x6e>
    4cc0:	00000993          	li	s3,0
    4cc4:	fc0956e3          	bgez	s2,4c90 <floorf+0x6e>
    4cc8:	89ca                	mv	s3,s2
    4cca:	d0f9                	beqz	s1,4c90 <floorf+0x6e>
    4ccc:	00007797          	auipc	a5,0x7
    4cd0:	c8878793          	addi	a5,a5,-888 # b954 <init_jk+0x2c>
    4cd4:	0007a983          	lw	s3,0(a5)
    4cd8:	bf65                	j	4c90 <floorf+0x6e>
    4cda:	7f8007b7          	lui	a5,0x7f800
    4cde:	89aa                	mv	s3,a0
    4ce0:	faf4e8e3          	bltu	s1,a5,4c90 <floorf+0x6e>
    4ce4:	85aa                	mv	a1,a0
    4ce6:	590020ef          	jal	ra,7276 <__addsf3>
    4cea:	89aa                	mv	s3,a0
    4cec:	b755                	j	4c90 <floorf+0x6e>

00004cee <scalbnf>:
    4cee:	00151793          	slli	a5,a0,0x1
    4cf2:	8385                	srli	a5,a5,0x1
    4cf4:	872a                	mv	a4,a0
    4cf6:	c7b1                	beqz	a5,4d42 <scalbnf+0x54>
    4cf8:	1141                	addi	sp,sp,-16
    4cfa:	c606                	sw	ra,12(sp)
    4cfc:	c422                	sw	s0,8(sp)
    4cfe:	7f800637          	lui	a2,0x7f800
    4d02:	02c7f963          	bgeu	a5,a2,4d34 <scalbnf+0x46>
    4d06:	00c576b3          	and	a3,a0,a2
    4d0a:	842e                	mv	s0,a1
    4d0c:	ee85                	bnez	a3,4d44 <scalbnf+0x56>
    4d0e:	00007797          	auipc	a5,0x7
    4d12:	c9678793          	addi	a5,a5,-874 # b9a4 <atanlo+0x10>
    4d16:	438c                	lw	a1,0(a5)
    4d18:	4e9020ef          	jal	ra,7a00 <__mulsf3>
    4d1c:	77d1                	lui	a5,0xffff4
    4d1e:	cb078793          	addi	a5,a5,-848 # ffff3cb0 <_eusrstack+0xdffeecb0>
    4d22:	872a                	mv	a4,a0
    4d24:	06f44963          	blt	s0,a5,4d96 <scalbnf+0xa8>
    4d28:	41755793          	srai	a5,a0,0x17
    4d2c:	0ff7f793          	andi	a5,a5,255
    4d30:	179d                	addi	a5,a5,-25
    4d32:	a811                	j	4d46 <scalbnf+0x58>
    4d34:	85aa                	mv	a1,a0
    4d36:	540020ef          	jal	ra,7276 <__addsf3>
    4d3a:	40b2                	lw	ra,12(sp)
    4d3c:	4422                	lw	s0,8(sp)
    4d3e:	0141                	addi	sp,sp,16
    4d40:	8082                	ret
    4d42:	8082                	ret
    4d44:	83dd                	srli	a5,a5,0x17
    4d46:	97a2                	add	a5,a5,s0
    4d48:	0fe00693          	li	a3,254
    4d4c:	00f6cc63          	blt	a3,a5,4d64 <scalbnf+0x76>
    4d50:	02f04963          	bgtz	a5,4d82 <scalbnf+0x94>
    4d54:	56a9                	li	a3,-22
    4d56:	04d7d863          	bge	a5,a3,4da6 <scalbnf+0xb8>
    4d5a:	67b1                	lui	a5,0xc
    4d5c:	35078793          	addi	a5,a5,848 # c350 <_data_lma+0x4d0>
    4d60:	0687d263          	bge	a5,s0,4dc4 <scalbnf+0xd6>
    4d64:	00007797          	auipc	a5,0x7
    4d68:	be878793          	addi	a5,a5,-1048 # b94c <init_jk+0x24>
    4d6c:	4380                	lw	s0,0(a5)
    4d6e:	85ba                	mv	a1,a4
    4d70:	8522                	mv	a0,s0
    4d72:	28b1                	jal	4dce <copysignf>
    4d74:	85a2                	mv	a1,s0
    4d76:	48b020ef          	jal	ra,7a00 <__mulsf3>
    4d7a:	40b2                	lw	ra,12(sp)
    4d7c:	4422                	lw	s0,8(sp)
    4d7e:	0141                	addi	sp,sp,16
    4d80:	8082                	ret
    4d82:	40b2                	lw	ra,12(sp)
    4d84:	4422                	lw	s0,8(sp)
    4d86:	80800737          	lui	a4,0x80800
    4d8a:	177d                	addi	a4,a4,-1
    4d8c:	8d79                	and	a0,a0,a4
    4d8e:	07de                	slli	a5,a5,0x17
    4d90:	8d5d                	or	a0,a0,a5
    4d92:	0141                	addi	sp,sp,16
    4d94:	8082                	ret
    4d96:	00007797          	auipc	a5,0x7
    4d9a:	c1278793          	addi	a5,a5,-1006 # b9a8 <atanlo+0x14>
    4d9e:	438c                	lw	a1,0(a5)
    4da0:	461020ef          	jal	ra,7a00 <__mulsf3>
    4da4:	bf59                	j	4d3a <scalbnf+0x4c>
    4da6:	00007717          	auipc	a4,0x7
    4daa:	c0670713          	addi	a4,a4,-1018 # b9ac <atanlo+0x18>
    4dae:	430c                	lw	a1,0(a4)
    4db0:	80800737          	lui	a4,0x80800
    4db4:	177d                	addi	a4,a4,-1
    4db6:	07e5                	addi	a5,a5,25
    4db8:	07de                	slli	a5,a5,0x17
    4dba:	8d79                	and	a0,a0,a4
    4dbc:	8d5d                	or	a0,a0,a5
    4dbe:	443020ef          	jal	ra,7a00 <__mulsf3>
    4dc2:	bfa5                	j	4d3a <scalbnf+0x4c>
    4dc4:	00007797          	auipc	a5,0x7
    4dc8:	be478793          	addi	a5,a5,-1052 # b9a8 <atanlo+0x14>
    4dcc:	b745                	j	4d6c <scalbnf+0x7e>

00004dce <copysignf>:
    4dce:	800007b7          	lui	a5,0x80000
    4dd2:	fff7c713          	not	a4,a5
    4dd6:	8d79                	and	a0,a0,a4
    4dd8:	8dfd                	and	a1,a1,a5
    4dda:	8d4d                	or	a0,a0,a1
    4ddc:	8082                	ret

00004dde <printchar>:
    4dde:	1101                	addi	sp,sp,-32
    4de0:	ce06                	sw	ra,28(sp)
    4de2:	c62e                	sw	a1,12(sp)
    4de4:	cd15                	beqz	a0,4e20 <printchar+0x42>
    4de6:	4118                	lw	a4,0(a0)
    4de8:	87aa                	mv	a5,a0
    4dea:	c305                	beqz	a4,4e0a <printchar+0x2c>
    4dec:	4158                	lw	a4,4(a0)
    4dee:	557d                	li	a0,-1
    4df0:	cb11                	beqz	a4,4e04 <printchar+0x26>
    4df2:	4685                	li	a3,1
    4df4:	00d71b63          	bne	a4,a3,4e0a <printchar+0x2c>
    4df8:	4798                	lw	a4,8(a5)
    4dfa:	00070023          	sb	zero,0(a4) # 80800000 <_eusrstack+0x607fb000>
    4dfe:	0007a223          	sw	zero,4(a5) # 80000004 <_eusrstack+0x5fffb004>
    4e02:	4505                	li	a0,1
    4e04:	40f2                	lw	ra,28(sp)
    4e06:	6105                	addi	sp,sp,32
    4e08:	8082                	ret
    4e0a:	4798                	lw	a4,8(a5)
    4e0c:	46b2                	lw	a3,12(sp)
    4e0e:	00d70023          	sb	a3,0(a4)
    4e12:	4798                	lw	a4,8(a5)
    4e14:	0705                	addi	a4,a4,1
    4e16:	c798                	sw	a4,8(a5)
    4e18:	43d8                	lw	a4,4(a5)
    4e1a:	177d                	addi	a4,a4,-1
    4e1c:	c3d8                	sw	a4,4(a5)
    4e1e:	b7d5                	j	4e02 <printchar+0x24>
    4e20:	4605                	li	a2,1
    4e22:	006c                	addi	a1,sp,12
    4e24:	861fe0ef          	jal	ra,3684 <_write>
    4e28:	bfe9                	j	4e02 <printchar+0x24>

00004e2a <prints>:
    4e2a:	7179                	addi	sp,sp,-48
    4e2c:	d422                	sw	s0,40(sp)
    4e2e:	d226                	sw	s1,36(sp)
    4e30:	ce4e                	sw	s3,28(sp)
    4e32:	cc52                	sw	s4,24(sp)
    4e34:	ca56                	sw	s5,20(sp)
    4e36:	d606                	sw	ra,44(sp)
    4e38:	d04a                	sw	s2,32(sp)
    4e3a:	c85a                	sw	s6,16(sp)
    4e3c:	8a2a                	mv	s4,a0
    4e3e:	8aae                	mv	s5,a1
    4e40:	8432                	mv	s0,a2
    4e42:	4481                	li	s1,0
    4e44:	02000993          	li	s3,32
    4e48:	02064463          	bltz	a2,4e70 <prints+0x46>
    4e4c:	009a87b3          	add	a5,s5,s1
    4e50:	00078783          	lb	a5,0(a5)
    4e54:	e39d                	bnez	a5,4e7a <prints+0x50>
    4e56:	0284d663          	bge	s1,s0,4e82 <prints+0x58>
    4e5a:	02e4d263          	bge	s1,a4,4e7e <prints+0x54>
    4e5e:	8c19                	sub	s0,s0,a4
    4e60:	0026f793          	andi	a5,a3,2
    4e64:	02000993          	li	s3,32
    4e68:	c781                	beqz	a5,4e70 <prints+0x46>
    4e6a:	e319                	bnez	a4,4e70 <prints+0x46>
    4e6c:	03000993          	li	s3,48
    4e70:	8a85                	andi	a3,a3,1
    4e72:	4901                	li	s2,0
    4e74:	ea85                	bnez	a3,4ea4 <prints+0x7a>
    4e76:	8922                	mv	s2,s0
    4e78:	a831                	j	4e94 <prints+0x6a>
    4e7a:	0485                	addi	s1,s1,1
    4e7c:	bfc1                	j	4e4c <prints+0x22>
    4e7e:	8c05                	sub	s0,s0,s1
    4e80:	b7c5                	j	4e60 <prints+0x36>
    4e82:	4401                	li	s0,0
    4e84:	bff1                	j	4e60 <prints+0x36>
    4e86:	85ce                	mv	a1,s3
    4e88:	8552                	mv	a0,s4
    4e8a:	c63a                	sw	a4,12(sp)
    4e8c:	f53ff0ef          	jal	ra,4dde <printchar>
    4e90:	4732                	lw	a4,12(sp)
    4e92:	197d                	addi	s2,s2,-1
    4e94:	ff2049e3          	bgtz	s2,4e86 <prints+0x5c>
    4e98:	8922                	mv	s2,s0
    4e9a:	00045363          	bgez	s0,4ea0 <prints+0x76>
    4e9e:	4901                	li	s2,0
    4ea0:	41240433          	sub	s0,s0,s2
    4ea4:	02e4cb63          	blt	s1,a4,4eda <prints+0xb0>
    4ea8:	84ca                	mv	s1,s2
    4eaa:	412487b3          	sub	a5,s1,s2
    4eae:	97d6                	add	a5,a5,s5
    4eb0:	00078583          	lb	a1,0(a5)
    4eb4:	e1a1                	bnez	a1,4ef4 <prints+0xca>
    4eb6:	8922                	mv	s2,s0
    4eb8:	05204363          	bgtz	s2,4efe <prints+0xd4>
    4ebc:	00045363          	bgez	s0,4ec2 <prints+0x98>
    4ec0:	4401                	li	s0,0
    4ec2:	00940533          	add	a0,s0,s1
    4ec6:	50b2                	lw	ra,44(sp)
    4ec8:	5422                	lw	s0,40(sp)
    4eca:	5492                	lw	s1,36(sp)
    4ecc:	5902                	lw	s2,32(sp)
    4ece:	49f2                	lw	s3,28(sp)
    4ed0:	4a62                	lw	s4,24(sp)
    4ed2:	4ad2                	lw	s5,20(sp)
    4ed4:	4b42                	lw	s6,16(sp)
    4ed6:	6145                	addi	sp,sp,48
    4ed8:	8082                	ret
    4eda:	409704b3          	sub	s1,a4,s1
    4ede:	8b26                	mv	s6,s1
    4ee0:	03000593          	li	a1,48
    4ee4:	8552                	mv	a0,s4
    4ee6:	1b7d                	addi	s6,s6,-1
    4ee8:	ef7ff0ef          	jal	ra,4dde <printchar>
    4eec:	fe0b1ae3          	bnez	s6,4ee0 <prints+0xb6>
    4ef0:	9926                	add	s2,s2,s1
    4ef2:	bf5d                	j	4ea8 <prints+0x7e>
    4ef4:	8552                	mv	a0,s4
    4ef6:	ee9ff0ef          	jal	ra,4dde <printchar>
    4efa:	0485                	addi	s1,s1,1
    4efc:	b77d                	j	4eaa <prints+0x80>
    4efe:	85ce                	mv	a1,s3
    4f00:	8552                	mv	a0,s4
    4f02:	eddff0ef          	jal	ra,4dde <printchar>
    4f06:	197d                	addi	s2,s2,-1
    4f08:	bf45                	j	4eb8 <prints+0x8e>

00004f0a <printInt>:
    4f0a:	715d                	addi	sp,sp,-80
    4f0c:	c2a6                	sw	s1,68(sp)
    4f0e:	dc52                	sw	s4,56(sp)
    4f10:	c686                	sw	ra,76(sp)
    4f12:	c4a2                	sw	s0,72(sp)
    4f14:	c0ca                	sw	s2,64(sp)
    4f16:	de4e                	sw	s3,60(sp)
    4f18:	da56                	sw	s5,52(sp)
    4f1a:	84ba                	mv	s1,a4
    4f1c:	8a3e                	mv	s4,a5
    4f1e:	e585                	bnez	a1,4f46 <printInt+0x3c>
    4f20:	03000793          	li	a5,48
    4f24:	4701                	li	a4,0
    4f26:	86d2                	mv	a3,s4
    4f28:	8626                	mv	a2,s1
    4f2a:	082c                	addi	a1,sp,24
    4f2c:	00f11c23          	sh	a5,24(sp)
    4f30:	efbff0ef          	jal	ra,4e2a <prints>
    4f34:	40b6                	lw	ra,76(sp)
    4f36:	4426                	lw	s0,72(sp)
    4f38:	4496                	lw	s1,68(sp)
    4f3a:	4906                	lw	s2,64(sp)
    4f3c:	59f2                	lw	s3,60(sp)
    4f3e:	5a62                	lw	s4,56(sp)
    4f40:	5ad2                	lw	s5,52(sp)
    4f42:	6161                	addi	sp,sp,80
    4f44:	8082                	ret
    4f46:	892a                	mv	s2,a0
    4f48:	8436                	mv	s0,a3
    4f4a:	8ac6                	mv	s5,a7
    4f4c:	ca91                	beqz	a3,4f60 <printInt+0x56>
    4f4e:	47a9                	li	a5,10
    4f50:	4401                	li	s0,0
    4f52:	00f61763          	bne	a2,a5,4f60 <printInt+0x56>
    4f56:	0005d563          	bgez	a1,4f60 <printInt+0x56>
    4f5a:	40b005b3          	neg	a1,a1
    4f5e:	4405                	li	s0,1
    4f60:	020107a3          	sb	zero,47(sp)
    4f64:	02f10793          	addi	a5,sp,47
    4f68:	46a5                	li	a3,9
    4f6a:	fc680513          	addi	a0,a6,-58
    4f6e:	02c5f733          	remu	a4,a1,a2
    4f72:	00e6d363          	bge	a3,a4,4f78 <printInt+0x6e>
    4f76:	972a                	add	a4,a4,a0
    4f78:	03070713          	addi	a4,a4,48
    4f7c:	fee78fa3          	sb	a4,-1(a5)
    4f80:	fff78993          	addi	s3,a5,-1
    4f84:	02c5d733          	divu	a4,a1,a2
    4f88:	04c5fb63          	bgeu	a1,a2,4fde <printInt+0xd4>
    4f8c:	cc09                	beqz	s0,4fa6 <printInt+0x9c>
    4f8e:	c8b9                	beqz	s1,4fe4 <printInt+0xda>
    4f90:	002a7713          	andi	a4,s4,2
    4f94:	cb21                	beqz	a4,4fe4 <printInt+0xda>
    4f96:	02d00593          	li	a1,45
    4f9a:	854a                	mv	a0,s2
    4f9c:	c642                	sw	a6,12(sp)
    4f9e:	e41ff0ef          	jal	ra,4dde <printchar>
    4fa2:	4832                	lw	a6,12(sp)
    4fa4:	14fd                	addi	s1,s1,-1
    4fa6:	004a7793          	andi	a5,s4,4
    4faa:	c38d                	beqz	a5,4fcc <printInt+0xc2>
    4fac:	06100793          	li	a5,97
    4fb0:	03000593          	li	a1,48
    4fb4:	854a                	mv	a0,s2
    4fb6:	02f81f63          	bne	a6,a5,4ff4 <printInt+0xea>
    4fba:	e25ff0ef          	jal	ra,4dde <printchar>
    4fbe:	07800593          	li	a1,120
    4fc2:	854a                	mv	a0,s2
    4fc4:	e1bff0ef          	jal	ra,4dde <printchar>
    4fc8:	0409                	addi	s0,s0,2
    4fca:	14f9                	addi	s1,s1,-2
    4fcc:	8756                	mv	a4,s5
    4fce:	86d2                	mv	a3,s4
    4fd0:	8626                	mv	a2,s1
    4fd2:	85ce                	mv	a1,s3
    4fd4:	854a                	mv	a0,s2
    4fd6:	e55ff0ef          	jal	ra,4e2a <prints>
    4fda:	9522                	add	a0,a0,s0
    4fdc:	bfa1                	j	4f34 <printInt+0x2a>
    4fde:	85ba                	mv	a1,a4
    4fe0:	87ce                	mv	a5,s3
    4fe2:	b771                	j	4f6e <printInt+0x64>
    4fe4:	02d00713          	li	a4,45
    4fe8:	fee98fa3          	sb	a4,-1(s3)
    4fec:	4401                	li	s0,0
    4fee:	ffe78993          	addi	s3,a5,-2
    4ff2:	bf55                	j	4fa6 <printInt+0x9c>
    4ff4:	debff0ef          	jal	ra,4dde <printchar>
    4ff8:	05800593          	li	a1,88
    4ffc:	b7d9                	j	4fc2 <printInt+0xb8>

00004ffe <printLongLongInt>:
    4ffe:	711d                	addi	sp,sp,-96
    5000:	c8ca                	sw	s2,80(sp)
    5002:	c6ce                	sw	s3,76(sp)
    5004:	c2d6                	sw	s5,68(sp)
    5006:	c0da                	sw	s6,64(sp)
    5008:	893a                	mv	s2,a4
    500a:	ce86                	sw	ra,92(sp)
    500c:	cca2                	sw	s0,88(sp)
    500e:	caa6                	sw	s1,84(sp)
    5010:	c4d2                	sw	s4,72(sp)
    5012:	de5e                	sw	s7,60(sp)
    5014:	dc62                	sw	s8,56(sp)
    5016:	da66                	sw	s9,52(sp)
    5018:	d86a                	sw	s10,48(sp)
    501a:	d66e                	sw	s11,44(sp)
    501c:	00c5e733          	or	a4,a1,a2
    5020:	89be                	mv	s3,a5
    5022:	8aaa                	mv	s5,a0
    5024:	8b42                	mv	s6,a6
    5026:	06014783          	lbu	a5,96(sp)
    502a:	e721                	bnez	a4,5072 <printLongLongInt+0x74>
    502c:	cf95                	beqz	a5,5068 <printLongLongInt+0x6a>
    502e:	678d                	lui	a5,0x3
    5030:	02d78793          	addi	a5,a5,45 # 302d <DMA_Init+0x23>
    5034:	00f11423          	sh	a5,8(sp)
    5038:	00010523          	sb	zero,10(sp)
    503c:	4701                	li	a4,0
    503e:	86da                	mv	a3,s6
    5040:	864e                	mv	a2,s3
    5042:	002c                	addi	a1,sp,8
    5044:	8556                	mv	a0,s5
    5046:	de5ff0ef          	jal	ra,4e2a <prints>
    504a:	40f6                	lw	ra,92(sp)
    504c:	4466                	lw	s0,88(sp)
    504e:	44d6                	lw	s1,84(sp)
    5050:	4946                	lw	s2,80(sp)
    5052:	49b6                	lw	s3,76(sp)
    5054:	4a26                	lw	s4,72(sp)
    5056:	4a96                	lw	s5,68(sp)
    5058:	4b06                	lw	s6,64(sp)
    505a:	5bf2                	lw	s7,60(sp)
    505c:	5c62                	lw	s8,56(sp)
    505e:	5cd2                	lw	s9,52(sp)
    5060:	5d42                	lw	s10,48(sp)
    5062:	5db2                	lw	s11,44(sp)
    5064:	6125                	addi	sp,sp,96
    5066:	8082                	ret
    5068:	03000793          	li	a5,48
    506c:	00f11423          	sh	a5,8(sp)
    5070:	b7f1                	j	503c <printLongLongInt+0x3e>
    5072:	8a36                	mv	s4,a3
    5074:	84ae                	mv	s1,a1
    5076:	8432                	mv	s0,a2
    5078:	02090063          	beqz	s2,5098 <printLongLongInt+0x9a>
    507c:	47a9                	li	a5,10
    507e:	4901                	li	s2,0
    5080:	00f69c63          	bne	a3,a5,5098 <printLongLongInt+0x9a>
    5084:	00065a63          	bgez	a2,5098 <printLongLongInt+0x9a>
    5088:	40b004b3          	neg	s1,a1
    508c:	009037b3          	snez	a5,s1
    5090:	40c00433          	neg	s0,a2
    5094:	8c1d                	sub	s0,s0,a5
    5096:	4905                	li	s2,1
    5098:	00010fa3          	sb	zero,31(sp)
    509c:	01f10d13          	addi	s10,sp,31
    50a0:	41fa5d93          	srai	s11,s4,0x1f
    50a4:	4ca5                	li	s9,9
    50a6:	fc688c13          	addi	s8,a7,-58 # 3f7fffc6 <_eusrstack+0x1f7fafc6>
    50aa:	8652                	mv	a2,s4
    50ac:	86ee                	mv	a3,s11
    50ae:	8526                	mv	a0,s1
    50b0:	85a2                	mv	a1,s0
    50b2:	08b000ef          	jal	ra,593c <__umoddi3>
    50b6:	00acd363          	bge	s9,a0,50bc <printLongLongInt+0xbe>
    50ba:	9562                	add	a0,a0,s8
    50bc:	03050513          	addi	a0,a0,48
    50c0:	fead0fa3          	sb	a0,-1(s10)
    50c4:	8652                	mv	a2,s4
    50c6:	86ee                	mv	a3,s11
    50c8:	8526                	mv	a0,s1
    50ca:	85a2                	mv	a1,s0
    50cc:	fffd0b93          	addi	s7,s10,-1
    50d0:	29d1                	jal	55a4 <__udivdi3>
    50d2:	01b46663          	bltu	s0,s11,50de <printLongLongInt+0xe0>
    50d6:	028d9a63          	bne	s11,s0,510a <printLongLongInt+0x10c>
    50da:	0344f863          	bgeu	s1,s4,510a <printLongLongInt+0x10c>
    50de:	00090d63          	beqz	s2,50f8 <printLongLongInt+0xfa>
    50e2:	02098863          	beqz	s3,5112 <printLongLongInt+0x114>
    50e6:	002b7793          	andi	a5,s6,2
    50ea:	c785                	beqz	a5,5112 <printLongLongInt+0x114>
    50ec:	02d00593          	li	a1,45
    50f0:	8556                	mv	a0,s5
    50f2:	cedff0ef          	jal	ra,4dde <printchar>
    50f6:	19fd                	addi	s3,s3,-1
    50f8:	4701                	li	a4,0
    50fa:	86da                	mv	a3,s6
    50fc:	864e                	mv	a2,s3
    50fe:	85de                	mv	a1,s7
    5100:	8556                	mv	a0,s5
    5102:	d29ff0ef          	jal	ra,4e2a <prints>
    5106:	954a                	add	a0,a0,s2
    5108:	b789                	j	504a <printLongLongInt+0x4c>
    510a:	84aa                	mv	s1,a0
    510c:	842e                	mv	s0,a1
    510e:	8d5e                	mv	s10,s7
    5110:	bf69                	j	50aa <printLongLongInt+0xac>
    5112:	02d00793          	li	a5,45
    5116:	fefb8fa3          	sb	a5,-1(s7)
    511a:	4901                	li	s2,0
    511c:	ffed0b93          	addi	s7,s10,-2
    5120:	bfe1                	j	50f8 <printLongLongInt+0xfa>

00005122 <printDouble>:
    5122:	715d                	addi	sp,sp,-80
    5124:	c2a6                	sw	s1,68(sp)
    5126:	c0ca                	sw	s2,64(sp)
    5128:	84aa                	mv	s1,a0
    512a:	892e                	mv	s2,a1
    512c:	852e                	mv	a0,a1
    512e:	85b2                	mv	a1,a2
    5130:	c686                	sw	ra,76(sp)
    5132:	ce3a                	sw	a4,28(sp)
    5134:	cc42                	sw	a6,24(sp)
    5136:	c4a2                	sw	s0,72(sp)
    5138:	de4e                	sw	s3,60(sp)
    513a:	dc52                	sw	s4,56(sp)
    513c:	89b2                	mv	s3,a2
    513e:	8a36                	mv	s4,a3
    5140:	da56                	sw	s5,52(sp)
    5142:	d85a                	sw	s6,48(sp)
    5144:	8abe                	mv	s5,a5
    5146:	d65e                	sw	s7,44(sp)
    5148:	d462                	sw	s8,40(sp)
    514a:	d266                	sw	s9,36(sp)
    514c:	8c46                	mv	s8,a7
    514e:	d06a                	sw	s10,32(sp)
    5150:	6b5010ef          	jal	ra,7004 <__fixdfdi>
    5154:	8b2a                	mv	s6,a0
    5156:	8bae                	mv	s7,a1
    5158:	4601                	li	a2,0
    515a:	4681                	li	a3,0
    515c:	85ce                	mv	a1,s3
    515e:	854a                	mv	a0,s2
    5160:	11e010ef          	jal	ra,627e <__ledf2>
    5164:	4772                	lw	a4,28(sp)
    5166:	4862                	lw	a6,24(sp)
    5168:	817d                	srli	a0,a0,0x1f
    516a:	87ba                	mv	a5,a4
    516c:	c02a                	sw	a0,0(sp)
    516e:	4705                	li	a4,1
    5170:	88e2                	mv	a7,s8
    5172:	86d2                	mv	a3,s4
    5174:	85da                	mv	a1,s6
    5176:	865e                	mv	a2,s7
    5178:	8526                	mv	a0,s1
    517a:	e85ff0ef          	jal	ra,4ffe <printLongLongInt>
    517e:	8d2a                	mv	s10,a0
    5180:	02e00593          	li	a1,46
    5184:	8526                	mv	a0,s1
    5186:	c59ff0ef          	jal	ra,4dde <printchar>
    518a:	0d05                	addi	s10,s10,1
    518c:	4781                	li	a5,0
    518e:	4c85                	li	s9,1
    5190:	4401                	li	s0,0
    5192:	4729                	li	a4,10
    5194:	0757ce63          	blt	a5,s5,5210 <printDouble+0xee>
    5198:	855a                	mv	a0,s6
    519a:	85de                	mv	a1,s7
    519c:	725010ef          	jal	ra,70c0 <__floatdidf>
    51a0:	862a                	mv	a2,a0
    51a2:	86ae                	mv	a3,a1
    51a4:	854a                	mv	a0,s2
    51a6:	85ce                	mv	a1,s3
    51a8:	644010ef          	jal	ra,67ec <__subdf3>
    51ac:	892a                	mv	s2,a0
    51ae:	89ae                	mv	s3,a1
    51b0:	8566                	mv	a0,s9
    51b2:	85a2                	mv	a1,s0
    51b4:	70d010ef          	jal	ra,70c0 <__floatdidf>
    51b8:	862a                	mv	a2,a0
    51ba:	86ae                	mv	a3,a1
    51bc:	854a                	mv	a0,s2
    51be:	85ce                	mv	a1,s3
    51c0:	174010ef          	jal	ra,6334 <__muldf3>
    51c4:	641010ef          	jal	ra,7004 <__fixdfdi>
    51c8:	41f5d613          	srai	a2,a1,0x1f
    51cc:	8d31                	xor	a0,a0,a2
    51ce:	00b647b3          	xor	a5,a2,a1
    51d2:	40c505b3          	sub	a1,a0,a2
    51d6:	00b53533          	sltu	a0,a0,a1
    51da:	40c78633          	sub	a2,a5,a2
    51de:	c002                	sw	zero,0(sp)
    51e0:	88e2                	mv	a7,s8
    51e2:	87d6                	mv	a5,s5
    51e4:	86d2                	mv	a3,s4
    51e6:	8e09                	sub	a2,a2,a0
    51e8:	4809                	li	a6,2
    51ea:	8526                	mv	a0,s1
    51ec:	4705                	li	a4,1
    51ee:	e11ff0ef          	jal	ra,4ffe <printLongLongInt>
    51f2:	40b6                	lw	ra,76(sp)
    51f4:	4426                	lw	s0,72(sp)
    51f6:	956a                	add	a0,a0,s10
    51f8:	4496                	lw	s1,68(sp)
    51fa:	4906                	lw	s2,64(sp)
    51fc:	59f2                	lw	s3,60(sp)
    51fe:	5a62                	lw	s4,56(sp)
    5200:	5ad2                	lw	s5,52(sp)
    5202:	5b42                	lw	s6,48(sp)
    5204:	5bb2                	lw	s7,44(sp)
    5206:	5c22                	lw	s8,40(sp)
    5208:	5c92                	lw	s9,36(sp)
    520a:	5d02                	lw	s10,32(sp)
    520c:	6161                	addi	sp,sp,80
    520e:	8082                	ret
    5210:	028706b3          	mul	a3,a4,s0
    5214:	0785                	addi	a5,a5,1
    5216:	03973433          	mulhu	s0,a4,s9
    521a:	03970cb3          	mul	s9,a4,s9
    521e:	9436                	add	s0,s0,a3
    5220:	bf95                	j	5194 <printDouble+0x72>

00005222 <print>:
    5222:	715d                	addi	sp,sp,-80
    5224:	d85a                	sw	s6,48(sp)
    5226:	0000cb37          	lui	s6,0xc
    522a:	c4a2                	sw	s0,72(sp)
    522c:	c2a6                	sw	s1,68(sp)
    522e:	c0ca                	sw	s2,64(sp)
    5230:	de4e                	sw	s3,60(sp)
    5232:	dc52                	sw	s4,56(sp)
    5234:	da56                	sw	s5,52(sp)
    5236:	d65e                	sw	s7,44(sp)
    5238:	d462                	sw	s8,40(sp)
    523a:	c686                	sw	ra,76(sp)
    523c:	d266                	sw	s9,36(sp)
    523e:	89aa                	mv	s3,a0
    5240:	892e                	mv	s2,a1
    5242:	8432                	mv	s0,a2
    5244:	4a01                	li	s4,0
    5246:	4481                	li	s1,0
    5248:	02500b93          	li	s7,37
    524c:	02b00a93          	li	s5,43
    5250:	4c29                	li	s8,10
    5252:	9b0b0b13          	addi	s6,s6,-1616 # b9b0 <atanlo+0x1c>
    5256:	00090583          	lb	a1,0(s2)
    525a:	e58d                	bnez	a1,5284 <print+0x62>
    525c:	00098663          	beqz	s3,5268 <print+0x46>
    5260:	4581                	li	a1,0
    5262:	854e                	mv	a0,s3
    5264:	b7bff0ef          	jal	ra,4dde <printchar>
    5268:	40b6                	lw	ra,76(sp)
    526a:	4426                	lw	s0,72(sp)
    526c:	8526                	mv	a0,s1
    526e:	4906                	lw	s2,64(sp)
    5270:	4496                	lw	s1,68(sp)
    5272:	59f2                	lw	s3,60(sp)
    5274:	5a62                	lw	s4,56(sp)
    5276:	5ad2                	lw	s5,52(sp)
    5278:	5b42                	lw	s6,48(sp)
    527a:	5bb2                	lw	s7,44(sp)
    527c:	5c22                	lw	s8,40(sp)
    527e:	5c92                	lw	s9,36(sp)
    5280:	6161                	addi	sp,sp,80
    5282:	8082                	ret
    5284:	01758863          	beq	a1,s7,5294 <print+0x72>
    5288:	854e                	mv	a0,s3
    528a:	b55ff0ef          	jal	ra,4dde <printchar>
    528e:	0485                	addi	s1,s1,1
    5290:	0905                	addi	s2,s2,1
    5292:	b7d1                	j	5256 <print+0x34>
    5294:	00190783          	lb	a5,1(s2)
    5298:	00190c93          	addi	s9,s2,1
    529c:	01779a63          	bne	a5,s7,52b0 <print+0x8e>
    52a0:	02500593          	li	a1,37
    52a4:	854e                	mv	a0,s3
    52a6:	b39ff0ef          	jal	ra,4dde <printchar>
    52aa:	0485                	addi	s1,s1,1
    52ac:	8966                	mv	s2,s9
    52ae:	b7cd                	j	5290 <print+0x6e>
    52b0:	d7d5                	beqz	a5,525c <print+0x3a>
    52b2:	05578763          	beq	a5,s5,5300 <print+0xde>
    52b6:	00fac863          	blt	s5,a5,52c6 <print+0xa4>
    52ba:	02300713          	li	a4,35
    52be:	04e78463          	beq	a5,a4,5306 <print+0xe4>
    52c2:	4781                	li	a5,0
    52c4:	a005                	j	52e4 <print+0xc2>
    52c6:	02d00713          	li	a4,45
    52ca:	00e78a63          	beq	a5,a4,52de <print+0xbc>
    52ce:	03000713          	li	a4,48
    52d2:	fee798e3          	bne	a5,a4,52c2 <print+0xa0>
    52d6:	00290c93          	addi	s9,s2,2
    52da:	4789                	li	a5,2
    52dc:	a021                	j	52e4 <print+0xc2>
    52de:	00290c93          	addi	s9,s2,2
    52e2:	4785                	li	a5,1
    52e4:	000c8703          	lb	a4,0(s9)
    52e8:	05570363          	beq	a4,s5,532e <print+0x10c>
    52ec:	02eac163          	blt	s5,a4,530e <print+0xec>
    52f0:	02300693          	li	a3,35
    52f4:	02d70b63          	beq	a4,a3,532a <print+0x108>
    52f8:	8966                	mv	s2,s9
    52fa:	4501                	li	a0,0
    52fc:	45a5                	li	a1,9
    52fe:	a835                	j	533a <print+0x118>
    5300:	00290c93          	addi	s9,s2,2
    5304:	bf7d                	j	52c2 <print+0xa0>
    5306:	00290c93          	addi	s9,s2,2
    530a:	4791                	li	a5,4
    530c:	bfe1                	j	52e4 <print+0xc2>
    530e:	02d00693          	li	a3,45
    5312:	00d70963          	beq	a4,a3,5324 <print+0x102>
    5316:	03000693          	li	a3,48
    531a:	fcd71fe3          	bne	a4,a3,52f8 <print+0xd6>
    531e:	0027e793          	ori	a5,a5,2
    5322:	a031                	j	532e <print+0x10c>
    5324:	0c85                	addi	s9,s9,1
    5326:	4785                	li	a5,1
    5328:	bfc1                	j	52f8 <print+0xd6>
    532a:	0047e793          	ori	a5,a5,4
    532e:	0c85                	addi	s9,s9,1
    5330:	b7e1                	j	52f8 <print+0xd6>
    5332:	03850533          	mul	a0,a0,s8
    5336:	0905                	addi	s2,s2,1
    5338:	9536                	add	a0,a0,a3
    533a:	00090703          	lb	a4,0(s2)
    533e:	fd070693          	addi	a3,a4,-48
    5342:	0ff6f613          	andi	a2,a3,255
    5346:	fec5f6e3          	bgeu	a1,a2,5332 <print+0x110>
    534a:	02e00613          	li	a2,46
    534e:	4699                	li	a3,6
    5350:	00c71e63          	bne	a4,a2,536c <print+0x14a>
    5354:	0905                	addi	s2,s2,1
    5356:	4681                	li	a3,0
    5358:	4625                	li	a2,9
    535a:	00090703          	lb	a4,0(s2)
    535e:	fd070713          	addi	a4,a4,-48
    5362:	0ff77593          	andi	a1,a4,255
    5366:	02b67563          	bgeu	a2,a1,5390 <print+0x16e>
    536a:	8a36                	mv	s4,a3
    536c:	00090703          	lb	a4,0(s2)
    5370:	06a00613          	li	a2,106
    5374:	0ac70963          	beq	a4,a2,5426 <print+0x204>
    5378:	02e64163          	blt	a2,a4,539a <print+0x178>
    537c:	04c00613          	li	a2,76
    5380:	0ac70363          	beq	a4,a2,5426 <print+0x204>
    5384:	06800613          	li	a2,104
    5388:	08c70863          	beq	a4,a2,5418 <print+0x1f6>
    538c:	4601                	li	a2,0
    538e:	a81d                	j	53c4 <print+0x1a2>
    5390:	038686b3          	mul	a3,a3,s8
    5394:	0905                	addi	s2,s2,1
    5396:	96ba                	add	a3,a3,a4
    5398:	b7c9                	j	535a <print+0x138>
    539a:	07400613          	li	a2,116
    539e:	08c70463          	beq	a4,a2,5426 <print+0x204>
    53a2:	07a00613          	li	a2,122
    53a6:	08c70063          	beq	a4,a2,5426 <print+0x204>
    53aa:	06c00593          	li	a1,108
    53ae:	4601                	li	a2,0
    53b0:	00b71a63          	bne	a4,a1,53c4 <print+0x1a2>
    53b4:	00190583          	lb	a1,1(s2)
    53b8:	460d                	li	a2,3
    53ba:	00e59463          	bne	a1,a4,53c2 <print+0x1a0>
    53be:	0905                	addi	s2,s2,1
    53c0:	4611                	li	a2,4
    53c2:	0905                	addi	s2,s2,1
    53c4:	00090703          	lb	a4,0(s2)
    53c8:	06000593          	li	a1,96
    53cc:	06100813          	li	a6,97
    53d0:	00e5c463          	blt	a1,a4,53d8 <print+0x1b6>
    53d4:	04100813          	li	a6,65
    53d8:	06700593          	li	a1,103
    53dc:	06e5c263          	blt	a1,a4,5440 <print+0x21e>
    53e0:	06500593          	li	a1,101
    53e4:	16b75963          	bge	a4,a1,5556 <print+0x334>
    53e8:	04700593          	li	a1,71
    53ec:	02e5cf63          	blt	a1,a4,542a <print+0x208>
    53f0:	04500613          	li	a2,69
    53f4:	16c75163          	bge	a4,a2,5556 <print+0x334>
    53f8:	04300693          	li	a3,67
    53fc:	e8d71ae3          	bne	a4,a3,5290 <print+0x6e>
    5400:	4018                	lw	a4,0(s0)
    5402:	00440c93          	addi	s9,s0,4
    5406:	00010ea3          	sb	zero,29(sp)
    540a:	00e10e23          	sb	a4,28(sp)
    540e:	86be                	mv	a3,a5
    5410:	4701                	li	a4,0
    5412:	862a                	mv	a2,a0
    5414:	086c                	addi	a1,sp,28
    5416:	a071                	j	54a2 <print+0x280>
    5418:	00190583          	lb	a1,1(s2)
    541c:	4601                	li	a2,0
    541e:	fae593e3          	bne	a1,a4,53c4 <print+0x1a2>
    5422:	0909                	addi	s2,s2,2
    5424:	b745                	j	53c4 <print+0x1a2>
    5426:	0905                	addi	s2,s2,1
    5428:	b795                	j	538c <print+0x16a>
    542a:	06300693          	li	a3,99
    542e:	fcd709e3          	beq	a4,a3,5400 <print+0x1de>
    5432:	06e6ce63          	blt	a3,a4,54ae <print+0x28c>
    5436:	05800693          	li	a3,88
    543a:	02d70363          	beq	a4,a3,5460 <print+0x23e>
    543e:	bd89                	j	5290 <print+0x6e>
    5440:	07300693          	li	a3,115
    5444:	04d70663          	beq	a4,a3,5490 <print+0x26e>
    5448:	02e6cd63          	blt	a3,a4,5482 <print+0x260>
    544c:	06f00693          	li	a3,111
    5450:	0cd70b63          	beq	a4,a3,5526 <print+0x304>
    5454:	07000693          	li	a3,112
    5458:	0047e793          	ori	a5,a5,4
    545c:	e2d71ae3          	bne	a4,a3,5290 <print+0x6e>
    5460:	4711                	li	a4,4
    5462:	0ae61b63          	bne	a2,a4,5518 <print+0x2f6>
    5466:	041d                	addi	s0,s0,7
    5468:	ff847713          	andi	a4,s0,-8
    546c:	430c                	lw	a1,0(a4)
    546e:	4350                	lw	a2,4(a4)
    5470:	00870413          	addi	s0,a4,8
    5474:	88c2                	mv	a7,a6
    5476:	c002                	sw	zero,0(sp)
    5478:	883e                	mv	a6,a5
    547a:	4701                	li	a4,0
    547c:	87aa                	mv	a5,a0
    547e:	46c1                	li	a3,16
    5480:	a0b9                	j	54ce <print+0x2ac>
    5482:	07500693          	li	a3,117
    5486:	06d70363          	beq	a4,a3,54ec <print+0x2ca>
    548a:	07800693          	li	a3,120
    548e:	b775                	j	543a <print+0x218>
    5490:	4018                	lw	a4,0(s0)
    5492:	00440c93          	addi	s9,s0,4
    5496:	85da                	mv	a1,s6
    5498:	c311                	beqz	a4,549c <print+0x27a>
    549a:	85ba                	mv	a1,a4
    549c:	8752                	mv	a4,s4
    549e:	86be                	mv	a3,a5
    54a0:	862a                	mv	a2,a0
    54a2:	854e                	mv	a0,s3
    54a4:	987ff0ef          	jal	ra,4e2a <prints>
    54a8:	94aa                	add	s1,s1,a0
    54aa:	8466                	mv	s0,s9
    54ac:	b3d5                	j	5290 <print+0x6e>
    54ae:	4711                	li	a4,4
    54b0:	02e61463          	bne	a2,a4,54d8 <print+0x2b6>
    54b4:	041d                	addi	s0,s0,7
    54b6:	ff847713          	andi	a4,s0,-8
    54ba:	430c                	lw	a1,0(a4)
    54bc:	4350                	lw	a2,4(a4)
    54be:	00870413          	addi	s0,a4,8
    54c2:	88c2                	mv	a7,a6
    54c4:	c002                	sw	zero,0(sp)
    54c6:	883e                	mv	a6,a5
    54c8:	4705                	li	a4,1
    54ca:	87aa                	mv	a5,a0
    54cc:	46a9                	li	a3,10
    54ce:	854e                	mv	a0,s3
    54d0:	b2fff0ef          	jal	ra,4ffe <printLongLongInt>
    54d4:	94aa                	add	s1,s1,a0
    54d6:	bb6d                	j	5290 <print+0x6e>
    54d8:	400c                	lw	a1,0(s0)
    54da:	88d2                	mv	a7,s4
    54dc:	0411                	addi	s0,s0,4
    54de:	872a                	mv	a4,a0
    54e0:	4685                	li	a3,1
    54e2:	4629                	li	a2,10
    54e4:	854e                	mv	a0,s3
    54e6:	a25ff0ef          	jal	ra,4f0a <printInt>
    54ea:	b7ed                	j	54d4 <print+0x2b2>
    54ec:	4711                	li	a4,4
    54ee:	00e61f63          	bne	a2,a4,550c <print+0x2ea>
    54f2:	041d                	addi	s0,s0,7
    54f4:	ff847713          	andi	a4,s0,-8
    54f8:	430c                	lw	a1,0(a4)
    54fa:	4350                	lw	a2,4(a4)
    54fc:	00870413          	addi	s0,a4,8
    5500:	88c2                	mv	a7,a6
    5502:	c002                	sw	zero,0(sp)
    5504:	883e                	mv	a6,a5
    5506:	4701                	li	a4,0
    5508:	87aa                	mv	a5,a0
    550a:	b7c9                	j	54cc <print+0x2aa>
    550c:	400c                	lw	a1,0(s0)
    550e:	88d2                	mv	a7,s4
    5510:	0411                	addi	s0,s0,4
    5512:	872a                	mv	a4,a0
    5514:	4681                	li	a3,0
    5516:	b7f1                	j	54e2 <print+0x2c0>
    5518:	400c                	lw	a1,0(s0)
    551a:	88d2                	mv	a7,s4
    551c:	0411                	addi	s0,s0,4
    551e:	872a                	mv	a4,a0
    5520:	4681                	li	a3,0
    5522:	4641                	li	a2,16
    5524:	b7c1                	j	54e4 <print+0x2c2>
    5526:	4711                	li	a4,4
    5528:	02e61063          	bne	a2,a4,5548 <print+0x326>
    552c:	041d                	addi	s0,s0,7
    552e:	ff847713          	andi	a4,s0,-8
    5532:	430c                	lw	a1,0(a4)
    5534:	4350                	lw	a2,4(a4)
    5536:	00870413          	addi	s0,a4,8
    553a:	88c2                	mv	a7,a6
    553c:	c002                	sw	zero,0(sp)
    553e:	883e                	mv	a6,a5
    5540:	4701                	li	a4,0
    5542:	87aa                	mv	a5,a0
    5544:	46a1                	li	a3,8
    5546:	b761                	j	54ce <print+0x2ac>
    5548:	400c                	lw	a1,0(s0)
    554a:	88d2                	mv	a7,s4
    554c:	0411                	addi	s0,s0,4
    554e:	872a                	mv	a4,a0
    5550:	4681                	li	a3,0
    5552:	4621                	li	a2,8
    5554:	bf41                	j	54e4 <print+0x2c2>
    5556:	041d                	addi	s0,s0,7
    5558:	ff847613          	andi	a2,s0,-8
    555c:	00860413          	addi	s0,a2,8 # 7f800008 <_eusrstack+0x5f7fb008>
    5560:	420c                	lw	a1,0(a2)
    5562:	4250                	lw	a2,4(a2)
    5564:	40d50733          	sub	a4,a0,a3
    5568:	88c2                	mv	a7,a6
    556a:	177d                	addi	a4,a4,-1
    556c:	883e                	mv	a6,a5
    556e:	854e                	mv	a0,s3
    5570:	87b6                	mv	a5,a3
    5572:	46a9                	li	a3,10
    5574:	bafff0ef          	jal	ra,5122 <printDouble>
    5578:	bfb1                	j	54d4 <print+0x2b2>

0000557a <snprintf>:
    557a:	7139                	addi	sp,sp,-64
    557c:	8332                	mv	t1,a2
    557e:	da3e                	sw	a5,52(sp)
    5580:	c42e                	sw	a1,8(sp)
    5582:	c62a                	sw	a0,12(sp)
    5584:	1070                	addi	a2,sp,44
    5586:	4785                	li	a5,1
    5588:	0048                	addi	a0,sp,4
    558a:	859a                	mv	a1,t1
    558c:	ce06                	sw	ra,28(sp)
    558e:	d636                	sw	a3,44(sp)
    5590:	d83a                	sw	a4,48(sp)
    5592:	dc42                	sw	a6,56(sp)
    5594:	de46                	sw	a7,60(sp)
    5596:	c23e                	sw	a5,4(sp)
    5598:	c032                	sw	a2,0(sp)
    559a:	c89ff0ef          	jal	ra,5222 <print>
    559e:	40f2                	lw	ra,28(sp)
    55a0:	6121                	addi	sp,sp,64
    55a2:	8082                	ret

000055a4 <__udivdi3>:
    55a4:	87b6                	mv	a5,a3
    55a6:	88b2                	mv	a7,a2
    55a8:	832a                	mv	t1,a0
    55aa:	882e                	mv	a6,a1
    55ac:	14069d63          	bnez	a3,5706 <__udivdi3+0x162>
    55b0:	0ac5f963          	bgeu	a1,a2,5662 <__udivdi3+0xbe>
    55b4:	6741                	lui	a4,0x10
    55b6:	1ae66e63          	bltu	a2,a4,5772 <__udivdi3+0x1ce>
    55ba:	010007b7          	lui	a5,0x1000
    55be:	34f66363          	bltu	a2,a5,5904 <__udivdi3+0x360>
    55c2:	01865693          	srli	a3,a2,0x18
    55c6:	47e1                	li	a5,24
    55c8:	00006717          	auipc	a4,0x6
    55cc:	53070713          	addi	a4,a4,1328 # baf8 <__clz_tab>
    55d0:	9736                	add	a4,a4,a3
    55d2:	00074703          	lbu	a4,0(a4)
    55d6:	97ba                	add	a5,a5,a4
    55d8:	02000713          	li	a4,32
    55dc:	8f1d                	sub	a4,a4,a5
    55de:	cb19                	beqz	a4,55f4 <__udivdi3+0x50>
    55e0:	00e59833          	sll	a6,a1,a4
    55e4:	00f557b3          	srl	a5,a0,a5
    55e8:	00e618b3          	sll	a7,a2,a4
    55ec:	0107e833          	or	a6,a5,a6
    55f0:	00e51333          	sll	t1,a0,a4
    55f4:	0108d613          	srli	a2,a7,0x10
    55f8:	02c85533          	divu	a0,a6,a2
    55fc:	01089693          	slli	a3,a7,0x10
    5600:	82c1                	srli	a3,a3,0x10
    5602:	01035793          	srli	a5,t1,0x10
    5606:	02c87733          	remu	a4,a6,a2
    560a:	02a685b3          	mul	a1,a3,a0
    560e:	0742                	slli	a4,a4,0x10
    5610:	00f76833          	or	a6,a4,a5
    5614:	00b87a63          	bgeu	a6,a1,5628 <__udivdi3+0x84>
    5618:	9846                	add	a6,a6,a7
    561a:	fff50793          	addi	a5,a0,-1
    561e:	01186463          	bltu	a6,a7,5626 <__udivdi3+0x82>
    5622:	30b86763          	bltu	a6,a1,5930 <__udivdi3+0x38c>
    5626:	853e                	mv	a0,a5
    5628:	40b80833          	sub	a6,a6,a1
    562c:	02c85733          	divu	a4,a6,a2
    5630:	0342                	slli	t1,t1,0x10
    5632:	01035313          	srli	t1,t1,0x10
    5636:	02c87833          	remu	a6,a6,a2
    563a:	02e686b3          	mul	a3,a3,a4
    563e:	0842                	slli	a6,a6,0x10
    5640:	00686833          	or	a6,a6,t1
    5644:	00d87b63          	bgeu	a6,a3,565a <__udivdi3+0xb6>
    5648:	9846                	add	a6,a6,a7
    564a:	fff70793          	addi	a5,a4,-1
    564e:	01186563          	bltu	a6,a7,5658 <__udivdi3+0xb4>
    5652:	1779                	addi	a4,a4,-2
    5654:	00d86363          	bltu	a6,a3,565a <__udivdi3+0xb6>
    5658:	873e                	mv	a4,a5
    565a:	0542                	slli	a0,a0,0x10
    565c:	8d59                	or	a0,a0,a4
    565e:	4581                	li	a1,0
    5660:	8082                	ret
    5662:	e601                	bnez	a2,566a <__udivdi3+0xc6>
    5664:	4705                	li	a4,1
    5666:	02c758b3          	divu	a7,a4,a2
    566a:	6741                	lui	a4,0x10
    566c:	0ee8ea63          	bltu	a7,a4,5760 <__udivdi3+0x1bc>
    5670:	010007b7          	lui	a5,0x1000
    5674:	28f8ec63          	bltu	a7,a5,590c <__udivdi3+0x368>
    5678:	0188d693          	srli	a3,a7,0x18
    567c:	47e1                	li	a5,24
    567e:	00006717          	auipc	a4,0x6
    5682:	47a70713          	addi	a4,a4,1146 # baf8 <__clz_tab>
    5686:	9736                	add	a4,a4,a3
    5688:	00074683          	lbu	a3,0(a4)
    568c:	96be                	add	a3,a3,a5
    568e:	02000793          	li	a5,32
    5692:	8f95                	sub	a5,a5,a3
    5694:	ebe5                	bnez	a5,5784 <__udivdi3+0x1e0>
    5696:	01089e93          	slli	t4,a7,0x10
    569a:	41158733          	sub	a4,a1,a7
    569e:	0108df13          	srli	t5,a7,0x10
    56a2:	010ede93          	srli	t4,t4,0x10
    56a6:	4585                	li	a1,1
    56a8:	01035793          	srli	a5,t1,0x10
    56ac:	03e75533          	divu	a0,a4,t5
    56b0:	03e77733          	remu	a4,a4,t5
    56b4:	03d506b3          	mul	a3,a0,t4
    56b8:	0742                	slli	a4,a4,0x10
    56ba:	8fd9                	or	a5,a5,a4
    56bc:	00d7fa63          	bgeu	a5,a3,56d0 <__udivdi3+0x12c>
    56c0:	97c6                	add	a5,a5,a7
    56c2:	fff50713          	addi	a4,a0,-1
    56c6:	0117e463          	bltu	a5,a7,56ce <__udivdi3+0x12a>
    56ca:	26d7e663          	bltu	a5,a3,5936 <__udivdi3+0x392>
    56ce:	853a                	mv	a0,a4
    56d0:	8f95                	sub	a5,a5,a3
    56d2:	03e7d733          	divu	a4,a5,t5
    56d6:	0342                	slli	t1,t1,0x10
    56d8:	01035313          	srli	t1,t1,0x10
    56dc:	03e7f7b3          	remu	a5,a5,t5
    56e0:	03d70eb3          	mul	t4,a4,t4
    56e4:	07c2                	slli	a5,a5,0x10
    56e6:	0067e7b3          	or	a5,a5,t1
    56ea:	01d7fb63          	bgeu	a5,t4,5700 <__udivdi3+0x15c>
    56ee:	97c6                	add	a5,a5,a7
    56f0:	fff70693          	addi	a3,a4,-1
    56f4:	0117e563          	bltu	a5,a7,56fe <__udivdi3+0x15a>
    56f8:	1779                	addi	a4,a4,-2
    56fa:	01d7e363          	bltu	a5,t4,5700 <__udivdi3+0x15c>
    56fe:	8736                	mv	a4,a3
    5700:	0542                	slli	a0,a0,0x10
    5702:	8d59                	or	a0,a0,a4
    5704:	8082                	ret
    5706:	04d5e263          	bltu	a1,a3,574a <__udivdi3+0x1a6>
    570a:	67c1                	lui	a5,0x10
    570c:	04f6e263          	bltu	a3,a5,5750 <__udivdi3+0x1ac>
    5710:	010007b7          	lui	a5,0x1000
    5714:	1ef6e463          	bltu	a3,a5,58fc <__udivdi3+0x358>
    5718:	0186d713          	srli	a4,a3,0x18
    571c:	4861                	li	a6,24
    571e:	00006797          	auipc	a5,0x6
    5722:	3da78793          	addi	a5,a5,986 # baf8 <__clz_tab>
    5726:	97ba                	add	a5,a5,a4
    5728:	0007c703          	lbu	a4,0(a5)
    572c:	02000e13          	li	t3,32
    5730:	9742                	add	a4,a4,a6
    5732:	40ee0e33          	sub	t3,t3,a4
    5736:	0c0e1a63          	bnez	t3,580a <__udivdi3+0x266>
    573a:	1cb6ed63          	bltu	a3,a1,5914 <__udivdi3+0x370>
    573e:	00c53533          	sltu	a0,a0,a2
    5742:	00154513          	xori	a0,a0,1
    5746:	4581                	li	a1,0
    5748:	8082                	ret
    574a:	4581                	li	a1,0
    574c:	4501                	li	a0,0
    574e:	8082                	ret
    5750:	0ff00793          	li	a5,255
    5754:	1cd7f363          	bgeu	a5,a3,591a <__udivdi3+0x376>
    5758:	0086d713          	srli	a4,a3,0x8
    575c:	4821                	li	a6,8
    575e:	b7c1                	j	571e <__udivdi3+0x17a>
    5760:	0ff00713          	li	a4,255
    5764:	86c6                	mv	a3,a7
    5766:	f1177ce3          	bgeu	a4,a7,567e <__udivdi3+0xda>
    576a:	0088d693          	srli	a3,a7,0x8
    576e:	47a1                	li	a5,8
    5770:	b739                	j	567e <__udivdi3+0xda>
    5772:	0ff00713          	li	a4,255
    5776:	86b2                	mv	a3,a2
    5778:	e4c778e3          	bgeu	a4,a2,55c8 <__udivdi3+0x24>
    577c:	00865693          	srli	a3,a2,0x8
    5780:	47a1                	li	a5,8
    5782:	b599                	j	55c8 <__udivdi3+0x24>
    5784:	00f898b3          	sll	a7,a7,a5
    5788:	00d5d633          	srl	a2,a1,a3
    578c:	0108df13          	srli	t5,a7,0x10
    5790:	03e65e33          	divu	t3,a2,t5
    5794:	00f59733          	sll	a4,a1,a5
    5798:	00d556b3          	srl	a3,a0,a3
    579c:	8f55                	or	a4,a4,a3
    579e:	01089e93          	slli	t4,a7,0x10
    57a2:	010ede93          	srli	t4,t4,0x10
    57a6:	00f51333          	sll	t1,a0,a5
    57aa:	01075593          	srli	a1,a4,0x10
    57ae:	03e676b3          	remu	a3,a2,t5
    57b2:	03ce87b3          	mul	a5,t4,t3
    57b6:	06c2                	slli	a3,a3,0x10
    57b8:	8ecd                	or	a3,a3,a1
    57ba:	00f6fb63          	bgeu	a3,a5,57d0 <__udivdi3+0x22c>
    57be:	96c6                	add	a3,a3,a7
    57c0:	fffe0613          	addi	a2,t3,-1
    57c4:	1716e463          	bltu	a3,a7,592c <__udivdi3+0x388>
    57c8:	16f6f263          	bgeu	a3,a5,592c <__udivdi3+0x388>
    57cc:	1e79                	addi	t3,t3,-2
    57ce:	96c6                	add	a3,a3,a7
    57d0:	8e9d                	sub	a3,a3,a5
    57d2:	03e6d633          	divu	a2,a3,t5
    57d6:	01071793          	slli	a5,a4,0x10
    57da:	83c1                	srli	a5,a5,0x10
    57dc:	03e6f6b3          	remu	a3,a3,t5
    57e0:	02ce8533          	mul	a0,t4,a2
    57e4:	01069713          	slli	a4,a3,0x10
    57e8:	8f5d                	or	a4,a4,a5
    57ea:	00a77b63          	bgeu	a4,a0,5800 <__udivdi3+0x25c>
    57ee:	9746                	add	a4,a4,a7
    57f0:	fff60793          	addi	a5,a2,-1
    57f4:	13176863          	bltu	a4,a7,5924 <__udivdi3+0x380>
    57f8:	12a77663          	bgeu	a4,a0,5924 <__udivdi3+0x380>
    57fc:	1679                	addi	a2,a2,-2
    57fe:	9746                	add	a4,a4,a7
    5800:	010e1593          	slli	a1,t3,0x10
    5804:	8f09                	sub	a4,a4,a0
    5806:	8dd1                	or	a1,a1,a2
    5808:	b545                	j	56a8 <__udivdi3+0x104>
    580a:	00e657b3          	srl	a5,a2,a4
    580e:	01c696b3          	sll	a3,a3,t3
    5812:	8edd                	or	a3,a3,a5
    5814:	00e5d333          	srl	t1,a1,a4
    5818:	0106df13          	srli	t5,a3,0x10
    581c:	03e357b3          	divu	a5,t1,t5
    5820:	01069e93          	slli	t4,a3,0x10
    5824:	010ede93          	srli	t4,t4,0x10
    5828:	01c59833          	sll	a6,a1,t3
    582c:	00e55733          	srl	a4,a0,a4
    5830:	01076833          	or	a6,a4,a6
    5834:	01085893          	srli	a7,a6,0x10
    5838:	01c61633          	sll	a2,a2,t3
    583c:	03e37333          	remu	t1,t1,t5
    5840:	02fe85b3          	mul	a1,t4,a5
    5844:	0342                	slli	t1,t1,0x10
    5846:	011368b3          	or	a7,t1,a7
    584a:	00b8fb63          	bgeu	a7,a1,5860 <__udivdi3+0x2bc>
    584e:	98b6                	add	a7,a7,a3
    5850:	fff78713          	addi	a4,a5,-1
    5854:	0cd8ea63          	bltu	a7,a3,5928 <__udivdi3+0x384>
    5858:	0cb8f863          	bgeu	a7,a1,5928 <__udivdi3+0x384>
    585c:	17f9                	addi	a5,a5,-2
    585e:	98b6                	add	a7,a7,a3
    5860:	40b888b3          	sub	a7,a7,a1
    5864:	03e8d733          	divu	a4,a7,t5
    5868:	0842                	slli	a6,a6,0x10
    586a:	01085813          	srli	a6,a6,0x10
    586e:	03e8f8b3          	remu	a7,a7,t5
    5872:	02ee8333          	mul	t1,t4,a4
    5876:	08c2                	slli	a7,a7,0x10
    5878:	0108e5b3          	or	a1,a7,a6
    587c:	0065fb63          	bgeu	a1,t1,5892 <__udivdi3+0x2ee>
    5880:	95b6                	add	a1,a1,a3
    5882:	fff70813          	addi	a6,a4,-1
    5886:	08d5ed63          	bltu	a1,a3,5920 <__udivdi3+0x37c>
    588a:	0865fb63          	bgeu	a1,t1,5920 <__udivdi3+0x37c>
    588e:	1779                	addi	a4,a4,-2
    5890:	95b6                	add	a1,a1,a3
    5892:	07c2                	slli	a5,a5,0x10
    5894:	6f41                	lui	t5,0x10
    5896:	8fd9                	or	a5,a5,a4
    5898:	ffff0713          	addi	a4,t5,-1 # ffff <_data_lma+0x417f>
    589c:	00e7f6b3          	and	a3,a5,a4
    58a0:	0107d893          	srli	a7,a5,0x10
    58a4:	8f71                	and	a4,a4,a2
    58a6:	8241                	srli	a2,a2,0x10
    58a8:	02e68eb3          	mul	t4,a3,a4
    58ac:	406585b3          	sub	a1,a1,t1
    58b0:	02c686b3          	mul	a3,a3,a2
    58b4:	010ed813          	srli	a6,t4,0x10
    58b8:	02e88733          	mul	a4,a7,a4
    58bc:	96ba                	add	a3,a3,a4
    58be:	96c2                	add	a3,a3,a6
    58c0:	02c88633          	mul	a2,a7,a2
    58c4:	00e6f363          	bgeu	a3,a4,58ca <__udivdi3+0x326>
    58c8:	967a                	add	a2,a2,t5
    58ca:	0106d893          	srli	a7,a3,0x10
    58ce:	9646                	add	a2,a2,a7
    58d0:	02c5e263          	bltu	a1,a2,58f4 <__udivdi3+0x350>
    58d4:	00c58563          	beq	a1,a2,58de <__udivdi3+0x33a>
    58d8:	853e                	mv	a0,a5
    58da:	4581                	li	a1,0
    58dc:	8082                	ret
    58de:	6741                	lui	a4,0x10
    58e0:	177d                	addi	a4,a4,-1
    58e2:	8ef9                	and	a3,a3,a4
    58e4:	06c2                	slli	a3,a3,0x10
    58e6:	00eefeb3          	and	t4,t4,a4
    58ea:	01c51533          	sll	a0,a0,t3
    58ee:	96f6                	add	a3,a3,t4
    58f0:	fed574e3          	bgeu	a0,a3,58d8 <__udivdi3+0x334>
    58f4:	fff78513          	addi	a0,a5,-1
    58f8:	4581                	li	a1,0
    58fa:	8082                	ret
    58fc:	0106d713          	srli	a4,a3,0x10
    5900:	4841                	li	a6,16
    5902:	bd31                	j	571e <__udivdi3+0x17a>
    5904:	01065693          	srli	a3,a2,0x10
    5908:	47c1                	li	a5,16
    590a:	b97d                	j	55c8 <__udivdi3+0x24>
    590c:	0108d693          	srli	a3,a7,0x10
    5910:	47c1                	li	a5,16
    5912:	b3b5                	j	567e <__udivdi3+0xda>
    5914:	4581                	li	a1,0
    5916:	4505                	li	a0,1
    5918:	8082                	ret
    591a:	8736                	mv	a4,a3
    591c:	4801                	li	a6,0
    591e:	b501                	j	571e <__udivdi3+0x17a>
    5920:	8742                	mv	a4,a6
    5922:	bf85                	j	5892 <__udivdi3+0x2ee>
    5924:	863e                	mv	a2,a5
    5926:	bde9                	j	5800 <__udivdi3+0x25c>
    5928:	87ba                	mv	a5,a4
    592a:	bf1d                	j	5860 <__udivdi3+0x2bc>
    592c:	8e32                	mv	t3,a2
    592e:	b54d                	j	57d0 <__udivdi3+0x22c>
    5930:	1579                	addi	a0,a0,-2
    5932:	9846                	add	a6,a6,a7
    5934:	b9d5                	j	5628 <__udivdi3+0x84>
    5936:	1579                	addi	a0,a0,-2
    5938:	97c6                	add	a5,a5,a7
    593a:	bb59                	j	56d0 <__udivdi3+0x12c>

0000593c <__umoddi3>:
    593c:	87b6                	mv	a5,a3
    593e:	8832                	mv	a6,a2
    5940:	832a                	mv	t1,a0
    5942:	872e                	mv	a4,a1
    5944:	8e2e                	mv	t3,a1
    5946:	14069363          	bnez	a3,5a8c <__umoddi3+0x150>
    594a:	0ac5f163          	bgeu	a1,a2,59ec <__umoddi3+0xb0>
    594e:	6741                	lui	a4,0x10
    5950:	1ae67863          	bgeu	a2,a4,5b00 <__umoddi3+0x1c4>
    5954:	0ff00713          	li	a4,255
    5958:	86b2                	mv	a3,a2
    595a:	00c77563          	bgeu	a4,a2,5964 <__umoddi3+0x28>
    595e:	00865693          	srli	a3,a2,0x8
    5962:	47a1                	li	a5,8
    5964:	00006717          	auipc	a4,0x6
    5968:	19470713          	addi	a4,a4,404 # baf8 <__clz_tab>
    596c:	9736                	add	a4,a4,a3
    596e:	00074703          	lbu	a4,0(a4)
    5972:	02000893          	li	a7,32
    5976:	97ba                	add	a5,a5,a4
    5978:	40f888b3          	sub	a7,a7,a5
    597c:	00088c63          	beqz	a7,5994 <__umoddi3+0x58>
    5980:	011595b3          	sll	a1,a1,a7
    5984:	00f557b3          	srl	a5,a0,a5
    5988:	01161833          	sll	a6,a2,a7
    598c:	00b7ee33          	or	t3,a5,a1
    5990:	01151333          	sll	t1,a0,a7
    5994:	01085613          	srli	a2,a6,0x10
    5998:	02ce57b3          	divu	a5,t3,a2
    599c:	01081513          	slli	a0,a6,0x10
    59a0:	8141                	srli	a0,a0,0x10
    59a2:	01035693          	srli	a3,t1,0x10
    59a6:	02ce7e33          	remu	t3,t3,a2
    59aa:	02f507b3          	mul	a5,a0,a5
    59ae:	0e42                	slli	t3,t3,0x10
    59b0:	00de6733          	or	a4,t3,a3
    59b4:	00f77863          	bgeu	a4,a5,59c4 <__umoddi3+0x88>
    59b8:	9742                	add	a4,a4,a6
    59ba:	01076563          	bltu	a4,a6,59c4 <__umoddi3+0x88>
    59be:	00f77363          	bgeu	a4,a5,59c4 <__umoddi3+0x88>
    59c2:	9742                	add	a4,a4,a6
    59c4:	8f1d                	sub	a4,a4,a5
    59c6:	02c756b3          	divu	a3,a4,a2
    59ca:	01031793          	slli	a5,t1,0x10
    59ce:	83c1                	srli	a5,a5,0x10
    59d0:	02c77733          	remu	a4,a4,a2
    59d4:	02d50533          	mul	a0,a0,a3
    59d8:	0742                	slli	a4,a4,0x10
    59da:	8fd9                	or	a5,a5,a4
    59dc:	08a7ec63          	bltu	a5,a0,5a74 <__umoddi3+0x138>
    59e0:	40a78533          	sub	a0,a5,a0
    59e4:	01155533          	srl	a0,a0,a7
    59e8:	4581                	li	a1,0
    59ea:	8082                	ret
    59ec:	e601                	bnez	a2,59f4 <__umoddi3+0xb8>
    59ee:	4705                	li	a4,1
    59f0:	02c75833          	divu	a6,a4,a2
    59f4:	6741                	lui	a4,0x10
    59f6:	0ee86c63          	bltu	a6,a4,5aee <__umoddi3+0x1b2>
    59fa:	010007b7          	lui	a5,0x1000
    59fe:	2af86563          	bltu	a6,a5,5ca8 <__umoddi3+0x36c>
    5a02:	01885693          	srli	a3,a6,0x18
    5a06:	47e1                	li	a5,24
    5a08:	00006717          	auipc	a4,0x6
    5a0c:	0f070713          	addi	a4,a4,240 # baf8 <__clz_tab>
    5a10:	9736                	add	a4,a4,a3
    5a12:	00074703          	lbu	a4,0(a4)
    5a16:	02000893          	li	a7,32
    5a1a:	97ba                	add	a5,a5,a4
    5a1c:	40f888b3          	sub	a7,a7,a5
    5a20:	1e089a63          	bnez	a7,5c14 <__umoddi3+0x2d8>
    5a24:	01081e13          	slli	t3,a6,0x10
    5a28:	410585b3          	sub	a1,a1,a6
    5a2c:	01085613          	srli	a2,a6,0x10
    5a30:	010e5e13          	srli	t3,t3,0x10
    5a34:	01035713          	srli	a4,t1,0x10
    5a38:	02c5d6b3          	divu	a3,a1,a2
    5a3c:	02c5f5b3          	remu	a1,a1,a2
    5a40:	03c686b3          	mul	a3,a3,t3
    5a44:	05c2                	slli	a1,a1,0x10
    5a46:	8f4d                	or	a4,a4,a1
    5a48:	00d77763          	bgeu	a4,a3,5a56 <__umoddi3+0x11a>
    5a4c:	9742                	add	a4,a4,a6
    5a4e:	01076463          	bltu	a4,a6,5a56 <__umoddi3+0x11a>
    5a52:	26d76a63          	bltu	a4,a3,5cc6 <__umoddi3+0x38a>
    5a56:	8f15                	sub	a4,a4,a3
    5a58:	02c75533          	divu	a0,a4,a2
    5a5c:	0342                	slli	t1,t1,0x10
    5a5e:	01035313          	srli	t1,t1,0x10
    5a62:	02c77733          	remu	a4,a4,a2
    5a66:	03c50533          	mul	a0,a0,t3
    5a6a:	0742                	slli	a4,a4,0x10
    5a6c:	006767b3          	or	a5,a4,t1
    5a70:	00a7f863          	bgeu	a5,a0,5a80 <__umoddi3+0x144>
    5a74:	97c2                	add	a5,a5,a6
    5a76:	0107e563          	bltu	a5,a6,5a80 <__umoddi3+0x144>
    5a7a:	00a7f363          	bgeu	a5,a0,5a80 <__umoddi3+0x144>
    5a7e:	97c2                	add	a5,a5,a6
    5a80:	40a78533          	sub	a0,a5,a0
    5a84:	01155533          	srl	a0,a0,a7
    5a88:	4581                	li	a1,0
    5a8a:	8082                	ret
    5a8c:	882a                	mv	a6,a0
    5a8e:	f4d5eee3          	bltu	a1,a3,59ea <__umoddi3+0xae>
    5a92:	67c1                	lui	a5,0x10
    5a94:	04f6e563          	bltu	a3,a5,5ade <__umoddi3+0x1a2>
    5a98:	010007b7          	lui	a5,0x1000
    5a9c:	20f6e263          	bltu	a3,a5,5ca0 <__umoddi3+0x364>
    5aa0:	0186d313          	srli	t1,a3,0x18
    5aa4:	48e1                	li	a7,24
    5aa6:	00006797          	auipc	a5,0x6
    5aaa:	05278793          	addi	a5,a5,82 # baf8 <__clz_tab>
    5aae:	979a                	add	a5,a5,t1
    5ab0:	0007ce03          	lbu	t3,0(a5)
    5ab4:	02000313          	li	t1,32
    5ab8:	9e46                	add	t3,t3,a7
    5aba:	41c30333          	sub	t1,t1,t3
    5abe:	04031963          	bnez	t1,5b10 <__umoddi3+0x1d4>
    5ac2:	00b6e463          	bltu	a3,a1,5aca <__umoddi3+0x18e>
    5ac6:	00c56963          	bltu	a0,a2,5ad8 <__umoddi3+0x19c>
    5aca:	40c50833          	sub	a6,a0,a2
    5ace:	8d95                	sub	a1,a1,a3
    5ad0:	01053733          	sltu	a4,a0,a6
    5ad4:	40e58733          	sub	a4,a1,a4
    5ad8:	8542                	mv	a0,a6
    5ada:	85ba                	mv	a1,a4
    5adc:	8082                	ret
    5ade:	0ff00793          	li	a5,255
    5ae2:	1cd7fb63          	bgeu	a5,a3,5cb8 <__umoddi3+0x37c>
    5ae6:	0086d313          	srli	t1,a3,0x8
    5aea:	48a1                	li	a7,8
    5aec:	bf6d                	j	5aa6 <__umoddi3+0x16a>
    5aee:	0ff00713          	li	a4,255
    5af2:	86c2                	mv	a3,a6
    5af4:	f1077ae3          	bgeu	a4,a6,5a08 <__umoddi3+0xcc>
    5af8:	00885693          	srli	a3,a6,0x8
    5afc:	47a1                	li	a5,8
    5afe:	b729                	j	5a08 <__umoddi3+0xcc>
    5b00:	010007b7          	lui	a5,0x1000
    5b04:	1af66663          	bltu	a2,a5,5cb0 <__umoddi3+0x374>
    5b08:	01865693          	srli	a3,a2,0x18
    5b0c:	47e1                	li	a5,24
    5b0e:	bd99                	j	5964 <__umoddi3+0x28>
    5b10:	01c657b3          	srl	a5,a2,t3
    5b14:	006696b3          	sll	a3,a3,t1
    5b18:	8edd                	or	a3,a3,a5
    5b1a:	01c5d8b3          	srl	a7,a1,t3
    5b1e:	0106d713          	srli	a4,a3,0x10
    5b22:	02e8deb3          	divu	t4,a7,a4
    5b26:	01069f13          	slli	t5,a3,0x10
    5b2a:	01c557b3          	srl	a5,a0,t3
    5b2e:	010f5f13          	srli	t5,t5,0x10
    5b32:	006595b3          	sll	a1,a1,t1
    5b36:	8ddd                	or	a1,a1,a5
    5b38:	0105d813          	srli	a6,a1,0x10
    5b3c:	00661633          	sll	a2,a2,t1
    5b40:	00651533          	sll	a0,a0,t1
    5b44:	02e8f8b3          	remu	a7,a7,a4
    5b48:	03df07b3          	mul	a5,t5,t4
    5b4c:	08c2                	slli	a7,a7,0x10
    5b4e:	0108e833          	or	a6,a7,a6
    5b52:	00f87b63          	bgeu	a6,a5,5b68 <__umoddi3+0x22c>
    5b56:	9836                	add	a6,a6,a3
    5b58:	fffe8893          	addi	a7,t4,-1
    5b5c:	16d86363          	bltu	a6,a3,5cc2 <__umoddi3+0x386>
    5b60:	16f87163          	bgeu	a6,a5,5cc2 <__umoddi3+0x386>
    5b64:	1ef9                	addi	t4,t4,-2
    5b66:	9836                	add	a6,a6,a3
    5b68:	40f80833          	sub	a6,a6,a5
    5b6c:	02e857b3          	divu	a5,a6,a4
    5b70:	05c2                	slli	a1,a1,0x10
    5b72:	81c1                	srli	a1,a1,0x10
    5b74:	02e87833          	remu	a6,a6,a4
    5b78:	02ff0f33          	mul	t5,t5,a5
    5b7c:	01081713          	slli	a4,a6,0x10
    5b80:	8f4d                	or	a4,a4,a1
    5b82:	01e77b63          	bgeu	a4,t5,5b98 <__umoddi3+0x25c>
    5b86:	9736                	add	a4,a4,a3
    5b88:	fff78593          	addi	a1,a5,-1 # ffffff <_data_lma+0xff417f>
    5b8c:	12d76963          	bltu	a4,a3,5cbe <__umoddi3+0x382>
    5b90:	13e77763          	bgeu	a4,t5,5cbe <__umoddi3+0x382>
    5b94:	17f9                	addi	a5,a5,-2
    5b96:	9736                	add	a4,a4,a3
    5b98:	0ec2                	slli	t4,t4,0x10
    5b9a:	62c1                	lui	t0,0x10
    5b9c:	00feeeb3          	or	t4,t4,a5
    5ba0:	fff28813          	addi	a6,t0,-1 # ffff <_data_lma+0x417f>
    5ba4:	010ef8b3          	and	a7,t4,a6
    5ba8:	01065593          	srli	a1,a2,0x10
    5bac:	010ede93          	srli	t4,t4,0x10
    5bb0:	01067833          	and	a6,a2,a6
    5bb4:	03088fb3          	mul	t6,a7,a6
    5bb8:	41e70733          	sub	a4,a4,t5
    5bbc:	030e8833          	mul	a6,t4,a6
    5bc0:	010fd793          	srli	a5,t6,0x10
    5bc4:	02b888b3          	mul	a7,a7,a1
    5bc8:	98c2                	add	a7,a7,a6
    5bca:	97c6                	add	a5,a5,a7
    5bcc:	02be8eb3          	mul	t4,t4,a1
    5bd0:	0107f363          	bgeu	a5,a6,5bd6 <__umoddi3+0x29a>
    5bd4:	9e96                	add	t4,t4,t0
    5bd6:	6841                	lui	a6,0x10
    5bd8:	187d                	addi	a6,a6,-1
    5bda:	0107d593          	srli	a1,a5,0x10
    5bde:	0107f7b3          	and	a5,a5,a6
    5be2:	07c2                	slli	a5,a5,0x10
    5be4:	010fffb3          	and	t6,t6,a6
    5be8:	95f6                	add	a1,a1,t4
    5bea:	97fe                	add	a5,a5,t6
    5bec:	0ab76263          	bltu	a4,a1,5c90 <__umoddi3+0x354>
    5bf0:	08b70e63          	beq	a4,a1,5c8c <__umoddi3+0x350>
    5bf4:	40f507b3          	sub	a5,a0,a5
    5bf8:	00f53533          	sltu	a0,a0,a5
    5bfc:	40b705b3          	sub	a1,a4,a1
    5c00:	8d89                	sub	a1,a1,a0
    5c02:	01c59e33          	sll	t3,a1,t3
    5c06:	0067d533          	srl	a0,a5,t1
    5c0a:	00ae6533          	or	a0,t3,a0
    5c0e:	0065d5b3          	srl	a1,a1,t1
    5c12:	8082                	ret
    5c14:	01181833          	sll	a6,a6,a7
    5c18:	00f5d733          	srl	a4,a1,a5
    5c1c:	01085613          	srli	a2,a6,0x10
    5c20:	02c756b3          	divu	a3,a4,a2
    5c24:	01081e13          	slli	t3,a6,0x10
    5c28:	00f557b3          	srl	a5,a0,a5
    5c2c:	010e5e13          	srli	t3,t3,0x10
    5c30:	011595b3          	sll	a1,a1,a7
    5c34:	8ddd                	or	a1,a1,a5
    5c36:	0105de93          	srli	t4,a1,0x10
    5c3a:	01151333          	sll	t1,a0,a7
    5c3e:	02c77733          	remu	a4,a4,a2
    5c42:	02de07b3          	mul	a5,t3,a3
    5c46:	01071693          	slli	a3,a4,0x10
    5c4a:	01d6e6b3          	or	a3,a3,t4
    5c4e:	00f6f863          	bgeu	a3,a5,5c5e <__umoddi3+0x322>
    5c52:	96c2                	add	a3,a3,a6
    5c54:	0106e563          	bltu	a3,a6,5c5e <__umoddi3+0x322>
    5c58:	00f6f363          	bgeu	a3,a5,5c5e <__umoddi3+0x322>
    5c5c:	96c2                	add	a3,a3,a6
    5c5e:	8e9d                	sub	a3,a3,a5
    5c60:	02c6d733          	divu	a4,a3,a2
    5c64:	01059793          	slli	a5,a1,0x10
    5c68:	83c1                	srli	a5,a5,0x10
    5c6a:	02c6f6b3          	remu	a3,a3,a2
    5c6e:	02ee0733          	mul	a4,t3,a4
    5c72:	01069593          	slli	a1,a3,0x10
    5c76:	8ddd                	or	a1,a1,a5
    5c78:	00e5f863          	bgeu	a1,a4,5c88 <__umoddi3+0x34c>
    5c7c:	95c2                	add	a1,a1,a6
    5c7e:	0105e563          	bltu	a1,a6,5c88 <__umoddi3+0x34c>
    5c82:	00e5f363          	bgeu	a1,a4,5c88 <__umoddi3+0x34c>
    5c86:	95c2                	add	a1,a1,a6
    5c88:	8d99                	sub	a1,a1,a4
    5c8a:	b36d                	j	5a34 <__umoddi3+0xf8>
    5c8c:	f6f574e3          	bgeu	a0,a5,5bf4 <__umoddi3+0x2b8>
    5c90:	40c78633          	sub	a2,a5,a2
    5c94:	00c7b7b3          	sltu	a5,a5,a2
    5c98:	97b6                	add	a5,a5,a3
    5c9a:	8d9d                	sub	a1,a1,a5
    5c9c:	87b2                	mv	a5,a2
    5c9e:	bf99                	j	5bf4 <__umoddi3+0x2b8>
    5ca0:	0106d313          	srli	t1,a3,0x10
    5ca4:	48c1                	li	a7,16
    5ca6:	b501                	j	5aa6 <__umoddi3+0x16a>
    5ca8:	01085693          	srli	a3,a6,0x10
    5cac:	47c1                	li	a5,16
    5cae:	bba9                	j	5a08 <__umoddi3+0xcc>
    5cb0:	01065693          	srli	a3,a2,0x10
    5cb4:	47c1                	li	a5,16
    5cb6:	b17d                	j	5964 <__umoddi3+0x28>
    5cb8:	8336                	mv	t1,a3
    5cba:	4881                	li	a7,0
    5cbc:	b3ed                	j	5aa6 <__umoddi3+0x16a>
    5cbe:	87ae                	mv	a5,a1
    5cc0:	bde1                	j	5b98 <__umoddi3+0x25c>
    5cc2:	8ec6                	mv	t4,a7
    5cc4:	b555                	j	5b68 <__umoddi3+0x22c>
    5cc6:	9742                	add	a4,a4,a6
    5cc8:	b379                	j	5a56 <__umoddi3+0x11a>

00005cca <__divdf3>:
    5cca:	7139                	addi	sp,sp,-64
    5ccc:	0145d793          	srli	a5,a1,0x14
    5cd0:	dc22                	sw	s0,56(sp)
    5cd2:	d84a                	sw	s2,48(sp)
    5cd4:	d256                	sw	s5,36(sp)
    5cd6:	892a                	mv	s2,a0
    5cd8:	00c59413          	slli	s0,a1,0xc
    5cdc:	de06                	sw	ra,60(sp)
    5cde:	da26                	sw	s1,52(sp)
    5ce0:	d64e                	sw	s3,44(sp)
    5ce2:	d452                	sw	s4,40(sp)
    5ce4:	d05a                	sw	s6,32(sp)
    5ce6:	ce5e                	sw	s7,28(sp)
    5ce8:	7ff7f513          	andi	a0,a5,2047
    5cec:	8031                	srli	s0,s0,0xc
    5cee:	01f5da93          	srli	s5,a1,0x1f
    5cf2:	10050b63          	beqz	a0,5e08 <__divdf3+0x13e>
    5cf6:	7ff00793          	li	a5,2047
    5cfa:	14f50b63          	beq	a0,a5,5e50 <__divdf3+0x186>
    5cfe:	01d95a13          	srli	s4,s2,0x1d
    5d02:	040e                	slli	s0,s0,0x3
    5d04:	008a6433          	or	s0,s4,s0
    5d08:	00800a37          	lui	s4,0x800
    5d0c:	01446a33          	or	s4,s0,s4
    5d10:	00391b13          	slli	s6,s2,0x3
    5d14:	c0150493          	addi	s1,a0,-1023
    5d18:	4401                	li	s0,0
    5d1a:	4b81                	li	s7,0
    5d1c:	0146d813          	srli	a6,a3,0x14
    5d20:	00c69913          	slli	s2,a3,0xc
    5d24:	7ff87813          	andi	a6,a6,2047
    5d28:	88b2                	mv	a7,a2
    5d2a:	00c95913          	srli	s2,s2,0xc
    5d2e:	01f6d993          	srli	s3,a3,0x1f
    5d32:	08080e63          	beqz	a6,5dce <__divdf3+0x104>
    5d36:	7ff00793          	li	a5,2047
    5d3a:	04f80063          	beq	a6,a5,5d7a <__divdf3+0xb0>
    5d3e:	01d65713          	srli	a4,a2,0x1d
    5d42:	090e                	slli	s2,s2,0x3
    5d44:	01276933          	or	s2,a4,s2
    5d48:	c0180813          	addi	a6,a6,-1023 # fc01 <_data_lma+0x3d81>
    5d4c:	008007b7          	lui	a5,0x800
    5d50:	00f96733          	or	a4,s2,a5
    5d54:	00361893          	slli	a7,a2,0x3
    5d58:	410484b3          	sub	s1,s1,a6
    5d5c:	4581                	li	a1,0
    5d5e:	47bd                	li	a5,15
    5d60:	013ac833          	xor	a6,s5,s3
    5d64:	1a87e463          	bltu	a5,s0,5f0c <__divdf3+0x242>
    5d68:	00006797          	auipc	a5,0x6
    5d6c:	c5078793          	addi	a5,a5,-944 # b9b8 <atanlo+0x24>
    5d70:	040a                	slli	s0,s0,0x2
    5d72:	943e                	add	s0,s0,a5
    5d74:	4010                	lw	a2,0(s0)
    5d76:	963e                	add	a2,a2,a5
    5d78:	8602                	jr	a2
    5d7a:	00c96733          	or	a4,s2,a2
    5d7e:	80148493          	addi	s1,s1,-2047
    5d82:	10071263          	bnez	a4,5e86 <__divdf3+0x1bc>
    5d86:	00246413          	ori	s0,s0,2
    5d8a:	4881                	li	a7,0
    5d8c:	4589                	li	a1,2
    5d8e:	bfc1                	j	5d5e <__divdf3+0x94>
    5d90:	7ff00613          	li	a2,2047
    5d94:	4781                	li	a5,0
    5d96:	4701                	li	a4,0
    5d98:	07b2                	slli	a5,a5,0xc
    5d9a:	50f2                	lw	ra,60(sp)
    5d9c:	5462                	lw	s0,56(sp)
    5d9e:	0652                	slli	a2,a2,0x14
    5da0:	83b1                	srli	a5,a5,0xc
    5da2:	087e                	slli	a6,a6,0x1f
    5da4:	8fd1                	or	a5,a5,a2
    5da6:	0107e7b3          	or	a5,a5,a6
    5daa:	54d2                	lw	s1,52(sp)
    5dac:	5942                	lw	s2,48(sp)
    5dae:	59b2                	lw	s3,44(sp)
    5db0:	5a22                	lw	s4,40(sp)
    5db2:	5a92                	lw	s5,36(sp)
    5db4:	5b02                	lw	s6,32(sp)
    5db6:	4bf2                	lw	s7,28(sp)
    5db8:	853a                	mv	a0,a4
    5dba:	85be                	mv	a1,a5
    5dbc:	6121                	addi	sp,sp,64
    5dbe:	8082                	ret
    5dc0:	4801                	li	a6,0
    5dc2:	7ff00613          	li	a2,2047
    5dc6:	000807b7          	lui	a5,0x80
    5dca:	4701                	li	a4,0
    5dcc:	b7f1                	j	5d98 <__divdf3+0xce>
    5dce:	00c96733          	or	a4,s2,a2
    5dd2:	c74d                	beqz	a4,5e7c <__divdf3+0x1b2>
    5dd4:	30090863          	beqz	s2,60e4 <__divdf3+0x41a>
    5dd8:	854a                	mv	a0,s2
    5dda:	c432                	sw	a2,8(sp)
    5ddc:	688020ef          	jal	ra,8464 <__clzsi2>
    5de0:	4622                	lw	a2,8(sp)
    5de2:	ff550713          	addi	a4,a0,-11
    5de6:	47f5                	li	a5,29
    5de8:	ff850693          	addi	a3,a0,-8
    5dec:	8f99                	sub	a5,a5,a4
    5dee:	00d91933          	sll	s2,s2,a3
    5df2:	00f657b3          	srl	a5,a2,a5
    5df6:	0127e733          	or	a4,a5,s2
    5dfa:	00d618b3          	sll	a7,a2,a3
    5dfe:	9526                	add	a0,a0,s1
    5e00:	3f350493          	addi	s1,a0,1011
    5e04:	4581                	li	a1,0
    5e06:	bfa1                	j	5d5e <__divdf3+0x94>
    5e08:	01246a33          	or	s4,s0,s2
    5e0c:	060a0363          	beqz	s4,5e72 <__divdf3+0x1a8>
    5e10:	c636                	sw	a3,12(sp)
    5e12:	c432                	sw	a2,8(sp)
    5e14:	2a040663          	beqz	s0,60c0 <__divdf3+0x3f6>
    5e18:	8522                	mv	a0,s0
    5e1a:	64a020ef          	jal	ra,8464 <__clzsi2>
    5e1e:	4622                	lw	a2,8(sp)
    5e20:	46b2                	lw	a3,12(sp)
    5e22:	84aa                	mv	s1,a0
    5e24:	ff550713          	addi	a4,a0,-11
    5e28:	4a75                	li	s4,29
    5e2a:	ff848b13          	addi	s6,s1,-8
    5e2e:	40ea0a33          	sub	s4,s4,a4
    5e32:	01641433          	sll	s0,s0,s6
    5e36:	01495a33          	srl	s4,s2,s4
    5e3a:	008a6a33          	or	s4,s4,s0
    5e3e:	01691b33          	sll	s6,s2,s6
    5e42:	c0d00513          	li	a0,-1011
    5e46:	409504b3          	sub	s1,a0,s1
    5e4a:	4401                	li	s0,0
    5e4c:	4b81                	li	s7,0
    5e4e:	b5f9                	j	5d1c <__divdf3+0x52>
    5e50:	01246a33          	or	s4,s0,s2
    5e54:	000a1863          	bnez	s4,5e64 <__divdf3+0x19a>
    5e58:	4421                	li	s0,8
    5e5a:	4b01                	li	s6,0
    5e5c:	7ff00493          	li	s1,2047
    5e60:	4b89                	li	s7,2
    5e62:	bd6d                	j	5d1c <__divdf3+0x52>
    5e64:	8a22                	mv	s4,s0
    5e66:	8b4a                	mv	s6,s2
    5e68:	4431                	li	s0,12
    5e6a:	7ff00493          	li	s1,2047
    5e6e:	4b8d                	li	s7,3
    5e70:	b575                	j	5d1c <__divdf3+0x52>
    5e72:	4411                	li	s0,4
    5e74:	4b01                	li	s6,0
    5e76:	4481                	li	s1,0
    5e78:	4b85                	li	s7,1
    5e7a:	b54d                	j	5d1c <__divdf3+0x52>
    5e7c:	00146413          	ori	s0,s0,1
    5e80:	4881                	li	a7,0
    5e82:	4585                	li	a1,1
    5e84:	bde9                	j	5d5e <__divdf3+0x94>
    5e86:	00346413          	ori	s0,s0,3
    5e8a:	874a                	mv	a4,s2
    5e8c:	458d                	li	a1,3
    5e8e:	bdc1                	j	5d5e <__divdf3+0x94>
    5e90:	2e050a63          	beqz	a0,6184 <__divdf3+0x4ba>
    5e94:	4785                	li	a5,1
    5e96:	8f89                	sub	a5,a5,a0
    5e98:	03800693          	li	a3,56
    5e9c:	32f6dd63          	bge	a3,a5,61d6 <__divdf3+0x50c>
    5ea0:	4601                	li	a2,0
    5ea2:	4781                	li	a5,0
    5ea4:	4701                	li	a4,0
    5ea6:	bdcd                	j	5d98 <__divdf3+0xce>
    5ea8:	86ce                	mv	a3,s3
    5eaa:	4789                	li	a5,2
    5eac:	3af58d63          	beq	a1,a5,6266 <__divdf3+0x59c>
    5eb0:	478d                	li	a5,3
    5eb2:	f0f587e3          	beq	a1,a5,5dc0 <__divdf3+0xf6>
    5eb6:	4785                	li	a5,1
    5eb8:	8836                	mv	a6,a3
    5eba:	fef583e3          	beq	a1,a5,5ea0 <__divdf3+0x1d6>
    5ebe:	3ff48513          	addi	a0,s1,1023
    5ec2:	fca057e3          	blez	a0,5e90 <__divdf3+0x1c6>
    5ec6:	0078f793          	andi	a5,a7,7
    5eca:	28079663          	bnez	a5,6156 <__divdf3+0x48c>
    5ece:	0038d693          	srli	a3,a7,0x3
    5ed2:	00771793          	slli	a5,a4,0x7
    5ed6:	0007d863          	bgez	a5,5ee6 <__divdf3+0x21c>
    5eda:	ff0007b7          	lui	a5,0xff000
    5ede:	17fd                	addi	a5,a5,-1
    5ee0:	8f7d                	and	a4,a4,a5
    5ee2:	40048513          	addi	a0,s1,1024
    5ee6:	7fe00793          	li	a5,2046
    5eea:	eaa7c3e3          	blt	a5,a0,5d90 <__divdf3+0xc6>
    5eee:	01d71613          	slli	a2,a4,0x1d
    5ef2:	00971793          	slli	a5,a4,0x9
    5ef6:	83b1                	srli	a5,a5,0xc
    5ef8:	00d66733          	or	a4,a2,a3
    5efc:	7ff57613          	andi	a2,a0,2047
    5f00:	bd61                	j	5d98 <__divdf3+0xce>
    5f02:	86d6                	mv	a3,s5
    5f04:	8752                	mv	a4,s4
    5f06:	88da                	mv	a7,s6
    5f08:	85de                	mv	a1,s7
    5f0a:	b745                	j	5eaa <__divdf3+0x1e0>
    5f0c:	23476163          	bltu	a4,s4,612e <__divdf3+0x464>
    5f10:	20ea0d63          	beq	s4,a4,612a <__divdf3+0x460>
    5f14:	86da                	mv	a3,s6
    5f16:	14fd                	addi	s1,s1,-1
    5f18:	8452                	mv	s0,s4
    5f1a:	4b01                	li	s6,0
    5f1c:	00871793          	slli	a5,a4,0x8
    5f20:	0188d313          	srli	t1,a7,0x18
    5f24:	00f36333          	or	t1,t1,a5
    5f28:	01035e93          	srli	t4,t1,0x10
    5f2c:	03d457b3          	divu	a5,s0,t4
    5f30:	01031f13          	slli	t5,t1,0x10
    5f34:	010f5f13          	srli	t5,t5,0x10
    5f38:	0106d593          	srli	a1,a3,0x10
    5f3c:	00889e13          	slli	t3,a7,0x8
    5f40:	03d47433          	remu	s0,s0,t4
    5f44:	02ff0733          	mul	a4,t5,a5
    5f48:	0442                	slli	s0,s0,0x10
    5f4a:	8dc1                	or	a1,a1,s0
    5f4c:	00e5fb63          	bgeu	a1,a4,5f62 <__divdf3+0x298>
    5f50:	959a                	add	a1,a1,t1
    5f52:	fff78613          	addi	a2,a5,-1 # feffffff <_eusrstack+0xdeffafff>
    5f56:	2665ee63          	bltu	a1,t1,61d2 <__divdf3+0x508>
    5f5a:	26e5fc63          	bgeu	a1,a4,61d2 <__divdf3+0x508>
    5f5e:	17f9                	addi	a5,a5,-2
    5f60:	959a                	add	a1,a1,t1
    5f62:	8d99                	sub	a1,a1,a4
    5f64:	03d5d733          	divu	a4,a1,t4
    5f68:	06c2                	slli	a3,a3,0x10
    5f6a:	82c1                	srli	a3,a3,0x10
    5f6c:	03d5f5b3          	remu	a1,a1,t4
    5f70:	02ef0633          	mul	a2,t5,a4
    5f74:	05c2                	slli	a1,a1,0x10
    5f76:	8dd5                	or	a1,a1,a3
    5f78:	00c5fb63          	bgeu	a1,a2,5f8e <__divdf3+0x2c4>
    5f7c:	959a                	add	a1,a1,t1
    5f7e:	fff70693          	addi	a3,a4,-1
    5f82:	2465e663          	bltu	a1,t1,61ce <__divdf3+0x504>
    5f86:	24c5f463          	bgeu	a1,a2,61ce <__divdf3+0x504>
    5f8a:	1779                	addi	a4,a4,-2
    5f8c:	959a                	add	a1,a1,t1
    5f8e:	07c2                	slli	a5,a5,0x10
    5f90:	6441                	lui	s0,0x10
    5f92:	8f5d                	or	a4,a4,a5
    5f94:	fff40793          	addi	a5,s0,-1 # ffff <_data_lma+0x417f>
    5f98:	00f77533          	and	a0,a4,a5
    5f9c:	01075893          	srli	a7,a4,0x10
    5fa0:	010e5f93          	srli	t6,t3,0x10
    5fa4:	00fe77b3          	and	a5,t3,a5
    5fa8:	02f502b3          	mul	t0,a0,a5
    5fac:	40c586b3          	sub	a3,a1,a2
    5fb0:	02f883b3          	mul	t2,a7,a5
    5fb4:	0102d593          	srli	a1,t0,0x10
    5fb8:	02af8633          	mul	a2,t6,a0
    5fbc:	961e                	add	a2,a2,t2
    5fbe:	962e                	add	a2,a2,a1
    5fc0:	03f88533          	mul	a0,a7,t6
    5fc4:	00767363          	bgeu	a2,t2,5fca <__divdf3+0x300>
    5fc8:	9522                	add	a0,a0,s0
    5fca:	68c1                	lui	a7,0x10
    5fcc:	18fd                	addi	a7,a7,-1
    5fce:	01065593          	srli	a1,a2,0x10
    5fd2:	01167633          	and	a2,a2,a7
    5fd6:	0642                	slli	a2,a2,0x10
    5fd8:	0112f8b3          	and	a7,t0,a7
    5fdc:	95aa                	add	a1,a1,a0
    5fde:	9646                	add	a2,a2,a7
    5fe0:	12b6e663          	bltu	a3,a1,610c <__divdf3+0x442>
    5fe4:	12b68263          	beq	a3,a1,6108 <__divdf3+0x43e>
    5fe8:	40cb0633          	sub	a2,s6,a2
    5fec:	8e8d                	sub	a3,a3,a1
    5fee:	00cb3b33          	sltu	s6,s6,a2
    5ff2:	41668b33          	sub	s6,a3,s6
    5ff6:	3ff48513          	addi	a0,s1,1023
    5ffa:	17630c63          	beq	t1,s6,6172 <__divdf3+0x4a8>
    5ffe:	03db58b3          	divu	a7,s6,t4
    6002:	01065593          	srli	a1,a2,0x10
    6006:	03db7b33          	remu	s6,s6,t4
    600a:	031f06b3          	mul	a3,t5,a7
    600e:	0b42                	slli	s6,s6,0x10
    6010:	0165eb33          	or	s6,a1,s6
    6014:	00db7b63          	bgeu	s6,a3,602a <__divdf3+0x360>
    6018:	9b1a                	add	s6,s6,t1
    601a:	fff88593          	addi	a1,a7,-1 # ffff <_data_lma+0x417f>
    601e:	206b6d63          	bltu	s6,t1,6238 <__divdf3+0x56e>
    6022:	20db7b63          	bgeu	s6,a3,6238 <__divdf3+0x56e>
    6026:	18f9                	addi	a7,a7,-2
    6028:	9b1a                	add	s6,s6,t1
    602a:	40db0b33          	sub	s6,s6,a3
    602e:	03db56b3          	divu	a3,s6,t4
    6032:	0642                	slli	a2,a2,0x10
    6034:	8241                	srli	a2,a2,0x10
    6036:	03db7b33          	remu	s6,s6,t4
    603a:	02df0f33          	mul	t5,t5,a3
    603e:	0b42                	slli	s6,s6,0x10
    6040:	01666633          	or	a2,a2,s6
    6044:	01e67b63          	bgeu	a2,t5,605a <__divdf3+0x390>
    6048:	961a                	add	a2,a2,t1
    604a:	fff68593          	addi	a1,a3,-1
    604e:	1e666763          	bltu	a2,t1,623c <__divdf3+0x572>
    6052:	1fe67563          	bgeu	a2,t5,623c <__divdf3+0x572>
    6056:	16f9                	addi	a3,a3,-2
    6058:	961a                	add	a2,a2,t1
    605a:	08c2                	slli	a7,a7,0x10
    605c:	00d8e8b3          	or	a7,a7,a3
    6060:	01089593          	slli	a1,a7,0x10
    6064:	0108d293          	srli	t0,a7,0x10
    6068:	81c1                	srli	a1,a1,0x10
    606a:	02f58eb3          	mul	t4,a1,a5
    606e:	41e60633          	sub	a2,a2,t5
    6072:	02bf85b3          	mul	a1,t6,a1
    6076:	010ed693          	srli	a3,t4,0x10
    607a:	02f287b3          	mul	a5,t0,a5
    607e:	95be                	add	a1,a1,a5
    6080:	96ae                	add	a3,a3,a1
    6082:	025f8fb3          	mul	t6,t6,t0
    6086:	00f6f463          	bgeu	a3,a5,608e <__divdf3+0x3c4>
    608a:	67c1                	lui	a5,0x10
    608c:	9fbe                	add	t6,t6,a5
    608e:	65c1                	lui	a1,0x10
    6090:	15fd                	addi	a1,a1,-1
    6092:	0106d793          	srli	a5,a3,0x10
    6096:	8eed                	and	a3,a3,a1
    6098:	06c2                	slli	a3,a3,0x10
    609a:	00befeb3          	and	t4,t4,a1
    609e:	9fbe                	add	t6,t6,a5
    60a0:	96f6                	add	a3,a3,t4
    60a2:	09f67f63          	bgeu	a2,t6,6140 <__divdf3+0x476>
    60a6:	961a                	add	a2,a2,t1
    60a8:	fff88793          	addi	a5,a7,-1
    60ac:	1a666963          	bltu	a2,t1,625e <__divdf3+0x594>
    60b0:	19f66863          	bltu	a2,t6,6240 <__divdf3+0x576>
    60b4:	1bf60f63          	beq	a2,t6,6272 <__divdf3+0x5a8>
    60b8:	88be                	mv	a7,a5
    60ba:	0018e893          	ori	a7,a7,1
    60be:	b511                	j	5ec2 <__divdf3+0x1f8>
    60c0:	854a                	mv	a0,s2
    60c2:	3a2020ef          	jal	ra,8464 <__clzsi2>
    60c6:	01550713          	addi	a4,a0,21
    60ca:	45f1                	li	a1,28
    60cc:	02050493          	addi	s1,a0,32
    60d0:	4622                	lw	a2,8(sp)
    60d2:	46b2                	lw	a3,12(sp)
    60d4:	d4e5dae3          	bge	a1,a4,5e28 <__divdf3+0x15e>
    60d8:	ff850413          	addi	s0,a0,-8
    60dc:	00891a33          	sll	s4,s2,s0
    60e0:	4b01                	li	s6,0
    60e2:	b385                	j	5e42 <__divdf3+0x178>
    60e4:	8532                	mv	a0,a2
    60e6:	c432                	sw	a2,8(sp)
    60e8:	37c020ef          	jal	ra,8464 <__clzsi2>
    60ec:	01550713          	addi	a4,a0,21
    60f0:	46f1                	li	a3,28
    60f2:	87aa                	mv	a5,a0
    60f4:	4622                	lw	a2,8(sp)
    60f6:	02050513          	addi	a0,a0,32
    60fa:	cee6d6e3          	bge	a3,a4,5de6 <__divdf3+0x11c>
    60fe:	17e1                	addi	a5,a5,-8
    6100:	00f61733          	sll	a4,a2,a5
    6104:	4881                	li	a7,0
    6106:	b9e5                	j	5dfe <__divdf3+0x134>
    6108:	eecb70e3          	bgeu	s6,a2,5fe8 <__divdf3+0x31e>
    610c:	9b72                	add	s6,s6,t3
    610e:	01cb3533          	sltu	a0,s6,t3
    6112:	951a                	add	a0,a0,t1
    6114:	96aa                	add	a3,a3,a0
    6116:	fff70513          	addi	a0,a4,-1
    611a:	02d37863          	bgeu	t1,a3,614a <__divdf3+0x480>
    611e:	10b6e663          	bltu	a3,a1,622a <__divdf3+0x560>
    6122:	10d58263          	beq	a1,a3,6226 <__divdf3+0x55c>
    6126:	872a                	mv	a4,a0
    6128:	b5c1                	j	5fe8 <__divdf3+0x31e>
    612a:	df1b65e3          	bltu	s6,a7,5f14 <__divdf3+0x24a>
    612e:	001b5593          	srli	a1,s6,0x1
    6132:	01fa1693          	slli	a3,s4,0x1f
    6136:	001a5413          	srli	s0,s4,0x1
    613a:	8ecd                	or	a3,a3,a1
    613c:	0b7e                	slli	s6,s6,0x1f
    613e:	bbf9                	j	5f1c <__divdf3+0x252>
    6140:	f7f61de3          	bne	a2,t6,60ba <__divdf3+0x3f0>
    6144:	d6068fe3          	beqz	a3,5ec2 <__divdf3+0x1f8>
    6148:	bfb9                	j	60a6 <__divdf3+0x3dc>
    614a:	fcd31ee3          	bne	t1,a3,6126 <__divdf3+0x45c>
    614e:	fdcb78e3          	bgeu	s6,t3,611e <__divdf3+0x454>
    6152:	872a                	mv	a4,a0
    6154:	bd51                	j	5fe8 <__divdf3+0x31e>
    6156:	00f8f793          	andi	a5,a7,15
    615a:	4691                	li	a3,4
    615c:	d6d789e3          	beq	a5,a3,5ece <__divdf3+0x204>
    6160:	ffc8b793          	sltiu	a5,a7,-4
    6164:	00488693          	addi	a3,a7,4
    6168:	0017c793          	xori	a5,a5,1
    616c:	828d                	srli	a3,a3,0x3
    616e:	973e                	add	a4,a4,a5
    6170:	b38d                	j	5ed2 <__divdf3+0x208>
    6172:	4681                	li	a3,0
    6174:	4785                	li	a5,1
    6176:	fea04ce3          	bgtz	a0,616e <__divdf3+0x4a4>
    617a:	58fd                	li	a7,-1
    617c:	d0051ce3          	bnez	a0,5e94 <__divdf3+0x1ca>
    6180:	c0100493          	li	s1,-1023
    6184:	4785                	li	a5,1
    6186:	41e48513          	addi	a0,s1,1054
    618a:	00a716b3          	sll	a3,a4,a0
    618e:	00f8d633          	srl	a2,a7,a5
    6192:	00a89533          	sll	a0,a7,a0
    6196:	8ed1                	or	a3,a3,a2
    6198:	00a03533          	snez	a0,a0
    619c:	8ec9                	or	a3,a3,a0
    619e:	0076f613          	andi	a2,a3,7
    61a2:	00f75733          	srl	a4,a4,a5
    61a6:	ce01                	beqz	a2,61be <__divdf3+0x4f4>
    61a8:	00f6f793          	andi	a5,a3,15
    61ac:	4611                	li	a2,4
    61ae:	00c78863          	beq	a5,a2,61be <__divdf3+0x4f4>
    61b2:	00468793          	addi	a5,a3,4
    61b6:	00d7b6b3          	sltu	a3,a5,a3
    61ba:	9736                	add	a4,a4,a3
    61bc:	86be                	mv	a3,a5
    61be:	00871793          	slli	a5,a4,0x8
    61c2:	0407d863          	bgez	a5,6212 <__divdf3+0x548>
    61c6:	4605                	li	a2,1
    61c8:	4781                	li	a5,0
    61ca:	4701                	li	a4,0
    61cc:	b6f1                	j	5d98 <__divdf3+0xce>
    61ce:	8736                	mv	a4,a3
    61d0:	bb7d                	j	5f8e <__divdf3+0x2c4>
    61d2:	87b2                	mv	a5,a2
    61d4:	b379                	j	5f62 <__divdf3+0x298>
    61d6:	46fd                	li	a3,31
    61d8:	faf6d7e3          	bge	a3,a5,6186 <__divdf3+0x4bc>
    61dc:	5605                	li	a2,-31
    61de:	8e09                	sub	a2,a2,a0
    61e0:	02000693          	li	a3,32
    61e4:	00c75633          	srl	a2,a4,a2
    61e8:	00d78863          	beq	a5,a3,61f8 <__divdf3+0x52e>
    61ec:	43e48793          	addi	a5,s1,1086
    61f0:	00f717b3          	sll	a5,a4,a5
    61f4:	00f8e8b3          	or	a7,a7,a5
    61f8:	011036b3          	snez	a3,a7
    61fc:	8ed1                	or	a3,a3,a2
    61fe:	0076f613          	andi	a2,a3,7
    6202:	4781                	li	a5,0
    6204:	ce01                	beqz	a2,621c <__divdf3+0x552>
    6206:	00f6f793          	andi	a5,a3,15
    620a:	4611                	li	a2,4
    620c:	4701                	li	a4,0
    620e:	fac792e3          	bne	a5,a2,61b2 <__divdf3+0x4e8>
    6212:	00971793          	slli	a5,a4,0x9
    6216:	01d71613          	slli	a2,a4,0x1d
    621a:	83b1                	srli	a5,a5,0xc
    621c:	0036d713          	srli	a4,a3,0x3
    6220:	8f51                	or	a4,a4,a2
    6222:	4601                	li	a2,0
    6224:	be95                	j	5d98 <__divdf3+0xce>
    6226:	f0cb70e3          	bgeu	s6,a2,6126 <__divdf3+0x45c>
    622a:	9b72                	add	s6,s6,t3
    622c:	01cb3533          	sltu	a0,s6,t3
    6230:	951a                	add	a0,a0,t1
    6232:	1779                	addi	a4,a4,-2
    6234:	96aa                	add	a3,a3,a0
    6236:	bb4d                	j	5fe8 <__divdf3+0x31e>
    6238:	88ae                	mv	a7,a1
    623a:	bbc5                	j	602a <__divdf3+0x360>
    623c:	86ae                	mv	a3,a1
    623e:	bd31                	j	605a <__divdf3+0x390>
    6240:	001e1793          	slli	a5,t3,0x1
    6244:	01c7be33          	sltu	t3,a5,t3
    6248:	9372                	add	t1,t1,t3
    624a:	961a                	add	a2,a2,t1
    624c:	18f9                	addi	a7,a7,-2
    624e:	8e3e                	mv	t3,a5
    6250:	e7f615e3          	bne	a2,t6,60ba <__divdf3+0x3f0>
    6254:	c6de07e3          	beq	t3,a3,5ec2 <__divdf3+0x1f8>
    6258:	0018e893          	ori	a7,a7,1
    625c:	b19d                	j	5ec2 <__divdf3+0x1f8>
    625e:	88be                	mv	a7,a5
    6260:	fff60ae3          	beq	a2,t6,6254 <__divdf3+0x58a>
    6264:	bd99                	j	60ba <__divdf3+0x3f0>
    6266:	8836                	mv	a6,a3
    6268:	7ff00613          	li	a2,2047
    626c:	4781                	li	a5,0
    626e:	4701                	li	a4,0
    6270:	b625                	j	5d98 <__divdf3+0xce>
    6272:	fcde67e3          	bltu	t3,a3,6240 <__divdf3+0x576>
    6276:	88be                	mv	a7,a5
    6278:	fede10e3          	bne	t3,a3,6258 <__divdf3+0x58e>
    627c:	b199                	j	5ec2 <__divdf3+0x1f8>

0000627e <__ledf2>:
    627e:	0145d713          	srli	a4,a1,0x14
    6282:	001007b7          	lui	a5,0x100
    6286:	17fd                	addi	a5,a5,-1
    6288:	0146d813          	srli	a6,a3,0x14
    628c:	7ff77713          	andi	a4,a4,2047
    6290:	7ff00893          	li	a7,2047
    6294:	00b7fe33          	and	t3,a5,a1
    6298:	8eaa                	mv	t4,a0
    629a:	8ff5                	and	a5,a5,a3
    629c:	81fd                	srli	a1,a1,0x1f
    629e:	8f32                	mv	t5,a2
    62a0:	7ff87813          	andi	a6,a6,2047
    62a4:	82fd                	srli	a3,a3,0x1f
    62a6:	03170e63          	beq	a4,a7,62e2 <__ledf2+0x64>
    62aa:	01180d63          	beq	a6,a7,62c4 <__ledf2+0x46>
    62ae:	e329                	bnez	a4,62f0 <__ledf2+0x72>
    62b0:	00ae68b3          	or	a7,t3,a0
    62b4:	00081f63          	bnez	a6,62d2 <__ledf2+0x54>
    62b8:	8e5d                	or	a2,a2,a5
    62ba:	ee01                	bnez	a2,62d2 <__ledf2+0x54>
    62bc:	4301                	li	t1,0
    62be:	04088c63          	beqz	a7,6316 <__ledf2+0x98>
    62c2:	a821                	j	62da <__ledf2+0x5c>
    62c4:	00c7e8b3          	or	a7,a5,a2
    62c8:	4309                	li	t1,2
    62ca:	04089663          	bnez	a7,6316 <__ledf2+0x98>
    62ce:	d36d                	beqz	a4,62b0 <__ledf2+0x32>
    62d0:	a005                	j	62f0 <__ledf2+0x72>
    62d2:	04088463          	beqz	a7,631a <__ledf2+0x9c>
    62d6:	02d58563          	beq	a1,a3,6300 <__ledf2+0x82>
    62da:	4305                	li	t1,1
    62dc:	cd8d                	beqz	a1,6316 <__ledf2+0x98>
    62de:	537d                	li	t1,-1
    62e0:	a81d                	j	6316 <__ledf2+0x98>
    62e2:	00ae68b3          	or	a7,t3,a0
    62e6:	4309                	li	t1,2
    62e8:	02089763          	bnez	a7,6316 <__ledf2+0x98>
    62ec:	02e80a63          	beq	a6,a4,6320 <__ledf2+0xa2>
    62f0:	00081463          	bnez	a6,62f8 <__ledf2+0x7a>
    62f4:	8e5d                	or	a2,a2,a5
    62f6:	d275                	beqz	a2,62da <__ledf2+0x5c>
    62f8:	fed591e3          	bne	a1,a3,62da <__ledf2+0x5c>
    62fc:	fce84fe3          	blt	a6,a4,62da <__ledf2+0x5c>
    6300:	01074963          	blt	a4,a6,6312 <__ledf2+0x94>
    6304:	fdc7ebe3          	bltu	a5,t3,62da <__ledf2+0x5c>
    6308:	00fe0f63          	beq	t3,a5,6326 <__ledf2+0xa8>
    630c:	4301                	li	t1,0
    630e:	00fe7463          	bgeu	t3,a5,6316 <__ledf2+0x98>
    6312:	d5f1                	beqz	a1,62de <__ledf2+0x60>
    6314:	4305                	li	t1,1
    6316:	851a                	mv	a0,t1
    6318:	8082                	ret
    631a:	feed                	bnez	a3,6314 <__ledf2+0x96>
    631c:	537d                	li	t1,-1
    631e:	bfe5                	j	6316 <__ledf2+0x98>
    6320:	8e5d                	or	a2,a2,a5
    6322:	da79                	beqz	a2,62f8 <__ledf2+0x7a>
    6324:	bfcd                	j	6316 <__ledf2+0x98>
    6326:	fbdf6ae3          	bltu	t5,t4,62da <__ledf2+0x5c>
    632a:	4301                	li	t1,0
    632c:	ffeef5e3          	bgeu	t4,t5,6316 <__ledf2+0x98>
    6330:	f1f5                	bnez	a1,6314 <__ledf2+0x96>
    6332:	b775                	j	62de <__ledf2+0x60>

00006334 <__muldf3>:
    6334:	7139                	addi	sp,sp,-64
    6336:	d84a                	sw	s2,48(sp)
    6338:	0145d913          	srli	s2,a1,0x14
    633c:	d64e                	sw	s3,44(sp)
    633e:	d452                	sw	s4,40(sp)
    6340:	d256                	sw	s5,36(sp)
    6342:	00c59993          	slli	s3,a1,0xc
    6346:	de06                	sw	ra,60(sp)
    6348:	dc22                	sw	s0,56(sp)
    634a:	da26                	sw	s1,52(sp)
    634c:	d05a                	sw	s6,32(sp)
    634e:	ce5e                	sw	s7,28(sp)
    6350:	7ff97913          	andi	s2,s2,2047
    6354:	8a2a                	mv	s4,a0
    6356:	00c9d993          	srli	s3,s3,0xc
    635a:	01f5da93          	srli	s5,a1,0x1f
    635e:	0e090d63          	beqz	s2,6458 <__muldf3+0x124>
    6362:	7ff00793          	li	a5,2047
    6366:	18f90663          	beq	s2,a5,64f2 <__muldf3+0x1be>
    636a:	01d55413          	srli	s0,a0,0x1d
    636e:	098e                	slli	s3,s3,0x3
    6370:	013469b3          	or	s3,s0,s3
    6374:	00800437          	lui	s0,0x800
    6378:	0089e433          	or	s0,s3,s0
    637c:	00351493          	slli	s1,a0,0x3
    6380:	c0190913          	addi	s2,s2,-1023
    6384:	4981                	li	s3,0
    6386:	4b81                	li	s7,0
    6388:	0146d713          	srli	a4,a3,0x14
    638c:	00c69a13          	slli	s4,a3,0xc
    6390:	7ff77713          	andi	a4,a4,2047
    6394:	85b2                	mv	a1,a2
    6396:	00ca5a13          	srli	s4,s4,0xc
    639a:	01f6db13          	srli	s6,a3,0x1f
    639e:	10070b63          	beqz	a4,64b4 <__muldf3+0x180>
    63a2:	7ff00793          	li	a5,2047
    63a6:	04f70363          	beq	a4,a5,63ec <__muldf3+0xb8>
    63aa:	01d65793          	srli	a5,a2,0x1d
    63ae:	0a0e                	slli	s4,s4,0x3
    63b0:	0147ea33          	or	s4,a5,s4
    63b4:	c0170713          	addi	a4,a4,-1023
    63b8:	008007b7          	lui	a5,0x800
    63bc:	00fa67b3          	or	a5,s4,a5
    63c0:	00361593          	slli	a1,a2,0x3
    63c4:	993a                	add	s2,s2,a4
    63c6:	4881                	li	a7,0
    63c8:	016ac733          	xor	a4,s5,s6
    63cc:	46bd                	li	a3,15
    63ce:	853a                	mv	a0,a4
    63d0:	00190813          	addi	a6,s2,1
    63d4:	1736e863          	bltu	a3,s3,6544 <__muldf3+0x210>
    63d8:	00005617          	auipc	a2,0x5
    63dc:	62060613          	addi	a2,a2,1568 # b9f8 <atanlo+0x64>
    63e0:	098a                	slli	s3,s3,0x2
    63e2:	99b2                	add	s3,s3,a2
    63e4:	0009a683          	lw	a3,0(s3)
    63e8:	96b2                	add	a3,a3,a2
    63ea:	8682                	jr	a3
    63ec:	00ca67b3          	or	a5,s4,a2
    63f0:	7ff90913          	addi	s2,s2,2047
    63f4:	12079963          	bnez	a5,6526 <__muldf3+0x1f2>
    63f8:	0029e993          	ori	s3,s3,2
    63fc:	4581                	li	a1,0
    63fe:	4889                	li	a7,2
    6400:	b7e1                	j	63c8 <__muldf3+0x94>
    6402:	4701                	li	a4,0
    6404:	7ff00793          	li	a5,2047
    6408:	00080437          	lui	s0,0x80
    640c:	4481                	li	s1,0
    640e:	0432                	slli	s0,s0,0xc
    6410:	07d2                	slli	a5,a5,0x14
    6412:	8031                	srli	s0,s0,0xc
    6414:	077e                	slli	a4,a4,0x1f
    6416:	8c5d                	or	s0,s0,a5
    6418:	8c59                	or	s0,s0,a4
    641a:	85a2                	mv	a1,s0
    641c:	50f2                	lw	ra,60(sp)
    641e:	5462                	lw	s0,56(sp)
    6420:	8526                	mv	a0,s1
    6422:	5942                	lw	s2,48(sp)
    6424:	54d2                	lw	s1,52(sp)
    6426:	59b2                	lw	s3,44(sp)
    6428:	5a22                	lw	s4,40(sp)
    642a:	5a92                	lw	s5,36(sp)
    642c:	5b02                	lw	s6,32(sp)
    642e:	4bf2                	lw	s7,28(sp)
    6430:	6121                	addi	sp,sp,64
    6432:	8082                	ret
    6434:	855a                	mv	a0,s6
    6436:	843e                	mv	s0,a5
    6438:	84ae                	mv	s1,a1
    643a:	8bc6                	mv	s7,a7
    643c:	4789                	li	a5,2
    643e:	0efb8d63          	beq	s7,a5,6538 <__muldf3+0x204>
    6442:	478d                	li	a5,3
    6444:	fafb8fe3          	beq	s7,a5,6402 <__muldf3+0xce>
    6448:	4785                	li	a5,1
    644a:	872a                	mv	a4,a0
    644c:	38fb9e63          	bne	s7,a5,67e8 <__muldf3+0x4b4>
    6450:	4781                	li	a5,0
    6452:	4401                	li	s0,0
    6454:	4481                	li	s1,0
    6456:	bf65                	j	640e <__muldf3+0xda>
    6458:	00a9e433          	or	s0,s3,a0
    645c:	c061                	beqz	s0,651c <__muldf3+0x1e8>
    645e:	c636                	sw	a3,12(sp)
    6460:	c432                	sw	a2,8(sp)
    6462:	2a098c63          	beqz	s3,671a <__muldf3+0x3e6>
    6466:	854e                	mv	a0,s3
    6468:	7fd010ef          	jal	ra,8464 <__clzsi2>
    646c:	4622                	lw	a2,8(sp)
    646e:	46b2                	lw	a3,12(sp)
    6470:	87aa                	mv	a5,a0
    6472:	ff550713          	addi	a4,a0,-11
    6476:	4475                	li	s0,29
    6478:	ff878493          	addi	s1,a5,-8 # 7ffff8 <_data_lma+0x7f4178>
    647c:	8c19                	sub	s0,s0,a4
    647e:	009999b3          	sll	s3,s3,s1
    6482:	008a5433          	srl	s0,s4,s0
    6486:	01346433          	or	s0,s0,s3
    648a:	009a14b3          	sll	s1,s4,s1
    648e:	0146d713          	srli	a4,a3,0x14
    6492:	c0d00913          	li	s2,-1011
    6496:	00c69a13          	slli	s4,a3,0xc
    649a:	7ff77713          	andi	a4,a4,2047
    649e:	40f90933          	sub	s2,s2,a5
    64a2:	4981                	li	s3,0
    64a4:	4b81                	li	s7,0
    64a6:	85b2                	mv	a1,a2
    64a8:	00ca5a13          	srli	s4,s4,0xc
    64ac:	01f6db13          	srli	s6,a3,0x1f
    64b0:	ee0719e3          	bnez	a4,63a2 <__muldf3+0x6e>
    64b4:	00ca67b3          	or	a5,s4,a2
    64b8:	c7b1                	beqz	a5,6504 <__muldf3+0x1d0>
    64ba:	220a0f63          	beqz	s4,66f8 <__muldf3+0x3c4>
    64be:	8552                	mv	a0,s4
    64c0:	c432                	sw	a2,8(sp)
    64c2:	7a3010ef          	jal	ra,8464 <__clzsi2>
    64c6:	4622                	lw	a2,8(sp)
    64c8:	872a                	mv	a4,a0
    64ca:	ff550693          	addi	a3,a0,-11
    64ce:	47f5                	li	a5,29
    64d0:	ff870593          	addi	a1,a4,-8
    64d4:	8f95                	sub	a5,a5,a3
    64d6:	00ba1a33          	sll	s4,s4,a1
    64da:	00f657b3          	srl	a5,a2,a5
    64de:	0147e7b3          	or	a5,a5,s4
    64e2:	00b615b3          	sll	a1,a2,a1
    64e6:	40e90933          	sub	s2,s2,a4
    64ea:	c0d90913          	addi	s2,s2,-1011
    64ee:	4881                	li	a7,0
    64f0:	bde1                	j	63c8 <__muldf3+0x94>
    64f2:	00a9e433          	or	s0,s3,a0
    64f6:	ec01                	bnez	s0,650e <__muldf3+0x1da>
    64f8:	49a1                	li	s3,8
    64fa:	4481                	li	s1,0
    64fc:	7ff00913          	li	s2,2047
    6500:	4b89                	li	s7,2
    6502:	b559                	j	6388 <__muldf3+0x54>
    6504:	0019e993          	ori	s3,s3,1
    6508:	4581                	li	a1,0
    650a:	4885                	li	a7,1
    650c:	bd75                	j	63c8 <__muldf3+0x94>
    650e:	844e                	mv	s0,s3
    6510:	84aa                	mv	s1,a0
    6512:	49b1                	li	s3,12
    6514:	7ff00913          	li	s2,2047
    6518:	4b8d                	li	s7,3
    651a:	b5bd                	j	6388 <__muldf3+0x54>
    651c:	4991                	li	s3,4
    651e:	4481                	li	s1,0
    6520:	4901                	li	s2,0
    6522:	4b85                	li	s7,1
    6524:	b595                	j	6388 <__muldf3+0x54>
    6526:	0039e993          	ori	s3,s3,3
    652a:	87d2                	mv	a5,s4
    652c:	488d                	li	a7,3
    652e:	bd69                	j	63c8 <__muldf3+0x94>
    6530:	4789                	li	a5,2
    6532:	8556                	mv	a0,s5
    6534:	f0fb97e3          	bne	s7,a5,6442 <__muldf3+0x10e>
    6538:	872a                	mv	a4,a0
    653a:	7ff00793          	li	a5,2047
    653e:	4401                	li	s0,0
    6540:	4481                	li	s1,0
    6542:	b5f1                	j	640e <__muldf3+0xda>
    6544:	6ec1                	lui	t4,0x10
    6546:	fffe8613          	addi	a2,t4,-1 # ffff <_data_lma+0x417f>
    654a:	0104d693          	srli	a3,s1,0x10
    654e:	0105de13          	srli	t3,a1,0x10
    6552:	8cf1                	and	s1,s1,a2
    6554:	8df1                	and	a1,a1,a2
    6556:	02958633          	mul	a2,a1,s1
    655a:	02b68333          	mul	t1,a3,a1
    655e:	01065893          	srli	a7,a2,0x10
    6562:	029e0533          	mul	a0,t3,s1
    6566:	951a                	add	a0,a0,t1
    6568:	98aa                	add	a7,a7,a0
    656a:	03c682b3          	mul	t0,a3,t3
    656e:	0068f363          	bgeu	a7,t1,6574 <__muldf3+0x240>
    6572:	92f6                	add	t0,t0,t4
    6574:	6fc1                	lui	t6,0x10
    6576:	ffff8313          	addi	t1,t6,-1 # ffff <_data_lma+0x417f>
    657a:	0067f533          	and	a0,a5,t1
    657e:	0107d393          	srli	t2,a5,0x10
    6582:	0068f7b3          	and	a5,a7,t1
    6586:	07c2                	slli	a5,a5,0x10
    6588:	00667333          	and	t1,a2,t1
    658c:	933e                	add	t1,t1,a5
    658e:	02950633          	mul	a2,a0,s1
    6592:	0108d893          	srli	a7,a7,0x10
    6596:	02a687b3          	mul	a5,a3,a0
    659a:	01065f13          	srli	t5,a2,0x10
    659e:	029384b3          	mul	s1,t2,s1
    65a2:	94be                	add	s1,s1,a5
    65a4:	94fa                	add	s1,s1,t5
    65a6:	02768eb3          	mul	t4,a3,t2
    65aa:	00f4f363          	bgeu	s1,a5,65b0 <__muldf3+0x27c>
    65ae:	9efe                	add	t4,t4,t6
    65b0:	6a41                	lui	s4,0x10
    65b2:	fffa0793          	addi	a5,s4,-1 # ffff <_data_lma+0x417f>
    65b6:	01045f93          	srli	t6,s0,0x10
    65ba:	00f476b3          	and	a3,s0,a5
    65be:	00f4f9b3          	and	s3,s1,a5
    65c2:	8e7d                	and	a2,a2,a5
    65c4:	80c1                	srli	s1,s1,0x10
    65c6:	02d58433          	mul	s0,a1,a3
    65ca:	09c2                	slli	s3,s3,0x10
    65cc:	01d48f33          	add	t5,s1,t4
    65d0:	99b2                	add	s3,s3,a2
    65d2:	98ce                	add	a7,a7,s3
    65d4:	02de07b3          	mul	a5,t3,a3
    65d8:	01045e93          	srli	t4,s0,0x10
    65dc:	02bf85b3          	mul	a1,t6,a1
    65e0:	97ae                	add	a5,a5,a1
    65e2:	9ebe                	add	t4,t4,a5
    65e4:	03fe0e33          	mul	t3,t3,t6
    65e8:	00bef363          	bgeu	t4,a1,65ee <__muldf3+0x2ba>
    65ec:	9e52                	add	t3,t3,s4
    65ee:	67c1                	lui	a5,0x10
    65f0:	fff78593          	addi	a1,a5,-1 # ffff <_data_lma+0x417f>
    65f4:	00bef633          	and	a2,t4,a1
    65f8:	8c6d                	and	s0,s0,a1
    65fa:	0642                	slli	a2,a2,0x10
    65fc:	9622                	add	a2,a2,s0
    65fe:	010ede93          	srli	t4,t4,0x10
    6602:	02d505b3          	mul	a1,a0,a3
    6606:	9e76                	add	t3,t3,t4
    6608:	02af8533          	mul	a0,t6,a0
    660c:	0105d413          	srli	s0,a1,0x10
    6610:	02d386b3          	mul	a3,t2,a3
    6614:	96aa                	add	a3,a3,a0
    6616:	96a2                	add	a3,a3,s0
    6618:	03f38fb3          	mul	t6,t2,t6
    661c:	00a6f363          	bgeu	a3,a0,6622 <__muldf3+0x2ee>
    6620:	9fbe                	add	t6,t6,a5
    6622:	6541                	lui	a0,0x10
    6624:	157d                	addi	a0,a0,-1
    6626:	00a6f7b3          	and	a5,a3,a0
    662a:	07c2                	slli	a5,a5,0x10
    662c:	8d6d                	and	a0,a0,a1
    662e:	97aa                	add	a5,a5,a0
    6630:	005885b3          	add	a1,a7,t0
    6634:	0135b9b3          	sltu	s3,a1,s3
    6638:	97fa                	add	a5,a5,t5
    663a:	95b2                	add	a1,a1,a2
    663c:	01378433          	add	s0,a5,s3
    6640:	00c5b633          	sltu	a2,a1,a2
    6644:	01c40eb3          	add	t4,s0,t3
    6648:	00ce8533          	add	a0,t4,a2
    664c:	01343433          	sltu	s0,s0,s3
    6650:	01e7b7b3          	sltu	a5,a5,t5
    6654:	8fc1                	or	a5,a5,s0
    6656:	01cebe33          	sltu	t3,t4,t3
    665a:	0106d413          	srli	s0,a3,0x10
    665e:	00c53633          	sltu	a2,a0,a2
    6662:	943e                	add	s0,s0,a5
    6664:	00ce6633          	or	a2,t3,a2
    6668:	00959493          	slli	s1,a1,0x9
    666c:	9432                	add	s0,s0,a2
    666e:	947e                	add	s0,s0,t6
    6670:	0064e4b3          	or	s1,s1,t1
    6674:	0426                	slli	s0,s0,0x9
    6676:	01755693          	srli	a3,a0,0x17
    667a:	009034b3          	snez	s1,s1
    667e:	81dd                	srli	a1,a1,0x17
    6680:	00951793          	slli	a5,a0,0x9
    6684:	8ccd                	or	s1,s1,a1
    6686:	8c55                	or	s0,s0,a3
    6688:	8cdd                	or	s1,s1,a5
    668a:	00741793          	slli	a5,s0,0x7
    668e:	0007db63          	bgez	a5,66a4 <__muldf3+0x370>
    6692:	0014d793          	srli	a5,s1,0x1
    6696:	8885                	andi	s1,s1,1
    6698:	01f41693          	slli	a3,s0,0x1f
    669c:	8cdd                	or	s1,s1,a5
    669e:	8cd5                	or	s1,s1,a3
    66a0:	8005                	srli	s0,s0,0x1
    66a2:	8942                	mv	s2,a6
    66a4:	3ff90793          	addi	a5,s2,1023
    66a8:	08f05963          	blez	a5,673a <__muldf3+0x406>
    66ac:	0074f693          	andi	a3,s1,7
    66b0:	ce81                	beqz	a3,66c8 <__muldf3+0x394>
    66b2:	00f4f693          	andi	a3,s1,15
    66b6:	4611                	li	a2,4
    66b8:	00c68863          	beq	a3,a2,66c8 <__muldf3+0x394>
    66bc:	00448693          	addi	a3,s1,4
    66c0:	0096b4b3          	sltu	s1,a3,s1
    66c4:	9426                	add	s0,s0,s1
    66c6:	84b6                	mv	s1,a3
    66c8:	00741693          	slli	a3,s0,0x7
    66cc:	0006d863          	bgez	a3,66dc <__muldf3+0x3a8>
    66d0:	ff0007b7          	lui	a5,0xff000
    66d4:	17fd                	addi	a5,a5,-1
    66d6:	8c7d                	and	s0,s0,a5
    66d8:	40090793          	addi	a5,s2,1024
    66dc:	7fe00693          	li	a3,2046
    66e0:	0ef6cf63          	blt	a3,a5,67de <__muldf3+0x4aa>
    66e4:	0034d693          	srli	a3,s1,0x3
    66e8:	01d41493          	slli	s1,s0,0x1d
    66ec:	0426                	slli	s0,s0,0x9
    66ee:	8cd5                	or	s1,s1,a3
    66f0:	8031                	srli	s0,s0,0xc
    66f2:	7ff7f793          	andi	a5,a5,2047
    66f6:	bb21                	j	640e <__muldf3+0xda>
    66f8:	8532                	mv	a0,a2
    66fa:	c432                	sw	a2,8(sp)
    66fc:	569010ef          	jal	ra,8464 <__clzsi2>
    6700:	01550693          	addi	a3,a0,21 # 10015 <_data_lma+0x4195>
    6704:	47f1                	li	a5,28
    6706:	02050713          	addi	a4,a0,32
    670a:	4622                	lw	a2,8(sp)
    670c:	dcd7d1e3          	bge	a5,a3,64ce <__muldf3+0x19a>
    6710:	1561                	addi	a0,a0,-8
    6712:	00a617b3          	sll	a5,a2,a0
    6716:	4581                	li	a1,0
    6718:	b3f9                	j	64e6 <__muldf3+0x1b2>
    671a:	54b010ef          	jal	ra,8464 <__clzsi2>
    671e:	01550713          	addi	a4,a0,21
    6722:	45f1                	li	a1,28
    6724:	02050793          	addi	a5,a0,32
    6728:	4622                	lw	a2,8(sp)
    672a:	46b2                	lw	a3,12(sp)
    672c:	d4e5d5e3          	bge	a1,a4,6476 <__muldf3+0x142>
    6730:	1561                	addi	a0,a0,-8
    6732:	00aa1433          	sll	s0,s4,a0
    6736:	4481                	li	s1,0
    6738:	bb99                	j	648e <__muldf3+0x15a>
    673a:	4685                	li	a3,1
    673c:	8e9d                	sub	a3,a3,a5
    673e:	e7b1                	bnez	a5,678a <__muldf3+0x456>
    6740:	41e90913          	addi	s2,s2,1054
    6744:	012497b3          	sll	a5,s1,s2
    6748:	00d4d4b3          	srl	s1,s1,a3
    674c:	01241933          	sll	s2,s0,s2
    6750:	00f037b3          	snez	a5,a5
    6754:	009964b3          	or	s1,s2,s1
    6758:	8cdd                	or	s1,s1,a5
    675a:	0074f793          	andi	a5,s1,7
    675e:	00d456b3          	srl	a3,s0,a3
    6762:	cf81                	beqz	a5,677a <__muldf3+0x446>
    6764:	00f4f793          	andi	a5,s1,15
    6768:	4611                	li	a2,4
    676a:	00c78863          	beq	a5,a2,677a <__muldf3+0x446>
    676e:	00448793          	addi	a5,s1,4
    6772:	0097b4b3          	sltu	s1,a5,s1
    6776:	96a6                	add	a3,a3,s1
    6778:	84be                	mv	s1,a5
    677a:	00869793          	slli	a5,a3,0x8
    677e:	0407d863          	bgez	a5,67ce <__muldf3+0x49a>
    6782:	4785                	li	a5,1
    6784:	4401                	li	s0,0
    6786:	4481                	li	s1,0
    6788:	b159                	j	640e <__muldf3+0xda>
    678a:	03800613          	li	a2,56
    678e:	ccd641e3          	blt	a2,a3,6450 <__muldf3+0x11c>
    6792:	467d                	li	a2,31
    6794:	fad656e3          	bge	a2,a3,6740 <__muldf3+0x40c>
    6798:	5605                	li	a2,-31
    679a:	40f607b3          	sub	a5,a2,a5
    679e:	02000593          	li	a1,32
    67a2:	00f45633          	srl	a2,s0,a5
    67a6:	00b68763          	beq	a3,a1,67b4 <__muldf3+0x480>
    67aa:	43e90913          	addi	s2,s2,1086
    67ae:	012417b3          	sll	a5,s0,s2
    67b2:	8cdd                	or	s1,s1,a5
    67b4:	009034b3          	snez	s1,s1
    67b8:	8cd1                	or	s1,s1,a2
    67ba:	0074f693          	andi	a3,s1,7
    67be:	4401                	li	s0,0
    67c0:	ca99                	beqz	a3,67d6 <__muldf3+0x4a2>
    67c2:	00f4f793          	andi	a5,s1,15
    67c6:	4611                	li	a2,4
    67c8:	4681                	li	a3,0
    67ca:	fac792e3          	bne	a5,a2,676e <__muldf3+0x43a>
    67ce:	00969413          	slli	s0,a3,0x9
    67d2:	8031                	srli	s0,s0,0xc
    67d4:	06f6                	slli	a3,a3,0x1d
    67d6:	808d                	srli	s1,s1,0x3
    67d8:	8cd5                	or	s1,s1,a3
    67da:	4781                	li	a5,0
    67dc:	b90d                	j	640e <__muldf3+0xda>
    67de:	7ff00793          	li	a5,2047
    67e2:	4401                	li	s0,0
    67e4:	4481                	li	s1,0
    67e6:	b125                	j	640e <__muldf3+0xda>
    67e8:	8942                	mv	s2,a6
    67ea:	bd6d                	j	66a4 <__muldf3+0x370>

000067ec <__subdf3>:
    67ec:	00100737          	lui	a4,0x100
    67f0:	177d                	addi	a4,a4,-1
    67f2:	1101                	addi	sp,sp,-32
    67f4:	00b77333          	and	t1,a4,a1
    67f8:	0146d893          	srli	a7,a3,0x14
    67fc:	8f75                	and	a4,a4,a3
    67fe:	01d65e93          	srli	t4,a2,0x1d
    6802:	cc22                	sw	s0,24(sp)
    6804:	ca26                	sw	s1,20(sp)
    6806:	030e                	slli	t1,t1,0x3
    6808:	0145d493          	srli	s1,a1,0x14
    680c:	01d55793          	srli	a5,a0,0x1d
    6810:	070e                	slli	a4,a4,0x3
    6812:	ce06                	sw	ra,28(sp)
    6814:	c84a                	sw	s2,16(sp)
    6816:	c64e                	sw	s3,12(sp)
    6818:	7ff8f893          	andi	a7,a7,2047
    681c:	7ff00e13          	li	t3,2047
    6820:	00eee733          	or	a4,t4,a4
    6824:	7ff4f493          	andi	s1,s1,2047
    6828:	01f5d413          	srli	s0,a1,0x1f
    682c:	0067e333          	or	t1,a5,t1
    6830:	00351f13          	slli	t5,a0,0x3
    6834:	82fd                	srli	a3,a3,0x1f
    6836:	00361e93          	slli	t4,a2,0x3
    683a:	19c88063          	beq	a7,t3,69ba <__subdf3+0x1ce>
    683e:	0016c693          	xori	a3,a3,1
    6842:	411485b3          	sub	a1,s1,a7
    6846:	12d40563          	beq	s0,a3,6970 <__subdf3+0x184>
    684a:	18b05163          	blez	a1,69cc <__subdf3+0x1e0>
    684e:	1a088b63          	beqz	a7,6a04 <__subdf3+0x218>
    6852:	008007b7          	lui	a5,0x800
    6856:	8f5d                	or	a4,a4,a5
    6858:	59c48163          	beq	s1,t3,6dda <__subdf3+0x5ee>
    685c:	03800793          	li	a5,56
    6860:	34b7c463          	blt	a5,a1,6ba8 <__subdf3+0x3bc>
    6864:	47fd                	li	a5,31
    6866:	48b7c563          	blt	a5,a1,6cf0 <__subdf3+0x504>
    686a:	02000793          	li	a5,32
    686e:	8f8d                	sub	a5,a5,a1
    6870:	00bed9b3          	srl	s3,t4,a1
    6874:	00f71833          	sll	a6,a4,a5
    6878:	00fe9eb3          	sll	t4,t4,a5
    687c:	01386833          	or	a6,a6,s3
    6880:	00b75733          	srl	a4,a4,a1
    6884:	01d039b3          	snez	s3,t4
    6888:	01386833          	or	a6,a6,s3
    688c:	40e30333          	sub	t1,t1,a4
    6890:	410f09b3          	sub	s3,t5,a6
    6894:	013f37b3          	sltu	a5,t5,s3
    6898:	40f30633          	sub	a2,t1,a5
    689c:	00861793          	slli	a5,a2,0x8
    68a0:	2407d363          	bgez	a5,6ae6 <__subdf3+0x2fa>
    68a4:	00800937          	lui	s2,0x800
    68a8:	197d                	addi	s2,s2,-1
    68aa:	01267933          	and	s2,a2,s2
    68ae:	2c090f63          	beqz	s2,6b8c <__subdf3+0x3a0>
    68b2:	854a                	mv	a0,s2
    68b4:	3b1010ef          	jal	ra,8464 <__clzsi2>
    68b8:	ff850713          	addi	a4,a0,-8
    68bc:	02000793          	li	a5,32
    68c0:	8f99                	sub	a5,a5,a4
    68c2:	00f9d7b3          	srl	a5,s3,a5
    68c6:	00e91633          	sll	a2,s2,a4
    68ca:	8fd1                	or	a5,a5,a2
    68cc:	00e999b3          	sll	s3,s3,a4
    68d0:	2a974463          	blt	a4,s1,6b78 <__subdf3+0x38c>
    68d4:	8f05                	sub	a4,a4,s1
    68d6:	00170613          	addi	a2,a4,1 # 100001 <_data_lma+0xf4181>
    68da:	46fd                	li	a3,31
    68dc:	3ac6c563          	blt	a3,a2,6c86 <__subdf3+0x49a>
    68e0:	02000713          	li	a4,32
    68e4:	8f11                	sub	a4,a4,a2
    68e6:	00c9d6b3          	srl	a3,s3,a2
    68ea:	00e99833          	sll	a6,s3,a4
    68ee:	00e79733          	sll	a4,a5,a4
    68f2:	8f55                	or	a4,a4,a3
    68f4:	01003833          	snez	a6,a6
    68f8:	010769b3          	or	s3,a4,a6
    68fc:	00c7d633          	srl	a2,a5,a2
    6900:	4481                	li	s1,0
    6902:	0079f793          	andi	a5,s3,7
    6906:	cf81                	beqz	a5,691e <__subdf3+0x132>
    6908:	00f9f693          	andi	a3,s3,15
    690c:	4791                	li	a5,4
    690e:	00f68863          	beq	a3,a5,691e <__subdf3+0x132>
    6912:	00498693          	addi	a3,s3,4
    6916:	0136b833          	sltu	a6,a3,s3
    691a:	9642                	add	a2,a2,a6
    691c:	89b6                	mv	s3,a3
    691e:	00861793          	slli	a5,a2,0x8
    6922:	1c07d663          	bgez	a5,6aee <__subdf3+0x302>
    6926:	00148713          	addi	a4,s1,1
    692a:	7ff00793          	li	a5,2047
    692e:	8805                	andi	s0,s0,1
    6930:	20f70663          	beq	a4,a5,6b3c <__subdf3+0x350>
    6934:	ff8007b7          	lui	a5,0xff800
    6938:	17fd                	addi	a5,a5,-1
    693a:	8ff1                	and	a5,a5,a2
    693c:	01d79813          	slli	a6,a5,0x1d
    6940:	0039d993          	srli	s3,s3,0x3
    6944:	07a6                	slli	a5,a5,0x9
    6946:	01386833          	or	a6,a6,s3
    694a:	83b1                	srli	a5,a5,0xc
    694c:	7ff77713          	andi	a4,a4,2047
    6950:	00c79693          	slli	a3,a5,0xc
    6954:	0752                	slli	a4,a4,0x14
    6956:	82b1                	srli	a3,a3,0xc
    6958:	047e                	slli	s0,s0,0x1f
    695a:	8ed9                	or	a3,a3,a4
    695c:	8ec1                	or	a3,a3,s0
    695e:	40f2                	lw	ra,28(sp)
    6960:	4462                	lw	s0,24(sp)
    6962:	44d2                	lw	s1,20(sp)
    6964:	4942                	lw	s2,16(sp)
    6966:	49b2                	lw	s3,12(sp)
    6968:	8542                	mv	a0,a6
    696a:	85b6                	mv	a1,a3
    696c:	6105                	addi	sp,sp,32
    696e:	8082                	ret
    6970:	0ab05663          	blez	a1,6a1c <__subdf3+0x230>
    6974:	12088a63          	beqz	a7,6aa8 <__subdf3+0x2bc>
    6978:	008007b7          	lui	a5,0x800
    697c:	8f5d                	or	a4,a4,a5
    697e:	2dc48763          	beq	s1,t3,6c4c <__subdf3+0x460>
    6982:	03800793          	li	a5,56
    6986:	18b7c763          	blt	a5,a1,6b14 <__subdf3+0x328>
    698a:	47fd                	li	a5,31
    698c:	3cb7d263          	bge	a5,a1,6d50 <__subdf3+0x564>
    6990:	fe058813          	addi	a6,a1,-32 # ffe0 <_data_lma+0x4160>
    6994:	02000793          	li	a5,32
    6998:	010759b3          	srl	s3,a4,a6
    699c:	00f58a63          	beq	a1,a5,69b0 <__subdf3+0x1c4>
    69a0:	04000793          	li	a5,64
    69a4:	40b785b3          	sub	a1,a5,a1
    69a8:	00b71733          	sll	a4,a4,a1
    69ac:	00eeeeb3          	or	t4,t4,a4
    69b0:	01d03833          	snez	a6,t4
    69b4:	01386833          	or	a6,a6,s3
    69b8:	a295                	j	6b1c <__subdf3+0x330>
    69ba:	01d767b3          	or	a5,a4,t4
    69be:	80148593          	addi	a1,s1,-2047
    69c2:	e399                	bnez	a5,69c8 <__subdf3+0x1dc>
    69c4:	0016c693          	xori	a3,a3,1
    69c8:	04d40a63          	beq	s0,a3,6a1c <__subdf3+0x230>
    69cc:	e1d1                	bnez	a1,6a50 <__subdf3+0x264>
    69ce:	00148793          	addi	a5,s1,1
    69d2:	7fe7f793          	andi	a5,a5,2046
    69d6:	1e079963          	bnez	a5,6bc8 <__subdf3+0x3dc>
    69da:	01e367b3          	or	a5,t1,t5
    69de:	01d76833          	or	a6,a4,t4
    69e2:	16049263          	bnez	s1,6b46 <__subdf3+0x35a>
    69e6:	3c078263          	beqz	a5,6daa <__subdf3+0x5be>
    69ea:	42081663          	bnez	a6,6e16 <__subdf3+0x62a>
    69ee:	00351813          	slli	a6,a0,0x3
    69f2:	01d31693          	slli	a3,t1,0x1d
    69f6:	00385813          	srli	a6,a6,0x3
    69fa:	0106e833          	or	a6,a3,a6
    69fe:	00335793          	srli	a5,t1,0x3
    6a02:	a219                	j	6b08 <__subdf3+0x31c>
    6a04:	01d767b3          	or	a5,a4,t4
    6a08:	1a078563          	beqz	a5,6bb2 <__subdf3+0x3c6>
    6a0c:	fff58793          	addi	a5,a1,-1
    6a10:	3a078b63          	beqz	a5,6dc6 <__subdf3+0x5da>
    6a14:	23c58c63          	beq	a1,t3,6c4c <__subdf3+0x460>
    6a18:	85be                	mv	a1,a5
    6a1a:	b589                	j	685c <__subdf3+0x70>
    6a1c:	1c059963          	bnez	a1,6bee <__subdf3+0x402>
    6a20:	00148693          	addi	a3,s1,1
    6a24:	7fe6f793          	andi	a5,a3,2046
    6a28:	efc1                	bnez	a5,6ac0 <__subdf3+0x2d4>
    6a2a:	01e367b3          	or	a5,t1,t5
    6a2e:	36049063          	bnez	s1,6d8e <__subdf3+0x5a2>
    6a32:	44078d63          	beqz	a5,6e8c <__subdf3+0x6a0>
    6a36:	01d767b3          	or	a5,a4,t4
    6a3a:	46079463          	bnez	a5,6ea2 <__subdf3+0x6b6>
    6a3e:	050e                	slli	a0,a0,0x3
    6a40:	01d31813          	slli	a6,t1,0x1d
    6a44:	810d                	srli	a0,a0,0x3
    6a46:	00a86833          	or	a6,a6,a0
    6a4a:	00335793          	srli	a5,t1,0x3
    6a4e:	a86d                	j	6b08 <__subdf3+0x31c>
    6a50:	409885b3          	sub	a1,a7,s1
    6a54:	20049763          	bnez	s1,6c62 <__subdf3+0x476>
    6a58:	01e367b3          	or	a5,t1,t5
    6a5c:	30078d63          	beqz	a5,6d76 <__subdf3+0x58a>
    6a60:	fff58793          	addi	a5,a1,-1
    6a64:	40078963          	beqz	a5,6e76 <__subdf3+0x68a>
    6a68:	7ff00513          	li	a0,2047
    6a6c:	20a58363          	beq	a1,a0,6c72 <__subdf3+0x486>
    6a70:	85be                	mv	a1,a5
    6a72:	03800793          	li	a5,56
    6a76:	2ab7c263          	blt	a5,a1,6d1a <__subdf3+0x52e>
    6a7a:	47fd                	li	a5,31
    6a7c:	3cb7c863          	blt	a5,a1,6e4c <__subdf3+0x660>
    6a80:	02000793          	li	a5,32
    6a84:	8f8d                	sub	a5,a5,a1
    6a86:	00f31833          	sll	a6,t1,a5
    6a8a:	00bf5633          	srl	a2,t5,a1
    6a8e:	00ff17b3          	sll	a5,t5,a5
    6a92:	00c86833          	or	a6,a6,a2
    6a96:	00f039b3          	snez	s3,a5
    6a9a:	00b35333          	srl	t1,t1,a1
    6a9e:	01386833          	or	a6,a6,s3
    6aa2:	40670733          	sub	a4,a4,t1
    6aa6:	acb5                	j	6d22 <__subdf3+0x536>
    6aa8:	01d767b3          	or	a5,a4,t4
    6aac:	10078363          	beqz	a5,6bb2 <__subdf3+0x3c6>
    6ab0:	fff58793          	addi	a5,a1,-1
    6ab4:	1e078f63          	beqz	a5,6cb2 <__subdf3+0x4c6>
    6ab8:	2fc58063          	beq	a1,t3,6d98 <__subdf3+0x5ac>
    6abc:	85be                	mv	a1,a5
    6abe:	b5d1                	j	6982 <__subdf3+0x196>
    6ac0:	7ff00793          	li	a5,2047
    6ac4:	06f68b63          	beq	a3,a5,6b3a <__subdf3+0x34e>
    6ac8:	9efa                	add	t4,t4,t5
    6aca:	01eeb633          	sltu	a2,t4,t5
    6ace:	00e307b3          	add	a5,t1,a4
    6ad2:	97b2                	add	a5,a5,a2
    6ad4:	01f79813          	slli	a6,a5,0x1f
    6ad8:	001ede93          	srli	t4,t4,0x1
    6adc:	01d869b3          	or	s3,a6,t4
    6ae0:	0017d613          	srli	a2,a5,0x1
    6ae4:	84b6                	mv	s1,a3
    6ae6:	0079f793          	andi	a5,s3,7
    6aea:	e0079fe3          	bnez	a5,6908 <__subdf3+0x11c>
    6aee:	01d61793          	slli	a5,a2,0x1d
    6af2:	0039d813          	srli	a6,s3,0x3
    6af6:	00f86833          	or	a6,a6,a5
    6afa:	85a6                	mv	a1,s1
    6afc:	00365793          	srli	a5,a2,0x3
    6b00:	7ff00713          	li	a4,2047
    6b04:	06e58063          	beq	a1,a4,6b64 <__subdf3+0x378>
    6b08:	07b2                	slli	a5,a5,0xc
    6b0a:	83b1                	srli	a5,a5,0xc
    6b0c:	7ff5f713          	andi	a4,a1,2047
    6b10:	8805                	andi	s0,s0,1
    6b12:	bd3d                	j	6950 <__subdf3+0x164>
    6b14:	01d76733          	or	a4,a4,t4
    6b18:	00e03833          	snez	a6,a4
    6b1c:	01e809b3          	add	s3,a6,t5
    6b20:	01e9b7b3          	sltu	a5,s3,t5
    6b24:	00678633          	add	a2,a5,t1
    6b28:	00861793          	slli	a5,a2,0x8
    6b2c:	fa07dde3          	bgez	a5,6ae6 <__subdf3+0x2fa>
    6b30:	0485                	addi	s1,s1,1
    6b32:	7ff00793          	li	a5,2047
    6b36:	18f49c63          	bne	s1,a5,6cce <__subdf3+0x4e2>
    6b3a:	8805                	andi	s0,s0,1
    6b3c:	7ff00713          	li	a4,2047
    6b40:	4781                	li	a5,0
    6b42:	4801                	li	a6,0
    6b44:	b531                	j	6950 <__subdf3+0x164>
    6b46:	10079163          	bnez	a5,6c48 <__subdf3+0x45c>
    6b4a:	3c080163          	beqz	a6,6f0c <__subdf3+0x720>
    6b4e:	00361813          	slli	a6,a2,0x3
    6b52:	01d71793          	slli	a5,a4,0x1d
    6b56:	00385813          	srli	a6,a6,0x3
    6b5a:	00f86833          	or	a6,a6,a5
    6b5e:	8436                	mv	s0,a3
    6b60:	00375793          	srli	a5,a4,0x3
    6b64:	00f867b3          	or	a5,a6,a5
    6b68:	dbe9                	beqz	a5,6b3a <__subdf3+0x34e>
    6b6a:	4401                	li	s0,0
    6b6c:	7ff00713          	li	a4,2047
    6b70:	000807b7          	lui	a5,0x80
    6b74:	4801                	li	a6,0
    6b76:	bbe9                	j	6950 <__subdf3+0x164>
    6b78:	ff800637          	lui	a2,0xff800
    6b7c:	167d                	addi	a2,a2,-1
    6b7e:	8e7d                	and	a2,a2,a5
    6b80:	0079f793          	andi	a5,s3,7
    6b84:	8c99                	sub	s1,s1,a4
    6b86:	d80791e3          	bnez	a5,6908 <__subdf3+0x11c>
    6b8a:	b795                	j	6aee <__subdf3+0x302>
    6b8c:	854e                	mv	a0,s3
    6b8e:	0d7010ef          	jal	ra,8464 <__clzsi2>
    6b92:	01850713          	addi	a4,a0,24
    6b96:	47fd                	li	a5,31
    6b98:	d2e7d2e3          	bge	a5,a4,68bc <__subdf3+0xd0>
    6b9c:	ff850613          	addi	a2,a0,-8
    6ba0:	00c997b3          	sll	a5,s3,a2
    6ba4:	4981                	li	s3,0
    6ba6:	b32d                	j	68d0 <__subdf3+0xe4>
    6ba8:	01d76833          	or	a6,a4,t4
    6bac:	01003833          	snez	a6,a6
    6bb0:	b1c5                	j	6890 <__subdf3+0xa4>
    6bb2:	00351813          	slli	a6,a0,0x3
    6bb6:	01d31793          	slli	a5,t1,0x1d
    6bba:	00385813          	srli	a6,a6,0x3
    6bbe:	00f86833          	or	a6,a6,a5
    6bc2:	00335793          	srli	a5,t1,0x3
    6bc6:	bf2d                	j	6b00 <__subdf3+0x314>
    6bc8:	41df09b3          	sub	s3,t5,t4
    6bcc:	40e30933          	sub	s2,t1,a4
    6bd0:	013f3633          	sltu	a2,t5,s3
    6bd4:	40c90933          	sub	s2,s2,a2
    6bd8:	00891793          	slli	a5,s2,0x8
    6bdc:	2007ca63          	bltz	a5,6df0 <__subdf3+0x604>
    6be0:	0129e833          	or	a6,s3,s2
    6be4:	cc0815e3          	bnez	a6,68ae <__subdf3+0xc2>
    6be8:	4781                	li	a5,0
    6bea:	4401                	li	s0,0
    6bec:	bf31                	j	6b08 <__subdf3+0x31c>
    6bee:	409885b3          	sub	a1,a7,s1
    6bf2:	14048163          	beqz	s1,6d34 <__subdf3+0x548>
    6bf6:	008006b7          	lui	a3,0x800
    6bfa:	7ff00793          	li	a5,2047
    6bfe:	00d36333          	or	t1,t1,a3
    6c02:	20f88163          	beq	a7,a5,6e04 <__subdf3+0x618>
    6c06:	03800793          	li	a5,56
    6c0a:	22b7cc63          	blt	a5,a1,6e42 <__subdf3+0x656>
    6c0e:	47fd                	li	a5,31
    6c10:	2cb7c963          	blt	a5,a1,6ee2 <__subdf3+0x6f6>
    6c14:	02000793          	li	a5,32
    6c18:	8f8d                	sub	a5,a5,a1
    6c1a:	00f31833          	sll	a6,t1,a5
    6c1e:	00bf56b3          	srl	a3,t5,a1
    6c22:	00ff17b3          	sll	a5,t5,a5
    6c26:	00d86833          	or	a6,a6,a3
    6c2a:	00f039b3          	snez	s3,a5
    6c2e:	00b35333          	srl	t1,t1,a1
    6c32:	01386833          	or	a6,a6,s3
    6c36:	971a                	add	a4,a4,t1
    6c38:	01d809b3          	add	s3,a6,t4
    6c3c:	01d9b7b3          	sltu	a5,s3,t4
    6c40:	00e78633          	add	a2,a5,a4
    6c44:	84c6                	mv	s1,a7
    6c46:	b5cd                	j	6b28 <__subdf3+0x33c>
    6c48:	f20811e3          	bnez	a6,6b6a <__subdf3+0x37e>
    6c4c:	00351813          	slli	a6,a0,0x3
    6c50:	01d31793          	slli	a5,t1,0x1d
    6c54:	00385813          	srli	a6,a6,0x3
    6c58:	00f86833          	or	a6,a6,a5
    6c5c:	00335793          	srli	a5,t1,0x3
    6c60:	b711                	j	6b64 <__subdf3+0x378>
    6c62:	00800537          	lui	a0,0x800
    6c66:	7ff00793          	li	a5,2047
    6c6a:	00a36333          	or	t1,t1,a0
    6c6e:	e0f892e3          	bne	a7,a5,6a72 <__subdf3+0x286>
    6c72:	060e                	slli	a2,a2,0x3
    6c74:	01d71813          	slli	a6,a4,0x1d
    6c78:	820d                	srli	a2,a2,0x3
    6c7a:	00c86833          	or	a6,a6,a2
    6c7e:	00375793          	srli	a5,a4,0x3
    6c82:	8436                	mv	s0,a3
    6c84:	b5c5                	j	6b64 <__subdf3+0x378>
    6c86:	1705                	addi	a4,a4,-31
    6c88:	02000693          	li	a3,32
    6c8c:	00e7d733          	srl	a4,a5,a4
    6c90:	00d60a63          	beq	a2,a3,6ca4 <__subdf3+0x4b8>
    6c94:	04000693          	li	a3,64
    6c98:	40c68633          	sub	a2,a3,a2
    6c9c:	00c79633          	sll	a2,a5,a2
    6ca0:	00c9e9b3          	or	s3,s3,a2
    6ca4:	01303833          	snez	a6,s3
    6ca8:	00e869b3          	or	s3,a6,a4
    6cac:	4601                	li	a2,0
    6cae:	4481                	li	s1,0
    6cb0:	bd1d                	j	6ae6 <__subdf3+0x2fa>
    6cb2:	01df09b3          	add	s3,t5,t4
    6cb6:	00e307b3          	add	a5,t1,a4
    6cba:	01e9bf33          	sltu	t5,s3,t5
    6cbe:	01e78633          	add	a2,a5,t5
    6cc2:	00861793          	slli	a5,a2,0x8
    6cc6:	4485                	li	s1,1
    6cc8:	e007dfe3          	bgez	a5,6ae6 <__subdf3+0x2fa>
    6ccc:	4489                	li	s1,2
    6cce:	ff8007b7          	lui	a5,0xff800
    6cd2:	17fd                	addi	a5,a5,-1
    6cd4:	8ff1                	and	a5,a5,a2
    6cd6:	0019d713          	srli	a4,s3,0x1
    6cda:	0019f813          	andi	a6,s3,1
    6cde:	01076833          	or	a6,a4,a6
    6ce2:	01f79993          	slli	s3,a5,0x1f
    6ce6:	0109e9b3          	or	s3,s3,a6
    6cea:	0017d613          	srli	a2,a5,0x1
    6cee:	b911                	j	6902 <__subdf3+0x116>
    6cf0:	fe058813          	addi	a6,a1,-32
    6cf4:	02000793          	li	a5,32
    6cf8:	010759b3          	srl	s3,a4,a6
    6cfc:	00f58a63          	beq	a1,a5,6d10 <__subdf3+0x524>
    6d00:	04000793          	li	a5,64
    6d04:	40b785b3          	sub	a1,a5,a1
    6d08:	00b71733          	sll	a4,a4,a1
    6d0c:	00eeeeb3          	or	t4,t4,a4
    6d10:	01d03833          	snez	a6,t4
    6d14:	01386833          	or	a6,a6,s3
    6d18:	bea5                	j	6890 <__subdf3+0xa4>
    6d1a:	01e36333          	or	t1,t1,t5
    6d1e:	00603833          	snez	a6,t1
    6d22:	410e89b3          	sub	s3,t4,a6
    6d26:	013eb7b3          	sltu	a5,t4,s3
    6d2a:	40f70633          	sub	a2,a4,a5
    6d2e:	84c6                	mv	s1,a7
    6d30:	8436                	mv	s0,a3
    6d32:	b6ad                	j	689c <__subdf3+0xb0>
    6d34:	01e367b3          	or	a5,t1,t5
    6d38:	18078763          	beqz	a5,6ec6 <__subdf3+0x6da>
    6d3c:	fff58793          	addi	a5,a1,-1
    6d40:	1c078c63          	beqz	a5,6f18 <__subdf3+0x72c>
    6d44:	7ff00693          	li	a3,2047
    6d48:	0ad58e63          	beq	a1,a3,6e04 <__subdf3+0x618>
    6d4c:	85be                	mv	a1,a5
    6d4e:	bd65                	j	6c06 <__subdf3+0x41a>
    6d50:	02000793          	li	a5,32
    6d54:	8f8d                	sub	a5,a5,a1
    6d56:	00bed9b3          	srl	s3,t4,a1
    6d5a:	00f71833          	sll	a6,a4,a5
    6d5e:	00fe9eb3          	sll	t4,t4,a5
    6d62:	01386833          	or	a6,a6,s3
    6d66:	00b75733          	srl	a4,a4,a1
    6d6a:	01d039b3          	snez	s3,t4
    6d6e:	01386833          	or	a6,a6,s3
    6d72:	933a                	add	t1,t1,a4
    6d74:	b365                	j	6b1c <__subdf3+0x330>
    6d76:	00361813          	slli	a6,a2,0x3
    6d7a:	01d71793          	slli	a5,a4,0x1d
    6d7e:	00385813          	srli	a6,a6,0x3
    6d82:	0107e833          	or	a6,a5,a6
    6d86:	8436                	mv	s0,a3
    6d88:	00375793          	srli	a5,a4,0x3
    6d8c:	bb95                	j	6b00 <__subdf3+0x314>
    6d8e:	cbbd                	beqz	a5,6e04 <__subdf3+0x618>
    6d90:	01d76733          	or	a4,a4,t4
    6d94:	dc071be3          	bnez	a4,6b6a <__subdf3+0x37e>
    6d98:	050e                	slli	a0,a0,0x3
    6d9a:	01d31813          	slli	a6,t1,0x1d
    6d9e:	810d                	srli	a0,a0,0x3
    6da0:	00a86833          	or	a6,a6,a0
    6da4:	00335793          	srli	a5,t1,0x3
    6da8:	bb75                	j	6b64 <__subdf3+0x378>
    6daa:	e2080fe3          	beqz	a6,6be8 <__subdf3+0x3fc>
    6dae:	00361813          	slli	a6,a2,0x3
    6db2:	01d71793          	slli	a5,a4,0x1d
    6db6:	00385813          	srli	a6,a6,0x3
    6dba:	00f86833          	or	a6,a6,a5
    6dbe:	8436                	mv	s0,a3
    6dc0:	00375793          	srli	a5,a4,0x3
    6dc4:	b391                	j	6b08 <__subdf3+0x31c>
    6dc6:	41df09b3          	sub	s3,t5,t4
    6dca:	40e307b3          	sub	a5,t1,a4
    6dce:	013f3f33          	sltu	t5,t5,s3
    6dd2:	41e78633          	sub	a2,a5,t5
    6dd6:	4485                	li	s1,1
    6dd8:	b4d1                	j	689c <__subdf3+0xb0>
    6dda:	00351813          	slli	a6,a0,0x3
    6dde:	01d31693          	slli	a3,t1,0x1d
    6de2:	00385813          	srli	a6,a6,0x3
    6de6:	0106e833          	or	a6,a3,a6
    6dea:	00335793          	srli	a5,t1,0x3
    6dee:	bb9d                	j	6b64 <__subdf3+0x378>
    6df0:	41ee89b3          	sub	s3,t4,t5
    6df4:	40670633          	sub	a2,a4,t1
    6df8:	013eb933          	sltu	s2,t4,s3
    6dfc:	41260933          	sub	s2,a2,s2
    6e00:	8436                	mv	s0,a3
    6e02:	b475                	j	68ae <__subdf3+0xc2>
    6e04:	060e                	slli	a2,a2,0x3
    6e06:	01d71813          	slli	a6,a4,0x1d
    6e0a:	820d                	srli	a2,a2,0x3
    6e0c:	00c86833          	or	a6,a6,a2
    6e10:	00375793          	srli	a5,a4,0x3
    6e14:	bb81                	j	6b64 <__subdf3+0x378>
    6e16:	41df09b3          	sub	s3,t5,t4
    6e1a:	40e307b3          	sub	a5,t1,a4
    6e1e:	013f3633          	sltu	a2,t5,s3
    6e22:	40c78633          	sub	a2,a5,a2
    6e26:	00861793          	slli	a5,a2,0x8
    6e2a:	0a07d763          	bgez	a5,6ed8 <__subdf3+0x6ec>
    6e2e:	41ee89b3          	sub	s3,t4,t5
    6e32:	406707b3          	sub	a5,a4,t1
    6e36:	013ebeb3          	sltu	t4,t4,s3
    6e3a:	41d78633          	sub	a2,a5,t4
    6e3e:	8436                	mv	s0,a3
    6e40:	b4c9                	j	6902 <__subdf3+0x116>
    6e42:	01e36333          	or	t1,t1,t5
    6e46:	00603833          	snez	a6,t1
    6e4a:	b3fd                	j	6c38 <__subdf3+0x44c>
    6e4c:	fe058813          	addi	a6,a1,-32
    6e50:	02000793          	li	a5,32
    6e54:	010359b3          	srl	s3,t1,a6
    6e58:	00f58a63          	beq	a1,a5,6e6c <__subdf3+0x680>
    6e5c:	04000793          	li	a5,64
    6e60:	40b785b3          	sub	a1,a5,a1
    6e64:	00b31333          	sll	t1,t1,a1
    6e68:	006f6f33          	or	t5,t5,t1
    6e6c:	01e03833          	snez	a6,t5
    6e70:	01386833          	or	a6,a6,s3
    6e74:	b57d                	j	6d22 <__subdf3+0x536>
    6e76:	41ee89b3          	sub	s3,t4,t5
    6e7a:	406707b3          	sub	a5,a4,t1
    6e7e:	013ebeb3          	sltu	t4,t4,s3
    6e82:	41d78633          	sub	a2,a5,t4
    6e86:	8436                	mv	s0,a3
    6e88:	4485                	li	s1,1
    6e8a:	bc09                	j	689c <__subdf3+0xb0>
    6e8c:	00361813          	slli	a6,a2,0x3
    6e90:	01d71793          	slli	a5,a4,0x1d
    6e94:	00385813          	srli	a6,a6,0x3
    6e98:	00f86833          	or	a6,a6,a5
    6e9c:	00375793          	srli	a5,a4,0x3
    6ea0:	b1a5                	j	6b08 <__subdf3+0x31c>
    6ea2:	01df09b3          	add	s3,t5,t4
    6ea6:	00e307b3          	add	a5,t1,a4
    6eaa:	01e9bf33          	sltu	t5,s3,t5
    6eae:	01e78633          	add	a2,a5,t5
    6eb2:	00861793          	slli	a5,a2,0x8
    6eb6:	c207d8e3          	bgez	a5,6ae6 <__subdf3+0x2fa>
    6eba:	ff8007b7          	lui	a5,0xff800
    6ebe:	17fd                	addi	a5,a5,-1
    6ec0:	8e7d                	and	a2,a2,a5
    6ec2:	4485                	li	s1,1
    6ec4:	b10d                	j	6ae6 <__subdf3+0x2fa>
    6ec6:	060e                	slli	a2,a2,0x3
    6ec8:	01d71813          	slli	a6,a4,0x1d
    6ecc:	820d                	srli	a2,a2,0x3
    6ece:	00c86833          	or	a6,a6,a2
    6ed2:	00375793          	srli	a5,a4,0x3
    6ed6:	b12d                	j	6b00 <__subdf3+0x314>
    6ed8:	00c9e833          	or	a6,s3,a2
    6edc:	d00806e3          	beqz	a6,6be8 <__subdf3+0x3fc>
    6ee0:	b119                	j	6ae6 <__subdf3+0x2fa>
    6ee2:	fe058813          	addi	a6,a1,-32
    6ee6:	02000793          	li	a5,32
    6eea:	010359b3          	srl	s3,t1,a6
    6eee:	00f58a63          	beq	a1,a5,6f02 <__subdf3+0x716>
    6ef2:	04000793          	li	a5,64
    6ef6:	40b785b3          	sub	a1,a5,a1
    6efa:	00b31333          	sll	t1,t1,a1
    6efe:	006f6f33          	or	t5,t5,t1
    6f02:	01e03833          	snez	a6,t5
    6f06:	01386833          	or	a6,a6,s3
    6f0a:	b33d                	j	6c38 <__subdf3+0x44c>
    6f0c:	4401                	li	s0,0
    6f0e:	7ff00713          	li	a4,2047
    6f12:	000807b7          	lui	a5,0x80
    6f16:	bc2d                	j	6950 <__subdf3+0x164>
    6f18:	01df09b3          	add	s3,t5,t4
    6f1c:	00e307b3          	add	a5,t1,a4
    6f20:	01d9beb3          	sltu	t4,s3,t4
    6f24:	01d78633          	add	a2,a5,t4
    6f28:	bb69                	j	6cc2 <__subdf3+0x4d6>

00006f2a <__floatsidf>:
    6f2a:	1141                	addi	sp,sp,-16
    6f2c:	c606                	sw	ra,12(sp)
    6f2e:	c422                	sw	s0,8(sp)
    6f30:	c226                	sw	s1,4(sp)
    6f32:	cd0d                	beqz	a0,6f6c <__floatsidf+0x42>
    6f34:	41f55793          	srai	a5,a0,0x1f
    6f38:	00a7c4b3          	xor	s1,a5,a0
    6f3c:	8c9d                	sub	s1,s1,a5
    6f3e:	842a                	mv	s0,a0
    6f40:	8526                	mv	a0,s1
    6f42:	522010ef          	jal	ra,8464 <__clzsi2>
    6f46:	41e00693          	li	a3,1054
    6f4a:	8e89                	sub	a3,a3,a0
    6f4c:	47a9                	li	a5,10
    6f4e:	807d                	srli	s0,s0,0x1f
    6f50:	7ff6f693          	andi	a3,a3,2047
    6f54:	02a7cd63          	blt	a5,a0,6f8e <__floatsidf+0x64>
    6f58:	472d                	li	a4,11
    6f5a:	8f09                	sub	a4,a4,a0
    6f5c:	00e4d7b3          	srl	a5,s1,a4
    6f60:	0555                	addi	a0,a0,21
    6f62:	07b2                	slli	a5,a5,0xc
    6f64:	00a494b3          	sll	s1,s1,a0
    6f68:	83b1                	srli	a5,a5,0xc
    6f6a:	a029                	j	6f74 <__floatsidf+0x4a>
    6f6c:	4401                	li	s0,0
    6f6e:	4681                	li	a3,0
    6f70:	4781                	li	a5,0
    6f72:	4481                	li	s1,0
    6f74:	07b2                	slli	a5,a5,0xc
    6f76:	06d2                	slli	a3,a3,0x14
    6f78:	83b1                	srli	a5,a5,0xc
    6f7a:	047e                	slli	s0,s0,0x1f
    6f7c:	8fd5                	or	a5,a5,a3
    6f7e:	8fc1                	or	a5,a5,s0
    6f80:	40b2                	lw	ra,12(sp)
    6f82:	4422                	lw	s0,8(sp)
    6f84:	8526                	mv	a0,s1
    6f86:	85be                	mv	a1,a5
    6f88:	4492                	lw	s1,4(sp)
    6f8a:	0141                	addi	sp,sp,16
    6f8c:	8082                	ret
    6f8e:	1555                	addi	a0,a0,-11
    6f90:	00a497b3          	sll	a5,s1,a0
    6f94:	07b2                	slli	a5,a5,0xc
    6f96:	83b1                	srli	a5,a5,0xc
    6f98:	4481                	li	s1,0
    6f9a:	bfe9                	j	6f74 <__floatsidf+0x4a>

00006f9c <__floatunsidf>:
    6f9c:	cd1d                	beqz	a0,6fda <__floatunsidf+0x3e>
    6f9e:	1141                	addi	sp,sp,-16
    6fa0:	c422                	sw	s0,8(sp)
    6fa2:	c606                	sw	ra,12(sp)
    6fa4:	842a                	mv	s0,a0
    6fa6:	4be010ef          	jal	ra,8464 <__clzsi2>
    6faa:	41e00693          	li	a3,1054
    6fae:	8e89                	sub	a3,a3,a0
    6fb0:	47a9                	li	a5,10
    6fb2:	7ff6f693          	andi	a3,a3,2047
    6fb6:	02a7dc63          	bge	a5,a0,6fee <__floatunsidf+0x52>
    6fba:	1555                	addi	a0,a0,-11
    6fbc:	00a417b3          	sll	a5,s0,a0
    6fc0:	07b2                	slli	a5,a5,0xc
    6fc2:	83b1                	srli	a5,a5,0xc
    6fc4:	4701                	li	a4,0
    6fc6:	40b2                	lw	ra,12(sp)
    6fc8:	4422                	lw	s0,8(sp)
    6fca:	07b2                	slli	a5,a5,0xc
    6fcc:	06d2                	slli	a3,a3,0x14
    6fce:	83b1                	srli	a5,a5,0xc
    6fd0:	8fd5                	or	a5,a5,a3
    6fd2:	853a                	mv	a0,a4
    6fd4:	85be                	mv	a1,a5
    6fd6:	0141                	addi	sp,sp,16
    6fd8:	8082                	ret
    6fda:	4781                	li	a5,0
    6fdc:	4681                	li	a3,0
    6fde:	07b2                	slli	a5,a5,0xc
    6fe0:	06d2                	slli	a3,a3,0x14
    6fe2:	83b1                	srli	a5,a5,0xc
    6fe4:	4701                	li	a4,0
    6fe6:	8fd5                	or	a5,a5,a3
    6fe8:	853a                	mv	a0,a4
    6fea:	85be                	mv	a1,a5
    6fec:	8082                	ret
    6fee:	472d                	li	a4,11
    6ff0:	8f09                	sub	a4,a4,a0
    6ff2:	00e457b3          	srl	a5,s0,a4
    6ff6:	07b2                	slli	a5,a5,0xc
    6ff8:	01550713          	addi	a4,a0,21 # 800015 <_data_lma+0x7f4195>
    6ffc:	00e41733          	sll	a4,s0,a4
    7000:	83b1                	srli	a5,a5,0xc
    7002:	b7d1                	j	6fc6 <__floatunsidf+0x2a>

00007004 <__fixdfdi>:
    7004:	00100737          	lui	a4,0x100
    7008:	0145d793          	srli	a5,a1,0x14
    700c:	fff70693          	addi	a3,a4,-1 # fffff <_data_lma+0xf417f>
    7010:	7ff7f793          	andi	a5,a5,2047
    7014:	3fe00813          	li	a6,1022
    7018:	8eed                	and	a3,a3,a1
    701a:	01f5d613          	srli	a2,a1,0x1f
    701e:	02f85363          	bge	a6,a5,7044 <__fixdfdi+0x40>
    7022:	43d00593          	li	a1,1085
    7026:	02f5d263          	bge	a1,a5,704a <__fixdfdi+0x46>
    702a:	4585                	li	a1,1
    702c:	8d91                	sub	a1,a1,a2
    702e:	40b00533          	neg	a0,a1
    7032:	41f5d613          	srai	a2,a1,0x1f
    7036:	800005b7          	lui	a1,0x80000
    703a:	00a037b3          	snez	a5,a0
    703e:	8d91                	sub	a1,a1,a2
    7040:	8d9d                	sub	a1,a1,a5
    7042:	8082                	ret
    7044:	4501                	li	a0,0
    7046:	4581                	li	a1,0
    7048:	8082                	ret
    704a:	43200813          	li	a6,1074
    704e:	00e6e5b3          	or	a1,a3,a4
    7052:	02f85463          	bge	a6,a5,707a <__fixdfdi+0x76>
    7056:	bad78713          	addi	a4,a5,-1107 # 7fbad <_data_lma+0x73d2d>
    705a:	bcd78793          	addi	a5,a5,-1075
    705e:	04074563          	bltz	a4,70a8 <__fixdfdi+0xa4>
    7062:	00e515b3          	sll	a1,a0,a4
    7066:	4501                	li	a0,0
    7068:	d265                	beqz	a2,7048 <__fixdfdi+0x44>
    706a:	40a00533          	neg	a0,a0
    706e:	00a037b3          	snez	a5,a0
    7072:	40b005b3          	neg	a1,a1
    7076:	8d9d                	sub	a1,a1,a5
    7078:	8082                	ret
    707a:	43300693          	li	a3,1075
    707e:	8e9d                	sub	a3,a3,a5
    7080:	477d                	li	a4,31
    7082:	00d74c63          	blt	a4,a3,709a <__fixdfdi+0x96>
    7086:	bed78713          	addi	a4,a5,-1043
    708a:	00e59733          	sll	a4,a1,a4
    708e:	00d55533          	srl	a0,a0,a3
    7092:	8d59                	or	a0,a0,a4
    7094:	00d5d5b3          	srl	a1,a1,a3
    7098:	bfc1                	j	7068 <__fixdfdi+0x64>
    709a:	41300513          	li	a0,1043
    709e:	8d1d                	sub	a0,a0,a5
    70a0:	00a5d533          	srl	a0,a1,a0
    70a4:	4581                	li	a1,0
    70a6:	b7c9                	j	7068 <__fixdfdi+0x64>
    70a8:	46fd                	li	a3,31
    70aa:	00155713          	srli	a4,a0,0x1
    70ae:	8e9d                	sub	a3,a3,a5
    70b0:	00d75733          	srl	a4,a4,a3
    70b4:	00f595b3          	sll	a1,a1,a5
    70b8:	8dd9                	or	a1,a1,a4
    70ba:	00f51533          	sll	a0,a0,a5
    70be:	b76d                	j	7068 <__fixdfdi+0x64>

000070c0 <__floatdidf>:
    70c0:	1101                	addi	sp,sp,-32
    70c2:	ce06                	sw	ra,28(sp)
    70c4:	cc22                	sw	s0,24(sp)
    70c6:	ca26                	sw	s1,20(sp)
    70c8:	c84a                	sw	s2,16(sp)
    70ca:	c64e                	sw	s3,12(sp)
    70cc:	00b567b3          	or	a5,a0,a1
    70d0:	cf9d                	beqz	a5,710e <__floatdidf+0x4e>
    70d2:	84ae                	mv	s1,a1
    70d4:	89aa                	mv	s3,a0
    70d6:	01f5d913          	srli	s2,a1,0x1f
    70da:	0405ce63          	bltz	a1,7136 <__floatdidf+0x76>
    70de:	8426                	mv	s0,s1
    70e0:	c4ad                	beqz	s1,714a <__floatdidf+0x8a>
    70e2:	8526                	mv	a0,s1
    70e4:	380010ef          	jal	ra,8464 <__clzsi2>
    70e8:	43e00693          	li	a3,1086
    70ec:	8e89                	sub	a3,a3,a0
    70ee:	43300793          	li	a5,1075
    70f2:	08d7ca63          	blt	a5,a3,7186 <__floatdidf+0xc6>
    70f6:	00c49793          	slli	a5,s1,0xc
    70fa:	462d                	li	a2,11
    70fc:	874e                	mv	a4,s3
    70fe:	7ff6f693          	andi	a3,a3,2047
    7102:	83b1                	srli	a5,a5,0xc
    7104:	00a65963          	bge	a2,a0,7116 <__floatdidf+0x56>
    7108:	ff550613          	addi	a2,a0,-11
    710c:	a8b9                	j	716a <__floatdidf+0xaa>
    710e:	4901                	li	s2,0
    7110:	4681                	li	a3,0
    7112:	4781                	li	a5,0
    7114:	4701                	li	a4,0
    7116:	07b2                	slli	a5,a5,0xc
    7118:	40f2                	lw	ra,28(sp)
    711a:	4462                	lw	s0,24(sp)
    711c:	06d2                	slli	a3,a3,0x14
    711e:	83b1                	srli	a5,a5,0xc
    7120:	097e                	slli	s2,s2,0x1f
    7122:	8fd5                	or	a5,a5,a3
    7124:	0127e7b3          	or	a5,a5,s2
    7128:	44d2                	lw	s1,20(sp)
    712a:	4942                	lw	s2,16(sp)
    712c:	49b2                	lw	s3,12(sp)
    712e:	853a                	mv	a0,a4
    7130:	85be                	mv	a1,a5
    7132:	6105                	addi	sp,sp,32
    7134:	8082                	ret
    7136:	40a00533          	neg	a0,a0
    713a:	00a036b3          	snez	a3,a0
    713e:	40b004b3          	neg	s1,a1
    7142:	8c95                	sub	s1,s1,a3
    7144:	89aa                	mv	s3,a0
    7146:	8426                	mv	s0,s1
    7148:	fcc9                	bnez	s1,70e2 <__floatdidf+0x22>
    714a:	854e                	mv	a0,s3
    714c:	318010ef          	jal	ra,8464 <__clzsi2>
    7150:	862a                	mv	a2,a0
    7152:	43e00693          	li	a3,1086
    7156:	02050513          	addi	a0,a0,32
    715a:	8e89                	sub	a3,a3,a0
    715c:	02a00793          	li	a5,42
    7160:	7ff6f693          	andi	a3,a3,2047
    7164:	0ca7c763          	blt	a5,a0,7232 <__floatdidf+0x172>
    7168:	0655                	addi	a2,a2,21
    716a:	02b00713          	li	a4,43
    716e:	8f09                	sub	a4,a4,a0
    7170:	00c497b3          	sll	a5,s1,a2
    7174:	00e9d733          	srl	a4,s3,a4
    7178:	8f5d                	or	a4,a4,a5
    717a:	00c71793          	slli	a5,a4,0xc
    717e:	83b1                	srli	a5,a5,0xc
    7180:	00c99733          	sll	a4,s3,a2
    7184:	bf49                	j	7116 <__floatdidf+0x56>
    7186:	43600793          	li	a5,1078
    718a:	02d7db63          	bge	a5,a3,71c0 <__floatdidf+0x100>
    718e:	4721                	li	a4,8
    7190:	8f09                	sub	a4,a4,a0
    7192:	fe070593          	addi	a1,a4,-32
    7196:	0c05c263          	bltz	a1,725a <__floatdidf+0x19a>
    719a:	00b4d5b3          	srl	a1,s1,a1
    719e:	4701                	li	a4,0
    71a0:	01850613          	addi	a2,a0,24
    71a4:	03850793          	addi	a5,a0,56
    71a8:	08064c63          	bltz	a2,7240 <__floatdidf+0x180>
    71ac:	00c99633          	sll	a2,s3,a2
    71b0:	4981                	li	s3,0
    71b2:	00c9e9b3          	or	s3,s3,a2
    71b6:	01303633          	snez	a2,s3
    71ba:	00c5e9b3          	or	s3,a1,a2
    71be:	843a                	mv	s0,a4
    71c0:	47a1                	li	a5,8
    71c2:	864e                	mv	a2,s3
    71c4:	04a7c963          	blt	a5,a0,7216 <__floatdidf+0x156>
    71c8:	ff8007b7          	lui	a5,0xff800
    71cc:	17fd                	addi	a5,a5,-1
    71ce:	00767593          	andi	a1,a2,7
    71d2:	00f47733          	and	a4,s0,a5
    71d6:	c585                	beqz	a1,71fe <__floatdidf+0x13e>
    71d8:	00f67593          	andi	a1,a2,15
    71dc:	4811                	li	a6,4
    71de:	03058063          	beq	a1,a6,71fe <__floatdidf+0x13e>
    71e2:	00460593          	addi	a1,a2,4 # ff800004 <_eusrstack+0xdf7fb004>
    71e6:	00c5b633          	sltu	a2,a1,a2
    71ea:	9732                	add	a4,a4,a2
    71ec:	00871613          	slli	a2,a4,0x8
    71f0:	08065163          	bgez	a2,7272 <__floatdidf+0x1b2>
    71f4:	43f00693          	li	a3,1087
    71f8:	8f7d                	and	a4,a4,a5
    71fa:	8e89                	sub	a3,a3,a0
    71fc:	862e                	mv	a2,a1
    71fe:	00365513          	srli	a0,a2,0x3
    7202:	00971793          	slli	a5,a4,0x9
    7206:	01d71613          	slli	a2,a4,0x1d
    720a:	00a66733          	or	a4,a2,a0
    720e:	83b1                	srli	a5,a5,0xc
    7210:	7ff6f693          	andi	a3,a3,2047
    7214:	b709                	j	7116 <__floatdidf+0x56>
    7216:	02800793          	li	a5,40
    721a:	ff850593          	addi	a1,a0,-8
    721e:	8f89                	sub	a5,a5,a0
    7220:	00f9d7b3          	srl	a5,s3,a5
    7224:	00b41733          	sll	a4,s0,a1
    7228:	00e7e433          	or	s0,a5,a4
    722c:	00b99633          	sll	a2,s3,a1
    7230:	bf61                	j	71c8 <__floatdidf+0x108>
    7232:	1655                	addi	a2,a2,-11
    7234:	00c997b3          	sll	a5,s3,a2
    7238:	07b2                	slli	a5,a5,0xc
    723a:	83b1                	srli	a5,a5,0xc
    723c:	4701                	li	a4,0
    723e:	bde1                	j	7116 <__floatdidf+0x56>
    7240:	467d                	li	a2,31
    7242:	0019d813          	srli	a6,s3,0x1
    7246:	8e1d                	sub	a2,a2,a5
    7248:	00c85833          	srl	a6,a6,a2
    724c:	00f49633          	sll	a2,s1,a5
    7250:	00c86633          	or	a2,a6,a2
    7254:	00f999b3          	sll	s3,s3,a5
    7258:	bfa9                	j	71b2 <__floatdidf+0xf2>
    725a:	467d                	li	a2,31
    725c:	8e19                	sub	a2,a2,a4
    725e:	00149793          	slli	a5,s1,0x1
    7262:	00e9d5b3          	srl	a1,s3,a4
    7266:	00c797b3          	sll	a5,a5,a2
    726a:	8ddd                	or	a1,a1,a5
    726c:	00e4d733          	srl	a4,s1,a4
    7270:	bf05                	j	71a0 <__floatdidf+0xe0>
    7272:	862e                	mv	a2,a1
    7274:	b769                	j	71fe <__floatdidf+0x13e>

00007276 <__addsf3>:
    7276:	1141                	addi	sp,sp,-16
    7278:	00800737          	lui	a4,0x800
    727c:	177d                	addi	a4,a4,-1
    727e:	0175d813          	srli	a6,a1,0x17
    7282:	c226                	sw	s1,4(sp)
    7284:	01755493          	srli	s1,a0,0x17
    7288:	00a77333          	and	t1,a4,a0
    728c:	0ff4f493          	andi	s1,s1,255
    7290:	00b776b3          	and	a3,a4,a1
    7294:	c04a                	sw	s2,0(sp)
    7296:	0ff87813          	andi	a6,a6,255
    729a:	01f55913          	srli	s2,a0,0x1f
    729e:	c606                	sw	ra,12(sp)
    72a0:	c422                	sw	s0,8(sp)
    72a2:	81fd                	srli	a1,a1,0x1f
    72a4:	879a                	mv	a5,t1
    72a6:	8526                	mv	a0,s1
    72a8:	864a                	mv	a2,s2
    72aa:	00331e13          	slli	t3,t1,0x3
    72ae:	00369e93          	slli	t4,a3,0x3
    72b2:	410488b3          	sub	a7,s1,a6
    72b6:	0eb90a63          	beq	s2,a1,73aa <__addsf3+0x134>
    72ba:	0d105063          	blez	a7,737a <__addsf3+0x104>
    72be:	14080463          	beqz	a6,7406 <__addsf3+0x190>
    72c2:	0ff00793          	li	a5,255
    72c6:	14f48b63          	beq	s1,a5,741c <__addsf3+0x1a6>
    72ca:	040007b7          	lui	a5,0x4000
    72ce:	00feeeb3          	or	t4,t4,a5
    72d2:	47ed                	li	a5,27
    72d4:	2917c163          	blt	a5,a7,7556 <__addsf3+0x2e0>
    72d8:	02000793          	li	a5,32
    72dc:	411787b3          	sub	a5,a5,a7
    72e0:	00fe97b3          	sll	a5,t4,a5
    72e4:	011ed8b3          	srl	a7,t4,a7
    72e8:	00f037b3          	snez	a5,a5
    72ec:	00f8e7b3          	or	a5,a7,a5
    72f0:	40fe07b3          	sub	a5,t3,a5
    72f4:	00579713          	slli	a4,a5,0x5
    72f8:	18075e63          	bgez	a4,7494 <__addsf3+0x21e>
    72fc:	04000437          	lui	s0,0x4000
    7300:	147d                	addi	s0,s0,-1
    7302:	8c7d                	and	s0,s0,a5
    7304:	8522                	mv	a0,s0
    7306:	15e010ef          	jal	ra,8464 <__clzsi2>
    730a:	156d                	addi	a0,a0,-5
    730c:	00a417b3          	sll	a5,s0,a0
    7310:	1a954863          	blt	a0,s1,74c0 <__addsf3+0x24a>
    7314:	8d05                	sub	a0,a0,s1
    7316:	00150413          	addi	s0,a0,1
    731a:	02000713          	li	a4,32
    731e:	8f01                	sub	a4,a4,s0
    7320:	00e79733          	sll	a4,a5,a4
    7324:	00e03733          	snez	a4,a4
    7328:	0087d7b3          	srl	a5,a5,s0
    732c:	8fd9                	or	a5,a5,a4
    732e:	4481                	li	s1,0
    7330:	0077f713          	andi	a4,a5,7
    7334:	c719                	beqz	a4,7342 <__addsf3+0xcc>
    7336:	00f7f713          	andi	a4,a5,15
    733a:	4691                	li	a3,4
    733c:	00d70363          	beq	a4,a3,7342 <__addsf3+0xcc>
    7340:	0791                	addi	a5,a5,4
    7342:	00579713          	slli	a4,a5,0x5
    7346:	14075b63          	bgez	a4,749c <__addsf3+0x226>
    734a:	0485                	addi	s1,s1,1
    734c:	0ff00713          	li	a4,255
    7350:	864a                	mv	a2,s2
    7352:	16e48363          	beq	s1,a4,74b8 <__addsf3+0x242>
    7356:	079a                	slli	a5,a5,0x6
    7358:	83a5                	srli	a5,a5,0x9
    735a:	0ff4f513          	andi	a0,s1,255
    735e:	40b2                	lw	ra,12(sp)
    7360:	4422                	lw	s0,8(sp)
    7362:	07a6                	slli	a5,a5,0x9
    7364:	01751493          	slli	s1,a0,0x17
    7368:	0097d513          	srli	a0,a5,0x9
    736c:	8d45                	or	a0,a0,s1
    736e:	067e                	slli	a2,a2,0x1f
    7370:	4492                	lw	s1,4(sp)
    7372:	4902                	lw	s2,0(sp)
    7374:	8d51                	or	a0,a0,a2
    7376:	0141                	addi	sp,sp,16
    7378:	8082                	ret
    737a:	0a089963          	bnez	a7,742c <__addsf3+0x1b6>
    737e:	00148713          	addi	a4,s1,1
    7382:	0fe77713          	andi	a4,a4,254
    7386:	14071763          	bnez	a4,74d4 <__addsf3+0x25e>
    738a:	22049063          	bnez	s1,75aa <__addsf3+0x334>
    738e:	1e0e0d63          	beqz	t3,7588 <__addsf3+0x312>
    7392:	fc0e86e3          	beqz	t4,735e <__addsf3+0xe8>
    7396:	41de07b3          	sub	a5,t3,t4
    739a:	00579713          	slli	a4,a5,0x5
    739e:	22075063          	bgez	a4,75be <__addsf3+0x348>
    73a2:	41ce87b3          	sub	a5,t4,t3
    73a6:	892e                	mv	s2,a1
    73a8:	b761                	j	7330 <__addsf3+0xba>
    73aa:	0b105c63          	blez	a7,7462 <__addsf3+0x1ec>
    73ae:	08080e63          	beqz	a6,744a <__addsf3+0x1d4>
    73b2:	0ff00793          	li	a5,255
    73b6:	06f48363          	beq	s1,a5,741c <__addsf3+0x1a6>
    73ba:	040007b7          	lui	a5,0x4000
    73be:	00feeeb3          	or	t4,t4,a5
    73c2:	47ed                	li	a5,27
    73c4:	1f17c963          	blt	a5,a7,75b6 <__addsf3+0x340>
    73c8:	02000793          	li	a5,32
    73cc:	411787b3          	sub	a5,a5,a7
    73d0:	00fe97b3          	sll	a5,t4,a5
    73d4:	011ed8b3          	srl	a7,t4,a7
    73d8:	00f037b3          	snez	a5,a5
    73dc:	00f8e7b3          	or	a5,a7,a5
    73e0:	97f2                	add	a5,a5,t3
    73e2:	00579713          	slli	a4,a5,0x5
    73e6:	0a075763          	bgez	a4,7494 <__addsf3+0x21e>
    73ea:	0485                	addi	s1,s1,1
    73ec:	0ff00713          	li	a4,255
    73f0:	0ce48463          	beq	s1,a4,74b8 <__addsf3+0x242>
    73f4:	7e0006b7          	lui	a3,0x7e000
    73f8:	0017d713          	srli	a4,a5,0x1
    73fc:	16fd                	addi	a3,a3,-1
    73fe:	8b85                	andi	a5,a5,1
    7400:	8f75                	and	a4,a4,a3
    7402:	8fd9                	or	a5,a5,a4
    7404:	b735                	j	7330 <__addsf3+0xba>
    7406:	080e8d63          	beqz	t4,74a0 <__addsf3+0x22a>
    740a:	18fd                	addi	a7,a7,-1
    740c:	41de07b3          	sub	a5,t3,t4
    7410:	ee0882e3          	beqz	a7,72f4 <__addsf3+0x7e>
    7414:	0ff00793          	li	a5,255
    7418:	eaf49de3          	bne	s1,a5,72d2 <__addsf3+0x5c>
    741c:	08030d63          	beqz	t1,74b6 <__addsf3+0x240>
    7420:	4601                	li	a2,0
    7422:	0ff00513          	li	a0,255
    7426:	004007b7          	lui	a5,0x400
    742a:	bf15                	j	735e <__addsf3+0xe8>
    742c:	40980733          	sub	a4,a6,s1
    7430:	e8ed                	bnez	s1,7522 <__addsf3+0x2ac>
    7432:	140e0263          	beqz	t3,7576 <__addsf3+0x300>
    7436:	177d                	addi	a4,a4,-1
    7438:	18070863          	beqz	a4,75c8 <__addsf3+0x352>
    743c:	0ff00793          	li	a5,255
    7440:	0ef81963          	bne	a6,a5,7532 <__addsf3+0x2bc>
    7444:	892e                	mv	s2,a1
    7446:	8336                	mv	t1,a3
    7448:	bfd1                	j	741c <__addsf3+0x1a6>
    744a:	040e8b63          	beqz	t4,74a0 <__addsf3+0x22a>
    744e:	18fd                	addi	a7,a7,-1
    7450:	01de07b3          	add	a5,t3,t4
    7454:	f80887e3          	beqz	a7,73e2 <__addsf3+0x16c>
    7458:	0ff00793          	li	a5,255
    745c:	f6f493e3          	bne	s1,a5,73c2 <__addsf3+0x14c>
    7460:	bf75                	j	741c <__addsf3+0x1a6>
    7462:	08089563          	bnez	a7,74ec <__addsf3+0x276>
    7466:	0485                	addi	s1,s1,1
    7468:	0fe4f713          	andi	a4,s1,254
    746c:	12071363          	bnez	a4,7592 <__addsf3+0x31c>
    7470:	10051763          	bnez	a0,757e <__addsf3+0x308>
    7474:	140e0f63          	beqz	t3,75d2 <__addsf3+0x35c>
    7478:	ee0e83e3          	beqz	t4,735e <__addsf3+0xe8>
    747c:	01de07b3          	add	a5,t3,t4
    7480:	00579713          	slli	a4,a5,0x5
    7484:	4481                	li	s1,0
    7486:	00075763          	bgez	a4,7494 <__addsf3+0x21e>
    748a:	fc000737          	lui	a4,0xfc000
    748e:	177d                	addi	a4,a4,-1
    7490:	8ff9                	and	a5,a5,a4
    7492:	4485                	li	s1,1
    7494:	0077f713          	andi	a4,a5,7
    7498:	e8071fe3          	bnez	a4,7336 <__addsf3+0xc0>
    749c:	0037d313          	srli	t1,a5,0x3
    74a0:	0ff00793          	li	a5,255
    74a4:	f6f48ce3          	beq	s1,a5,741c <__addsf3+0x1a6>
    74a8:	00931793          	slli	a5,t1,0x9
    74ac:	83a5                	srli	a5,a5,0x9
    74ae:	0ff4f513          	andi	a0,s1,255
    74b2:	864a                	mv	a2,s2
    74b4:	b56d                	j	735e <__addsf3+0xe8>
    74b6:	864a                	mv	a2,s2
    74b8:	0ff00513          	li	a0,255
    74bc:	4781                	li	a5,0
    74be:	b545                	j	735e <__addsf3+0xe8>
    74c0:	fc000737          	lui	a4,0xfc000
    74c4:	177d                	addi	a4,a4,-1
    74c6:	8ff9                	and	a5,a5,a4
    74c8:	0077f713          	andi	a4,a5,7
    74cc:	8c89                	sub	s1,s1,a0
    74ce:	e60714e3          	bnez	a4,7336 <__addsf3+0xc0>
    74d2:	b7e9                	j	749c <__addsf3+0x226>
    74d4:	41de0433          	sub	s0,t3,t4
    74d8:	00541793          	slli	a5,s0,0x5
    74dc:	0c07c363          	bltz	a5,75a2 <__addsf3+0x32c>
    74e0:	e20412e3          	bnez	s0,7304 <__addsf3+0x8e>
    74e4:	4601                	li	a2,0
    74e6:	4501                	li	a0,0
    74e8:	4781                	li	a5,0
    74ea:	bd95                	j	735e <__addsf3+0xe8>
    74ec:	40980733          	sub	a4,a6,s1
    74f0:	c4ad                	beqz	s1,755a <__addsf3+0x2e4>
    74f2:	0ff00793          	li	a5,255
    74f6:	f4f808e3          	beq	a6,a5,7446 <__addsf3+0x1d0>
    74fa:	040007b7          	lui	a5,0x4000
    74fe:	00fe6e33          	or	t3,t3,a5
    7502:	47ed                	li	a5,27
    7504:	0ce7cc63          	blt	a5,a4,75dc <__addsf3+0x366>
    7508:	02000793          	li	a5,32
    750c:	8f99                	sub	a5,a5,a4
    750e:	00fe17b3          	sll	a5,t3,a5
    7512:	00ee5733          	srl	a4,t3,a4
    7516:	00f037b3          	snez	a5,a5
    751a:	8fd9                	or	a5,a5,a4
    751c:	97f6                	add	a5,a5,t4
    751e:	84c2                	mv	s1,a6
    7520:	b5c9                	j	73e2 <__addsf3+0x16c>
    7522:	0ff00793          	li	a5,255
    7526:	f0f80fe3          	beq	a6,a5,7444 <__addsf3+0x1ce>
    752a:	040007b7          	lui	a5,0x4000
    752e:	00fe6e33          	or	t3,t3,a5
    7532:	47ed                	li	a5,27
    7534:	08e7c363          	blt	a5,a4,75ba <__addsf3+0x344>
    7538:	02000693          	li	a3,32
    753c:	8e99                	sub	a3,a3,a4
    753e:	00de16b3          	sll	a3,t3,a3
    7542:	00ee57b3          	srl	a5,t3,a4
    7546:	00d03733          	snez	a4,a3
    754a:	8fd9                	or	a5,a5,a4
    754c:	40fe87b3          	sub	a5,t4,a5
    7550:	84c2                	mv	s1,a6
    7552:	892e                	mv	s2,a1
    7554:	b345                	j	72f4 <__addsf3+0x7e>
    7556:	4785                	li	a5,1
    7558:	bb61                	j	72f0 <__addsf3+0x7a>
    755a:	060e0e63          	beqz	t3,75d6 <__addsf3+0x360>
    755e:	177d                	addi	a4,a4,-1
    7560:	01de07b3          	add	a5,t3,t4
    7564:	84c2                	mv	s1,a6
    7566:	e6070ee3          	beqz	a4,73e2 <__addsf3+0x16c>
    756a:	0ff00793          	li	a5,255
    756e:	f8f81ae3          	bne	a6,a5,7502 <__addsf3+0x28c>
    7572:	8336                	mv	t1,a3
    7574:	b565                	j	741c <__addsf3+0x1a6>
    7576:	8336                	mv	t1,a3
    7578:	84c2                	mv	s1,a6
    757a:	892e                	mv	s2,a1
    757c:	b715                	j	74a0 <__addsf3+0x22a>
    757e:	ec0e04e3          	beqz	t3,7446 <__addsf3+0x1d0>
    7582:	e80e8de3          	beqz	t4,741c <__addsf3+0x1a6>
    7586:	bd69                	j	7420 <__addsf3+0x1aa>
    7588:	020e8d63          	beqz	t4,75c2 <__addsf3+0x34c>
    758c:	862e                	mv	a2,a1
    758e:	87b6                	mv	a5,a3
    7590:	b3f9                	j	735e <__addsf3+0xe8>
    7592:	0ff00793          	li	a5,255
    7596:	f2f481e3          	beq	s1,a5,74b8 <__addsf3+0x242>
    759a:	01de07b3          	add	a5,t3,t4
    759e:	8385                	srli	a5,a5,0x1
    75a0:	bdd5                	j	7494 <__addsf3+0x21e>
    75a2:	41ce8433          	sub	s0,t4,t3
    75a6:	892e                	mv	s2,a1
    75a8:	bbb1                	j	7304 <__addsf3+0x8e>
    75aa:	fc0e1ce3          	bnez	t3,7582 <__addsf3+0x30c>
    75ae:	e60e89e3          	beqz	t4,7420 <__addsf3+0x1aa>
    75b2:	892e                	mv	s2,a1
    75b4:	bd49                	j	7446 <__addsf3+0x1d0>
    75b6:	4785                	li	a5,1
    75b8:	b525                	j	73e0 <__addsf3+0x16a>
    75ba:	4785                	li	a5,1
    75bc:	bf41                	j	754c <__addsf3+0x2d6>
    75be:	ec079be3          	bnez	a5,7494 <__addsf3+0x21e>
    75c2:	4601                	li	a2,0
    75c4:	4781                	li	a5,0
    75c6:	bb61                	j	735e <__addsf3+0xe8>
    75c8:	41ce87b3          	sub	a5,t4,t3
    75cc:	84c2                	mv	s1,a6
    75ce:	892e                	mv	s2,a1
    75d0:	b315                	j	72f4 <__addsf3+0x7e>
    75d2:	87b6                	mv	a5,a3
    75d4:	b369                	j	735e <__addsf3+0xe8>
    75d6:	8336                	mv	t1,a3
    75d8:	84c2                	mv	s1,a6
    75da:	b5d9                	j	74a0 <__addsf3+0x22a>
    75dc:	4785                	li	a5,1
    75de:	bf3d                	j	751c <__addsf3+0x2a6>

000075e0 <__divsf3>:
    75e0:	7139                	addi	sp,sp,-64
    75e2:	01755793          	srli	a5,a0,0x17
    75e6:	d84a                	sw	s2,48(sp)
    75e8:	d256                	sw	s5,36(sp)
    75ea:	ce5e                	sw	s7,28(sp)
    75ec:	00951a93          	slli	s5,a0,0x9
    75f0:	01f55913          	srli	s2,a0,0x1f
    75f4:	de06                	sw	ra,60(sp)
    75f6:	dc22                	sw	s0,56(sp)
    75f8:	da26                	sw	s1,52(sp)
    75fa:	d64e                	sw	s3,44(sp)
    75fc:	d452                	sw	s4,40(sp)
    75fe:	d05a                	sw	s6,32(sp)
    7600:	0ff7f793          	andi	a5,a5,255
    7604:	009ada93          	srli	s5,s5,0x9
    7608:	8bca                	mv	s7,s2
    760a:	12078263          	beqz	a5,772e <__divsf3+0x14e>
    760e:	0ff00713          	li	a4,255
    7612:	12e78463          	beq	a5,a4,773a <__divsf3+0x15a>
    7616:	0a8e                	slli	s5,s5,0x3
    7618:	04000737          	lui	a4,0x4000
    761c:	00eaeab3          	or	s5,s5,a4
    7620:	f8178a13          	addi	s4,a5,-127 # 3ffff81 <_data_lma+0x3ff4101>
    7624:	4401                	li	s0,0
    7626:	4b01                	li	s6,0
    7628:	0175d793          	srli	a5,a1,0x17
    762c:	00959493          	slli	s1,a1,0x9
    7630:	0ff7f793          	andi	a5,a5,255
    7634:	80a5                	srli	s1,s1,0x9
    7636:	01f5d993          	srli	s3,a1,0x1f
    763a:	c7fd                	beqz	a5,7728 <__divsf3+0x148>
    763c:	0ff00713          	li	a4,255
    7640:	02e78763          	beq	a5,a4,766e <__divsf3+0x8e>
    7644:	048e                	slli	s1,s1,0x3
    7646:	f8178793          	addi	a5,a5,-127
    764a:	04000737          	lui	a4,0x4000
    764e:	8cd9                	or	s1,s1,a4
    7650:	40fa0a33          	sub	s4,s4,a5
    7654:	4681                	li	a3,0
    7656:	8c55                	or	s0,s0,a3
    7658:	00004717          	auipc	a4,0x4
    765c:	3e070713          	addi	a4,a4,992 # ba38 <atanlo+0xa4>
    7660:	040a                	slli	s0,s0,0x2
    7662:	943a                	add	s0,s0,a4
    7664:	401c                	lw	a5,0(s0)
    7666:	01394933          	xor	s2,s2,s3
    766a:	97ba                	add	a5,a5,a4
    766c:	8782                	jr	a5
    766e:	f01a0a13          	addi	s4,s4,-255
    7672:	e8f9                	bnez	s1,7748 <__divsf3+0x168>
    7674:	4689                	li	a3,2
    7676:	8c55                	or	s0,s0,a3
    7678:	00004717          	auipc	a4,0x4
    767c:	40070713          	addi	a4,a4,1024 # ba78 <atanlo+0xe4>
    7680:	040a                	slli	s0,s0,0x2
    7682:	943a                	add	s0,s0,a4
    7684:	401c                	lw	a5,0(s0)
    7686:	01394933          	xor	s2,s2,s3
    768a:	97ba                	add	a5,a5,a4
    768c:	8782                	jr	a5
    768e:	4901                	li	s2,0
    7690:	0ff00713          	li	a4,255
    7694:	004007b7          	lui	a5,0x400
    7698:	00979513          	slli	a0,a5,0x9
    769c:	50f2                	lw	ra,60(sp)
    769e:	5462                	lw	s0,56(sp)
    76a0:	01771793          	slli	a5,a4,0x17
    76a4:	8125                	srli	a0,a0,0x9
    76a6:	097e                	slli	s2,s2,0x1f
    76a8:	8d5d                	or	a0,a0,a5
    76aa:	01256533          	or	a0,a0,s2
    76ae:	54d2                	lw	s1,52(sp)
    76b0:	5942                	lw	s2,48(sp)
    76b2:	59b2                	lw	s3,44(sp)
    76b4:	5a22                	lw	s4,40(sp)
    76b6:	5a92                	lw	s5,36(sp)
    76b8:	5b02                	lw	s6,32(sp)
    76ba:	4bf2                	lw	s7,28(sp)
    76bc:	6121                	addi	sp,sp,64
    76be:	8082                	ret
    76c0:	0ff00713          	li	a4,255
    76c4:	4781                	li	a5,0
    76c6:	bfc9                	j	7698 <__divsf3+0xb8>
    76c8:	8aa6                	mv	s5,s1
    76ca:	8bce                	mv	s7,s3
    76cc:	8b36                	mv	s6,a3
    76ce:	4789                	li	a5,2
    76d0:	1afb0b63          	beq	s6,a5,7886 <__divsf3+0x2a6>
    76d4:	478d                	li	a5,3
    76d6:	fafb0ce3          	beq	s6,a5,768e <__divsf3+0xae>
    76da:	4785                	li	a5,1
    76dc:	0afb0a63          	beq	s6,a5,7790 <__divsf3+0x1b0>
    76e0:	07fa0713          	addi	a4,s4,127
    76e4:	001bf913          	andi	s2,s7,1
    76e8:	12e05763          	blez	a4,7816 <__divsf3+0x236>
    76ec:	007af793          	andi	a5,s5,7
    76f0:	c799                	beqz	a5,76fe <__divsf3+0x11e>
    76f2:	00faf793          	andi	a5,s5,15
    76f6:	4691                	li	a3,4
    76f8:	00d78363          	beq	a5,a3,76fe <__divsf3+0x11e>
    76fc:	0a91                	addi	s5,s5,4
    76fe:	004a9793          	slli	a5,s5,0x4
    7702:	0007d963          	bgez	a5,7714 <__divsf3+0x134>
    7706:	f80007b7          	lui	a5,0xf8000
    770a:	17fd                	addi	a5,a5,-1
    770c:	00fafab3          	and	s5,s5,a5
    7710:	080a0713          	addi	a4,s4,128
    7714:	0fe00793          	li	a5,254
    7718:	fae7c4e3          	blt	a5,a4,76c0 <__divsf3+0xe0>
    771c:	006a9793          	slli	a5,s5,0x6
    7720:	83a5                	srli	a5,a5,0x9
    7722:	0ff77713          	andi	a4,a4,255
    7726:	bf8d                	j	7698 <__divsf3+0xb8>
    7728:	e4b9                	bnez	s1,7776 <__divsf3+0x196>
    772a:	4685                	li	a3,1
    772c:	b7a9                	j	7676 <__divsf3+0x96>
    772e:	020a9463          	bnez	s5,7756 <__divsf3+0x176>
    7732:	4411                	li	s0,4
    7734:	4a01                	li	s4,0
    7736:	4b05                	li	s6,1
    7738:	bdc5                	j	7628 <__divsf3+0x48>
    773a:	000a9963          	bnez	s5,774c <__divsf3+0x16c>
    773e:	4421                	li	s0,8
    7740:	0ff00a13          	li	s4,255
    7744:	4b09                	li	s6,2
    7746:	b5cd                	j	7628 <__divsf3+0x48>
    7748:	468d                	li	a3,3
    774a:	b731                	j	7656 <__divsf3+0x76>
    774c:	4431                	li	s0,12
    774e:	0ff00a13          	li	s4,255
    7752:	4b0d                	li	s6,3
    7754:	bdd1                	j	7628 <__divsf3+0x48>
    7756:	8556                	mv	a0,s5
    7758:	c62e                	sw	a1,12(sp)
    775a:	50b000ef          	jal	ra,8464 <__clzsi2>
    775e:	ffb50793          	addi	a5,a0,-5
    7762:	00fa9ab3          	sll	s5,s5,a5
    7766:	f8a00793          	li	a5,-118
    776a:	40a78a33          	sub	s4,a5,a0
    776e:	4401                	li	s0,0
    7770:	4b01                	li	s6,0
    7772:	45b2                	lw	a1,12(sp)
    7774:	bd55                	j	7628 <__divsf3+0x48>
    7776:	8526                	mv	a0,s1
    7778:	4ed000ef          	jal	ra,8464 <__clzsi2>
    777c:	ffb50713          	addi	a4,a0,-5
    7780:	00aa07b3          	add	a5,s4,a0
    7784:	00e494b3          	sll	s1,s1,a4
    7788:	07678a13          	addi	s4,a5,118 # f8000076 <_eusrstack+0xd7ffb076>
    778c:	4681                	li	a3,0
    778e:	b5e1                	j	7656 <__divsf3+0x76>
    7790:	001bf913          	andi	s2,s7,1
    7794:	4701                	li	a4,0
    7796:	4781                	li	a5,0
    7798:	b701                	j	7698 <__divsf3+0xb8>
    779a:	6641                	lui	a2,0x10
    779c:	00549513          	slli	a0,s1,0x5
    77a0:	167d                	addi	a2,a2,-1
    77a2:	01055793          	srli	a5,a0,0x10
    77a6:	8e69                	and	a2,a2,a0
    77a8:	0a9afa63          	bgeu	s5,s1,785c <__divsf3+0x27c>
    77ac:	02fad5b3          	divu	a1,s5,a5
    77b0:	1a7d                	addi	s4,s4,-1
    77b2:	86d6                	mv	a3,s5
    77b4:	4701                	li	a4,0
    77b6:	02c58833          	mul	a6,a1,a2
    77ba:	02f6f6b3          	remu	a3,a3,a5
    77be:	06c2                	slli	a3,a3,0x10
    77c0:	8f55                	or	a4,a4,a3
    77c2:	01077b63          	bgeu	a4,a6,77d8 <__divsf3+0x1f8>
    77c6:	972a                	add	a4,a4,a0
    77c8:	fff58693          	addi	a3,a1,-1 # 7fffffff <_eusrstack+0x5fffafff>
    77cc:	0aa76863          	bltu	a4,a0,787c <__divsf3+0x29c>
    77d0:	0b077663          	bgeu	a4,a6,787c <__divsf3+0x29c>
    77d4:	15f9                	addi	a1,a1,-2
    77d6:	972a                	add	a4,a4,a0
    77d8:	41070733          	sub	a4,a4,a6
    77dc:	02f756b3          	divu	a3,a4,a5
    77e0:	02f77733          	remu	a4,a4,a5
    77e4:	02c68ab3          	mul	s5,a3,a2
    77e8:	01071793          	slli	a5,a4,0x10
    77ec:	0157fb63          	bgeu	a5,s5,7802 <__divsf3+0x222>
    77f0:	97aa                	add	a5,a5,a0
    77f2:	fff68713          	addi	a4,a3,-1 # 7dffffff <_eusrstack+0x5dffafff>
    77f6:	08a7e163          	bltu	a5,a0,7878 <__divsf3+0x298>
    77fa:	0757ff63          	bgeu	a5,s5,7878 <__divsf3+0x298>
    77fe:	16f9                	addi	a3,a3,-2
    7800:	97aa                	add	a5,a5,a0
    7802:	05c2                	slli	a1,a1,0x10
    7804:	41578ab3          	sub	s5,a5,s5
    7808:	8dd5                	or	a1,a1,a3
    780a:	01503ab3          	snez	s5,s5
    780e:	0155eab3          	or	s5,a1,s5
    7812:	8bca                	mv	s7,s2
    7814:	b5f1                	j	76e0 <__divsf3+0x100>
    7816:	4685                	li	a3,1
    7818:	8e99                	sub	a3,a3,a4
    781a:	c711                	beqz	a4,7826 <__divsf3+0x246>
    781c:	466d                	li	a2,27
    781e:	4701                	li	a4,0
    7820:	4781                	li	a5,0
    7822:	e6d64be3          	blt	a2,a3,7698 <__divsf3+0xb8>
    7826:	09ea0a13          	addi	s4,s4,158
    782a:	014a9a33          	sll	s4,s5,s4
    782e:	00dad7b3          	srl	a5,s5,a3
    7832:	01403ab3          	snez	s5,s4
    7836:	0157e7b3          	or	a5,a5,s5
    783a:	0077f713          	andi	a4,a5,7
    783e:	c719                	beqz	a4,784c <__divsf3+0x26c>
    7840:	00f7f713          	andi	a4,a5,15
    7844:	4691                	li	a3,4
    7846:	00d70363          	beq	a4,a3,784c <__divsf3+0x26c>
    784a:	0791                	addi	a5,a5,4
    784c:	00579713          	slli	a4,a5,0x5
    7850:	02074863          	bltz	a4,7880 <__divsf3+0x2a0>
    7854:	079a                	slli	a5,a5,0x6
    7856:	83a5                	srli	a5,a5,0x9
    7858:	4701                	li	a4,0
    785a:	bd3d                	j	7698 <__divsf3+0xb8>
    785c:	001ad693          	srli	a3,s5,0x1
    7860:	02f6d5b3          	divu	a1,a3,a5
    7864:	01fa9713          	slli	a4,s5,0x1f
    7868:	8341                	srli	a4,a4,0x10
    786a:	02c58833          	mul	a6,a1,a2
    786e:	b7b1                	j	77ba <__divsf3+0x1da>
    7870:	8bce                	mv	s7,s3
    7872:	8b36                	mv	s6,a3
    7874:	4a81                	li	s5,0
    7876:	bda1                	j	76ce <__divsf3+0xee>
    7878:	86ba                	mv	a3,a4
    787a:	b761                	j	7802 <__divsf3+0x222>
    787c:	85b6                	mv	a1,a3
    787e:	bfa9                	j	77d8 <__divsf3+0x1f8>
    7880:	4705                	li	a4,1
    7882:	4781                	li	a5,0
    7884:	bd11                	j	7698 <__divsf3+0xb8>
    7886:	001bf913          	andi	s2,s7,1
    788a:	0ff00713          	li	a4,255
    788e:	4781                	li	a5,0
    7890:	b521                	j	7698 <__divsf3+0xb8>

00007892 <__eqsf2>:
    7892:	01755693          	srli	a3,a0,0x17
    7896:	008007b7          	lui	a5,0x800
    789a:	17fd                	addi	a5,a5,-1
    789c:	0175d613          	srli	a2,a1,0x17
    78a0:	0ff6f693          	andi	a3,a3,255
    78a4:	0ff00813          	li	a6,255
    78a8:	00a7f8b3          	and	a7,a5,a0
    78ac:	01f55713          	srli	a4,a0,0x1f
    78b0:	8fed                	and	a5,a5,a1
    78b2:	0ff67613          	andi	a2,a2,255
    78b6:	81fd                	srli	a1,a1,0x1f
    78b8:	03068463          	beq	a3,a6,78e0 <__eqsf2+0x4e>
    78bc:	0ff00513          	li	a0,255
    78c0:	02a60463          	beq	a2,a0,78e8 <__eqsf2+0x56>
    78c4:	4505                	li	a0,1
    78c6:	00c68363          	beq	a3,a2,78cc <__eqsf2+0x3a>
    78ca:	8082                	ret
    78cc:	fef89fe3          	bne	a7,a5,78ca <__eqsf2+0x38>
    78d0:	4501                	li	a0,0
    78d2:	feb70ce3          	beq	a4,a1,78ca <__eqsf2+0x38>
    78d6:	4505                	li	a0,1
    78d8:	faed                	bnez	a3,78ca <__eqsf2+0x38>
    78da:	01103533          	snez	a0,a7
    78de:	8082                	ret
    78e0:	4505                	li	a0,1
    78e2:	fc088de3          	beqz	a7,78bc <__eqsf2+0x2a>
    78e6:	8082                	ret
    78e8:	4505                	li	a0,1
    78ea:	dfe9                	beqz	a5,78c4 <__eqsf2+0x32>
    78ec:	8082                	ret

000078ee <__gesf2>:
    78ee:	01755693          	srli	a3,a0,0x17
    78f2:	008007b7          	lui	a5,0x800
    78f6:	17fd                	addi	a5,a5,-1
    78f8:	0175d613          	srli	a2,a1,0x17
    78fc:	0ff6f693          	andi	a3,a3,255
    7900:	0ff00813          	li	a6,255
    7904:	00a7f8b3          	and	a7,a5,a0
    7908:	01f55713          	srli	a4,a0,0x1f
    790c:	8fed                	and	a5,a5,a1
    790e:	0ff67613          	andi	a2,a2,255
    7912:	81fd                	srli	a1,a1,0x1f
    7914:	03068163          	beq	a3,a6,7936 <__gesf2+0x48>
    7918:	01060c63          	beq	a2,a6,7930 <__gesf2+0x42>
    791c:	e28d                	bnez	a3,793e <__gesf2+0x50>
    791e:	e211                	bnez	a2,7922 <__gesf2+0x34>
    7920:	c3b1                	beqz	a5,7964 <__gesf2+0x76>
    7922:	02088e63          	beqz	a7,795e <__gesf2+0x70>
    7926:	04b70563          	beq	a4,a1,7970 <__gesf2+0x82>
    792a:	4505                	li	a0,1
    792c:	e71d                	bnez	a4,795a <__gesf2+0x6c>
    792e:	8082                	ret
    7930:	d7f5                	beqz	a5,791c <__gesf2+0x2e>
    7932:	5579                	li	a0,-2
    7934:	8082                	ret
    7936:	fe089ee3          	bnez	a7,7932 <__gesf2+0x44>
    793a:	02d60963          	beq	a2,a3,796c <__gesf2+0x7e>
    793e:	e211                	bnez	a2,7942 <__gesf2+0x54>
    7940:	d7ed                	beqz	a5,792a <__gesf2+0x3c>
    7942:	feb714e3          	bne	a4,a1,792a <__gesf2+0x3c>
    7946:	fed642e3          	blt	a2,a3,792a <__gesf2+0x3c>
    794a:	00c6c763          	blt	a3,a2,7958 <__gesf2+0x6a>
    794e:	fd17eee3          	bltu	a5,a7,792a <__gesf2+0x3c>
    7952:	4501                	li	a0,0
    7954:	fcf8fde3          	bgeu	a7,a5,792e <__gesf2+0x40>
    7958:	e701                	bnez	a4,7960 <__gesf2+0x72>
    795a:	557d                	li	a0,-1
    795c:	8082                	ret
    795e:	ddf5                	beqz	a1,795a <__gesf2+0x6c>
    7960:	4505                	li	a0,1
    7962:	8082                	ret
    7964:	4501                	li	a0,0
    7966:	fc0892e3          	bnez	a7,792a <__gesf2+0x3c>
    796a:	8082                	ret
    796c:	dbf9                	beqz	a5,7942 <__gesf2+0x54>
    796e:	b7d1                	j	7932 <__gesf2+0x44>
    7970:	4681                	li	a3,0
    7972:	bfe1                	j	794a <__gesf2+0x5c>

00007974 <__lesf2>:
    7974:	01755693          	srli	a3,a0,0x17
    7978:	008007b7          	lui	a5,0x800
    797c:	17fd                	addi	a5,a5,-1
    797e:	0175d613          	srli	a2,a1,0x17
    7982:	0ff6f693          	andi	a3,a3,255
    7986:	0ff00813          	li	a6,255
    798a:	00a7f8b3          	and	a7,a5,a0
    798e:	01f55713          	srli	a4,a0,0x1f
    7992:	8fed                	and	a5,a5,a1
    7994:	0ff67613          	andi	a2,a2,255
    7998:	81fd                	srli	a1,a1,0x1f
    799a:	03068763          	beq	a3,a6,79c8 <__lesf2+0x54>
    799e:	01060963          	beq	a2,a6,79b0 <__lesf2+0x3c>
    79a2:	ea85                	bnez	a3,79d2 <__lesf2+0x5e>
    79a4:	ea11                	bnez	a2,79b8 <__lesf2+0x44>
    79a6:	eb89                	bnez	a5,79b8 <__lesf2+0x44>
    79a8:	4501                	li	a0,0
    79aa:	00089b63          	bnez	a7,79c0 <__lesf2+0x4c>
    79ae:	8082                	ret
    79b0:	4509                	li	a0,2
    79b2:	fff5                	bnez	a5,79ae <__lesf2+0x3a>
    79b4:	dae5                	beqz	a3,79a4 <__lesf2+0x30>
    79b6:	a831                	j	79d2 <__lesf2+0x5e>
    79b8:	02088c63          	beqz	a7,79f0 <__lesf2+0x7c>
    79bc:	04b70063          	beq	a4,a1,79fc <__lesf2+0x88>
    79c0:	4505                	li	a0,1
    79c2:	d775                	beqz	a4,79ae <__lesf2+0x3a>
    79c4:	557d                	li	a0,-1
    79c6:	8082                	ret
    79c8:	4509                	li	a0,2
    79ca:	02089863          	bnez	a7,79fa <__lesf2+0x86>
    79ce:	02d60463          	beq	a2,a3,79f6 <__lesf2+0x82>
    79d2:	e211                	bnez	a2,79d6 <__lesf2+0x62>
    79d4:	d7f5                	beqz	a5,79c0 <__lesf2+0x4c>
    79d6:	feb715e3          	bne	a4,a1,79c0 <__lesf2+0x4c>
    79da:	fed643e3          	blt	a2,a3,79c0 <__lesf2+0x4c>
    79de:	00c6c763          	blt	a3,a2,79ec <__lesf2+0x78>
    79e2:	fd17efe3          	bltu	a5,a7,79c0 <__lesf2+0x4c>
    79e6:	4501                	li	a0,0
    79e8:	fcf8f3e3          	bgeu	a7,a5,79ae <__lesf2+0x3a>
    79ec:	e319                	bnez	a4,79f2 <__lesf2+0x7e>
    79ee:	bfd9                	j	79c4 <__lesf2+0x50>
    79f0:	d9f1                	beqz	a1,79c4 <__lesf2+0x50>
    79f2:	4505                	li	a0,1
    79f4:	8082                	ret
    79f6:	d3e5                	beqz	a5,79d6 <__lesf2+0x62>
    79f8:	8082                	ret
    79fa:	8082                	ret
    79fc:	4681                	li	a3,0
    79fe:	b7c5                	j	79de <__lesf2+0x6a>

00007a00 <__mulsf3>:
    7a00:	7179                	addi	sp,sp,-48
    7a02:	d422                	sw	s0,40(sp)
    7a04:	01755413          	srli	s0,a0,0x17
    7a08:	ce4e                	sw	s3,28(sp)
    7a0a:	cc52                	sw	s4,24(sp)
    7a0c:	00951993          	slli	s3,a0,0x9
    7a10:	d606                	sw	ra,44(sp)
    7a12:	d226                	sw	s1,36(sp)
    7a14:	d04a                	sw	s2,32(sp)
    7a16:	ca56                	sw	s5,20(sp)
    7a18:	c85a                	sw	s6,16(sp)
    7a1a:	0ff47413          	andi	s0,s0,255
    7a1e:	0099d993          	srli	s3,s3,0x9
    7a22:	01f55a13          	srli	s4,a0,0x1f
    7a26:	c469                	beqz	s0,7af0 <__mulsf3+0xf0>
    7a28:	0ff00793          	li	a5,255
    7a2c:	0ef40863          	beq	s0,a5,7b1c <__mulsf3+0x11c>
    7a30:	00399793          	slli	a5,s3,0x3
    7a34:	04000737          	lui	a4,0x4000
    7a38:	00e7e9b3          	or	s3,a5,a4
    7a3c:	f8140413          	addi	s0,s0,-127 # 3ffff81 <_data_lma+0x3ff4101>
    7a40:	4481                	li	s1,0
    7a42:	4b01                	li	s6,0
    7a44:	0175d713          	srli	a4,a1,0x17
    7a48:	00959a93          	slli	s5,a1,0x9
    7a4c:	0ff77713          	andi	a4,a4,255
    7a50:	009ada93          	srli	s5,s5,0x9
    7a54:	01f5d913          	srli	s2,a1,0x1f
    7a58:	cf45                	beqz	a4,7b10 <__mulsf3+0x110>
    7a5a:	0ff00793          	li	a5,255
    7a5e:	02f70c63          	beq	a4,a5,7a96 <__mulsf3+0x96>
    7a62:	0a8e                	slli	s5,s5,0x3
    7a64:	f8170713          	addi	a4,a4,-127 # 3ffff81 <_data_lma+0x3ff4101>
    7a68:	040007b7          	lui	a5,0x4000
    7a6c:	00faeab3          	or	s5,s5,a5
    7a70:	943a                	add	s0,s0,a4
    7a72:	4601                	li	a2,0
    7a74:	012a4533          	xor	a0,s4,s2
    7a78:	47bd                	li	a5,15
    7a7a:	86aa                	mv	a3,a0
    7a7c:	00140593          	addi	a1,s0,1
    7a80:	1097e263          	bltu	a5,s1,7b84 <__mulsf3+0x184>
    7a84:	00004717          	auipc	a4,0x4
    7a88:	03470713          	addi	a4,a4,52 # bab8 <atanlo+0x124>
    7a8c:	048a                	slli	s1,s1,0x2
    7a8e:	94ba                	add	s1,s1,a4
    7a90:	409c                	lw	a5,0(s1)
    7a92:	97ba                	add	a5,a5,a4
    7a94:	8782                	jr	a5
    7a96:	0ff40413          	addi	s0,s0,255
    7a9a:	0c0a9863          	bnez	s5,7b6a <__mulsf3+0x16a>
    7a9e:	0024e493          	ori	s1,s1,2
    7aa2:	4609                	li	a2,2
    7aa4:	bfc1                	j	7a74 <__mulsf3+0x74>
    7aa6:	4501                	li	a0,0
    7aa8:	0ff00713          	li	a4,255
    7aac:	004007b7          	lui	a5,0x400
    7ab0:	50b2                	lw	ra,44(sp)
    7ab2:	5422                	lw	s0,40(sp)
    7ab4:	07a6                	slli	a5,a5,0x9
    7ab6:	075e                	slli	a4,a4,0x17
    7ab8:	83a5                	srli	a5,a5,0x9
    7aba:	057e                	slli	a0,a0,0x1f
    7abc:	8fd9                	or	a5,a5,a4
    7abe:	5492                	lw	s1,36(sp)
    7ac0:	5902                	lw	s2,32(sp)
    7ac2:	49f2                	lw	s3,28(sp)
    7ac4:	4a62                	lw	s4,24(sp)
    7ac6:	4ad2                	lw	s5,20(sp)
    7ac8:	4b42                	lw	s6,16(sp)
    7aca:	8d5d                	or	a0,a0,a5
    7acc:	6145                	addi	sp,sp,48
    7ace:	8082                	ret
    7ad0:	86ca                	mv	a3,s2
    7ad2:	89d6                	mv	s3,s5
    7ad4:	8b32                	mv	s6,a2
    7ad6:	4789                	li	a5,2
    7ad8:	0afb0163          	beq	s6,a5,7b7a <__mulsf3+0x17a>
    7adc:	478d                	li	a5,3
    7ade:	fcfb04e3          	beq	s6,a5,7aa6 <__mulsf3+0xa6>
    7ae2:	4785                	li	a5,1
    7ae4:	8536                	mv	a0,a3
    7ae6:	1afb1263          	bne	s6,a5,7c8a <__mulsf3+0x28a>
    7aea:	4701                	li	a4,0
    7aec:	4781                	li	a5,0
    7aee:	b7c9                	j	7ab0 <__mulsf3+0xb0>
    7af0:	04099e63          	bnez	s3,7b4c <__mulsf3+0x14c>
    7af4:	0175d713          	srli	a4,a1,0x17
    7af8:	00959a93          	slli	s5,a1,0x9
    7afc:	0ff77713          	andi	a4,a4,255
    7b00:	4491                	li	s1,4
    7b02:	4401                	li	s0,0
    7b04:	4b05                	li	s6,1
    7b06:	009ada93          	srli	s5,s5,0x9
    7b0a:	01f5d913          	srli	s2,a1,0x1f
    7b0e:	f731                	bnez	a4,7a5a <__mulsf3+0x5a>
    7b10:	000a9d63          	bnez	s5,7b2a <__mulsf3+0x12a>
    7b14:	0014e493          	ori	s1,s1,1
    7b18:	4605                	li	a2,1
    7b1a:	bfa9                	j	7a74 <__mulsf3+0x74>
    7b1c:	02099363          	bnez	s3,7b42 <__mulsf3+0x142>
    7b20:	44a1                	li	s1,8
    7b22:	0ff00413          	li	s0,255
    7b26:	4b09                	li	s6,2
    7b28:	bf31                	j	7a44 <__mulsf3+0x44>
    7b2a:	8556                	mv	a0,s5
    7b2c:	139000ef          	jal	ra,8464 <__clzsi2>
    7b30:	ffb50793          	addi	a5,a0,-5
    7b34:	8c09                	sub	s0,s0,a0
    7b36:	00fa9ab3          	sll	s5,s5,a5
    7b3a:	f8a40413          	addi	s0,s0,-118
    7b3e:	4601                	li	a2,0
    7b40:	bf15                	j	7a74 <__mulsf3+0x74>
    7b42:	44b1                	li	s1,12
    7b44:	0ff00413          	li	s0,255
    7b48:	4b0d                	li	s6,3
    7b4a:	bded                	j	7a44 <__mulsf3+0x44>
    7b4c:	854e                	mv	a0,s3
    7b4e:	c62e                	sw	a1,12(sp)
    7b50:	115000ef          	jal	ra,8464 <__clzsi2>
    7b54:	ffb50793          	addi	a5,a0,-5
    7b58:	f8a00413          	li	s0,-118
    7b5c:	00f999b3          	sll	s3,s3,a5
    7b60:	8c09                	sub	s0,s0,a0
    7b62:	4481                	li	s1,0
    7b64:	4b01                	li	s6,0
    7b66:	45b2                	lw	a1,12(sp)
    7b68:	bdf1                	j	7a44 <__mulsf3+0x44>
    7b6a:	0034e493          	ori	s1,s1,3
    7b6e:	460d                	li	a2,3
    7b70:	b711                	j	7a74 <__mulsf3+0x74>
    7b72:	4789                	li	a5,2
    7b74:	86d2                	mv	a3,s4
    7b76:	f6fb13e3          	bne	s6,a5,7adc <__mulsf3+0xdc>
    7b7a:	8536                	mv	a0,a3
    7b7c:	0ff00713          	li	a4,255
    7b80:	4781                	li	a5,0
    7b82:	b73d                	j	7ab0 <__mulsf3+0xb0>
    7b84:	6341                	lui	t1,0x10
    7b86:	fff30693          	addi	a3,t1,-1 # ffff <_data_lma+0x417f>
    7b8a:	0109d613          	srli	a2,s3,0x10
    7b8e:	010ad893          	srli	a7,s5,0x10
    7b92:	00d9f7b3          	and	a5,s3,a3
    7b96:	00dafab3          	and	s5,s5,a3
    7b9a:	03578833          	mul	a6,a5,s5
    7b9e:	02f889b3          	mul	s3,a7,a5
    7ba2:	01085713          	srli	a4,a6,0x10
    7ba6:	03560ab3          	mul	s5,a2,s5
    7baa:	99d6                	add	s3,s3,s5
    7bac:	974e                	add	a4,a4,s3
    7bae:	03160633          	mul	a2,a2,a7
    7bb2:	01577363          	bgeu	a4,s5,7bb8 <__mulsf3+0x1b8>
    7bb6:	961a                	add	a2,a2,t1
    7bb8:	67c1                	lui	a5,0x10
    7bba:	17fd                	addi	a5,a5,-1
    7bbc:	00f776b3          	and	a3,a4,a5
    7bc0:	00f87833          	and	a6,a6,a5
    7bc4:	06c2                	slli	a3,a3,0x10
    7bc6:	96c2                	add	a3,a3,a6
    7bc8:	00669993          	slli	s3,a3,0x6
    7bcc:	01075793          	srli	a5,a4,0x10
    7bd0:	013039b3          	snez	s3,s3
    7bd4:	82e9                	srli	a3,a3,0x1a
    7bd6:	97b2                	add	a5,a5,a2
    7bd8:	079a                	slli	a5,a5,0x6
    7bda:	00d9e6b3          	or	a3,s3,a3
    7bde:	00d7e9b3          	or	s3,a5,a3
    7be2:	00499793          	slli	a5,s3,0x4
    7be6:	0007d963          	bgez	a5,7bf8 <__mulsf3+0x1f8>
    7bea:	0019d713          	srli	a4,s3,0x1
    7bee:	0019f793          	andi	a5,s3,1
    7bf2:	00f769b3          	or	s3,a4,a5
    7bf6:	842e                	mv	s0,a1
    7bf8:	07f40713          	addi	a4,s0,127
    7bfc:	04e05063          	blez	a4,7c3c <__mulsf3+0x23c>
    7c00:	0079f793          	andi	a5,s3,7
    7c04:	c799                	beqz	a5,7c12 <__mulsf3+0x212>
    7c06:	00f9f793          	andi	a5,s3,15
    7c0a:	4691                	li	a3,4
    7c0c:	00d78363          	beq	a5,a3,7c12 <__mulsf3+0x212>
    7c10:	0991                	addi	s3,s3,4
    7c12:	00499793          	slli	a5,s3,0x4
    7c16:	0007d963          	bgez	a5,7c28 <__mulsf3+0x228>
    7c1a:	f80007b7          	lui	a5,0xf8000
    7c1e:	17fd                	addi	a5,a5,-1
    7c20:	00f9f9b3          	and	s3,s3,a5
    7c24:	08040713          	addi	a4,s0,128
    7c28:	0fe00793          	li	a5,254
    7c2c:	04e7cb63          	blt	a5,a4,7c82 <__mulsf3+0x282>
    7c30:	00699793          	slli	a5,s3,0x6
    7c34:	83a5                	srli	a5,a5,0x9
    7c36:	0ff77713          	andi	a4,a4,255
    7c3a:	bd9d                	j	7ab0 <__mulsf3+0xb0>
    7c3c:	4785                	li	a5,1
    7c3e:	40e786b3          	sub	a3,a5,a4
    7c42:	c711                	beqz	a4,7c4e <__mulsf3+0x24e>
    7c44:	466d                	li	a2,27
    7c46:	4701                	li	a4,0
    7c48:	4781                	li	a5,0
    7c4a:	e6d643e3          	blt	a2,a3,7ab0 <__mulsf3+0xb0>
    7c4e:	09e40713          	addi	a4,s0,158
    7c52:	00e99733          	sll	a4,s3,a4
    7c56:	00e03733          	snez	a4,a4
    7c5a:	00d9d7b3          	srl	a5,s3,a3
    7c5e:	8fd9                	or	a5,a5,a4
    7c60:	0077f713          	andi	a4,a5,7
    7c64:	c719                	beqz	a4,7c72 <__mulsf3+0x272>
    7c66:	00f7f713          	andi	a4,a5,15
    7c6a:	4691                	li	a3,4
    7c6c:	00d70363          	beq	a4,a3,7c72 <__mulsf3+0x272>
    7c70:	0791                	addi	a5,a5,4
    7c72:	00579713          	slli	a4,a5,0x5
    7c76:	00074c63          	bltz	a4,7c8e <__mulsf3+0x28e>
    7c7a:	079a                	slli	a5,a5,0x6
    7c7c:	83a5                	srli	a5,a5,0x9
    7c7e:	4701                	li	a4,0
    7c80:	bd05                	j	7ab0 <__mulsf3+0xb0>
    7c82:	0ff00713          	li	a4,255
    7c86:	4781                	li	a5,0
    7c88:	b525                	j	7ab0 <__mulsf3+0xb0>
    7c8a:	842e                	mv	s0,a1
    7c8c:	b7b5                	j	7bf8 <__mulsf3+0x1f8>
    7c8e:	4705                	li	a4,1
    7c90:	4781                	li	a5,0
    7c92:	bd39                	j	7ab0 <__mulsf3+0xb0>

00007c94 <__subsf3>:
    7c94:	00800737          	lui	a4,0x800
    7c98:	1141                	addi	sp,sp,-16
    7c9a:	177d                	addi	a4,a4,-1
    7c9c:	01755693          	srli	a3,a0,0x17
    7ca0:	0175d813          	srli	a6,a1,0x17
    7ca4:	00a777b3          	and	a5,a4,a0
    7ca8:	0ff6f693          	andi	a3,a3,255
    7cac:	01f55e93          	srli	t4,a0,0x1f
    7cb0:	00b77633          	and	a2,a4,a1
    7cb4:	c226                	sw	s1,4(sp)
    7cb6:	c04a                	sw	s2,0(sp)
    7cb8:	0ff87813          	andi	a6,a6,255
    7cbc:	c606                	sw	ra,12(sp)
    7cbe:	c422                	sw	s0,8(sp)
    7cc0:	0ff00313          	li	t1,255
    7cc4:	8e3e                	mv	t3,a5
    7cc6:	8936                	mv	s2,a3
    7cc8:	84f6                	mv	s1,t4
    7cca:	00379f13          	slli	t5,a5,0x3
    7cce:	81fd                	srli	a1,a1,0x1f
    7cd0:	00361513          	slli	a0,a2,0x3
    7cd4:	410688b3          	sub	a7,a3,a6
    7cd8:	10680263          	beq	a6,t1,7ddc <__subsf3+0x148>
    7cdc:	0015c593          	xori	a1,a1,1
    7ce0:	10be8c63          	beq	t4,a1,7df8 <__subsf3+0x164>
    7ce4:	0d105463          	blez	a7,7dac <__subsf3+0x118>
    7ce8:	10081063          	bnez	a6,7de8 <__subsf3+0x154>
    7cec:	1e050463          	beqz	a0,7ed4 <__subsf3+0x240>
    7cf0:	18fd                	addi	a7,a7,-1
    7cf2:	40af07b3          	sub	a5,t5,a0
    7cf6:	02088663          	beqz	a7,7d22 <__subsf3+0x8e>
    7cfa:	0ff00793          	li	a5,255
    7cfe:	16f68863          	beq	a3,a5,7e6e <__subsf3+0x1da>
    7d02:	47ed                	li	a5,27
    7d04:	2917c763          	blt	a5,a7,7f92 <__subsf3+0x2fe>
    7d08:	02000713          	li	a4,32
    7d0c:	41170733          	sub	a4,a4,a7
    7d10:	00e51733          	sll	a4,a0,a4
    7d14:	011557b3          	srl	a5,a0,a7
    7d18:	00e03733          	snez	a4,a4
    7d1c:	8fd9                	or	a5,a5,a4
    7d1e:	40ff07b3          	sub	a5,t5,a5
    7d22:	00579713          	slli	a4,a5,0x5
    7d26:	1a075163          	bgez	a4,7ec8 <__subsf3+0x234>
    7d2a:	04000437          	lui	s0,0x4000
    7d2e:	147d                	addi	s0,s0,-1
    7d30:	8c7d                	and	s0,s0,a5
    7d32:	8522                	mv	a0,s0
    7d34:	2f05                	jal	8464 <__clzsi2>
    7d36:	156d                	addi	a0,a0,-5
    7d38:	00a417b3          	sll	a5,s0,a0
    7d3c:	1b254e63          	blt	a0,s2,7ef8 <__subsf3+0x264>
    7d40:	41250533          	sub	a0,a0,s2
    7d44:	00150413          	addi	s0,a0,1
    7d48:	02000713          	li	a4,32
    7d4c:	8f01                	sub	a4,a4,s0
    7d4e:	00e79733          	sll	a4,a5,a4
    7d52:	00e03733          	snez	a4,a4
    7d56:	0087d7b3          	srl	a5,a5,s0
    7d5a:	8fd9                	or	a5,a5,a4
    7d5c:	4901                	li	s2,0
    7d5e:	0077f713          	andi	a4,a5,7
    7d62:	c719                	beqz	a4,7d70 <__subsf3+0xdc>
    7d64:	00f7f713          	andi	a4,a5,15
    7d68:	4691                	li	a3,4
    7d6a:	00d70363          	beq	a4,a3,7d70 <__subsf3+0xdc>
    7d6e:	0791                	addi	a5,a5,4
    7d70:	00579713          	slli	a4,a5,0x5
    7d74:	14075e63          	bgez	a4,7ed0 <__subsf3+0x23c>
    7d78:	00190693          	addi	a3,s2,1 # 800001 <_data_lma+0x7f4181>
    7d7c:	0ff00713          	li	a4,255
    7d80:	0014fe93          	andi	t4,s1,1
    7d84:	16e68663          	beq	a3,a4,7ef0 <__subsf3+0x25c>
    7d88:	079a                	slli	a5,a5,0x6
    7d8a:	83a5                	srli	a5,a5,0x9
    7d8c:	0ff6f693          	andi	a3,a3,255
    7d90:	07a6                	slli	a5,a5,0x9
    7d92:	40b2                	lw	ra,12(sp)
    7d94:	4422                	lw	s0,8(sp)
    7d96:	0097d513          	srli	a0,a5,0x9
    7d9a:	06de                	slli	a3,a3,0x17
    7d9c:	01fe9793          	slli	a5,t4,0x1f
    7da0:	8d55                	or	a0,a0,a3
    7da2:	4492                	lw	s1,4(sp)
    7da4:	4902                	lw	s2,0(sp)
    7da6:	8d5d                	or	a0,a0,a5
    7da8:	0141                	addi	sp,sp,16
    7daa:	8082                	ret
    7dac:	0a089263          	bnez	a7,7e50 <__subsf3+0x1bc>
    7db0:	00168713          	addi	a4,a3,1
    7db4:	0fe77713          	andi	a4,a4,254
    7db8:	14071b63          	bnez	a4,7f0e <__subsf3+0x27a>
    7dbc:	22069463          	bnez	a3,7fe4 <__subsf3+0x350>
    7dc0:	200f0263          	beqz	t5,7fc4 <__subsf3+0x330>
    7dc4:	d571                	beqz	a0,7d90 <__subsf3+0xfc>
    7dc6:	40af07b3          	sub	a5,t5,a0
    7dca:	00579713          	slli	a4,a5,0x5
    7dce:	22075563          	bgez	a4,7ff8 <__subsf3+0x364>
    7dd2:	41e507b3          	sub	a5,a0,t5
    7dd6:	4901                	li	s2,0
    7dd8:	84ae                	mv	s1,a1
    7dda:	b751                	j	7d5e <__subsf3+0xca>
    7ddc:	f00500e3          	beqz	a0,7cdc <__subsf3+0x48>
    7de0:	0abe8a63          	beq	t4,a1,7e94 <__subsf3+0x200>
    7de4:	fd1054e3          	blez	a7,7dac <__subsf3+0x118>
    7de8:	0ff00793          	li	a5,255
    7dec:	08f68163          	beq	a3,a5,7e6e <__subsf3+0x1da>
    7df0:	040007b7          	lui	a5,0x4000
    7df4:	8d5d                	or	a0,a0,a5
    7df6:	b731                	j	7d02 <__subsf3+0x6e>
    7df8:	09105e63          	blez	a7,7e94 <__subsf3+0x200>
    7dfc:	08080163          	beqz	a6,7e7e <__subsf3+0x1ea>
    7e00:	0ff00793          	li	a5,255
    7e04:	06f68563          	beq	a3,a5,7e6e <__subsf3+0x1da>
    7e08:	040007b7          	lui	a5,0x4000
    7e0c:	8d5d                	or	a0,a0,a5
    7e0e:	47ed                	li	a5,27
    7e10:	1f17c063          	blt	a5,a7,7ff0 <__subsf3+0x35c>
    7e14:	02000713          	li	a4,32
    7e18:	41170733          	sub	a4,a4,a7
    7e1c:	00e51733          	sll	a4,a0,a4
    7e20:	011557b3          	srl	a5,a0,a7
    7e24:	00e03733          	snez	a4,a4
    7e28:	8fd9                	or	a5,a5,a4
    7e2a:	97fa                	add	a5,a5,t5
    7e2c:	00579713          	slli	a4,a5,0x5
    7e30:	08075c63          	bgez	a4,7ec8 <__subsf3+0x234>
    7e34:	0905                	addi	s2,s2,1
    7e36:	0ff00713          	li	a4,255
    7e3a:	0ae90b63          	beq	s2,a4,7ef0 <__subsf3+0x25c>
    7e3e:	7e0006b7          	lui	a3,0x7e000
    7e42:	0017d713          	srli	a4,a5,0x1
    7e46:	16fd                	addi	a3,a3,-1
    7e48:	8b85                	andi	a5,a5,1
    7e4a:	8f75                	and	a4,a4,a3
    7e4c:	8fd9                	or	a5,a5,a4
    7e4e:	bf01                	j	7d5e <__subsf3+0xca>
    7e50:	40d80733          	sub	a4,a6,a3
    7e54:	10069563          	bnez	a3,7f5e <__subsf3+0x2ca>
    7e58:	140f0d63          	beqz	t5,7fb2 <__subsf3+0x31e>
    7e5c:	177d                	addi	a4,a4,-1
    7e5e:	1a070363          	beqz	a4,8004 <__subsf3+0x370>
    7e62:	0ff00793          	li	a5,255
    7e66:	10f81463          	bne	a6,a5,7f6e <__subsf3+0x2da>
    7e6a:	84ae                	mv	s1,a1
    7e6c:	8e32                	mv	t3,a2
    7e6e:	060e0f63          	beqz	t3,7eec <__subsf3+0x258>
    7e72:	4e81                	li	t4,0
    7e74:	0ff00693          	li	a3,255
    7e78:	004007b7          	lui	a5,0x400
    7e7c:	bf11                	j	7d90 <__subsf3+0xfc>
    7e7e:	c939                	beqz	a0,7ed4 <__subsf3+0x240>
    7e80:	18fd                	addi	a7,a7,-1
    7e82:	00af07b3          	add	a5,t5,a0
    7e86:	fa0883e3          	beqz	a7,7e2c <__subsf3+0x198>
    7e8a:	0ff00793          	li	a5,255
    7e8e:	f8f690e3          	bne	a3,a5,7e0e <__subsf3+0x17a>
    7e92:	bff1                	j	7e6e <__subsf3+0x1da>
    7e94:	08089963          	bnez	a7,7f26 <__subsf3+0x292>
    7e98:	00168913          	addi	s2,a3,1 # 7e000001 <_eusrstack+0x5dffb001>
    7e9c:	0fe97713          	andi	a4,s2,254
    7ea0:	12071663          	bnez	a4,7fcc <__subsf3+0x338>
    7ea4:	10069b63          	bnez	a3,7fba <__subsf3+0x326>
    7ea8:	160f0363          	beqz	t5,800e <__subsf3+0x37a>
    7eac:	ee0502e3          	beqz	a0,7d90 <__subsf3+0xfc>
    7eb0:	00af07b3          	add	a5,t5,a0
    7eb4:	00579713          	slli	a4,a5,0x5
    7eb8:	4901                	li	s2,0
    7eba:	00075763          	bgez	a4,7ec8 <__subsf3+0x234>
    7ebe:	fc000737          	lui	a4,0xfc000
    7ec2:	177d                	addi	a4,a4,-1
    7ec4:	8ff9                	and	a5,a5,a4
    7ec6:	4905                	li	s2,1
    7ec8:	0077f713          	andi	a4,a5,7
    7ecc:	e8071ce3          	bnez	a4,7d64 <__subsf3+0xd0>
    7ed0:	0037de13          	srli	t3,a5,0x3
    7ed4:	0ff00793          	li	a5,255
    7ed8:	f8f90be3          	beq	s2,a5,7e6e <__subsf3+0x1da>
    7edc:	009e1793          	slli	a5,t3,0x9
    7ee0:	83a5                	srli	a5,a5,0x9
    7ee2:	0ff97693          	andi	a3,s2,255
    7ee6:	0014fe93          	andi	t4,s1,1
    7eea:	b55d                	j	7d90 <__subsf3+0xfc>
    7eec:	0014fe93          	andi	t4,s1,1
    7ef0:	0ff00693          	li	a3,255
    7ef4:	4781                	li	a5,0
    7ef6:	bd69                	j	7d90 <__subsf3+0xfc>
    7ef8:	fc000737          	lui	a4,0xfc000
    7efc:	177d                	addi	a4,a4,-1
    7efe:	8ff9                	and	a5,a5,a4
    7f00:	0077f713          	andi	a4,a5,7
    7f04:	40a90933          	sub	s2,s2,a0
    7f08:	e4071ee3          	bnez	a4,7d64 <__subsf3+0xd0>
    7f0c:	b7d1                	j	7ed0 <__subsf3+0x23c>
    7f0e:	40af0433          	sub	s0,t5,a0
    7f12:	00541793          	slli	a5,s0,0x5
    7f16:	0c07c363          	bltz	a5,7fdc <__subsf3+0x348>
    7f1a:	e0041ce3          	bnez	s0,7d32 <__subsf3+0x9e>
    7f1e:	4e81                	li	t4,0
    7f20:	4681                	li	a3,0
    7f22:	4781                	li	a5,0
    7f24:	b5b5                	j	7d90 <__subsf3+0xfc>
    7f26:	40d80733          	sub	a4,a6,a3
    7f2a:	c6b5                	beqz	a3,7f96 <__subsf3+0x302>
    7f2c:	0ff00793          	li	a5,255
    7f30:	f2f80ee3          	beq	a6,a5,7e6c <__subsf3+0x1d8>
    7f34:	040007b7          	lui	a5,0x4000
    7f38:	00ff6f33          	or	t5,t5,a5
    7f3c:	47ed                	li	a5,27
    7f3e:	0ce7cd63          	blt	a5,a4,8018 <__subsf3+0x384>
    7f42:	02000793          	li	a5,32
    7f46:	8f99                	sub	a5,a5,a4
    7f48:	00ff17b3          	sll	a5,t5,a5
    7f4c:	00ef5733          	srl	a4,t5,a4
    7f50:	00f037b3          	snez	a5,a5
    7f54:	8f5d                	or	a4,a4,a5
    7f56:	00a707b3          	add	a5,a4,a0
    7f5a:	8942                	mv	s2,a6
    7f5c:	bdc1                	j	7e2c <__subsf3+0x198>
    7f5e:	0ff00793          	li	a5,255
    7f62:	f0f804e3          	beq	a6,a5,7e6a <__subsf3+0x1d6>
    7f66:	040007b7          	lui	a5,0x4000
    7f6a:	00ff6f33          	or	t5,t5,a5
    7f6e:	47ed                	li	a5,27
    7f70:	08e7c263          	blt	a5,a4,7ff4 <__subsf3+0x360>
    7f74:	02000793          	li	a5,32
    7f78:	8f99                	sub	a5,a5,a4
    7f7a:	00ff17b3          	sll	a5,t5,a5
    7f7e:	00ef5733          	srl	a4,t5,a4
    7f82:	00f037b3          	snez	a5,a5
    7f86:	8fd9                	or	a5,a5,a4
    7f88:	40f507b3          	sub	a5,a0,a5
    7f8c:	8942                	mv	s2,a6
    7f8e:	84ae                	mv	s1,a1
    7f90:	bb49                	j	7d22 <__subsf3+0x8e>
    7f92:	4785                	li	a5,1
    7f94:	b369                	j	7d1e <__subsf3+0x8a>
    7f96:	060f0e63          	beqz	t5,8012 <__subsf3+0x37e>
    7f9a:	177d                	addi	a4,a4,-1
    7f9c:	00af07b3          	add	a5,t5,a0
    7fa0:	8942                	mv	s2,a6
    7fa2:	e80705e3          	beqz	a4,7e2c <__subsf3+0x198>
    7fa6:	0ff00793          	li	a5,255
    7faa:	f8f819e3          	bne	a6,a5,7f3c <__subsf3+0x2a8>
    7fae:	8e32                	mv	t3,a2
    7fb0:	bd7d                	j	7e6e <__subsf3+0x1da>
    7fb2:	8e32                	mv	t3,a2
    7fb4:	8942                	mv	s2,a6
    7fb6:	84ae                	mv	s1,a1
    7fb8:	bf31                	j	7ed4 <__subsf3+0x240>
    7fba:	ea0f09e3          	beqz	t5,7e6c <__subsf3+0x1d8>
    7fbe:	ea0508e3          	beqz	a0,7e6e <__subsf3+0x1da>
    7fc2:	bd45                	j	7e72 <__subsf3+0x1de>
    7fc4:	cd0d                	beqz	a0,7ffe <__subsf3+0x36a>
    7fc6:	8eae                	mv	t4,a1
    7fc8:	87b2                	mv	a5,a2
    7fca:	b3d9                	j	7d90 <__subsf3+0xfc>
    7fcc:	0ff00793          	li	a5,255
    7fd0:	f2f900e3          	beq	s2,a5,7ef0 <__subsf3+0x25c>
    7fd4:	00af07b3          	add	a5,t5,a0
    7fd8:	8385                	srli	a5,a5,0x1
    7fda:	b5fd                	j	7ec8 <__subsf3+0x234>
    7fdc:	41e50433          	sub	s0,a0,t5
    7fe0:	84ae                	mv	s1,a1
    7fe2:	bb81                	j	7d32 <__subsf3+0x9e>
    7fe4:	fc0f1de3          	bnez	t5,7fbe <__subsf3+0x32a>
    7fe8:	e80505e3          	beqz	a0,7e72 <__subsf3+0x1de>
    7fec:	84ae                	mv	s1,a1
    7fee:	bdbd                	j	7e6c <__subsf3+0x1d8>
    7ff0:	4785                	li	a5,1
    7ff2:	bd25                	j	7e2a <__subsf3+0x196>
    7ff4:	4785                	li	a5,1
    7ff6:	bf49                	j	7f88 <__subsf3+0x2f4>
    7ff8:	4901                	li	s2,0
    7ffa:	ec0797e3          	bnez	a5,7ec8 <__subsf3+0x234>
    7ffe:	4e81                	li	t4,0
    8000:	4781                	li	a5,0
    8002:	b379                	j	7d90 <__subsf3+0xfc>
    8004:	41e507b3          	sub	a5,a0,t5
    8008:	8942                	mv	s2,a6
    800a:	84ae                	mv	s1,a1
    800c:	bb19                	j	7d22 <__subsf3+0x8e>
    800e:	87b2                	mv	a5,a2
    8010:	b341                	j	7d90 <__subsf3+0xfc>
    8012:	8e32                	mv	t3,a2
    8014:	8942                	mv	s2,a6
    8016:	bd7d                	j	7ed4 <__subsf3+0x240>
    8018:	4705                	li	a4,1
    801a:	bf35                	j	7f56 <__subsf3+0x2c2>

0000801c <__unordsf2>:
    801c:	01755693          	srli	a3,a0,0x17
    8020:	008007b7          	lui	a5,0x800
    8024:	17fd                	addi	a5,a5,-1
    8026:	0175d613          	srli	a2,a1,0x17
    802a:	0ff6f693          	andi	a3,a3,255
    802e:	0ff00813          	li	a6,255
    8032:	00a7f733          	and	a4,a5,a0
    8036:	0ff67613          	andi	a2,a2,255
    803a:	8fed                	and	a5,a5,a1
    803c:	01068b63          	beq	a3,a6,8052 <__unordsf2+0x36>
    8040:	0ff00713          	li	a4,255
    8044:	4501                	li	a0,0
    8046:	00e60363          	beq	a2,a4,804c <__unordsf2+0x30>
    804a:	8082                	ret
    804c:	00f03533          	snez	a0,a5
    8050:	8082                	ret
    8052:	4505                	li	a0,1
    8054:	d775                	beqz	a4,8040 <__unordsf2+0x24>
    8056:	8082                	ret

00008058 <__fixsfsi>:
    8058:	00800637          	lui	a2,0x800
    805c:	01755713          	srli	a4,a0,0x17
    8060:	fff60793          	addi	a5,a2,-1 # 7fffff <_data_lma+0x7f417f>
    8064:	0ff77713          	andi	a4,a4,255
    8068:	07e00593          	li	a1,126
    806c:	00a7f6b3          	and	a3,a5,a0
    8070:	01f55793          	srli	a5,a0,0x1f
    8074:	00e5fc63          	bgeu	a1,a4,808c <__fixsfsi+0x34>
    8078:	09d00593          	li	a1,157
    807c:	00e5fa63          	bgeu	a1,a4,8090 <__fixsfsi+0x38>
    8080:	80000537          	lui	a0,0x80000
    8084:	fff54513          	not	a0,a0
    8088:	953e                	add	a0,a0,a5
    808a:	8082                	ret
    808c:	4501                	li	a0,0
    808e:	8082                	ret
    8090:	09500593          	li	a1,149
    8094:	8ed1                	or	a3,a3,a2
    8096:	00e5cd63          	blt	a1,a4,80b0 <__fixsfsi+0x58>
    809a:	09600613          	li	a2,150
    809e:	40e60733          	sub	a4,a2,a4
    80a2:	00e6d733          	srl	a4,a3,a4
    80a6:	40e00533          	neg	a0,a4
    80aa:	f3f5                	bnez	a5,808e <__fixsfsi+0x36>
    80ac:	853a                	mv	a0,a4
    80ae:	8082                	ret
    80b0:	f6a70713          	addi	a4,a4,-150 # fbffff6a <_eusrstack+0xdbffaf6a>
    80b4:	00e69733          	sll	a4,a3,a4
    80b8:	b7fd                	j	80a6 <__fixsfsi+0x4e>

000080ba <__floatsisf>:
    80ba:	1141                	addi	sp,sp,-16
    80bc:	c606                	sw	ra,12(sp)
    80be:	c422                	sw	s0,8(sp)
    80c0:	c226                	sw	s1,4(sp)
    80c2:	cd0d                	beqz	a0,80fc <__floatsisf+0x42>
    80c4:	41f55793          	srai	a5,a0,0x1f
    80c8:	00a7c433          	xor	s0,a5,a0
    80cc:	8c1d                	sub	s0,s0,a5
    80ce:	84aa                	mv	s1,a0
    80d0:	8522                	mv	a0,s0
    80d2:	2e49                	jal	8464 <__clzsi2>
    80d4:	09e00793          	li	a5,158
    80d8:	40a78733          	sub	a4,a5,a0
    80dc:	09600793          	li	a5,150
    80e0:	80fd                	srli	s1,s1,0x1f
    80e2:	02e7cc63          	blt	a5,a4,811a <__floatsisf+0x60>
    80e6:	46a1                	li	a3,8
    80e8:	0ff77793          	andi	a5,a4,255
    80ec:	00a6d563          	bge	a3,a0,80f6 <__floatsisf+0x3c>
    80f0:	1561                	addi	a0,a0,-8
    80f2:	00a41433          	sll	s0,s0,a0
    80f6:	0426                	slli	s0,s0,0x9
    80f8:	8025                	srli	s0,s0,0x9
    80fa:	a021                	j	8102 <__floatsisf+0x48>
    80fc:	4481                	li	s1,0
    80fe:	4781                	li	a5,0
    8100:	4401                	li	s0,0
    8102:	0426                	slli	s0,s0,0x9
    8104:	00945513          	srli	a0,s0,0x9
    8108:	40b2                	lw	ra,12(sp)
    810a:	4422                	lw	s0,8(sp)
    810c:	07de                	slli	a5,a5,0x17
    810e:	04fe                	slli	s1,s1,0x1f
    8110:	8d5d                	or	a0,a0,a5
    8112:	8d45                	or	a0,a0,s1
    8114:	4492                	lw	s1,4(sp)
    8116:	0141                	addi	sp,sp,16
    8118:	8082                	ret
    811a:	09900793          	li	a5,153
    811e:	00e7dd63          	bge	a5,a4,8138 <__floatsisf+0x7e>
    8122:	01b50793          	addi	a5,a0,27 # 8000001b <_eusrstack+0x5fffb01b>
    8126:	4695                	li	a3,5
    8128:	00f417b3          	sll	a5,s0,a5
    812c:	8e89                	sub	a3,a3,a0
    812e:	00d45433          	srl	s0,s0,a3
    8132:	00f037b3          	snez	a5,a5
    8136:	8c5d                	or	s0,s0,a5
    8138:	4795                	li	a5,5
    813a:	00a7d663          	bge	a5,a0,8146 <__floatsisf+0x8c>
    813e:	ffb50793          	addi	a5,a0,-5
    8142:	00f41433          	sll	s0,s0,a5
    8146:	fc0006b7          	lui	a3,0xfc000
    814a:	16fd                	addi	a3,a3,-1
    814c:	00747793          	andi	a5,s0,7
    8150:	00d47633          	and	a2,s0,a3
    8154:	c385                	beqz	a5,8174 <__floatsisf+0xba>
    8156:	00f47793          	andi	a5,s0,15
    815a:	4591                	li	a1,4
    815c:	00b78c63          	beq	a5,a1,8174 <__floatsisf+0xba>
    8160:	0611                	addi	a2,a2,4
    8162:	00561793          	slli	a5,a2,0x5
    8166:	0007d763          	bgez	a5,8174 <__floatsisf+0xba>
    816a:	09f00793          	li	a5,159
    816e:	8e75                	and	a2,a2,a3
    8170:	40a78733          	sub	a4,a5,a0
    8174:	00661413          	slli	s0,a2,0x6
    8178:	8025                	srli	s0,s0,0x9
    817a:	0ff77793          	andi	a5,a4,255
    817e:	b751                	j	8102 <__floatsisf+0x48>

00008180 <__floatunsisf>:
    8180:	1141                	addi	sp,sp,-16
    8182:	c606                	sw	ra,12(sp)
    8184:	c422                	sw	s0,8(sp)
    8186:	cd15                	beqz	a0,81c2 <__floatunsisf+0x42>
    8188:	842a                	mv	s0,a0
    818a:	2ce9                	jal	8464 <__clzsi2>
    818c:	09e00793          	li	a5,158
    8190:	40a78733          	sub	a4,a5,a0
    8194:	09600793          	li	a5,150
    8198:	04e7c063          	blt	a5,a4,81d8 <__floatunsisf+0x58>
    819c:	46a1                	li	a3,8
    819e:	0ff77793          	andi	a5,a4,255
    81a2:	00a6d563          	bge	a3,a0,81ac <__floatunsisf+0x2c>
    81a6:	1561                	addi	a0,a0,-8
    81a8:	00a41433          	sll	s0,s0,a0
    81ac:	0426                	slli	s0,s0,0x9
    81ae:	8025                	srli	s0,s0,0x9
    81b0:	0426                	slli	s0,s0,0x9
    81b2:	00945513          	srli	a0,s0,0x9
    81b6:	40b2                	lw	ra,12(sp)
    81b8:	4422                	lw	s0,8(sp)
    81ba:	07de                	slli	a5,a5,0x17
    81bc:	8d5d                	or	a0,a0,a5
    81be:	0141                	addi	sp,sp,16
    81c0:	8082                	ret
    81c2:	4401                	li	s0,0
    81c4:	0426                	slli	s0,s0,0x9
    81c6:	00945513          	srli	a0,s0,0x9
    81ca:	40b2                	lw	ra,12(sp)
    81cc:	4422                	lw	s0,8(sp)
    81ce:	4781                	li	a5,0
    81d0:	07de                	slli	a5,a5,0x17
    81d2:	8d5d                	or	a0,a0,a5
    81d4:	0141                	addi	sp,sp,16
    81d6:	8082                	ret
    81d8:	09900793          	li	a5,153
    81dc:	00e7dd63          	bge	a5,a4,81f6 <__floatunsisf+0x76>
    81e0:	01b50793          	addi	a5,a0,27
    81e4:	4695                	li	a3,5
    81e6:	00f417b3          	sll	a5,s0,a5
    81ea:	8e89                	sub	a3,a3,a0
    81ec:	00f037b3          	snez	a5,a5
    81f0:	00d45433          	srl	s0,s0,a3
    81f4:	8c5d                	or	s0,s0,a5
    81f6:	4795                	li	a5,5
    81f8:	00a7d663          	bge	a5,a0,8204 <__floatunsisf+0x84>
    81fc:	ffb50793          	addi	a5,a0,-5
    8200:	00f41433          	sll	s0,s0,a5
    8204:	fc0006b7          	lui	a3,0xfc000
    8208:	16fd                	addi	a3,a3,-1
    820a:	00747793          	andi	a5,s0,7
    820e:	00d47633          	and	a2,s0,a3
    8212:	c385                	beqz	a5,8232 <__floatunsisf+0xb2>
    8214:	00f47793          	andi	a5,s0,15
    8218:	4591                	li	a1,4
    821a:	00b78c63          	beq	a5,a1,8232 <__floatunsisf+0xb2>
    821e:	0611                	addi	a2,a2,4
    8220:	00561793          	slli	a5,a2,0x5
    8224:	0007d763          	bgez	a5,8232 <__floatunsisf+0xb2>
    8228:	09f00793          	li	a5,159
    822c:	8e75                	and	a2,a2,a3
    822e:	40a78733          	sub	a4,a5,a0
    8232:	00661413          	slli	s0,a2,0x6
    8236:	8025                	srli	s0,s0,0x9
    8238:	0426                	slli	s0,s0,0x9
    823a:	00945513          	srli	a0,s0,0x9
    823e:	40b2                	lw	ra,12(sp)
    8240:	4422                	lw	s0,8(sp)
    8242:	0ff77793          	andi	a5,a4,255
    8246:	07de                	slli	a5,a5,0x17
    8248:	8d5d                	or	a0,a0,a5
    824a:	0141                	addi	sp,sp,16
    824c:	8082                	ret

0000824e <__extendsfdf2>:
    824e:	01755713          	srli	a4,a0,0x17
    8252:	0ff77713          	andi	a4,a4,255
    8256:	1141                	addi	sp,sp,-16
    8258:	00170793          	addi	a5,a4,1
    825c:	c422                	sw	s0,8(sp)
    825e:	c226                	sw	s1,4(sp)
    8260:	00951413          	slli	s0,a0,0x9
    8264:	c606                	sw	ra,12(sp)
    8266:	0fe7f793          	andi	a5,a5,254
    826a:	8025                	srli	s0,s0,0x9
    826c:	01f55493          	srli	s1,a0,0x1f
    8270:	c785                	beqz	a5,8298 <__extendsfdf2+0x4a>
    8272:	00345793          	srli	a5,s0,0x3
    8276:	38070713          	addi	a4,a4,896
    827a:	0476                	slli	s0,s0,0x1d
    827c:	07b2                	slli	a5,a5,0xc
    827e:	0752                	slli	a4,a4,0x14
    8280:	83b1                	srli	a5,a5,0xc
    8282:	01f49513          	slli	a0,s1,0x1f
    8286:	8fd9                	or	a5,a5,a4
    8288:	8fc9                	or	a5,a5,a0
    828a:	40b2                	lw	ra,12(sp)
    828c:	8522                	mv	a0,s0
    828e:	4422                	lw	s0,8(sp)
    8290:	4492                	lw	s1,4(sp)
    8292:	85be                	mv	a1,a5
    8294:	0141                	addi	sp,sp,16
    8296:	8082                	ret
    8298:	eb05                	bnez	a4,82c8 <__extendsfdf2+0x7a>
    829a:	c439                	beqz	s0,82e8 <__extendsfdf2+0x9a>
    829c:	8522                	mv	a0,s0
    829e:	22d9                	jal	8464 <__clzsi2>
    82a0:	47a9                	li	a5,10
    82a2:	04a7c663          	blt	a5,a0,82ee <__extendsfdf2+0xa0>
    82a6:	472d                	li	a4,11
    82a8:	8f09                	sub	a4,a4,a0
    82aa:	01550793          	addi	a5,a0,21
    82ae:	00e45733          	srl	a4,s0,a4
    82b2:	00f41433          	sll	s0,s0,a5
    82b6:	00c71793          	slli	a5,a4,0xc
    82ba:	38900713          	li	a4,905
    82be:	8f09                	sub	a4,a4,a0
    82c0:	83b1                	srli	a5,a5,0xc
    82c2:	7ff77713          	andi	a4,a4,2047
    82c6:	bf5d                	j	827c <__extendsfdf2+0x2e>
    82c8:	cc01                	beqz	s0,82e0 <__extendsfdf2+0x92>
    82ca:	00345713          	srli	a4,s0,0x3
    82ce:	000807b7          	lui	a5,0x80
    82d2:	8fd9                	or	a5,a5,a4
    82d4:	07b2                	slli	a5,a5,0xc
    82d6:	0476                	slli	s0,s0,0x1d
    82d8:	83b1                	srli	a5,a5,0xc
    82da:	7ff00713          	li	a4,2047
    82de:	bf79                	j	827c <__extendsfdf2+0x2e>
    82e0:	7ff00713          	li	a4,2047
    82e4:	4781                	li	a5,0
    82e6:	bf59                	j	827c <__extendsfdf2+0x2e>
    82e8:	4701                	li	a4,0
    82ea:	4781                	li	a5,0
    82ec:	bf41                	j	827c <__extendsfdf2+0x2e>
    82ee:	ff550713          	addi	a4,a0,-11
    82f2:	00e41733          	sll	a4,s0,a4
    82f6:	4401                	li	s0,0
    82f8:	bf7d                	j	82b6 <__extendsfdf2+0x68>

000082fa <__truncdfsf2>:
    82fa:	0145d693          	srli	a3,a1,0x14
    82fe:	00c59793          	slli	a5,a1,0xc
    8302:	7ff6f693          	andi	a3,a3,2047
    8306:	83b1                	srli	a5,a5,0xc
    8308:	00168613          	addi	a2,a3,1 # fc000001 <_eusrstack+0xdbffb001>
    830c:	078e                	slli	a5,a5,0x3
    830e:	01d55713          	srli	a4,a0,0x1d
    8312:	7fe67613          	andi	a2,a2,2046
    8316:	81fd                	srli	a1,a1,0x1f
    8318:	8f5d                	or	a4,a4,a5
    831a:	00351893          	slli	a7,a0,0x3
    831e:	ce35                	beqz	a2,839a <__truncdfsf2+0xa0>
    8320:	c8068813          	addi	a6,a3,-896
    8324:	0fe00793          	li	a5,254
    8328:	0107dd63          	bge	a5,a6,8342 <__truncdfsf2+0x48>
    832c:	4781                	li	a5,0
    832e:	00979513          	slli	a0,a5,0x9
    8332:	0ff00693          	li	a3,255
    8336:	06de                	slli	a3,a3,0x17
    8338:	8125                	srli	a0,a0,0x9
    833a:	05fe                	slli	a1,a1,0x1f
    833c:	8d55                	or	a0,a0,a3
    833e:	8d4d                	or	a0,a0,a1
    8340:	8082                	ret
    8342:	0b005563          	blez	a6,83ec <__truncdfsf2+0xf2>
    8346:	00651793          	slli	a5,a0,0x6
    834a:	070e                	slli	a4,a4,0x3
    834c:	00f037b3          	snez	a5,a5
    8350:	8fd9                	or	a5,a5,a4
    8352:	01d8d893          	srli	a7,a7,0x1d
    8356:	0117e7b3          	or	a5,a5,a7
    835a:	0077f713          	andi	a4,a5,7
    835e:	10070163          	beqz	a4,8460 <__truncdfsf2+0x166>
    8362:	00f7f713          	andi	a4,a5,15
    8366:	4691                	li	a3,4
    8368:	00d70363          	beq	a4,a3,836e <__truncdfsf2+0x74>
    836c:	0791                	addi	a5,a5,4
    836e:	04000737          	lui	a4,0x4000
    8372:	8f7d                	and	a4,a4,a5
    8374:	c775                	beqz	a4,8460 <__truncdfsf2+0x166>
    8376:	00180713          	addi	a4,a6,1
    837a:	0ff00613          	li	a2,255
    837e:	0ff77693          	andi	a3,a4,255
    8382:	fac705e3          	beq	a4,a2,832c <__truncdfsf2+0x32>
    8386:	079a                	slli	a5,a5,0x6
    8388:	83a5                	srli	a5,a5,0x9
    838a:	00979513          	slli	a0,a5,0x9
    838e:	06de                	slli	a3,a3,0x17
    8390:	8125                	srli	a0,a0,0x9
    8392:	05fe                	slli	a1,a1,0x1f
    8394:	8d55                	or	a0,a0,a3
    8396:	8d4d                	or	a0,a0,a1
    8398:	8082                	ret
    839a:	011767b3          	or	a5,a4,a7
    839e:	ee99                	bnez	a3,83bc <__truncdfsf2+0xc2>
    83a0:	cf85                	beqz	a5,83d8 <__truncdfsf2+0xde>
    83a2:	4795                	li	a5,5
    83a4:	079a                	slli	a5,a5,0x6
    83a6:	83a5                	srli	a5,a5,0x9
    83a8:	00979513          	slli	a0,a5,0x9
    83ac:	0ff6f693          	andi	a3,a3,255
    83b0:	06de                	slli	a3,a3,0x17
    83b2:	8125                	srli	a0,a0,0x9
    83b4:	05fe                	slli	a1,a1,0x1f
    83b6:	8d55                	or	a0,a0,a3
    83b8:	8d4d                	or	a0,a0,a1
    83ba:	8082                	ret
    83bc:	dba5                	beqz	a5,832c <__truncdfsf2+0x32>
    83be:	004007b7          	lui	a5,0x400
    83c2:	00979513          	slli	a0,a5,0x9
    83c6:	0ff00693          	li	a3,255
    83ca:	06de                	slli	a3,a3,0x17
    83cc:	4581                	li	a1,0
    83ce:	8125                	srli	a0,a0,0x9
    83d0:	05fe                	slli	a1,a1,0x1f
    83d2:	8d55                	or	a0,a0,a3
    83d4:	8d4d                	or	a0,a0,a1
    83d6:	8082                	ret
    83d8:	4781                	li	a5,0
    83da:	00979513          	slli	a0,a5,0x9
    83de:	4681                	li	a3,0
    83e0:	06de                	slli	a3,a3,0x17
    83e2:	8125                	srli	a0,a0,0x9
    83e4:	05fe                	slli	a1,a1,0x1f
    83e6:	8d55                	or	a0,a0,a3
    83e8:	8d4d                	or	a0,a0,a1
    83ea:	8082                	ret
    83ec:	57a5                	li	a5,-23
    83ee:	04f84863          	blt	a6,a5,843e <__truncdfsf2+0x144>
    83f2:	47f9                	li	a5,30
    83f4:	00800637          	lui	a2,0x800
    83f8:	410787b3          	sub	a5,a5,a6
    83fc:	457d                	li	a0,31
    83fe:	8e59                	or	a2,a2,a4
    8400:	04f55163          	bge	a0,a5,8442 <__truncdfsf2+0x148>
    8404:	5779                	li	a4,-2
    8406:	41070733          	sub	a4,a4,a6
    840a:	02000513          	li	a0,32
    840e:	00e65733          	srl	a4,a2,a4
    8412:	00a78863          	beq	a5,a0,8422 <__truncdfsf2+0x128>
    8416:	ca268693          	addi	a3,a3,-862
    841a:	00d616b3          	sll	a3,a2,a3
    841e:	00d8e8b3          	or	a7,a7,a3
    8422:	011037b3          	snez	a5,a7
    8426:	8fd9                	or	a5,a5,a4
    8428:	0077f713          	andi	a4,a5,7
    842c:	4801                	li	a6,0
    842e:	fb15                	bnez	a4,8362 <__truncdfsf2+0x68>
    8430:	00579713          	slli	a4,a5,0x5
    8434:	4685                	li	a3,1
    8436:	f40748e3          	bltz	a4,8386 <__truncdfsf2+0x8c>
    843a:	4681                	li	a3,0
    843c:	b7a5                	j	83a4 <__truncdfsf2+0xaa>
    843e:	4681                	li	a3,0
    8440:	b78d                	j	83a2 <__truncdfsf2+0xa8>
    8442:	c8268693          	addi	a3,a3,-894
    8446:	00d89733          	sll	a4,a7,a3
    844a:	00e03733          	snez	a4,a4
    844e:	00d616b3          	sll	a3,a2,a3
    8452:	00f8d8b3          	srl	a7,a7,a5
    8456:	00d767b3          	or	a5,a4,a3
    845a:	00f8e7b3          	or	a5,a7,a5
    845e:	b7e9                	j	8428 <__truncdfsf2+0x12e>
    8460:	86c2                	mv	a3,a6
    8462:	b789                	j	83a4 <__truncdfsf2+0xaa>

00008464 <__clzsi2>:
    8464:	67c1                	lui	a5,0x10
    8466:	02f57e63          	bgeu	a0,a5,84a2 <__clzsi2+0x3e>
    846a:	0ff00793          	li	a5,255
    846e:	02000713          	li	a4,32
    8472:	00a7ec63          	bltu	a5,a0,848a <__clzsi2+0x26>
    8476:	00003797          	auipc	a5,0x3
    847a:	68278793          	addi	a5,a5,1666 # baf8 <__clz_tab>
    847e:	97aa                	add	a5,a5,a0
    8480:	0007c503          	lbu	a0,0(a5)
    8484:	40a70533          	sub	a0,a4,a0
    8488:	8082                	ret
    848a:	8121                	srli	a0,a0,0x8
    848c:	00003797          	auipc	a5,0x3
    8490:	66c78793          	addi	a5,a5,1644 # baf8 <__clz_tab>
    8494:	97aa                	add	a5,a5,a0
    8496:	0007c503          	lbu	a0,0(a5)
    849a:	4761                	li	a4,24
    849c:	40a70533          	sub	a0,a4,a0
    84a0:	8082                	ret
    84a2:	010007b7          	lui	a5,0x1000
    84a6:	00f56e63          	bltu	a0,a5,84c2 <__clzsi2+0x5e>
    84aa:	8161                	srli	a0,a0,0x18
    84ac:	00003797          	auipc	a5,0x3
    84b0:	64c78793          	addi	a5,a5,1612 # baf8 <__clz_tab>
    84b4:	97aa                	add	a5,a5,a0
    84b6:	0007c503          	lbu	a0,0(a5)
    84ba:	4721                	li	a4,8
    84bc:	40a70533          	sub	a0,a4,a0
    84c0:	8082                	ret
    84c2:	8141                	srli	a0,a0,0x10
    84c4:	00003797          	auipc	a5,0x3
    84c8:	63478793          	addi	a5,a5,1588 # baf8 <__clz_tab>
    84cc:	97aa                	add	a5,a5,a0
    84ce:	0007c503          	lbu	a0,0(a5)
    84d2:	4741                	li	a4,16
    84d4:	40a70533          	sub	a0,a4,a0
    84d8:	8082                	ret

000084da <__errno>:
    84da:	81818793          	addi	a5,gp,-2024 # 20000208 <_impure_ptr>
    84de:	4388                	lw	a0,0(a5)
    84e0:	8082                	ret

000084e2 <memcpy>:
    84e2:	00a5c7b3          	xor	a5,a1,a0
    84e6:	8b8d                	andi	a5,a5,3
    84e8:	00c50733          	add	a4,a0,a2
    84ec:	e781                	bnez	a5,84f4 <memcpy+0x12>
    84ee:	478d                	li	a5,3
    84f0:	00c7ee63          	bltu	a5,a2,850c <memcpy+0x2a>
    84f4:	87aa                	mv	a5,a0
    84f6:	0ae57063          	bgeu	a0,a4,8596 <memcpy+0xb4>
    84fa:	0005c683          	lbu	a3,0(a1)
    84fe:	0785                	addi	a5,a5,1
    8500:	0585                	addi	a1,a1,1
    8502:	fed78fa3          	sb	a3,-1(a5)
    8506:	fee7eae3          	bltu	a5,a4,84fa <memcpy+0x18>
    850a:	8082                	ret
    850c:	00357693          	andi	a3,a0,3
    8510:	87aa                	mv	a5,a0
    8512:	ca91                	beqz	a3,8526 <memcpy+0x44>
    8514:	0005c683          	lbu	a3,0(a1)
    8518:	0785                	addi	a5,a5,1
    851a:	0585                	addi	a1,a1,1
    851c:	fed78fa3          	sb	a3,-1(a5)
    8520:	0037f693          	andi	a3,a5,3
    8524:	b7fd                	j	8512 <memcpy+0x30>
    8526:	ffc77693          	andi	a3,a4,-4
    852a:	fe068613          	addi	a2,a3,-32
    852e:	06c7f063          	bgeu	a5,a2,858e <memcpy+0xac>
    8532:	0005a383          	lw	t2,0(a1)
    8536:	0045a283          	lw	t0,4(a1)
    853a:	0085af83          	lw	t6,8(a1)
    853e:	00c5af03          	lw	t5,12(a1)
    8542:	0105ae83          	lw	t4,16(a1)
    8546:	0145ae03          	lw	t3,20(a1)
    854a:	0185a303          	lw	t1,24(a1)
    854e:	01c5a883          	lw	a7,28(a1)
    8552:	02458593          	addi	a1,a1,36
    8556:	0077a023          	sw	t2,0(a5)
    855a:	ffc5a803          	lw	a6,-4(a1)
    855e:	0057a223          	sw	t0,4(a5)
    8562:	01f7a423          	sw	t6,8(a5)
    8566:	01e7a623          	sw	t5,12(a5)
    856a:	01d7a823          	sw	t4,16(a5)
    856e:	01c7aa23          	sw	t3,20(a5)
    8572:	0067ac23          	sw	t1,24(a5)
    8576:	0117ae23          	sw	a7,28(a5)
    857a:	02478793          	addi	a5,a5,36
    857e:	ff07ae23          	sw	a6,-4(a5)
    8582:	b775                	j	852e <memcpy+0x4c>
    8584:	4190                	lw	a2,0(a1)
    8586:	0791                	addi	a5,a5,4
    8588:	0591                	addi	a1,a1,4
    858a:	fec7ae23          	sw	a2,-4(a5)
    858e:	fed7ebe3          	bltu	a5,a3,8584 <memcpy+0xa2>
    8592:	f6e7e4e3          	bltu	a5,a4,84fa <memcpy+0x18>
    8596:	8082                	ret

00008598 <__cvt>:
    8598:	7179                	addi	sp,sp,-48
    859a:	d422                	sw	s0,40(sp)
    859c:	d04a                	sw	s2,32(sp)
    859e:	cc52                	sw	s4,24(sp)
    85a0:	ca56                	sw	s5,20(sp)
    85a2:	c85a                	sw	s6,16(sp)
    85a4:	d606                	sw	ra,44(sp)
    85a6:	d226                	sw	s1,36(sp)
    85a8:	ce4e                	sw	s3,28(sp)
    85aa:	8a3a                	mv	s4,a4
    85ac:	8aae                	mv	s5,a1
    85ae:	8432                	mv	s0,a2
    85b0:	8936                	mv	s2,a3
    85b2:	8b42                	mv	s6,a6
    85b4:	4701                	li	a4,0
    85b6:	00065863          	bgez	a2,85c6 <__cvt+0x2e>
    85ba:	80000737          	lui	a4,0x80000
    85be:	00c74433          	xor	s0,a4,a2
    85c2:	02d00713          	li	a4,45
    85c6:	00e78023          	sb	a4,0(a5)
    85ca:	fdf8f493          	andi	s1,a7,-33
    85ce:	04600793          	li	a5,70
    85d2:	468d                	li	a3,3
    85d4:	00f48863          	beq	s1,a5,85e4 <__cvt+0x4c>
    85d8:	04500793          	li	a5,69
    85dc:	4689                	li	a3,2
    85de:	00f49363          	bne	s1,a5,85e4 <__cvt+0x4c>
    85e2:	0905                	addi	s2,s2,1
    85e4:	87da                	mv	a5,s6
    85e6:	00c10893          	addi	a7,sp,12
    85ea:	00810813          	addi	a6,sp,8
    85ee:	874a                	mv	a4,s2
    85f0:	85d6                	mv	a1,s5
    85f2:	8622                	mv	a2,s0
    85f4:	04b000ef          	jal	ra,8e3e <_dtoa_r>
    85f8:	04700793          	li	a5,71
    85fc:	89aa                	mv	s3,a0
    85fe:	00f49663          	bne	s1,a5,860a <__cvt+0x72>
    8602:	001a7a13          	andi	s4,s4,1
    8606:	040a0a63          	beqz	s4,865a <__cvt+0xc2>
    860a:	04600793          	li	a5,70
    860e:	01298a33          	add	s4,s3,s2
    8612:	02f49763          	bne	s1,a5,8640 <__cvt+0xa8>
    8616:	0009c703          	lbu	a4,0(s3)
    861a:	03000793          	li	a5,48
    861e:	00f71e63          	bne	a4,a5,863a <__cvt+0xa2>
    8622:	4601                	li	a2,0
    8624:	4681                	li	a3,0
    8626:	8556                	mv	a0,s5
    8628:	85a2                	mv	a1,s0
    862a:	3d8020ef          	jal	ra,aa02 <__eqdf2>
    862e:	c511                	beqz	a0,863a <__cvt+0xa2>
    8630:	4785                	li	a5,1
    8632:	41278933          	sub	s2,a5,s2
    8636:	012b2023          	sw	s2,0(s6)
    863a:	000b2783          	lw	a5,0(s6)
    863e:	9a3e                	add	s4,s4,a5
    8640:	4601                	li	a2,0
    8642:	4681                	li	a3,0
    8644:	8556                	mv	a0,s5
    8646:	85a2                	mv	a1,s0
    8648:	3ba020ef          	jal	ra,aa02 <__eqdf2>
    864c:	e111                	bnez	a0,8650 <__cvt+0xb8>
    864e:	c652                	sw	s4,12(sp)
    8650:	03000713          	li	a4,48
    8654:	47b2                	lw	a5,12(sp)
    8656:	0347e263          	bltu	a5,s4,867a <__cvt+0xe2>
    865a:	47b2                	lw	a5,12(sp)
    865c:	5742                	lw	a4,48(sp)
    865e:	50b2                	lw	ra,44(sp)
    8660:	5422                	lw	s0,40(sp)
    8662:	413787b3          	sub	a5,a5,s3
    8666:	c31c                	sw	a5,0(a4)
    8668:	854e                	mv	a0,s3
    866a:	5492                	lw	s1,36(sp)
    866c:	5902                	lw	s2,32(sp)
    866e:	49f2                	lw	s3,28(sp)
    8670:	4a62                	lw	s4,24(sp)
    8672:	4ad2                	lw	s5,20(sp)
    8674:	4b42                	lw	s6,16(sp)
    8676:	6145                	addi	sp,sp,48
    8678:	8082                	ret
    867a:	00178693          	addi	a3,a5,1
    867e:	c636                	sw	a3,12(sp)
    8680:	00e78023          	sb	a4,0(a5)
    8684:	bfc1                	j	8654 <__cvt+0xbc>

00008686 <__exponent>:
    8686:	00c50023          	sb	a2,0(a0)
    868a:	00250713          	addi	a4,a0,2
    868e:	02b00793          	li	a5,43
    8692:	0005d663          	bgez	a1,869e <__exponent+0x18>
    8696:	40b005b3          	neg	a1,a1
    869a:	02d00793          	li	a5,45
    869e:	00f500a3          	sb	a5,1(a0)
    86a2:	47a5                	li	a5,9
    86a4:	04b7da63          	bge	a5,a1,86f8 <__exponent+0x72>
    86a8:	1141                	addi	sp,sp,-16
    86aa:	00f10793          	addi	a5,sp,15
    86ae:	88be                	mv	a7,a5
    86b0:	4829                	li	a6,10
    86b2:	06300313          	li	t1,99
    86b6:	0305e6b3          	rem	a3,a1,a6
    86ba:	fff78613          	addi	a2,a5,-1
    86be:	03068693          	addi	a3,a3,48
    86c2:	fed78fa3          	sb	a3,-1(a5)
    86c6:	0305c6b3          	div	a3,a1,a6
    86ca:	00b34d63          	blt	t1,a1,86e4 <__exponent+0x5e>
    86ce:	03068693          	addi	a3,a3,48
    86d2:	17f9                	addi	a5,a5,-2
    86d4:	fed60fa3          	sb	a3,-1(a2) # 7fffff <_data_lma+0x7f417f>
    86d8:	0117e963          	bltu	a5,a7,86ea <__exponent+0x64>
    86dc:	40a70533          	sub	a0,a4,a0
    86e0:	0141                	addi	sp,sp,16
    86e2:	8082                	ret
    86e4:	87b2                	mv	a5,a2
    86e6:	85b6                	mv	a1,a3
    86e8:	b7f9                	j	86b6 <__exponent+0x30>
    86ea:	0785                	addi	a5,a5,1
    86ec:	fff7c683          	lbu	a3,-1(a5)
    86f0:	0705                	addi	a4,a4,1
    86f2:	fed70fa3          	sb	a3,-1(a4) # 7fffffff <_eusrstack+0x5fffafff>
    86f6:	b7cd                	j	86d8 <__exponent+0x52>
    86f8:	03000793          	li	a5,48
    86fc:	00450713          	addi	a4,a0,4
    8700:	03058593          	addi	a1,a1,48
    8704:	00f50123          	sb	a5,2(a0)
    8708:	00b501a3          	sb	a1,3(a0)
    870c:	40a70533          	sub	a0,a4,a0
    8710:	8082                	ret

00008712 <_printf_float>:
    8712:	7119                	addi	sp,sp,-128
    8714:	ce3a                	sw	a4,28(sp)
    8716:	de86                	sw	ra,124(sp)
    8718:	dca2                	sw	s0,120(sp)
    871a:	daa6                	sw	s1,116(sp)
    871c:	842e                	mv	s0,a1
    871e:	d8ca                	sw	s2,112(sp)
    8720:	d6ce                	sw	s3,108(sp)
    8722:	d4d2                	sw	s4,104(sp)
    8724:	89b6                	mv	s3,a3
    8726:	d0da                	sw	s6,96(sp)
    8728:	cede                	sw	s7,92(sp)
    872a:	cce2                	sw	s8,88(sp)
    872c:	8932                	mv	s2,a2
    872e:	d2d6                	sw	s5,100(sp)
    8730:	cae6                	sw	s9,84(sp)
    8732:	c8ea                	sw	s10,80(sp)
    8734:	c6ee                	sw	s11,76(sp)
    8736:	84aa                	mv	s1,a0
    8738:	2fc010ef          	jal	ra,9a34 <_localeconv_r>
    873c:	00052b83          	lw	s7,0(a0)
    8740:	855e                	mv	a0,s7
    8742:	2b45                	jal	8cf2 <strlen>
    8744:	00042b03          	lw	s6,0(s0) # 4000000 <_data_lma+0x3ff4180>
    8748:	4772                	lw	a4,28(sp)
    874a:	dc02                	sw	zero,56(sp)
    874c:	100b7693          	andi	a3,s6,256
    8750:	8c2a                	mv	s8,a0
    8752:	01844a03          	lbu	s4,24(s0)
    8756:	431c                	lw	a5,0(a4)
    8758:	caf1                	beqz	a3,882c <_printf_float+0x11a>
    875a:	00478693          	addi	a3,a5,4
    875e:	c314                	sw	a3,0(a4)
    8760:	439c                	lw	a5,0(a5)
    8762:	1008                	addi	a0,sp,32
    8764:	4398                	lw	a4,0(a5)
    8766:	d03a                	sw	a4,32(sp)
    8768:	43d8                	lw	a4,4(a5)
    876a:	d23a                	sw	a4,36(sp)
    876c:	4798                	lw	a4,8(a5)
    876e:	d43a                	sw	a4,40(sp)
    8770:	47dc                	lw	a5,12(a5)
    8772:	d63e                	sw	a5,44(sp)
    8774:	44a020ef          	jal	ra,abbe <__trunctfdf2>
    8778:	c428                	sw	a0,72(s0)
    877a:	c46c                	sw	a1,76(s0)
    877c:	04c42c83          	lw	s9,76(s0)
    8780:	00003717          	auipc	a4,0x3
    8784:	47870713          	addi	a4,a4,1144 # bbf8 <__clz_tab+0x100>
    8788:	04842a83          	lw	s5,72(s0)
    878c:	00072d03          	lw	s10,0(a4)
    8790:	00472d83          	lw	s11,4(a4)
    8794:	001c9793          	slli	a5,s9,0x1
    8798:	8385                	srli	a5,a5,0x1
    879a:	866a                	mv	a2,s10
    879c:	86ee                	mv	a3,s11
    879e:	8556                	mv	a0,s5
    87a0:	85be                	mv	a1,a5
    87a2:	ce3e                	sw	a5,28(sp)
    87a4:	376020ef          	jal	ra,ab1a <__unorddf2>
    87a8:	ed41                	bnez	a0,8840 <_printf_float+0x12e>
    87aa:	47f2                	lw	a5,28(sp)
    87ac:	866a                	mv	a2,s10
    87ae:	86ee                	mv	a3,s11
    87b0:	8556                	mv	a0,s5
    87b2:	85be                	mv	a1,a5
    87b4:	acbfd0ef          	jal	ra,627e <__ledf2>
    87b8:	08a05463          	blez	a0,8840 <_printf_float+0x12e>
    87bc:	4601                	li	a2,0
    87be:	4681                	li	a3,0
    87c0:	8556                	mv	a0,s5
    87c2:	85e6                	mv	a1,s9
    87c4:	abbfd0ef          	jal	ra,627e <__ledf2>
    87c8:	00055663          	bgez	a0,87d4 <_printf_float+0xc2>
    87cc:	02d00793          	li	a5,45
    87d0:	04f401a3          	sb	a5,67(s0)
    87d4:	04700793          	li	a5,71
    87d8:	00003a97          	auipc	s5,0x3
    87dc:	428a8a93          	addi	s5,s5,1064 # bc00 <__clz_tab+0x108>
    87e0:	0147f663          	bgeu	a5,s4,87ec <_printf_float+0xda>
    87e4:	00003a97          	auipc	s5,0x3
    87e8:	420a8a93          	addi	s5,s5,1056 # bc04 <__clz_tab+0x10c>
    87ec:	ffbb7b13          	andi	s6,s6,-5
    87f0:	478d                	li	a5,3
    87f2:	01642023          	sw	s6,0(s0)
    87f6:	c81c                	sw	a5,16(s0)
    87f8:	4b01                	li	s6,0
    87fa:	874e                	mv	a4,s3
    87fc:	86ca                	mv	a3,s2
    87fe:	1870                	addi	a2,sp,60
    8800:	85a2                	mv	a1,s0
    8802:	8526                	mv	a0,s1
    8804:	2ec1                	jal	8bd4 <_printf_common>
    8806:	5cfd                	li	s9,-1
    8808:	15951e63          	bne	a0,s9,8964 <_printf_float+0x252>
    880c:	557d                	li	a0,-1
    880e:	50f6                	lw	ra,124(sp)
    8810:	5466                	lw	s0,120(sp)
    8812:	54d6                	lw	s1,116(sp)
    8814:	5946                	lw	s2,112(sp)
    8816:	59b6                	lw	s3,108(sp)
    8818:	5a26                	lw	s4,104(sp)
    881a:	5a96                	lw	s5,100(sp)
    881c:	5b06                	lw	s6,96(sp)
    881e:	4bf6                	lw	s7,92(sp)
    8820:	4c66                	lw	s8,88(sp)
    8822:	4cd6                	lw	s9,84(sp)
    8824:	4d46                	lw	s10,80(sp)
    8826:	4db6                	lw	s11,76(sp)
    8828:	6109                	addi	sp,sp,128
    882a:	8082                	ret
    882c:	079d                	addi	a5,a5,7
    882e:	9be1                	andi	a5,a5,-8
    8830:	00878693          	addi	a3,a5,8
    8834:	c314                	sw	a3,0(a4)
    8836:	4398                	lw	a4,0(a5)
    8838:	43dc                	lw	a5,4(a5)
    883a:	c438                	sw	a4,72(s0)
    883c:	c47c                	sw	a5,76(s0)
    883e:	bf3d                	j	877c <_printf_float+0x6a>
    8840:	8656                	mv	a2,s5
    8842:	86e6                	mv	a3,s9
    8844:	8556                	mv	a0,s5
    8846:	85e6                	mv	a1,s9
    8848:	2d2020ef          	jal	ra,ab1a <__unorddf2>
    884c:	cd11                	beqz	a0,8868 <_printf_float+0x156>
    884e:	04700793          	li	a5,71
    8852:	00003a97          	auipc	s5,0x3
    8856:	3b6a8a93          	addi	s5,s5,950 # bc08 <__clz_tab+0x110>
    885a:	f947f9e3          	bgeu	a5,s4,87ec <_printf_float+0xda>
    885e:	00003a97          	auipc	s5,0x3
    8862:	3aea8a93          	addi	s5,s5,942 # bc0c <__clz_tab+0x114>
    8866:	b759                	j	87ec <_printf_float+0xda>
    8868:	405c                	lw	a5,4(s0)
    886a:	577d                	li	a4,-1
    886c:	0dfa7d13          	andi	s10,s4,223
    8870:	08e79563          	bne	a5,a4,88fa <_printf_float+0x1e8>
    8874:	4799                	li	a5,6
    8876:	c05c                	sw	a5,4(s0)
    8878:	4054                	lw	a3,4(s0)
    887a:	400b6713          	ori	a4,s6,1024
    887e:	183c                	addi	a5,sp,56
    8880:	85d6                	mv	a1,s5
    8882:	c03e                	sw	a5,0(sp)
    8884:	c018                	sw	a4,0(s0)
    8886:	03310793          	addi	a5,sp,51
    888a:	c202                	sw	zero,4(sp)
    888c:	88d2                	mv	a7,s4
    888e:	03410813          	addi	a6,sp,52
    8892:	8666                	mv	a2,s9
    8894:	8526                	mv	a0,s1
    8896:	d03ff0ef          	jal	ra,8598 <__cvt>
    889a:	04700793          	li	a5,71
    889e:	8aaa                	mv	s5,a0
    88a0:	55d2                	lw	a1,52(sp)
    88a2:	00fd1b63          	bne	s10,a5,88b8 <_printf_float+0x1a6>
    88a6:	57f5                	li	a5,-3
    88a8:	00f5c563          	blt	a1,a5,88b2 <_printf_float+0x1a0>
    88ac:	405c                	lw	a5,4(s0)
    88ae:	08b7d863          	bge	a5,a1,893e <_printf_float+0x22c>
    88b2:	1a79                	addi	s4,s4,-2
    88b4:	0ffa7a13          	andi	s4,s4,255
    88b8:	06500793          	li	a5,101
    88bc:	0547e663          	bltu	a5,s4,8908 <_printf_float+0x1f6>
    88c0:	15fd                	addi	a1,a1,-1
    88c2:	8652                	mv	a2,s4
    88c4:	05040513          	addi	a0,s0,80
    88c8:	da2e                	sw	a1,52(sp)
    88ca:	dbdff0ef          	jal	ra,8686 <__exponent>
    88ce:	5762                	lw	a4,56(sp)
    88d0:	4685                	li	a3,1
    88d2:	8b2a                	mv	s6,a0
    88d4:	00a707b3          	add	a5,a4,a0
    88d8:	c81c                	sw	a5,16(s0)
    88da:	00e6c563          	blt	a3,a4,88e4 <_printf_float+0x1d2>
    88de:	4018                	lw	a4,0(s0)
    88e0:	8b05                	andi	a4,a4,1
    88e2:	c319                	beqz	a4,88e8 <_printf_float+0x1d6>
    88e4:	0785                	addi	a5,a5,1
    88e6:	c81c                	sw	a5,16(s0)
    88e8:	03314783          	lbu	a5,51(sp)
    88ec:	f00787e3          	beqz	a5,87fa <_printf_float+0xe8>
    88f0:	02d00793          	li	a5,45
    88f4:	04f401a3          	sb	a5,67(s0)
    88f8:	b709                	j	87fa <_printf_float+0xe8>
    88fa:	04700713          	li	a4,71
    88fe:	f6ed1de3          	bne	s10,a4,8878 <_printf_float+0x166>
    8902:	fbbd                	bnez	a5,8878 <_printf_float+0x166>
    8904:	4785                	li	a5,1
    8906:	bf85                	j	8876 <_printf_float+0x164>
    8908:	06600793          	li	a5,102
    890c:	02fa1b63          	bne	s4,a5,8942 <_printf_float+0x230>
    8910:	405c                	lw	a5,4(s0)
    8912:	00b05b63          	blez	a1,8928 <_printf_float+0x216>
    8916:	c80c                	sw	a1,16(s0)
    8918:	e781                	bnez	a5,8920 <_printf_float+0x20e>
    891a:	4018                	lw	a4,0(s0)
    891c:	8b05                	andi	a4,a4,1
    891e:	cf09                	beqz	a4,8938 <_printf_float+0x226>
    8920:	0785                	addi	a5,a5,1
    8922:	97ae                	add	a5,a5,a1
    8924:	c81c                	sw	a5,16(s0)
    8926:	a809                	j	8938 <_printf_float+0x226>
    8928:	e789                	bnez	a5,8932 <_printf_float+0x220>
    892a:	4018                	lw	a4,0(s0)
    892c:	4685                	li	a3,1
    892e:	8b05                	andi	a4,a4,1
    8930:	c319                	beqz	a4,8936 <_printf_float+0x224>
    8932:	00278693          	addi	a3,a5,2
    8936:	c814                	sw	a3,16(s0)
    8938:	cc2c                	sw	a1,88(s0)
    893a:	4b01                	li	s6,0
    893c:	b775                	j	88e8 <_printf_float+0x1d6>
    893e:	06700a13          	li	s4,103
    8942:	57e2                	lw	a5,56(sp)
    8944:	00f5c963          	blt	a1,a5,8956 <_printf_float+0x244>
    8948:	401c                	lw	a5,0(s0)
    894a:	c80c                	sw	a1,16(s0)
    894c:	8b85                	andi	a5,a5,1
    894e:	d7ed                	beqz	a5,8938 <_printf_float+0x226>
    8950:	00158793          	addi	a5,a1,1
    8954:	bfc1                	j	8924 <_printf_float+0x212>
    8956:	4705                	li	a4,1
    8958:	00b04463          	bgtz	a1,8960 <_printf_float+0x24e>
    895c:	4709                	li	a4,2
    895e:	8f0d                	sub	a4,a4,a1
    8960:	97ba                	add	a5,a5,a4
    8962:	b7c9                	j	8924 <_printf_float+0x212>
    8964:	401c                	lw	a5,0(s0)
    8966:	4007f713          	andi	a4,a5,1024
    896a:	e315                	bnez	a4,898e <_printf_float+0x27c>
    896c:	4814                	lw	a3,16(s0)
    896e:	8656                	mv	a2,s5
    8970:	85ca                	mv	a1,s2
    8972:	8526                	mv	a0,s1
    8974:	9982                	jalr	s3
    8976:	e9950be3          	beq	a0,s9,880c <_printf_float+0xfa>
    897a:	401c                	lw	a5,0(s0)
    897c:	8b89                	andi	a5,a5,2
    897e:	24079663          	bnez	a5,8bca <_printf_float+0x4b8>
    8982:	57f2                	lw	a5,60(sp)
    8984:	4448                	lw	a0,12(s0)
    8986:	e8f554e3          	bge	a0,a5,880e <_printf_float+0xfc>
    898a:	853e                	mv	a0,a5
    898c:	b549                	j	880e <_printf_float+0xfc>
    898e:	06500713          	li	a4,101
    8992:	19477b63          	bgeu	a4,s4,8b28 <_printf_float+0x416>
    8996:	4428                	lw	a0,72(s0)
    8998:	446c                	lw	a1,76(s0)
    899a:	4601                	li	a2,0
    899c:	4681                	li	a3,0
    899e:	064020ef          	jal	ra,aa02 <__eqdf2>
    89a2:	e939                	bnez	a0,89f8 <_printf_float+0x2e6>
    89a4:	4685                	li	a3,1
    89a6:	00003617          	auipc	a2,0x3
    89aa:	26a60613          	addi	a2,a2,618 # bc10 <__clz_tab+0x118>
    89ae:	85ca                	mv	a1,s2
    89b0:	8526                	mv	a0,s1
    89b2:	9982                	jalr	s3
    89b4:	e5950ce3          	beq	a0,s9,880c <_printf_float+0xfa>
    89b8:	5752                	lw	a4,52(sp)
    89ba:	57e2                	lw	a5,56(sp)
    89bc:	00f74563          	blt	a4,a5,89c6 <_printf_float+0x2b4>
    89c0:	401c                	lw	a5,0(s0)
    89c2:	8b85                	andi	a5,a5,1
    89c4:	dbdd                	beqz	a5,897a <_printf_float+0x268>
    89c6:	86e2                	mv	a3,s8
    89c8:	865e                	mv	a2,s7
    89ca:	85ca                	mv	a1,s2
    89cc:	8526                	mv	a0,s1
    89ce:	9982                	jalr	s3
    89d0:	57fd                	li	a5,-1
    89d2:	e2f50de3          	beq	a0,a5,880c <_printf_float+0xfa>
    89d6:	4a01                	li	s4,0
    89d8:	01a40a93          	addi	s5,s0,26
    89dc:	5b7d                	li	s6,-1
    89de:	57e2                	lw	a5,56(sp)
    89e0:	17fd                	addi	a5,a5,-1
    89e2:	f8fa5ce3          	bge	s4,a5,897a <_printf_float+0x268>
    89e6:	4685                	li	a3,1
    89e8:	8656                	mv	a2,s5
    89ea:	85ca                	mv	a1,s2
    89ec:	8526                	mv	a0,s1
    89ee:	9982                	jalr	s3
    89f0:	e1650ee3          	beq	a0,s6,880c <_printf_float+0xfa>
    89f4:	0a05                	addi	s4,s4,1
    89f6:	b7e5                	j	89de <_printf_float+0x2cc>
    89f8:	57d2                	lw	a5,52(sp)
    89fa:	06f04663          	bgtz	a5,8a66 <_printf_float+0x354>
    89fe:	4685                	li	a3,1
    8a00:	00003617          	auipc	a2,0x3
    8a04:	21060613          	addi	a2,a2,528 # bc10 <__clz_tab+0x118>
    8a08:	85ca                	mv	a1,s2
    8a0a:	8526                	mv	a0,s1
    8a0c:	9982                	jalr	s3
    8a0e:	df950fe3          	beq	a0,s9,880c <_printf_float+0xfa>
    8a12:	57d2                	lw	a5,52(sp)
    8a14:	5762                	lw	a4,56(sp)
    8a16:	8fd9                	or	a5,a5,a4
    8a18:	e781                	bnez	a5,8a20 <_printf_float+0x30e>
    8a1a:	401c                	lw	a5,0(s0)
    8a1c:	8b85                	andi	a5,a5,1
    8a1e:	dfb1                	beqz	a5,897a <_printf_float+0x268>
    8a20:	86e2                	mv	a3,s8
    8a22:	865e                	mv	a2,s7
    8a24:	85ca                	mv	a1,s2
    8a26:	8526                	mv	a0,s1
    8a28:	9982                	jalr	s3
    8a2a:	57fd                	li	a5,-1
    8a2c:	def500e3          	beq	a0,a5,880c <_printf_float+0xfa>
    8a30:	4a01                	li	s4,0
    8a32:	01a40b13          	addi	s6,s0,26
    8a36:	5bfd                	li	s7,-1
    8a38:	57d2                	lw	a5,52(sp)
    8a3a:	40f007b3          	neg	a5,a5
    8a3e:	00fa4b63          	blt	s4,a5,8a54 <_printf_float+0x342>
    8a42:	56e2                	lw	a3,56(sp)
    8a44:	8656                	mv	a2,s5
    8a46:	85ca                	mv	a1,s2
    8a48:	8526                	mv	a0,s1
    8a4a:	9982                	jalr	s3
    8a4c:	57fd                	li	a5,-1
    8a4e:	f2f516e3          	bne	a0,a5,897a <_printf_float+0x268>
    8a52:	bb6d                	j	880c <_printf_float+0xfa>
    8a54:	4685                	li	a3,1
    8a56:	865a                	mv	a2,s6
    8a58:	85ca                	mv	a1,s2
    8a5a:	8526                	mv	a0,s1
    8a5c:	9982                	jalr	s3
    8a5e:	db7507e3          	beq	a0,s7,880c <_printf_float+0xfa>
    8a62:	0a05                	addi	s4,s4,1
    8a64:	bfd1                	j	8a38 <_printf_float+0x326>
    8a66:	4c3c                	lw	a5,88(s0)
    8a68:	5a62                	lw	s4,56(sp)
    8a6a:	0147d363          	bge	a5,s4,8a70 <_printf_float+0x35e>
    8a6e:	8a3e                	mv	s4,a5
    8a70:	01405a63          	blez	s4,8a84 <_printf_float+0x372>
    8a74:	86d2                	mv	a3,s4
    8a76:	8656                	mv	a2,s5
    8a78:	85ca                	mv	a1,s2
    8a7a:	8526                	mv	a0,s1
    8a7c:	9982                	jalr	s3
    8a7e:	57fd                	li	a5,-1
    8a80:	d8f506e3          	beq	a0,a5,880c <_printf_float+0xfa>
    8a84:	4c81                	li	s9,0
    8a86:	01a40d13          	addi	s10,s0,26
    8a8a:	5dfd                	li	s11,-1
    8a8c:	a809                	j	8a9e <_printf_float+0x38c>
    8a8e:	4685                	li	a3,1
    8a90:	866a                	mv	a2,s10
    8a92:	85ca                	mv	a1,s2
    8a94:	8526                	mv	a0,s1
    8a96:	9982                	jalr	s3
    8a98:	d7b50ae3          	beq	a0,s11,880c <_printf_float+0xfa>
    8a9c:	0c85                	addi	s9,s9,1
    8a9e:	05842b03          	lw	s6,88(s0)
    8aa2:	87d2                	mv	a5,s4
    8aa4:	000a5363          	bgez	s4,8aaa <_printf_float+0x398>
    8aa8:	4781                	li	a5,0
    8aaa:	40fb07b3          	sub	a5,s6,a5
    8aae:	fefcc0e3          	blt	s9,a5,8a8e <_printf_float+0x37c>
    8ab2:	5752                	lw	a4,52(sp)
    8ab4:	57e2                	lw	a5,56(sp)
    8ab6:	02f74d63          	blt	a4,a5,8af0 <_printf_float+0x3de>
    8aba:	401c                	lw	a5,0(s0)
    8abc:	8b85                	andi	a5,a5,1
    8abe:	eb8d                	bnez	a5,8af0 <_printf_float+0x3de>
    8ac0:	57e2                	lw	a5,56(sp)
    8ac2:	5752                	lw	a4,52(sp)
    8ac4:	40e78a33          	sub	s4,a5,a4
    8ac8:	00eb4463          	blt	s6,a4,8ad0 <_printf_float+0x3be>
    8acc:	41678a33          	sub	s4,a5,s6
    8ad0:	01405b63          	blez	s4,8ae6 <_printf_float+0x3d4>
    8ad4:	86d2                	mv	a3,s4
    8ad6:	016a8633          	add	a2,s5,s6
    8ada:	85ca                	mv	a1,s2
    8adc:	8526                	mv	a0,s1
    8ade:	9982                	jalr	s3
    8ae0:	57fd                	li	a5,-1
    8ae2:	d2f505e3          	beq	a0,a5,880c <_printf_float+0xfa>
    8ae6:	4a81                	li	s5,0
    8ae8:	01a40b13          	addi	s6,s0,26
    8aec:	5bfd                	li	s7,-1
    8aee:	a015                	j	8b12 <_printf_float+0x400>
    8af0:	86e2                	mv	a3,s8
    8af2:	865e                	mv	a2,s7
    8af4:	85ca                	mv	a1,s2
    8af6:	8526                	mv	a0,s1
    8af8:	9982                	jalr	s3
    8afa:	57fd                	li	a5,-1
    8afc:	fcf512e3          	bne	a0,a5,8ac0 <_printf_float+0x3ae>
    8b00:	b331                	j	880c <_printf_float+0xfa>
    8b02:	4685                	li	a3,1
    8b04:	865a                	mv	a2,s6
    8b06:	85ca                	mv	a1,s2
    8b08:	8526                	mv	a0,s1
    8b0a:	9982                	jalr	s3
    8b0c:	d17500e3          	beq	a0,s7,880c <_printf_float+0xfa>
    8b10:	0a85                	addi	s5,s5,1
    8b12:	5752                	lw	a4,52(sp)
    8b14:	57e2                	lw	a5,56(sp)
    8b16:	8f99                	sub	a5,a5,a4
    8b18:	8752                	mv	a4,s4
    8b1a:	000a5363          	bgez	s4,8b20 <_printf_float+0x40e>
    8b1e:	4701                	li	a4,0
    8b20:	8f99                	sub	a5,a5,a4
    8b22:	fefac0e3          	blt	s5,a5,8b02 <_printf_float+0x3f0>
    8b26:	bd91                	j	897a <_printf_float+0x268>
    8b28:	56e2                	lw	a3,56(sp)
    8b2a:	4705                	li	a4,1
    8b2c:	00d74463          	blt	a4,a3,8b34 <_printf_float+0x422>
    8b30:	8b85                	andi	a5,a5,1
    8b32:	c7b5                	beqz	a5,8b9e <_printf_float+0x48c>
    8b34:	4685                	li	a3,1
    8b36:	8656                	mv	a2,s5
    8b38:	85ca                	mv	a1,s2
    8b3a:	8526                	mv	a0,s1
    8b3c:	9982                	jalr	s3
    8b3e:	5a7d                	li	s4,-1
    8b40:	cd4506e3          	beq	a0,s4,880c <_printf_float+0xfa>
    8b44:	86e2                	mv	a3,s8
    8b46:	865e                	mv	a2,s7
    8b48:	85ca                	mv	a1,s2
    8b4a:	8526                	mv	a0,s1
    8b4c:	9982                	jalr	s3
    8b4e:	cb450fe3          	beq	a0,s4,880c <_printf_float+0xfa>
    8b52:	4428                	lw	a0,72(s0)
    8b54:	446c                	lw	a1,76(s0)
    8b56:	4601                	li	a2,0
    8b58:	4681                	li	a3,0
    8b5a:	6a9010ef          	jal	ra,aa02 <__eqdf2>
    8b5e:	c91d                	beqz	a0,8b94 <_printf_float+0x482>
    8b60:	56e2                	lw	a3,56(sp)
    8b62:	001a8613          	addi	a2,s5,1
    8b66:	85ca                	mv	a1,s2
    8b68:	16fd                	addi	a3,a3,-1
    8b6a:	8526                	mv	a0,s1
    8b6c:	9982                	jalr	s3
    8b6e:	c9450fe3          	beq	a0,s4,880c <_printf_float+0xfa>
    8b72:	86da                	mv	a3,s6
    8b74:	05040613          	addi	a2,s0,80
    8b78:	b5f9                	j	8a46 <_printf_float+0x334>
    8b7a:	4685                	li	a3,1
    8b7c:	8656                	mv	a2,s5
    8b7e:	85ca                	mv	a1,s2
    8b80:	8526                	mv	a0,s1
    8b82:	9982                	jalr	s3
    8b84:	c97504e3          	beq	a0,s7,880c <_printf_float+0xfa>
    8b88:	0a05                	addi	s4,s4,1
    8b8a:	57e2                	lw	a5,56(sp)
    8b8c:	17fd                	addi	a5,a5,-1
    8b8e:	fefa46e3          	blt	s4,a5,8b7a <_printf_float+0x468>
    8b92:	b7c5                	j	8b72 <_printf_float+0x460>
    8b94:	4a01                	li	s4,0
    8b96:	01a40a93          	addi	s5,s0,26
    8b9a:	5bfd                	li	s7,-1
    8b9c:	b7fd                	j	8b8a <_printf_float+0x478>
    8b9e:	4685                	li	a3,1
    8ba0:	8656                	mv	a2,s5
    8ba2:	85ca                	mv	a1,s2
    8ba4:	8526                	mv	a0,s1
    8ba6:	9982                	jalr	s3
    8ba8:	fd9515e3          	bne	a0,s9,8b72 <_printf_float+0x460>
    8bac:	b185                	j	880c <_printf_float+0xfa>
    8bae:	4685                	li	a3,1
    8bb0:	8656                	mv	a2,s5
    8bb2:	85ca                	mv	a1,s2
    8bb4:	8526                	mv	a0,s1
    8bb6:	9982                	jalr	s3
    8bb8:	c5650ae3          	beq	a0,s6,880c <_printf_float+0xfa>
    8bbc:	0a05                	addi	s4,s4,1
    8bbe:	445c                	lw	a5,12(s0)
    8bc0:	5772                	lw	a4,60(sp)
    8bc2:	8f99                	sub	a5,a5,a4
    8bc4:	fefa45e3          	blt	s4,a5,8bae <_printf_float+0x49c>
    8bc8:	bb6d                	j	8982 <_printf_float+0x270>
    8bca:	4a01                	li	s4,0
    8bcc:	01940a93          	addi	s5,s0,25
    8bd0:	5b7d                	li	s6,-1
    8bd2:	b7f5                	j	8bbe <_printf_float+0x4ac>

00008bd4 <_printf_common>:
    8bd4:	7179                	addi	sp,sp,-48
    8bd6:	ca56                	sw	s5,20(sp)
    8bd8:	499c                	lw	a5,16(a1)
    8bda:	8aba                	mv	s5,a4
    8bdc:	4598                	lw	a4,8(a1)
    8bde:	d422                	sw	s0,40(sp)
    8be0:	d226                	sw	s1,36(sp)
    8be2:	ce4e                	sw	s3,28(sp)
    8be4:	cc52                	sw	s4,24(sp)
    8be6:	d606                	sw	ra,44(sp)
    8be8:	d04a                	sw	s2,32(sp)
    8bea:	c85a                	sw	s6,16(sp)
    8bec:	c65e                	sw	s7,12(sp)
    8bee:	89aa                	mv	s3,a0
    8bf0:	842e                	mv	s0,a1
    8bf2:	84b2                	mv	s1,a2
    8bf4:	8a36                	mv	s4,a3
    8bf6:	00e7d363          	bge	a5,a4,8bfc <_printf_common+0x28>
    8bfa:	87ba                	mv	a5,a4
    8bfc:	c09c                	sw	a5,0(s1)
    8bfe:	04344703          	lbu	a4,67(s0)
    8c02:	c319                	beqz	a4,8c08 <_printf_common+0x34>
    8c04:	0785                	addi	a5,a5,1
    8c06:	c09c                	sw	a5,0(s1)
    8c08:	401c                	lw	a5,0(s0)
    8c0a:	0207f793          	andi	a5,a5,32
    8c0e:	c781                	beqz	a5,8c16 <_printf_common+0x42>
    8c10:	409c                	lw	a5,0(s1)
    8c12:	0789                	addi	a5,a5,2
    8c14:	c09c                	sw	a5,0(s1)
    8c16:	00042903          	lw	s2,0(s0)
    8c1a:	00697913          	andi	s2,s2,6
    8c1e:	00091a63          	bnez	s2,8c32 <_printf_common+0x5e>
    8c22:	01940b13          	addi	s6,s0,25
    8c26:	5bfd                	li	s7,-1
    8c28:	445c                	lw	a5,12(s0)
    8c2a:	4098                	lw	a4,0(s1)
    8c2c:	8f99                	sub	a5,a5,a4
    8c2e:	04f94c63          	blt	s2,a5,8c86 <_printf_common+0xb2>
    8c32:	401c                	lw	a5,0(s0)
    8c34:	04344683          	lbu	a3,67(s0)
    8c38:	0207f793          	andi	a5,a5,32
    8c3c:	00d036b3          	snez	a3,a3
    8c40:	eba5                	bnez	a5,8cb0 <_printf_common+0xdc>
    8c42:	04340613          	addi	a2,s0,67
    8c46:	85d2                	mv	a1,s4
    8c48:	854e                	mv	a0,s3
    8c4a:	9a82                	jalr	s5
    8c4c:	57fd                	li	a5,-1
    8c4e:	04f50363          	beq	a0,a5,8c94 <_printf_common+0xc0>
    8c52:	401c                	lw	a5,0(s0)
    8c54:	4611                	li	a2,4
    8c56:	4098                	lw	a4,0(s1)
    8c58:	8b99                	andi	a5,a5,6
    8c5a:	4454                	lw	a3,12(s0)
    8c5c:	4481                	li	s1,0
    8c5e:	00c79763          	bne	a5,a2,8c6c <_printf_common+0x98>
    8c62:	40e684b3          	sub	s1,a3,a4
    8c66:	0004d363          	bgez	s1,8c6c <_printf_common+0x98>
    8c6a:	4481                	li	s1,0
    8c6c:	441c                	lw	a5,8(s0)
    8c6e:	4818                	lw	a4,16(s0)
    8c70:	00f75463          	bge	a4,a5,8c78 <_printf_common+0xa4>
    8c74:	8f99                	sub	a5,a5,a4
    8c76:	94be                	add	s1,s1,a5
    8c78:	4901                	li	s2,0
    8c7a:	0469                	addi	s0,s0,26
    8c7c:	5b7d                	li	s6,-1
    8c7e:	05249863          	bne	s1,s2,8cce <_printf_common+0xfa>
    8c82:	4501                	li	a0,0
    8c84:	a809                	j	8c96 <_printf_common+0xc2>
    8c86:	4685                	li	a3,1
    8c88:	865a                	mv	a2,s6
    8c8a:	85d2                	mv	a1,s4
    8c8c:	854e                	mv	a0,s3
    8c8e:	9a82                	jalr	s5
    8c90:	01751e63          	bne	a0,s7,8cac <_printf_common+0xd8>
    8c94:	557d                	li	a0,-1
    8c96:	50b2                	lw	ra,44(sp)
    8c98:	5422                	lw	s0,40(sp)
    8c9a:	5492                	lw	s1,36(sp)
    8c9c:	5902                	lw	s2,32(sp)
    8c9e:	49f2                	lw	s3,28(sp)
    8ca0:	4a62                	lw	s4,24(sp)
    8ca2:	4ad2                	lw	s5,20(sp)
    8ca4:	4b42                	lw	s6,16(sp)
    8ca6:	4bb2                	lw	s7,12(sp)
    8ca8:	6145                	addi	sp,sp,48
    8caa:	8082                	ret
    8cac:	0905                	addi	s2,s2,1
    8cae:	bfad                	j	8c28 <_printf_common+0x54>
    8cb0:	00d40733          	add	a4,s0,a3
    8cb4:	03000613          	li	a2,48
    8cb8:	04c701a3          	sb	a2,67(a4)
    8cbc:	04544703          	lbu	a4,69(s0)
    8cc0:	00168793          	addi	a5,a3,1
    8cc4:	97a2                	add	a5,a5,s0
    8cc6:	0689                	addi	a3,a3,2
    8cc8:	04e781a3          	sb	a4,67(a5)
    8ccc:	bf9d                	j	8c42 <_printf_common+0x6e>
    8cce:	4685                	li	a3,1
    8cd0:	8622                	mv	a2,s0
    8cd2:	85d2                	mv	a1,s4
    8cd4:	854e                	mv	a0,s3
    8cd6:	9a82                	jalr	s5
    8cd8:	fb650ee3          	beq	a0,s6,8c94 <_printf_common+0xc0>
    8cdc:	0905                	addi	s2,s2,1
    8cde:	b745                	j	8c7e <_printf_common+0xaa>

00008ce0 <strcpy>:
    8ce0:	87aa                	mv	a5,a0
    8ce2:	0005c703          	lbu	a4,0(a1)
    8ce6:	0785                	addi	a5,a5,1
    8ce8:	0585                	addi	a1,a1,1
    8cea:	fee78fa3          	sb	a4,-1(a5)
    8cee:	fb75                	bnez	a4,8ce2 <strcpy+0x2>
    8cf0:	8082                	ret

00008cf2 <strlen>:
    8cf2:	87aa                	mv	a5,a0
    8cf4:	0785                	addi	a5,a5,1
    8cf6:	fff7c703          	lbu	a4,-1(a5)
    8cfa:	ff6d                	bnez	a4,8cf4 <strlen+0x2>
    8cfc:	40a78533          	sub	a0,a5,a0
    8d00:	157d                	addi	a0,a0,-1
    8d02:	8082                	ret

00008d04 <quorem>:
    8d04:	1101                	addi	sp,sp,-32
    8d06:	cc22                	sw	s0,24(sp)
    8d08:	491c                	lw	a5,16(a0)
    8d0a:	4980                	lw	s0,16(a1)
    8d0c:	ce06                	sw	ra,28(sp)
    8d0e:	ca26                	sw	s1,20(sp)
    8d10:	c84a                	sw	s2,16(sp)
    8d12:	c64e                	sw	s3,12(sp)
    8d14:	c452                	sw	s4,8(sp)
    8d16:	c256                	sw	s5,4(sp)
    8d18:	1287c163          	blt	a5,s0,8e3a <quorem+0x136>
    8d1c:	147d                	addi	s0,s0,-1
    8d1e:	00241813          	slli	a6,s0,0x2
    8d22:	01458993          	addi	s3,a1,20
    8d26:	01098a33          	add	s4,s3,a6
    8d2a:	01450913          	addi	s2,a0,20
    8d2e:	984a                	add	a6,a6,s2
    8d30:	000a2783          	lw	a5,0(s4)
    8d34:	00082703          	lw	a4,0(a6)
    8d38:	0785                	addi	a5,a5,1
    8d3a:	02f754b3          	divu	s1,a4,a5
    8d3e:	06f76663          	bltu	a4,a5,8daa <quorem+0xa6>
    8d42:	68c1                	lui	a7,0x10
    8d44:	834e                	mv	t1,s3
    8d46:	8e4a                	mv	t3,s2
    8d48:	4e81                	li	t4,0
    8d4a:	4f01                	li	t5,0
    8d4c:	18fd                	addi	a7,a7,-1
    8d4e:	0311                	addi	t1,t1,4
    8d50:	ffc32603          	lw	a2,-4(t1)
    8d54:	0e11                	addi	t3,t3,4
    8d56:	01167733          	and	a4,a2,a7
    8d5a:	8241                	srli	a2,a2,0x10
    8d5c:	02970733          	mul	a4,a4,s1
    8d60:	02960633          	mul	a2,a2,s1
    8d64:	9776                	add	a4,a4,t4
    8d66:	01075693          	srli	a3,a4,0x10
    8d6a:	011777b3          	and	a5,a4,a7
    8d6e:	40ff07b3          	sub	a5,t5,a5
    8d72:	9636                	add	a2,a2,a3
    8d74:	ffce2683          	lw	a3,-4(t3)
    8d78:	01065e93          	srli	t4,a2,0x10
    8d7c:	01167633          	and	a2,a2,a7
    8d80:	0116f733          	and	a4,a3,a7
    8d84:	97ba                	add	a5,a5,a4
    8d86:	82c1                	srli	a3,a3,0x10
    8d88:	4107d713          	srai	a4,a5,0x10
    8d8c:	8e91                	sub	a3,a3,a2
    8d8e:	96ba                	add	a3,a3,a4
    8d90:	4106df13          	srai	t5,a3,0x10
    8d94:	0117f7b3          	and	a5,a5,a7
    8d98:	06c2                	slli	a3,a3,0x10
    8d9a:	8fd5                	or	a5,a5,a3
    8d9c:	fefe2e23          	sw	a5,-4(t3)
    8da0:	fa6a77e3          	bgeu	s4,t1,8d4e <quorem+0x4a>
    8da4:	00082783          	lw	a5,0(a6)
    8da8:	cbbd                	beqz	a5,8e1e <quorem+0x11a>
    8daa:	8aaa                	mv	s5,a0
    8dac:	1aa010ef          	jal	ra,9f56 <__mcmp>
    8db0:	04054963          	bltz	a0,8e02 <quorem+0xfe>
    8db4:	6641                	lui	a2,0x10
    8db6:	0485                	addi	s1,s1,1
    8db8:	85ca                	mv	a1,s2
    8dba:	4501                	li	a0,0
    8dbc:	167d                	addi	a2,a2,-1
    8dbe:	0991                	addi	s3,s3,4
    8dc0:	ffc9a803          	lw	a6,-4(s3)
    8dc4:	4198                	lw	a4,0(a1)
    8dc6:	0591                	addi	a1,a1,4
    8dc8:	00c876b3          	and	a3,a6,a2
    8dcc:	8d15                	sub	a0,a0,a3
    8dce:	00c776b3          	and	a3,a4,a2
    8dd2:	96aa                	add	a3,a3,a0
    8dd4:	01075793          	srli	a5,a4,0x10
    8dd8:	01085813          	srli	a6,a6,0x10
    8ddc:	4106d713          	srai	a4,a3,0x10
    8de0:	410787b3          	sub	a5,a5,a6
    8de4:	97ba                	add	a5,a5,a4
    8de6:	4107d513          	srai	a0,a5,0x10
    8dea:	8ef1                	and	a3,a3,a2
    8dec:	07c2                	slli	a5,a5,0x10
    8dee:	8fd5                	or	a5,a5,a3
    8df0:	fef5ae23          	sw	a5,-4(a1)
    8df4:	fd3a75e3          	bgeu	s4,s3,8dbe <quorem+0xba>
    8df8:	00241793          	slli	a5,s0,0x2
    8dfc:	97ca                	add	a5,a5,s2
    8dfe:	4398                	lw	a4,0(a5)
    8e00:	c71d                	beqz	a4,8e2e <quorem+0x12a>
    8e02:	8526                	mv	a0,s1
    8e04:	40f2                	lw	ra,28(sp)
    8e06:	4462                	lw	s0,24(sp)
    8e08:	44d2                	lw	s1,20(sp)
    8e0a:	4942                	lw	s2,16(sp)
    8e0c:	49b2                	lw	s3,12(sp)
    8e0e:	4a22                	lw	s4,8(sp)
    8e10:	4a92                	lw	s5,4(sp)
    8e12:	6105                	addi	sp,sp,32
    8e14:	8082                	ret
    8e16:	00082783          	lw	a5,0(a6)
    8e1a:	e789                	bnez	a5,8e24 <quorem+0x120>
    8e1c:	147d                	addi	s0,s0,-1
    8e1e:	1871                	addi	a6,a6,-4
    8e20:	ff096be3          	bltu	s2,a6,8e16 <quorem+0x112>
    8e24:	c900                	sw	s0,16(a0)
    8e26:	b751                	j	8daa <quorem+0xa6>
    8e28:	4398                	lw	a4,0(a5)
    8e2a:	e709                	bnez	a4,8e34 <quorem+0x130>
    8e2c:	147d                	addi	s0,s0,-1
    8e2e:	17f1                	addi	a5,a5,-4
    8e30:	fef96ce3          	bltu	s2,a5,8e28 <quorem+0x124>
    8e34:	008aa823          	sw	s0,16(s5)
    8e38:	b7e9                	j	8e02 <quorem+0xfe>
    8e3a:	4501                	li	a0,0
    8e3c:	b7e1                	j	8e04 <quorem+0x100>

00008e3e <_dtoa_r>:
    8e3e:	7175                	addi	sp,sp,-144
    8e40:	d83e                	sw	a5,48(sp)
    8e42:	515c                	lw	a5,36(a0)
    8e44:	c522                	sw	s0,136(sp)
    8e46:	c326                	sw	s1,132(sp)
    8e48:	c14a                	sw	s2,128(sp)
    8e4a:	dece                	sw	s3,124(sp)
    8e4c:	dcd2                	sw	s4,120(sp)
    8e4e:	d4e2                	sw	s8,104(sp)
    8e50:	c706                	sw	ra,140(sp)
    8e52:	dad6                	sw	s5,116(sp)
    8e54:	d8da                	sw	s6,112(sp)
    8e56:	d6de                	sw	s7,108(sp)
    8e58:	d2e6                	sw	s9,100(sp)
    8e5a:	d0ea                	sw	s10,96(sp)
    8e5c:	ceee                	sw	s11,92(sp)
    8e5e:	c236                	sw	a3,4(sp)
    8e60:	c63a                	sw	a4,12(sp)
    8e62:	ca46                	sw	a7,20(sp)
    8e64:	84aa                	mv	s1,a0
    8e66:	842e                	mv	s0,a1
    8e68:	8932                	mv	s2,a2
    8e6a:	89c2                	mv	s3,a6
    8e6c:	8a2e                	mv	s4,a1
    8e6e:	8c32                	mv	s8,a2
    8e70:	ef89                	bnez	a5,8e8a <_dtoa_r+0x4c>
    8e72:	4541                	li	a0,16
    8e74:	3d9000ef          	jal	ra,9a4c <malloc>
    8e78:	d0c8                	sw	a0,36(s1)
    8e7a:	00052223          	sw	zero,4(a0)
    8e7e:	00052423          	sw	zero,8(a0)
    8e82:	00052023          	sw	zero,0(a0)
    8e86:	00052623          	sw	zero,12(a0)
    8e8a:	50dc                	lw	a5,36(s1)
    8e8c:	438c                	lw	a1,0(a5)
    8e8e:	cd89                	beqz	a1,8ea8 <_dtoa_r+0x6a>
    8e90:	43d8                	lw	a4,4(a5)
    8e92:	4785                	li	a5,1
    8e94:	8526                	mv	a0,s1
    8e96:	00e797b3          	sll	a5,a5,a4
    8e9a:	c59c                	sw	a5,8(a1)
    8e9c:	c1d8                	sw	a4,4(a1)
    8e9e:	441000ef          	jal	ra,9ade <_Bfree>
    8ea2:	50dc                	lw	a5,36(s1)
    8ea4:	0007a023          	sw	zero,0(a5)
    8ea8:	04095363          	bgez	s2,8eee <_dtoa_r+0xb0>
    8eac:	4785                	li	a5,1
    8eae:	00191c13          	slli	s8,s2,0x1
    8eb2:	00f9a023          	sw	a5,0(s3)
    8eb6:	001c5c13          	srli	s8,s8,0x1
    8eba:	7ff007b7          	lui	a5,0x7ff00
    8ebe:	00fc7733          	and	a4,s8,a5
    8ec2:	06f71463          	bne	a4,a5,8f2a <_dtoa_r+0xec>
    8ec6:	5742                	lw	a4,48(sp)
    8ec8:	6789                	lui	a5,0x2
    8eca:	0c32                	slli	s8,s8,0xc
    8ecc:	70f78793          	addi	a5,a5,1807 # 270f <RPLIDAR360_Stop.constprop.7+0x1>
    8ed0:	00cc5c13          	srli	s8,s8,0xc
    8ed4:	c31c                	sw	a5,0(a4)
    8ed6:	008c6c33          	or	s8,s8,s0
    8eda:	300c01e3          	beqz	s8,99dc <_dtoa_r+0xb9e>
    8ede:	47d2                	lw	a5,20(sp)
    8ee0:	eb91                	bnez	a5,8ef4 <_dtoa_r+0xb6>
    8ee2:	00003797          	auipc	a5,0x3
    8ee6:	d8a78793          	addi	a5,a5,-630 # bc6c <__clz_tab+0x174>
    8eea:	c03e                	sw	a5,0(sp)
    8eec:	a839                	j	8f0a <_dtoa_r+0xcc>
    8eee:	0009a023          	sw	zero,0(s3)
    8ef2:	b7e1                	j	8eba <_dtoa_r+0x7c>
    8ef4:	00003797          	auipc	a5,0x3
    8ef8:	d7878793          	addi	a5,a5,-648 # bc6c <__clz_tab+0x174>
    8efc:	c03e                	sw	a5,0(sp)
    8efe:	00003797          	auipc	a5,0x3
    8f02:	d7178793          	addi	a5,a5,-655 # bc6f <__clz_tab+0x177>
    8f06:	4752                	lw	a4,20(sp)
    8f08:	c31c                	sw	a5,0(a4)
    8f0a:	40ba                	lw	ra,140(sp)
    8f0c:	442a                	lw	s0,136(sp)
    8f0e:	4502                	lw	a0,0(sp)
    8f10:	449a                	lw	s1,132(sp)
    8f12:	490a                	lw	s2,128(sp)
    8f14:	59f6                	lw	s3,124(sp)
    8f16:	5a66                	lw	s4,120(sp)
    8f18:	5ad6                	lw	s5,116(sp)
    8f1a:	5b46                	lw	s6,112(sp)
    8f1c:	5bb6                	lw	s7,108(sp)
    8f1e:	5c26                	lw	s8,104(sp)
    8f20:	5c96                	lw	s9,100(sp)
    8f22:	5d06                	lw	s10,96(sp)
    8f24:	4df6                	lw	s11,92(sp)
    8f26:	6149                	addi	sp,sp,144
    8f28:	8082                	ret
    8f2a:	4601                	li	a2,0
    8f2c:	4681                	li	a3,0
    8f2e:	8522                	mv	a0,s0
    8f30:	85e2                	mv	a1,s8
    8f32:	ce22                	sw	s0,28(sp)
    8f34:	d462                	sw	s8,40(sp)
    8f36:	2cd010ef          	jal	ra,aa02 <__eqdf2>
    8f3a:	e105                	bnez	a0,8f5a <_dtoa_r+0x11c>
    8f3c:	5742                	lw	a4,48(sp)
    8f3e:	4785                	li	a5,1
    8f40:	c31c                	sw	a5,0(a4)
    8f42:	00003797          	auipc	a5,0x3
    8f46:	cce78793          	addi	a5,a5,-818 # bc10 <__clz_tab+0x118>
    8f4a:	c03e                	sw	a5,0(sp)
    8f4c:	47d2                	lw	a5,20(sp)
    8f4e:	dfd5                	beqz	a5,8f0a <_dtoa_r+0xcc>
    8f50:	00003797          	auipc	a5,0x3
    8f54:	cc178793          	addi	a5,a5,-831 # bc11 <__clz_tab+0x119>
    8f58:	b77d                	j	8f06 <_dtoa_r+0xc8>
    8f5a:	00b8                	addi	a4,sp,72
    8f5c:	00f4                	addi	a3,sp,76
    8f5e:	8662                	mv	a2,s8
    8f60:	85a2                	mv	a1,s0
    8f62:	8526                	mv	a0,s1
    8f64:	014c5913          	srli	s2,s8,0x14
    8f68:	112010ef          	jal	ra,a07a <__d2b>
    8f6c:	7ff97913          	andi	s2,s2,2047
    8f70:	89aa                	mv	s3,a0
    8f72:	4aa6                	lw	s5,72(sp)
    8f74:	10090d63          	beqz	s2,908e <_dtoa_r+0x250>
    8f78:	57a2                	lw	a5,40(sp)
    8f7a:	4572                	lw	a0,28(sp)
    8f7c:	c0190913          	addi	s2,s2,-1023
    8f80:	00c79593          	slli	a1,a5,0xc
    8f84:	81b1                	srli	a1,a1,0xc
    8f86:	3ff007b7          	lui	a5,0x3ff00
    8f8a:	8ddd                	or	a1,a1,a5
    8f8c:	dc02                	sw	zero,56(sp)
    8f8e:	00003797          	auipc	a5,0x3
    8f92:	c8a78793          	addi	a5,a5,-886 # bc18 <__clz_tab+0x120>
    8f96:	4390                	lw	a2,0(a5)
    8f98:	43d4                	lw	a3,4(a5)
    8f9a:	853fd0ef          	jal	ra,67ec <__subdf3>
    8f9e:	00003797          	auipc	a5,0x3
    8fa2:	c8278793          	addi	a5,a5,-894 # bc20 <__clz_tab+0x128>
    8fa6:	4390                	lw	a2,0(a5)
    8fa8:	43d4                	lw	a3,4(a5)
    8faa:	b8afd0ef          	jal	ra,6334 <__muldf3>
    8fae:	00003797          	auipc	a5,0x3
    8fb2:	c7a78793          	addi	a5,a5,-902 # bc28 <__clz_tab+0x130>
    8fb6:	4390                	lw	a2,0(a5)
    8fb8:	43d4                	lw	a3,4(a5)
    8fba:	318010ef          	jal	ra,a2d2 <__adddf3>
    8fbe:	8b2a                	mv	s6,a0
    8fc0:	854a                	mv	a0,s2
    8fc2:	8bae                	mv	s7,a1
    8fc4:	f67fd0ef          	jal	ra,6f2a <__floatsidf>
    8fc8:	00003797          	auipc	a5,0x3
    8fcc:	c6878793          	addi	a5,a5,-920 # bc30 <__clz_tab+0x138>
    8fd0:	4390                	lw	a2,0(a5)
    8fd2:	43d4                	lw	a3,4(a5)
    8fd4:	b60fd0ef          	jal	ra,6334 <__muldf3>
    8fd8:	862a                	mv	a2,a0
    8fda:	86ae                	mv	a3,a1
    8fdc:	855a                	mv	a0,s6
    8fde:	85de                	mv	a1,s7
    8fe0:	2f2010ef          	jal	ra,a2d2 <__adddf3>
    8fe4:	8b2a                	mv	s6,a0
    8fe6:	8bae                	mv	s7,a1
    8fe8:	36f010ef          	jal	ra,ab56 <__fixdfsi>
    8fec:	842a                	mv	s0,a0
    8fee:	4601                	li	a2,0
    8ff0:	4681                	li	a3,0
    8ff2:	855a                	mv	a0,s6
    8ff4:	85de                	mv	a1,s7
    8ff6:	a88fd0ef          	jal	ra,627e <__ledf2>
    8ffa:	00055b63          	bgez	a0,9010 <_dtoa_r+0x1d2>
    8ffe:	8522                	mv	a0,s0
    9000:	f2bfd0ef          	jal	ra,6f2a <__floatsidf>
    9004:	865a                	mv	a2,s6
    9006:	86de                	mv	a3,s7
    9008:	1fb010ef          	jal	ra,aa02 <__eqdf2>
    900c:	c111                	beqz	a0,9010 <_dtoa_r+0x1d2>
    900e:	147d                	addi	s0,s0,-1
    9010:	4705                	li	a4,1
    9012:	47d9                	li	a5,22
    9014:	d63a                	sw	a4,44(sp)
    9016:	0287e363          	bltu	a5,s0,903c <_dtoa_r+0x1fe>
    901a:	00341713          	slli	a4,s0,0x3
    901e:	00003797          	auipc	a5,0x3
    9022:	c7a78793          	addi	a5,a5,-902 # bc98 <__mprec_tens>
    9026:	97ba                	add	a5,a5,a4
    9028:	4390                	lw	a2,0(a5)
    902a:	43d4                	lw	a3,4(a5)
    902c:	4572                	lw	a0,28(sp)
    902e:	55a2                	lw	a1,40(sp)
    9030:	a4efd0ef          	jal	ra,627e <__ledf2>
    9034:	00055363          	bgez	a0,903a <_dtoa_r+0x1fc>
    9038:	147d                	addi	s0,s0,-1
    903a:	d602                	sw	zero,44(sp)
    903c:	412a8933          	sub	s2,s5,s2
    9040:	fff90b93          	addi	s7,s2,-1
    9044:	4b01                	li	s6,0
    9046:	000bd663          	bgez	s7,9052 <_dtoa_r+0x214>
    904a:	4b05                	li	s6,1
    904c:	412b0b33          	sub	s6,s6,s2
    9050:	4b81                	li	s7,0
    9052:	06044e63          	bltz	s0,90ce <_dtoa_r+0x290>
    9056:	9ba2                	add	s7,s7,s0
    9058:	cc22                	sw	s0,24(sp)
    905a:	4a81                	li	s5,0
    905c:	4712                	lw	a4,4(sp)
    905e:	47a5                	li	a5,9
    9060:	14e7e563          	bltu	a5,a4,91aa <_dtoa_r+0x36c>
    9064:	4795                	li	a5,5
    9066:	4c85                	li	s9,1
    9068:	00e7d663          	bge	a5,a4,9074 <_dtoa_r+0x236>
    906c:	ffc70793          	addi	a5,a4,-4
    9070:	c23e                	sw	a5,4(sp)
    9072:	4c81                	li	s9,0
    9074:	4712                	lw	a4,4(sp)
    9076:	478d                	li	a5,3
    9078:	10f70e63          	beq	a4,a5,9194 <_dtoa_r+0x356>
    907c:	04e7cf63          	blt	a5,a4,90da <_dtoa_r+0x29c>
    9080:	4789                	li	a5,2
    9082:	c802                	sw	zero,16(sp)
    9084:	06f70d63          	beq	a4,a5,90fe <_dtoa_r+0x2c0>
    9088:	4785                	li	a5,1
    908a:	c83e                	sw	a5,16(sp)
    908c:	a08d                	j	90ee <_dtoa_r+0x2b0>
    908e:	4936                	lw	s2,76(sp)
    9090:	02000793          	li	a5,32
    9094:	9956                	add	s2,s2,s5
    9096:	43290713          	addi	a4,s2,1074
    909a:	02e7d563          	bge	a5,a4,90c4 <_dtoa_r+0x286>
    909e:	04000513          	li	a0,64
    90a2:	8d19                	sub	a0,a0,a4
    90a4:	41290793          	addi	a5,s2,1042
    90a8:	00ac1533          	sll	a0,s8,a0
    90ac:	00f45433          	srl	s0,s0,a5
    90b0:	8d41                	or	a0,a0,s0
    90b2:	eebfd0ef          	jal	ra,6f9c <__floatunsidf>
    90b6:	fe1007b7          	lui	a5,0xfe100
    90ba:	95be                	add	a1,a1,a5
    90bc:	4785                	li	a5,1
    90be:	197d                	addi	s2,s2,-1
    90c0:	dc3e                	sw	a5,56(sp)
    90c2:	b5f1                	j	8f8e <_dtoa_r+0x150>
    90c4:	40e78533          	sub	a0,a5,a4
    90c8:	00a41533          	sll	a0,s0,a0
    90cc:	b7dd                	j	90b2 <_dtoa_r+0x274>
    90ce:	408b0b33          	sub	s6,s6,s0
    90d2:	40800ab3          	neg	s5,s0
    90d6:	cc02                	sw	zero,24(sp)
    90d8:	b751                	j	905c <_dtoa_r+0x21e>
    90da:	4712                	lw	a4,4(sp)
    90dc:	4791                	li	a5,4
    90de:	00f70e63          	beq	a4,a5,90fa <_dtoa_r+0x2bc>
    90e2:	4705                	li	a4,1
    90e4:	c83a                	sw	a4,16(sp)
    90e6:	4712                	lw	a4,4(sp)
    90e8:	4795                	li	a5,5
    90ea:	0af70663          	beq	a4,a5,9196 <_dtoa_r+0x358>
    90ee:	57fd                	li	a5,-1
    90f0:	c43e                	sw	a5,8(sp)
    90f2:	5dfd                	li	s11,-1
    90f4:	47c9                	li	a5,18
    90f6:	c602                	sw	zero,12(sp)
    90f8:	a819                	j	910e <_dtoa_r+0x2d0>
    90fa:	4785                	li	a5,1
    90fc:	c83e                	sw	a5,16(sp)
    90fe:	47b2                	lw	a5,12(sp)
    9100:	0af04863          	bgtz	a5,91b0 <_dtoa_r+0x372>
    9104:	4785                	li	a5,1
    9106:	4705                	li	a4,1
    9108:	c43e                	sw	a5,8(sp)
    910a:	4d85                	li	s11,1
    910c:	c63a                	sw	a4,12(sp)
    910e:	0244a903          	lw	s2,36(s1)
    9112:	4711                	li	a4,4
    9114:	00092223          	sw	zero,4(s2)
    9118:	01470693          	addi	a3,a4,20
    911c:	00492583          	lw	a1,4(s2)
    9120:	08d7fc63          	bgeu	a5,a3,91b8 <_dtoa_r+0x37a>
    9124:	8526                	mv	a0,s1
    9126:	131000ef          	jal	ra,9a56 <_Balloc>
    912a:	50dc                	lw	a5,36(s1)
    912c:	00a92023          	sw	a0,0(s2)
    9130:	439c                	lw	a5,0(a5)
    9132:	c03e                	sw	a5,0(sp)
    9134:	47b9                	li	a5,14
    9136:	1db7e663          	bltu	a5,s11,9302 <_dtoa_r+0x4c4>
    913a:	1c0c8463          	beqz	s9,9302 <_dtoa_r+0x4c4>
    913e:	0a805e63          	blez	s0,91fa <_dtoa_r+0x3bc>
    9142:	00f47793          	andi	a5,s0,15
    9146:	00379713          	slli	a4,a5,0x3
    914a:	40445c93          	srai	s9,s0,0x4
    914e:	00003797          	auipc	a5,0x3
    9152:	b4a78793          	addi	a5,a5,-1206 # bc98 <__mprec_tens>
    9156:	97ba                	add	a5,a5,a4
    9158:	010cf693          	andi	a3,s9,16
    915c:	4398                	lw	a4,0(a5)
    915e:	4909                	li	s2,2
    9160:	43dc                	lw	a5,4(a5)
    9162:	c685                	beqz	a3,918a <_dtoa_r+0x34c>
    9164:	00003697          	auipc	a3,0x3
    9168:	b0c68693          	addi	a3,a3,-1268 # bc70 <__mprec_bigtens>
    916c:	5290                	lw	a2,32(a3)
    916e:	4572                	lw	a0,28(sp)
    9170:	52d4                	lw	a3,36(a3)
    9172:	55a2                	lw	a1,40(sp)
    9174:	d03a                	sw	a4,32(sp)
    9176:	d23e                	sw	a5,36(sp)
    9178:	b53fc0ef          	jal	ra,5cca <__divdf3>
    917c:	5702                	lw	a4,32(sp)
    917e:	5792                	lw	a5,36(sp)
    9180:	00fcfc93          	andi	s9,s9,15
    9184:	8a2a                	mv	s4,a0
    9186:	8c2e                	mv	s8,a1
    9188:	490d                	li	s2,3
    918a:	00003d17          	auipc	s10,0x3
    918e:	ae6d0d13          	addi	s10,s10,-1306 # bc70 <__mprec_bigtens>
    9192:	a889                	j	91e4 <_dtoa_r+0x3a6>
    9194:	c802                	sw	zero,16(sp)
    9196:	47b2                	lw	a5,12(sp)
    9198:	97a2                	add	a5,a5,s0
    919a:	c43e                	sw	a5,8(sp)
    919c:	00178d93          	addi	s11,a5,1
    91a0:	87ee                	mv	a5,s11
    91a2:	f7b046e3          	bgtz	s11,910e <_dtoa_r+0x2d0>
    91a6:	4785                	li	a5,1
    91a8:	b79d                	j	910e <_dtoa_r+0x2d0>
    91aa:	4c85                	li	s9,1
    91ac:	c202                	sw	zero,4(sp)
    91ae:	bde9                	j	9088 <_dtoa_r+0x24a>
    91b0:	47b2                	lw	a5,12(sp)
    91b2:	c43e                	sw	a5,8(sp)
    91b4:	8dbe                	mv	s11,a5
    91b6:	bfa1                	j	910e <_dtoa_r+0x2d0>
    91b8:	0585                	addi	a1,a1,1
    91ba:	00b92223          	sw	a1,4(s2)
    91be:	0706                	slli	a4,a4,0x1
    91c0:	bfa1                	j	9118 <_dtoa_r+0x2da>
    91c2:	001cf693          	andi	a3,s9,1
    91c6:	ce81                	beqz	a3,91de <_dtoa_r+0x3a0>
    91c8:	000d2603          	lw	a2,0(s10)
    91cc:	004d2683          	lw	a3,4(s10)
    91d0:	853a                	mv	a0,a4
    91d2:	85be                	mv	a1,a5
    91d4:	960fd0ef          	jal	ra,6334 <__muldf3>
    91d8:	0905                	addi	s2,s2,1
    91da:	872a                	mv	a4,a0
    91dc:	87ae                	mv	a5,a1
    91de:	401cdc93          	srai	s9,s9,0x1
    91e2:	0d21                	addi	s10,s10,8
    91e4:	fc0c9fe3          	bnez	s9,91c2 <_dtoa_r+0x384>
    91e8:	863a                	mv	a2,a4
    91ea:	86be                	mv	a3,a5
    91ec:	8552                	mv	a0,s4
    91ee:	85e2                	mv	a1,s8
    91f0:	adbfc0ef          	jal	ra,5cca <__divdf3>
    91f4:	8a2a                	mv	s4,a0
    91f6:	8c2e                	mv	s8,a1
    91f8:	a081                	j	9238 <_dtoa_r+0x3fa>
    91fa:	4909                	li	s2,2
    91fc:	cc15                	beqz	s0,9238 <_dtoa_r+0x3fa>
    91fe:	40800cb3          	neg	s9,s0
    9202:	00fcf793          	andi	a5,s9,15
    9206:	00379713          	slli	a4,a5,0x3
    920a:	00003797          	auipc	a5,0x3
    920e:	a8e78793          	addi	a5,a5,-1394 # bc98 <__mprec_tens>
    9212:	97ba                	add	a5,a5,a4
    9214:	4390                	lw	a2,0(a5)
    9216:	43d4                	lw	a3,4(a5)
    9218:	4572                	lw	a0,28(sp)
    921a:	55a2                	lw	a1,40(sp)
    921c:	404cdc93          	srai	s9,s9,0x4
    9220:	00003d17          	auipc	s10,0x3
    9224:	a50d0d13          	addi	s10,s10,-1456 # bc70 <__mprec_bigtens>
    9228:	90cfd0ef          	jal	ra,6334 <__muldf3>
    922c:	8a2a                	mv	s4,a0
    922e:	8c2e                	mv	s8,a1
    9230:	4781                	li	a5,0
    9232:	120c9c63          	bnez	s9,936a <_dtoa_r+0x52c>
    9236:	ffdd                	bnez	a5,91f4 <_dtoa_r+0x3b6>
    9238:	57b2                	lw	a5,44(sp)
    923a:	14078763          	beqz	a5,9388 <_dtoa_r+0x54a>
    923e:	00003717          	auipc	a4,0x3
    9242:	9fa70713          	addi	a4,a4,-1542 # bc38 <__clz_tab+0x140>
    9246:	4310                	lw	a2,0(a4)
    9248:	4354                	lw	a3,4(a4)
    924a:	8552                	mv	a0,s4
    924c:	85e2                	mv	a1,s8
    924e:	d052                	sw	s4,32(sp)
    9250:	82efd0ef          	jal	ra,627e <__ledf2>
    9254:	12055a63          	bgez	a0,9388 <_dtoa_r+0x54a>
    9258:	120d8b63          	beqz	s11,938e <_dtoa_r+0x550>
    925c:	47a2                	lw	a5,8(sp)
    925e:	0af05063          	blez	a5,92fe <_dtoa_r+0x4c0>
    9262:	00003717          	auipc	a4,0x3
    9266:	9de70713          	addi	a4,a4,-1570 # bc40 <__clz_tab+0x148>
    926a:	5782                	lw	a5,32(sp)
    926c:	4310                	lw	a2,0(a4)
    926e:	4354                	lw	a3,4(a4)
    9270:	853e                	mv	a0,a5
    9272:	85e2                	mv	a1,s8
    9274:	8c0fd0ef          	jal	ra,6334 <__muldf3>
    9278:	47a2                	lw	a5,8(sp)
    927a:	fff40d13          	addi	s10,s0,-1
    927e:	8a2a                	mv	s4,a0
    9280:	8c2e                	mv	s8,a1
    9282:	0905                	addi	s2,s2,1
    9284:	8762                	mv	a4,s8
    9286:	854a                	mv	a0,s2
    9288:	de3e                	sw	a5,60(sp)
    928a:	da52                	sw	s4,52(sp)
    928c:	8cba                	mv	s9,a4
    928e:	d03a                	sw	a4,32(sp)
    9290:	c9bfd0ef          	jal	ra,6f2a <__floatsidf>
    9294:	5852                	lw	a6,52(sp)
    9296:	5702                	lw	a4,32(sp)
    9298:	fcc00937          	lui	s2,0xfcc00
    929c:	8642                	mv	a2,a6
    929e:	86ba                	mv	a3,a4
    92a0:	894fd0ef          	jal	ra,6334 <__muldf3>
    92a4:	00003697          	auipc	a3,0x3
    92a8:	9a468693          	addi	a3,a3,-1628 # bc48 <__clz_tab+0x150>
    92ac:	4290                	lw	a2,0(a3)
    92ae:	42d4                	lw	a3,4(a3)
    92b0:	8c52                	mv	s8,s4
    92b2:	020010ef          	jal	ra,a2d2 <__adddf3>
    92b6:	57f2                	lw	a5,60(sp)
    92b8:	8a2a                	mv	s4,a0
    92ba:	992e                	add	s2,s2,a1
    92bc:	efe1                	bnez	a5,9394 <_dtoa_r+0x556>
    92be:	00003797          	auipc	a5,0x3
    92c2:	99278793          	addi	a5,a5,-1646 # bc50 <__clz_tab+0x158>
    92c6:	5852                	lw	a6,52(sp)
    92c8:	5702                	lw	a4,32(sp)
    92ca:	4390                	lw	a2,0(a5)
    92cc:	43d4                	lw	a3,4(a5)
    92ce:	8542                	mv	a0,a6
    92d0:	85ba                	mv	a1,a4
    92d2:	d1afd0ef          	jal	ra,67ec <__subdf3>
    92d6:	8652                	mv	a2,s4
    92d8:	86ca                	mv	a3,s2
    92da:	8c2a                	mv	s8,a0
    92dc:	8cae                	mv	s9,a1
    92de:	78e010ef          	jal	ra,aa6c <__gedf2>
    92e2:	52a04f63          	bgtz	a0,9820 <_dtoa_r+0x9e2>
    92e6:	800007b7          	lui	a5,0x80000
    92ea:	0127c7b3          	xor	a5,a5,s2
    92ee:	8652                	mv	a2,s4
    92f0:	86be                	mv	a3,a5
    92f2:	8562                	mv	a0,s8
    92f4:	85e6                	mv	a1,s9
    92f6:	f89fc0ef          	jal	ra,627e <__ledf2>
    92fa:	52054063          	bltz	a0,981a <_dtoa_r+0x9dc>
    92fe:	4a72                	lw	s4,28(sp)
    9300:	5c22                	lw	s8,40(sp)
    9302:	47b6                	lw	a5,76(sp)
    9304:	3007c663          	bltz	a5,9610 <_dtoa_r+0x7d2>
    9308:	4739                	li	a4,14
    930a:	30874363          	blt	a4,s0,9610 <_dtoa_r+0x7d2>
    930e:	00341713          	slli	a4,s0,0x3
    9312:	00003797          	auipc	a5,0x3
    9316:	98678793          	addi	a5,a5,-1658 # bc98 <__mprec_tens>
    931a:	97ba                	add	a5,a5,a4
    931c:	0007ab03          	lw	s6,0(a5)
    9320:	0047ab83          	lw	s7,4(a5)
    9324:	47b2                	lw	a5,12(sp)
    9326:	2007d263          	bgez	a5,952a <_dtoa_r+0x6ec>
    932a:	21b04063          	bgtz	s11,952a <_dtoa_r+0x6ec>
    932e:	4e0d9663          	bnez	s11,981a <_dtoa_r+0x9dc>
    9332:	00003797          	auipc	a5,0x3
    9336:	91e78793          	addi	a5,a5,-1762 # bc50 <__clz_tab+0x158>
    933a:	4390                	lw	a2,0(a5)
    933c:	43d4                	lw	a3,4(a5)
    933e:	855a                	mv	a0,s6
    9340:	85de                	mv	a1,s7
    9342:	ff3fc0ef          	jal	ra,6334 <__muldf3>
    9346:	8652                	mv	a2,s4
    9348:	86e2                	mv	a3,s8
    934a:	722010ef          	jal	ra,aa6c <__gedf2>
    934e:	4a81                	li	s5,0
    9350:	4901                	li	s2,0
    9352:	48055f63          	bgez	a0,97f0 <_dtoa_r+0x9b2>
    9356:	4782                	lw	a5,0(sp)
    9358:	4702                	lw	a4,0(sp)
    935a:	0405                	addi	s0,s0,1
    935c:	00178a13          	addi	s4,a5,1
    9360:	03100793          	li	a5,49
    9364:	00f70023          	sb	a5,0(a4)
    9368:	a941                	j	97f8 <_dtoa_r+0x9ba>
    936a:	001cf713          	andi	a4,s9,1
    936e:	cb09                	beqz	a4,9380 <_dtoa_r+0x542>
    9370:	000d2603          	lw	a2,0(s10)
    9374:	004d2683          	lw	a3,4(s10)
    9378:	0905                	addi	s2,s2,1
    937a:	fbbfc0ef          	jal	ra,6334 <__muldf3>
    937e:	4785                	li	a5,1
    9380:	401cdc93          	srai	s9,s9,0x1
    9384:	0d21                	addi	s10,s10,8
    9386:	b575                	j	9232 <_dtoa_r+0x3f4>
    9388:	8d22                	mv	s10,s0
    938a:	87ee                	mv	a5,s11
    938c:	bde5                	j	9284 <_dtoa_r+0x446>
    938e:	8d22                	mv	s10,s0
    9390:	4781                	li	a5,0
    9392:	bdcd                	j	9284 <_dtoa_r+0x446>
    9394:	fff78693          	addi	a3,a5,-1
    9398:	00369613          	slli	a2,a3,0x3
    939c:	00003697          	auipc	a3,0x3
    93a0:	8fc68693          	addi	a3,a3,-1796 # bc98 <__mprec_tens>
    93a4:	96b2                	add	a3,a3,a2
    93a6:	4288                	lw	a0,0(a3)
    93a8:	42cc                	lw	a1,4(a3)
    93aa:	4682                	lw	a3,0(sp)
    93ac:	97b6                	add	a5,a5,a3
    93ae:	da3e                	sw	a5,52(sp)
    93b0:	47c2                	lw	a5,16(sp)
    93b2:	c3e9                	beqz	a5,9474 <_dtoa_r+0x636>
    93b4:	00003797          	auipc	a5,0x3
    93b8:	8a478793          	addi	a5,a5,-1884 # bc58 <__clz_tab+0x160>
    93bc:	862a                	mv	a2,a0
    93be:	86ae                	mv	a3,a1
    93c0:	4388                	lw	a0,0(a5)
    93c2:	43cc                	lw	a1,4(a5)
    93c4:	de4a                	sw	s2,60(sp)
    93c6:	d052                	sw	s4,32(sp)
    93c8:	903fc0ef          	jal	ra,5cca <__divdf3>
    93cc:	5802                	lw	a6,32(sp)
    93ce:	5772                	lw	a4,60(sp)
    93d0:	00003917          	auipc	s2,0x3
    93d4:	87090913          	addi	s2,s2,-1936 # bc40 <__clz_tab+0x148>
    93d8:	8642                	mv	a2,a6
    93da:	86ba                	mv	a3,a4
    93dc:	c10fd0ef          	jal	ra,67ec <__subdf3>
    93e0:	4a02                	lw	s4,0(sp)
    93e2:	d02a                	sw	a0,32(sp)
    93e4:	d22e                	sw	a1,36(sp)
    93e6:	85e6                	mv	a1,s9
    93e8:	8562                	mv	a0,s8
    93ea:	76c010ef          	jal	ra,ab56 <__fixdfsi>
    93ee:	de2a                	sw	a0,60(sp)
    93f0:	b3bfd0ef          	jal	ra,6f2a <__floatsidf>
    93f4:	862a                	mv	a2,a0
    93f6:	86ae                	mv	a3,a1
    93f8:	8562                	mv	a0,s8
    93fa:	85e6                	mv	a1,s9
    93fc:	bf0fd0ef          	jal	ra,67ec <__subdf3>
    9400:	57f2                	lw	a5,60(sp)
    9402:	8c2a                	mv	s8,a0
    9404:	8cae                	mv	s9,a1
    9406:	862a                	mv	a2,a0
    9408:	86ae                	mv	a3,a1
    940a:	5502                	lw	a0,32(sp)
    940c:	5592                	lw	a1,36(sp)
    940e:	0a05                	addi	s4,s4,1
    9410:	03078793          	addi	a5,a5,48
    9414:	fefa0fa3          	sb	a5,-1(s4)
    9418:	654010ef          	jal	ra,aa6c <__gedf2>
    941c:	0ea04863          	bgtz	a0,950c <_dtoa_r+0x6ce>
    9420:	00003797          	auipc	a5,0x3
    9424:	81878793          	addi	a5,a5,-2024 # bc38 <__clz_tab+0x140>
    9428:	4388                	lw	a0,0(a5)
    942a:	43cc                	lw	a1,4(a5)
    942c:	8662                	mv	a2,s8
    942e:	86e6                	mv	a3,s9
    9430:	bbcfd0ef          	jal	ra,67ec <__subdf3>
    9434:	862a                	mv	a2,a0
    9436:	86ae                	mv	a3,a1
    9438:	5502                	lw	a0,32(sp)
    943a:	5592                	lw	a1,36(sp)
    943c:	630010ef          	jal	ra,aa6c <__gedf2>
    9440:	18a04163          	bgtz	a0,95c2 <_dtoa_r+0x784>
    9444:	57d2                	lw	a5,52(sp)
    9446:	eafa0ce3          	beq	s4,a5,92fe <_dtoa_r+0x4c0>
    944a:	00092603          	lw	a2,0(s2)
    944e:	00492683          	lw	a3,4(s2)
    9452:	5502                	lw	a0,32(sp)
    9454:	5592                	lw	a1,36(sp)
    9456:	edffc0ef          	jal	ra,6334 <__muldf3>
    945a:	00092603          	lw	a2,0(s2)
    945e:	00492683          	lw	a3,4(s2)
    9462:	d02a                	sw	a0,32(sp)
    9464:	d22e                	sw	a1,36(sp)
    9466:	8562                	mv	a0,s8
    9468:	85e6                	mv	a1,s9
    946a:	ecbfc0ef          	jal	ra,6334 <__muldf3>
    946e:	8c2a                	mv	s8,a0
    9470:	8cae                	mv	s9,a1
    9472:	bf95                	j	93e6 <_dtoa_r+0x5a8>
    9474:	8652                	mv	a2,s4
    9476:	86ca                	mv	a3,s2
    9478:	ebdfc0ef          	jal	ra,6334 <__muldf3>
    947c:	5a52                	lw	s4,52(sp)
    947e:	4902                	lw	s2,0(sp)
    9480:	d02a                	sw	a0,32(sp)
    9482:	d22e                	sw	a1,36(sp)
    9484:	85e6                	mv	a1,s9
    9486:	8562                	mv	a0,s8
    9488:	6ce010ef          	jal	ra,ab56 <__fixdfsi>
    948c:	de2a                	sw	a0,60(sp)
    948e:	a9dfd0ef          	jal	ra,6f2a <__floatsidf>
    9492:	862a                	mv	a2,a0
    9494:	86ae                	mv	a3,a1
    9496:	8562                	mv	a0,s8
    9498:	85e6                	mv	a1,s9
    949a:	b52fd0ef          	jal	ra,67ec <__subdf3>
    949e:	5772                	lw	a4,60(sp)
    94a0:	57d2                	lw	a5,52(sp)
    94a2:	0905                	addi	s2,s2,1
    94a4:	03070713          	addi	a4,a4,48
    94a8:	fee90fa3          	sb	a4,-1(s2)
    94ac:	8c2a                	mv	s8,a0
    94ae:	8cae                	mv	s9,a1
    94b0:	06f91263          	bne	s2,a5,9514 <_dtoa_r+0x6d6>
    94b4:	00002917          	auipc	s2,0x2
    94b8:	7a490913          	addi	s2,s2,1956 # bc58 <__clz_tab+0x160>
    94bc:	00092603          	lw	a2,0(s2)
    94c0:	00492683          	lw	a3,4(s2)
    94c4:	5502                	lw	a0,32(sp)
    94c6:	5592                	lw	a1,36(sp)
    94c8:	60b000ef          	jal	ra,a2d2 <__adddf3>
    94cc:	862a                	mv	a2,a0
    94ce:	86ae                	mv	a3,a1
    94d0:	8562                	mv	a0,s8
    94d2:	85e6                	mv	a1,s9
    94d4:	598010ef          	jal	ra,aa6c <__gedf2>
    94d8:	0ea04563          	bgtz	a0,95c2 <_dtoa_r+0x784>
    94dc:	5602                	lw	a2,32(sp)
    94de:	5692                	lw	a3,36(sp)
    94e0:	00092503          	lw	a0,0(s2)
    94e4:	00492583          	lw	a1,4(s2)
    94e8:	b04fd0ef          	jal	ra,67ec <__subdf3>
    94ec:	862a                	mv	a2,a0
    94ee:	86ae                	mv	a3,a1
    94f0:	8562                	mv	a0,s8
    94f2:	85e6                	mv	a1,s9
    94f4:	d8bfc0ef          	jal	ra,627e <__ledf2>
    94f8:	03000793          	li	a5,48
    94fc:	e00551e3          	bgez	a0,92fe <_dtoa_r+0x4c0>
    9500:	fffa4703          	lbu	a4,-1(s4)
    9504:	fffa0693          	addi	a3,s4,-1
    9508:	00f70463          	beq	a4,a5,9510 <_dtoa_r+0x6d2>
    950c:	846a                	mv	s0,s10
    950e:	a859                	j	95a4 <_dtoa_r+0x766>
    9510:	8a36                	mv	s4,a3
    9512:	b7fd                	j	9500 <_dtoa_r+0x6c2>
    9514:	00002797          	auipc	a5,0x2
    9518:	72c78793          	addi	a5,a5,1836 # bc40 <__clz_tab+0x148>
    951c:	4390                	lw	a2,0(a5)
    951e:	43d4                	lw	a3,4(a5)
    9520:	e15fc0ef          	jal	ra,6334 <__muldf3>
    9524:	8c2a                	mv	s8,a0
    9526:	8cae                	mv	s9,a1
    9528:	bfb1                	j	9484 <_dtoa_r+0x646>
    952a:	87e2                	mv	a5,s8
    952c:	8cbe                	mv	s9,a5
    952e:	4782                	lw	a5,0(sp)
    9530:	8c52                	mv	s8,s4
    9532:	00002a97          	auipc	s5,0x2
    9536:	70ea8a93          	addi	s5,s5,1806 # bc40 <__clz_tab+0x148>
    953a:	00178913          	addi	s2,a5,1
    953e:	9dbe                	add	s11,s11,a5
    9540:	865a                	mv	a2,s6
    9542:	86de                	mv	a3,s7
    9544:	8562                	mv	a0,s8
    9546:	85e6                	mv	a1,s9
    9548:	f82fc0ef          	jal	ra,5cca <__divdf3>
    954c:	60a010ef          	jal	ra,ab56 <__fixdfsi>
    9550:	8d2a                	mv	s10,a0
    9552:	9d9fd0ef          	jal	ra,6f2a <__floatsidf>
    9556:	865a                	mv	a2,s6
    9558:	86de                	mv	a3,s7
    955a:	ddbfc0ef          	jal	ra,6334 <__muldf3>
    955e:	862a                	mv	a2,a0
    9560:	86ae                	mv	a3,a1
    9562:	8562                	mv	a0,s8
    9564:	85e6                	mv	a1,s9
    9566:	a86fd0ef          	jal	ra,67ec <__subdf3>
    956a:	030d0793          	addi	a5,s10,48
    956e:	fef90fa3          	sb	a5,-1(s2)
    9572:	862a                	mv	a2,a0
    9574:	86ae                	mv	a3,a1
    9576:	8a4a                	mv	s4,s2
    9578:	072d9d63          	bne	s11,s2,95f2 <_dtoa_r+0x7b4>
    957c:	557000ef          	jal	ra,a2d2 <__adddf3>
    9580:	865a                	mv	a2,s6
    9582:	86de                	mv	a3,s7
    9584:	8c2a                	mv	s8,a0
    9586:	8cae                	mv	s9,a1
    9588:	4e4010ef          	jal	ra,aa6c <__gedf2>
    958c:	02a04a63          	bgtz	a0,95c0 <_dtoa_r+0x782>
    9590:	865a                	mv	a2,s6
    9592:	86de                	mv	a3,s7
    9594:	8562                	mv	a0,s8
    9596:	85e6                	mv	a1,s9
    9598:	46a010ef          	jal	ra,aa02 <__eqdf2>
    959c:	e501                	bnez	a0,95a4 <_dtoa_r+0x766>
    959e:	001d7793          	andi	a5,s10,1
    95a2:	ef99                	bnez	a5,95c0 <_dtoa_r+0x782>
    95a4:	85ce                	mv	a1,s3
    95a6:	8526                	mv	a0,s1
    95a8:	2b1d                	jal	9ade <_Bfree>
    95aa:	57c2                	lw	a5,48(sp)
    95ac:	000a0023          	sb	zero,0(s4)
    95b0:	0405                	addi	s0,s0,1
    95b2:	c380                	sw	s0,0(a5)
    95b4:	47d2                	lw	a5,20(sp)
    95b6:	94078ae3          	beqz	a5,8f0a <_dtoa_r+0xcc>
    95ba:	0147a023          	sw	s4,0(a5)
    95be:	b2b1                	j	8f0a <_dtoa_r+0xcc>
    95c0:	8d22                	mv	s10,s0
    95c2:	03900713          	li	a4,57
    95c6:	fffa4683          	lbu	a3,-1(s4)
    95ca:	fffa0793          	addi	a5,s4,-1
    95ce:	00e69a63          	bne	a3,a4,95e2 <_dtoa_r+0x7a4>
    95d2:	4682                	lw	a3,0(sp)
    95d4:	00f69d63          	bne	a3,a5,95ee <_dtoa_r+0x7b0>
    95d8:	03000713          	li	a4,48
    95dc:	0d05                	addi	s10,s10,1
    95de:	00e68023          	sb	a4,0(a3)
    95e2:	0007c703          	lbu	a4,0(a5)
    95e6:	0705                	addi	a4,a4,1
    95e8:	00e78023          	sb	a4,0(a5)
    95ec:	b705                	j	950c <_dtoa_r+0x6ce>
    95ee:	8a3e                	mv	s4,a5
    95f0:	bfd9                	j	95c6 <_dtoa_r+0x788>
    95f2:	000aa603          	lw	a2,0(s5)
    95f6:	004aa683          	lw	a3,4(s5)
    95fa:	0905                	addi	s2,s2,1
    95fc:	d39fc0ef          	jal	ra,6334 <__muldf3>
    9600:	4601                	li	a2,0
    9602:	4681                	li	a3,0
    9604:	8c2a                	mv	s8,a0
    9606:	8cae                	mv	s9,a1
    9608:	3fa010ef          	jal	ra,aa02 <__eqdf2>
    960c:	f915                	bnez	a0,9540 <_dtoa_r+0x702>
    960e:	bf59                	j	95a4 <_dtoa_r+0x766>
    9610:	4742                	lw	a4,16(sp)
    9612:	0e070d63          	beqz	a4,970c <_dtoa_r+0x8ce>
    9616:	4692                	lw	a3,4(sp)
    9618:	4705                	li	a4,1
    961a:	0cd74263          	blt	a4,a3,96de <_dtoa_r+0x8a0>
    961e:	5762                	lw	a4,56(sp)
    9620:	43378793          	addi	a5,a5,1075
    9624:	e709                	bnez	a4,962e <_dtoa_r+0x7f0>
    9626:	4726                	lw	a4,72(sp)
    9628:	03600793          	li	a5,54
    962c:	8f99                	sub	a5,a5,a4
    962e:	8d56                	mv	s10,s5
    9630:	8cda                	mv	s9,s6
    9632:	4585                	li	a1,1
    9634:	8526                	mv	a0,s1
    9636:	9b3e                	add	s6,s6,a5
    9638:	9bbe                	add	s7,s7,a5
    963a:	630000ef          	jal	ra,9c6a <__i2b>
    963e:	892a                	mv	s2,a0
    9640:	01905e63          	blez	s9,965c <_dtoa_r+0x81e>
    9644:	01705c63          	blez	s7,965c <_dtoa_r+0x81e>
    9648:	87e6                	mv	a5,s9
    964a:	019bd363          	bge	s7,s9,9650 <_dtoa_r+0x812>
    964e:	87de                	mv	a5,s7
    9650:	40fb0b33          	sub	s6,s6,a5
    9654:	40fc8cb3          	sub	s9,s9,a5
    9658:	40fb8bb3          	sub	s7,s7,a5
    965c:	020a8e63          	beqz	s5,9698 <_dtoa_r+0x85a>
    9660:	47c2                	lw	a5,16(sp)
    9662:	cbcd                	beqz	a5,9714 <_dtoa_r+0x8d6>
    9664:	03a05263          	blez	s10,9688 <_dtoa_r+0x84a>
    9668:	85ca                	mv	a1,s2
    966a:	866a                	mv	a2,s10
    966c:	8526                	mv	a0,s1
    966e:	75c000ef          	jal	ra,9dca <__pow5mult>
    9672:	864e                	mv	a2,s3
    9674:	85aa                	mv	a1,a0
    9676:	892a                	mv	s2,a0
    9678:	8526                	mv	a0,s1
    967a:	2531                	jal	9c86 <__multiply>
    967c:	ce2a                	sw	a0,28(sp)
    967e:	85ce                	mv	a1,s3
    9680:	8526                	mv	a0,s1
    9682:	29b1                	jal	9ade <_Bfree>
    9684:	47f2                	lw	a5,28(sp)
    9686:	89be                	mv	s3,a5
    9688:	41aa8633          	sub	a2,s5,s10
    968c:	c611                	beqz	a2,9698 <_dtoa_r+0x85a>
    968e:	85ce                	mv	a1,s3
    9690:	8526                	mv	a0,s1
    9692:	738000ef          	jal	ra,9dca <__pow5mult>
    9696:	89aa                	mv	s3,a0
    9698:	4585                	li	a1,1
    969a:	8526                	mv	a0,s1
    969c:	23f9                	jal	9c6a <__i2b>
    969e:	47e2                	lw	a5,24(sp)
    96a0:	8aaa                	mv	s5,a0
    96a2:	06f05b63          	blez	a5,9718 <_dtoa_r+0x8da>
    96a6:	863e                	mv	a2,a5
    96a8:	85aa                	mv	a1,a0
    96aa:	8526                	mv	a0,s1
    96ac:	71e000ef          	jal	ra,9dca <__pow5mult>
    96b0:	4712                	lw	a4,4(sp)
    96b2:	4785                	li	a5,1
    96b4:	8aaa                	mv	s5,a0
    96b6:	4d01                	li	s10,0
    96b8:	06e7c863          	blt	a5,a4,9728 <_dtoa_r+0x8ea>
    96bc:	4d01                	li	s10,0
    96be:	060a1263          	bnez	s4,9722 <_dtoa_r+0x8e4>
    96c2:	00cc1793          	slli	a5,s8,0xc
    96c6:	8d52                	mv	s10,s4
    96c8:	efa9                	bnez	a5,9722 <_dtoa_r+0x8e4>
    96ca:	7ff005b7          	lui	a1,0x7ff00
    96ce:	00bc7c33          	and	s8,s8,a1
    96d2:	040c0863          	beqz	s8,9722 <_dtoa_r+0x8e4>
    96d6:	0b05                	addi	s6,s6,1
    96d8:	0b85                	addi	s7,s7,1
    96da:	4d05                	li	s10,1
    96dc:	a099                	j	9722 <_dtoa_r+0x8e4>
    96de:	fffd8d13          	addi	s10,s11,-1 # 7fffffff <_eusrstack+0x5fffafff>
    96e2:	01aaca63          	blt	s5,s10,96f6 <_dtoa_r+0x8b8>
    96e6:	41aa8d33          	sub	s10,s5,s10
    96ea:	000dde63          	bgez	s11,9706 <_dtoa_r+0x8c8>
    96ee:	41bb0cb3          	sub	s9,s6,s11
    96f2:	4781                	li	a5,0
    96f4:	bf3d                	j	9632 <_dtoa_r+0x7f4>
    96f6:	47e2                	lw	a5,24(sp)
    96f8:	415d0ab3          	sub	s5,s10,s5
    96fc:	97d6                	add	a5,a5,s5
    96fe:	cc3e                	sw	a5,24(sp)
    9700:	8aea                	mv	s5,s10
    9702:	4d01                	li	s10,0
    9704:	b7dd                	j	96ea <_dtoa_r+0x8ac>
    9706:	8cda                	mv	s9,s6
    9708:	87ee                	mv	a5,s11
    970a:	b725                	j	9632 <_dtoa_r+0x7f4>
    970c:	8d56                	mv	s10,s5
    970e:	8cda                	mv	s9,s6
    9710:	4901                	li	s2,0
    9712:	b73d                	j	9640 <_dtoa_r+0x802>
    9714:	8656                	mv	a2,s5
    9716:	bfa5                	j	968e <_dtoa_r+0x850>
    9718:	4712                	lw	a4,4(sp)
    971a:	4785                	li	a5,1
    971c:	4d01                	li	s10,0
    971e:	f8e7dfe3          	bge	a5,a4,96bc <_dtoa_r+0x87e>
    9722:	47e2                	lw	a5,24(sp)
    9724:	4505                	li	a0,1
    9726:	cf81                	beqz	a5,973e <_dtoa_r+0x900>
    9728:	010aa783          	lw	a5,16(s5)
    972c:	078d                	addi	a5,a5,3
    972e:	078a                	slli	a5,a5,0x2
    9730:	97d6                	add	a5,a5,s5
    9732:	43c8                	lw	a0,4(a5)
    9734:	2159                	jal	9bba <__hi0bits>
    9736:	02000793          	li	a5,32
    973a:	40a78533          	sub	a0,a5,a0
    973e:	955e                	add	a0,a0,s7
    9740:	897d                	andi	a0,a0,31
    9742:	c141                	beqz	a0,97c2 <_dtoa_r+0x984>
    9744:	02000793          	li	a5,32
    9748:	8f89                	sub	a5,a5,a0
    974a:	4711                	li	a4,4
    974c:	06f75863          	bge	a4,a5,97bc <_dtoa_r+0x97e>
    9750:	47f1                	li	a5,28
    9752:	40a78533          	sub	a0,a5,a0
    9756:	9b2a                	add	s6,s6,a0
    9758:	9caa                	add	s9,s9,a0
    975a:	9baa                	add	s7,s7,a0
    975c:	01605863          	blez	s6,976c <_dtoa_r+0x92e>
    9760:	85ce                	mv	a1,s3
    9762:	865a                	mv	a2,s6
    9764:	8526                	mv	a0,s1
    9766:	722000ef          	jal	ra,9e88 <__lshift>
    976a:	89aa                	mv	s3,a0
    976c:	01705863          	blez	s7,977c <_dtoa_r+0x93e>
    9770:	85d6                	mv	a1,s5
    9772:	865e                	mv	a2,s7
    9774:	8526                	mv	a0,s1
    9776:	712000ef          	jal	ra,9e88 <__lshift>
    977a:	8aaa                	mv	s5,a0
    977c:	57b2                	lw	a5,44(sp)
    977e:	c7a1                	beqz	a5,97c6 <_dtoa_r+0x988>
    9780:	85d6                	mv	a1,s5
    9782:	854e                	mv	a0,s3
    9784:	7d2000ef          	jal	ra,9f56 <__mcmp>
    9788:	02055f63          	bgez	a0,97c6 <_dtoa_r+0x988>
    978c:	85ce                	mv	a1,s3
    978e:	4681                	li	a3,0
    9790:	4629                	li	a2,10
    9792:	8526                	mv	a0,s1
    9794:	2679                	jal	9b22 <__multadd>
    9796:	47c2                	lw	a5,16(sp)
    9798:	147d                	addi	s0,s0,-1
    979a:	89aa                	mv	s3,a0
    979c:	24078e63          	beqz	a5,99f8 <_dtoa_r+0xbba>
    97a0:	85ca                	mv	a1,s2
    97a2:	4681                	li	a3,0
    97a4:	4629                	li	a2,10
    97a6:	8526                	mv	a0,s1
    97a8:	2ead                	jal	9b22 <__multadd>
    97aa:	47a2                	lw	a5,8(sp)
    97ac:	892a                	mv	s2,a0
    97ae:	08f04163          	bgtz	a5,9830 <_dtoa_r+0x9f2>
    97b2:	4712                	lw	a4,4(sp)
    97b4:	4789                	li	a5,2
    97b6:	06e7dd63          	bge	a5,a4,9830 <_dtoa_r+0x9f2>
    97ba:	a829                	j	97d4 <_dtoa_r+0x996>
    97bc:	fae780e3          	beq	a5,a4,975c <_dtoa_r+0x91e>
    97c0:	853e                	mv	a0,a5
    97c2:	0571                	addi	a0,a0,28
    97c4:	bf49                	j	9756 <_dtoa_r+0x918>
    97c6:	07b04163          	bgtz	s11,9828 <_dtoa_r+0x9ea>
    97ca:	4712                	lw	a4,4(sp)
    97cc:	4789                	li	a5,2
    97ce:	04e7dd63          	bge	a5,a4,9828 <_dtoa_r+0x9ea>
    97d2:	c46e                	sw	s11,8(sp)
    97d4:	47a2                	lw	a5,8(sp)
    97d6:	ef89                	bnez	a5,97f0 <_dtoa_r+0x9b2>
    97d8:	85d6                	mv	a1,s5
    97da:	4681                	li	a3,0
    97dc:	4615                	li	a2,5
    97de:	8526                	mv	a0,s1
    97e0:	2689                	jal	9b22 <__multadd>
    97e2:	8aaa                	mv	s5,a0
    97e4:	85aa                	mv	a1,a0
    97e6:	854e                	mv	a0,s3
    97e8:	76e000ef          	jal	ra,9f56 <__mcmp>
    97ec:	b6a045e3          	bgtz	a0,9356 <_dtoa_r+0x518>
    97f0:	47b2                	lw	a5,12(sp)
    97f2:	4a02                	lw	s4,0(sp)
    97f4:	fff7c413          	not	s0,a5
    97f8:	4b01                	li	s6,0
    97fa:	85d6                	mv	a1,s5
    97fc:	8526                	mv	a0,s1
    97fe:	24c5                	jal	9ade <_Bfree>
    9800:	da0902e3          	beqz	s2,95a4 <_dtoa_r+0x766>
    9804:	000b0763          	beqz	s6,9812 <_dtoa_r+0x9d4>
    9808:	012b0563          	beq	s6,s2,9812 <_dtoa_r+0x9d4>
    980c:	85da                	mv	a1,s6
    980e:	8526                	mv	a0,s1
    9810:	24f9                	jal	9ade <_Bfree>
    9812:	85ca                	mv	a1,s2
    9814:	8526                	mv	a0,s1
    9816:	24e1                	jal	9ade <_Bfree>
    9818:	b371                	j	95a4 <_dtoa_r+0x766>
    981a:	4a81                	li	s5,0
    981c:	4901                	li	s2,0
    981e:	bfc9                	j	97f0 <_dtoa_r+0x9b2>
    9820:	846a                	mv	s0,s10
    9822:	4a81                	li	s5,0
    9824:	4901                	li	s2,0
    9826:	be05                	j	9356 <_dtoa_r+0x518>
    9828:	47c2                	lw	a5,16(sp)
    982a:	c46e                	sw	s11,8(sp)
    982c:	1c078d63          	beqz	a5,9a06 <_dtoa_r+0xbc8>
    9830:	01905863          	blez	s9,9840 <_dtoa_r+0xa02>
    9834:	85ca                	mv	a1,s2
    9836:	8666                	mv	a2,s9
    9838:	8526                	mv	a0,s1
    983a:	64e000ef          	jal	ra,9e88 <__lshift>
    983e:	892a                	mv	s2,a0
    9840:	854a                	mv	a0,s2
    9842:	020d0563          	beqz	s10,986c <_dtoa_r+0xa2e>
    9846:	00492583          	lw	a1,4(s2)
    984a:	8526                	mv	a0,s1
    984c:	2429                	jal	9a56 <_Balloc>
    984e:	01092603          	lw	a2,16(s2)
    9852:	8b2a                	mv	s6,a0
    9854:	00c90593          	addi	a1,s2,12
    9858:	0609                	addi	a2,a2,2
    985a:	060a                	slli	a2,a2,0x2
    985c:	0531                	addi	a0,a0,12
    985e:	c85fe0ef          	jal	ra,84e2 <memcpy>
    9862:	4605                	li	a2,1
    9864:	85da                	mv	a1,s6
    9866:	8526                	mv	a0,s1
    9868:	620000ef          	jal	ra,9e88 <__lshift>
    986c:	4782                	lw	a5,0(sp)
    986e:	4722                	lw	a4,8(sp)
    9870:	8b4a                	mv	s6,s2
    9872:	00178c13          	addi	s8,a5,1
    9876:	97ba                	add	a5,a5,a4
    9878:	c63e                	sw	a5,12(sp)
    987a:	001a7793          	andi	a5,s4,1
    987e:	892a                	mv	s2,a0
    9880:	c43e                	sw	a5,8(sp)
    9882:	85d6                	mv	a1,s5
    9884:	854e                	mv	a0,s3
    9886:	c7eff0ef          	jal	ra,8d04 <quorem>
    988a:	85da                	mv	a1,s6
    988c:	8d2a                	mv	s10,a0
    988e:	03050d93          	addi	s11,a0,48
    9892:	854e                	mv	a0,s3
    9894:	6c2000ef          	jal	ra,9f56 <__mcmp>
    9898:	864a                	mv	a2,s2
    989a:	8baa                	mv	s7,a0
    989c:	85d6                	mv	a1,s5
    989e:	8526                	mv	a0,s1
    98a0:	6e8000ef          	jal	ra,9f88 <__mdiff>
    98a4:	4550                	lw	a2,12(a0)
    98a6:	fffc0c93          	addi	s9,s8,-1
    98aa:	8a2a                	mv	s4,a0
    98ac:	4705                	li	a4,1
    98ae:	e611                	bnez	a2,98ba <_dtoa_r+0xa7c>
    98b0:	85aa                	mv	a1,a0
    98b2:	854e                	mv	a0,s3
    98b4:	6a2000ef          	jal	ra,9f56 <__mcmp>
    98b8:	872a                	mv	a4,a0
    98ba:	85d2                	mv	a1,s4
    98bc:	8526                	mv	a0,s1
    98be:	c83a                	sw	a4,16(sp)
    98c0:	2c39                	jal	9ade <_Bfree>
    98c2:	4792                	lw	a5,4(sp)
    98c4:	4742                	lw	a4,16(sp)
    98c6:	8a62                	mv	s4,s8
    98c8:	00e7e6b3          	or	a3,a5,a4
    98cc:	47a2                	lw	a5,8(sp)
    98ce:	8edd                	or	a3,a3,a5
    98d0:	ee81                	bnez	a3,98e8 <_dtoa_r+0xaaa>
    98d2:	03900713          	li	a4,57
    98d6:	04ed8763          	beq	s11,a4,9924 <_dtoa_r+0xae6>
    98da:	01705463          	blez	s7,98e2 <_dtoa_r+0xaa4>
    98de:	031d0d93          	addi	s11,s10,49
    98e2:	01bc8023          	sb	s11,0(s9)
    98e6:	bf11                	j	97fa <_dtoa_r+0x9bc>
    98e8:	000bca63          	bltz	s7,98fc <_dtoa_r+0xabe>
    98ec:	4792                	lw	a5,4(sp)
    98ee:	0177ebb3          	or	s7,a5,s7
    98f2:	47a2                	lw	a5,8(sp)
    98f4:	00fbebb3          	or	s7,s7,a5
    98f8:	040b9463          	bnez	s7,9940 <_dtoa_r+0xb02>
    98fc:	fee053e3          	blez	a4,98e2 <_dtoa_r+0xaa4>
    9900:	85ce                	mv	a1,s3
    9902:	4605                	li	a2,1
    9904:	8526                	mv	a0,s1
    9906:	2349                	jal	9e88 <__lshift>
    9908:	85d6                	mv	a1,s5
    990a:	89aa                	mv	s3,a0
    990c:	64a000ef          	jal	ra,9f56 <__mcmp>
    9910:	00a04663          	bgtz	a0,991c <_dtoa_r+0xade>
    9914:	f579                	bnez	a0,98e2 <_dtoa_r+0xaa4>
    9916:	001df713          	andi	a4,s11,1
    991a:	d761                	beqz	a4,98e2 <_dtoa_r+0xaa4>
    991c:	03900713          	li	a4,57
    9920:	faed9fe3          	bne	s11,a4,98de <_dtoa_r+0xaa0>
    9924:	03900793          	li	a5,57
    9928:	00fc8023          	sb	a5,0(s9)
    992c:	03900693          	li	a3,57
    9930:	fffa4783          	lbu	a5,-1(s4)
    9934:	fffa0713          	addi	a4,s4,-1
    9938:	08d78663          	beq	a5,a3,99c4 <_dtoa_r+0xb86>
    993c:	0785                	addi	a5,a5,1
    993e:	a851                	j	99d2 <_dtoa_r+0xb94>
    9940:	00e05b63          	blez	a4,9956 <_dtoa_r+0xb18>
    9944:	03900713          	li	a4,57
    9948:	fced8ee3          	beq	s11,a4,9924 <_dtoa_r+0xae6>
    994c:	001d8793          	addi	a5,s11,1
    9950:	00fc8023          	sb	a5,0(s9)
    9954:	b55d                	j	97fa <_dtoa_r+0x9bc>
    9956:	47b2                	lw	a5,12(sp)
    9958:	ffbc0fa3          	sb	s11,-1(s8)
    995c:	03878d63          	beq	a5,s8,9996 <_dtoa_r+0xb58>
    9960:	85ce                	mv	a1,s3
    9962:	4681                	li	a3,0
    9964:	4629                	li	a2,10
    9966:	8526                	mv	a0,s1
    9968:	2a6d                	jal	9b22 <__multadd>
    996a:	89aa                	mv	s3,a0
    996c:	4681                	li	a3,0
    996e:	4629                	li	a2,10
    9970:	85da                	mv	a1,s6
    9972:	8526                	mv	a0,s1
    9974:	012b1763          	bne	s6,s2,9982 <_dtoa_r+0xb44>
    9978:	226d                	jal	9b22 <__multadd>
    997a:	8b2a                	mv	s6,a0
    997c:	892a                	mv	s2,a0
    997e:	0c05                	addi	s8,s8,1
    9980:	b709                	j	9882 <_dtoa_r+0xa44>
    9982:	2245                	jal	9b22 <__multadd>
    9984:	85ca                	mv	a1,s2
    9986:	8b2a                	mv	s6,a0
    9988:	4681                	li	a3,0
    998a:	4629                	li	a2,10
    998c:	8526                	mv	a0,s1
    998e:	2a51                	jal	9b22 <__multadd>
    9990:	892a                	mv	s2,a0
    9992:	b7f5                	j	997e <_dtoa_r+0xb40>
    9994:	4b01                	li	s6,0
    9996:	85ce                	mv	a1,s3
    9998:	4605                	li	a2,1
    999a:	8526                	mv	a0,s1
    999c:	21f5                	jal	9e88 <__lshift>
    999e:	85d6                	mv	a1,s5
    99a0:	89aa                	mv	s3,a0
    99a2:	2b55                	jal	9f56 <__mcmp>
    99a4:	f8a044e3          	bgtz	a0,992c <_dtoa_r+0xaee>
    99a8:	e501                	bnez	a0,99b0 <_dtoa_r+0xb72>
    99aa:	001df793          	andi	a5,s11,1
    99ae:	ffbd                	bnez	a5,992c <_dtoa_r+0xaee>
    99b0:	03000793          	li	a5,48
    99b4:	fffa4703          	lbu	a4,-1(s4)
    99b8:	fffa0693          	addi	a3,s4,-1
    99bc:	e2f71fe3          	bne	a4,a5,97fa <_dtoa_r+0x9bc>
    99c0:	8a36                	mv	s4,a3
    99c2:	bfcd                	j	99b4 <_dtoa_r+0xb76>
    99c4:	4782                	lw	a5,0(sp)
    99c6:	00e79963          	bne	a5,a4,99d8 <_dtoa_r+0xb9a>
    99ca:	4702                	lw	a4,0(sp)
    99cc:	0405                	addi	s0,s0,1
    99ce:	03100793          	li	a5,49
    99d2:	00f70023          	sb	a5,0(a4)
    99d6:	b515                	j	97fa <_dtoa_r+0x9bc>
    99d8:	8a3a                	mv	s4,a4
    99da:	bf99                	j	9930 <_dtoa_r+0xaf2>
    99dc:	4752                	lw	a4,20(sp)
    99de:	00002797          	auipc	a5,0x2
    99e2:	28278793          	addi	a5,a5,642 # bc60 <__clz_tab+0x168>
    99e6:	c03e                	sw	a5,0(sp)
    99e8:	00002797          	auipc	a5,0x2
    99ec:	28078793          	addi	a5,a5,640 # bc68 <__clz_tab+0x170>
    99f0:	d0071b63          	bnez	a4,8f06 <_dtoa_r+0xc8>
    99f4:	d16ff06f          	j	8f0a <_dtoa_r+0xcc>
    99f8:	47a2                	lw	a5,8(sp)
    99fa:	00f04663          	bgtz	a5,9a06 <_dtoa_r+0xbc8>
    99fe:	4712                	lw	a4,4(sp)
    9a00:	4789                	li	a5,2
    9a02:	dce7c9e3          	blt	a5,a4,97d4 <_dtoa_r+0x996>
    9a06:	4a02                	lw	s4,0(sp)
    9a08:	85d6                	mv	a1,s5
    9a0a:	854e                	mv	a0,s3
    9a0c:	af8ff0ef          	jal	ra,8d04 <quorem>
    9a10:	4782                	lw	a5,0(sp)
    9a12:	0a05                	addi	s4,s4,1
    9a14:	03050d93          	addi	s11,a0,48
    9a18:	40fa0733          	sub	a4,s4,a5
    9a1c:	47a2                	lw	a5,8(sp)
    9a1e:	ffba0fa3          	sb	s11,-1(s4)
    9a22:	f6f759e3          	bge	a4,a5,9994 <_dtoa_r+0xb56>
    9a26:	85ce                	mv	a1,s3
    9a28:	4681                	li	a3,0
    9a2a:	4629                	li	a2,10
    9a2c:	8526                	mv	a0,s1
    9a2e:	28d5                	jal	9b22 <__multadd>
    9a30:	89aa                	mv	s3,a0
    9a32:	bfd9                	j	9a08 <_dtoa_r+0xbca>

00009a34 <_localeconv_r>:
    9a34:	81818793          	addi	a5,gp,-2024 # 20000208 <_impure_ptr>
    9a38:	439c                	lw	a5,0(a5)
    9a3a:	5388                	lw	a0,32(a5)
    9a3c:	e509                	bnez	a0,9a46 <_localeconv_r+0x12>
    9a3e:	1fff6517          	auipc	a0,0x1fff6
    9a42:	64250513          	addi	a0,a0,1602 # 20000080 <__global_locale>
    9a46:	0f050513          	addi	a0,a0,240
    9a4a:	8082                	ret

00009a4c <malloc>:
    9a4c:	81818793          	addi	a5,gp,-2024 # 20000208 <_impure_ptr>
    9a50:	85aa                	mv	a1,a0
    9a52:	4388                	lw	a0,0(a5)
    9a54:	a705                	j	a174 <_malloc_r>

00009a56 <_Balloc>:
    9a56:	515c                	lw	a5,36(a0)
    9a58:	1141                	addi	sp,sp,-16
    9a5a:	c422                	sw	s0,8(sp)
    9a5c:	c04a                	sw	s2,0(sp)
    9a5e:	c606                	sw	ra,12(sp)
    9a60:	c226                	sw	s1,4(sp)
    9a62:	842a                	mv	s0,a0
    9a64:	892e                	mv	s2,a1
    9a66:	ef89                	bnez	a5,9a80 <_Balloc+0x2a>
    9a68:	4541                	li	a0,16
    9a6a:	fe3ff0ef          	jal	ra,9a4c <malloc>
    9a6e:	d048                	sw	a0,36(s0)
    9a70:	00052223          	sw	zero,4(a0)
    9a74:	00052423          	sw	zero,8(a0)
    9a78:	00052023          	sw	zero,0(a0)
    9a7c:	00052623          	sw	zero,12(a0)
    9a80:	5044                	lw	s1,36(s0)
    9a82:	44dc                	lw	a5,12(s1)
    9a84:	c795                	beqz	a5,9ab0 <_Balloc+0x5a>
    9a86:	5058                	lw	a4,36(s0)
    9a88:	00291793          	slli	a5,s2,0x2
    9a8c:	4758                	lw	a4,12(a4)
    9a8e:	97ba                	add	a5,a5,a4
    9a90:	4388                	lw	a0,0(a5)
    9a92:	ed1d                	bnez	a0,9ad0 <_Balloc+0x7a>
    9a94:	4485                	li	s1,1
    9a96:	012494b3          	sll	s1,s1,s2
    9a9a:	00548613          	addi	a2,s1,5
    9a9e:	060a                	slli	a2,a2,0x2
    9aa0:	4585                	li	a1,1
    9aa2:	8522                	mv	a0,s0
    9aa4:	256d                	jal	a14e <_calloc_r>
    9aa6:	cd11                	beqz	a0,9ac2 <_Balloc+0x6c>
    9aa8:	01252223          	sw	s2,4(a0)
    9aac:	c504                	sw	s1,8(a0)
    9aae:	a01d                	j	9ad4 <_Balloc+0x7e>
    9ab0:	02100613          	li	a2,33
    9ab4:	4591                	li	a1,4
    9ab6:	8522                	mv	a0,s0
    9ab8:	2d59                	jal	a14e <_calloc_r>
    9aba:	505c                	lw	a5,36(s0)
    9abc:	c4c8                	sw	a0,12(s1)
    9abe:	47dc                	lw	a5,12(a5)
    9ac0:	f3f9                	bnez	a5,9a86 <_Balloc+0x30>
    9ac2:	4501                	li	a0,0
    9ac4:	40b2                	lw	ra,12(sp)
    9ac6:	4422                	lw	s0,8(sp)
    9ac8:	4492                	lw	s1,4(sp)
    9aca:	4902                	lw	s2,0(sp)
    9acc:	0141                	addi	sp,sp,16
    9ace:	8082                	ret
    9ad0:	4118                	lw	a4,0(a0)
    9ad2:	c398                	sw	a4,0(a5)
    9ad4:	00052823          	sw	zero,16(a0)
    9ad8:	00052623          	sw	zero,12(a0)
    9adc:	b7e5                	j	9ac4 <_Balloc+0x6e>

00009ade <_Bfree>:
    9ade:	515c                	lw	a5,36(a0)
    9ae0:	1101                	addi	sp,sp,-32
    9ae2:	cc22                	sw	s0,24(sp)
    9ae4:	ce06                	sw	ra,28(sp)
    9ae6:	842a                	mv	s0,a0
    9ae8:	ef99                	bnez	a5,9b06 <_Bfree+0x28>
    9aea:	4541                	li	a0,16
    9aec:	c62e                	sw	a1,12(sp)
    9aee:	f5fff0ef          	jal	ra,9a4c <malloc>
    9af2:	45b2                	lw	a1,12(sp)
    9af4:	d048                	sw	a0,36(s0)
    9af6:	00052223          	sw	zero,4(a0)
    9afa:	00052423          	sw	zero,8(a0)
    9afe:	00052023          	sw	zero,0(a0)
    9b02:	00052623          	sw	zero,12(a0)
    9b06:	c991                	beqz	a1,9b1a <_Bfree+0x3c>
    9b08:	5054                	lw	a3,36(s0)
    9b0a:	41dc                	lw	a5,4(a1)
    9b0c:	00279713          	slli	a4,a5,0x2
    9b10:	46dc                	lw	a5,12(a3)
    9b12:	97ba                	add	a5,a5,a4
    9b14:	4398                	lw	a4,0(a5)
    9b16:	c198                	sw	a4,0(a1)
    9b18:	c38c                	sw	a1,0(a5)
    9b1a:	40f2                	lw	ra,28(sp)
    9b1c:	4462                	lw	s0,24(sp)
    9b1e:	6105                	addi	sp,sp,32
    9b20:	8082                	ret

00009b22 <__multadd>:
    9b22:	7179                	addi	sp,sp,-48
    9b24:	ce4e                	sw	s3,28(sp)
    9b26:	89aa                	mv	s3,a0
    9b28:	6541                	lui	a0,0x10
    9b2a:	d422                	sw	s0,40(sp)
    9b2c:	d226                	sw	s1,36(sp)
    9b2e:	842e                	mv	s0,a1
    9b30:	4984                	lw	s1,16(a1)
    9b32:	d606                	sw	ra,44(sp)
    9b34:	d04a                	sw	s2,32(sp)
    9b36:	05d1                	addi	a1,a1,20
    9b38:	4801                	li	a6,0
    9b3a:	157d                	addi	a0,a0,-1
    9b3c:	419c                	lw	a5,0(a1)
    9b3e:	0591                	addi	a1,a1,4
    9b40:	0805                	addi	a6,a6,1
    9b42:	00a7f733          	and	a4,a5,a0
    9b46:	02c70733          	mul	a4,a4,a2
    9b4a:	83c1                	srli	a5,a5,0x10
    9b4c:	02c787b3          	mul	a5,a5,a2
    9b50:	9736                	add	a4,a4,a3
    9b52:	01075693          	srli	a3,a4,0x10
    9b56:	8f69                	and	a4,a4,a0
    9b58:	97b6                	add	a5,a5,a3
    9b5a:	0107d693          	srli	a3,a5,0x10
    9b5e:	07c2                	slli	a5,a5,0x10
    9b60:	97ba                	add	a5,a5,a4
    9b62:	fef5ae23          	sw	a5,-4(a1) # 7feffffc <_eusrstack+0x5fefaffc>
    9b66:	fc984be3          	blt	a6,s1,9b3c <__multadd+0x1a>
    9b6a:	c2a1                	beqz	a3,9baa <__multadd+0x88>
    9b6c:	441c                	lw	a5,8(s0)
    9b6e:	02f4c763          	blt	s1,a5,9b9c <__multadd+0x7a>
    9b72:	404c                	lw	a1,4(s0)
    9b74:	854e                	mv	a0,s3
    9b76:	c636                	sw	a3,12(sp)
    9b78:	0585                	addi	a1,a1,1
    9b7a:	eddff0ef          	jal	ra,9a56 <_Balloc>
    9b7e:	4810                	lw	a2,16(s0)
    9b80:	00c40593          	addi	a1,s0,12
    9b84:	892a                	mv	s2,a0
    9b86:	0609                	addi	a2,a2,2
    9b88:	060a                	slli	a2,a2,0x2
    9b8a:	0531                	addi	a0,a0,12
    9b8c:	957fe0ef          	jal	ra,84e2 <memcpy>
    9b90:	85a2                	mv	a1,s0
    9b92:	854e                	mv	a0,s3
    9b94:	f4bff0ef          	jal	ra,9ade <_Bfree>
    9b98:	46b2                	lw	a3,12(sp)
    9b9a:	844a                	mv	s0,s2
    9b9c:	00448793          	addi	a5,s1,4
    9ba0:	078a                	slli	a5,a5,0x2
    9ba2:	97a2                	add	a5,a5,s0
    9ba4:	c3d4                	sw	a3,4(a5)
    9ba6:	0485                	addi	s1,s1,1
    9ba8:	c804                	sw	s1,16(s0)
    9baa:	8522                	mv	a0,s0
    9bac:	50b2                	lw	ra,44(sp)
    9bae:	5422                	lw	s0,40(sp)
    9bb0:	5492                	lw	s1,36(sp)
    9bb2:	5902                	lw	s2,32(sp)
    9bb4:	49f2                	lw	s3,28(sp)
    9bb6:	6145                	addi	sp,sp,48
    9bb8:	8082                	ret

00009bba <__hi0bits>:
    9bba:	7741                	lui	a4,0xffff0
    9bbc:	8f69                	and	a4,a4,a0
    9bbe:	87aa                	mv	a5,a0
    9bc0:	4501                	li	a0,0
    9bc2:	e319                	bnez	a4,9bc8 <__hi0bits+0xe>
    9bc4:	07c2                	slli	a5,a5,0x10
    9bc6:	4541                	li	a0,16
    9bc8:	ff000737          	lui	a4,0xff000
    9bcc:	8f7d                	and	a4,a4,a5
    9bce:	e319                	bnez	a4,9bd4 <__hi0bits+0x1a>
    9bd0:	0521                	addi	a0,a0,8
    9bd2:	07a2                	slli	a5,a5,0x8
    9bd4:	f0000737          	lui	a4,0xf0000
    9bd8:	8f7d                	and	a4,a4,a5
    9bda:	e319                	bnez	a4,9be0 <__hi0bits+0x26>
    9bdc:	0511                	addi	a0,a0,4
    9bde:	0792                	slli	a5,a5,0x4
    9be0:	c0000737          	lui	a4,0xc0000
    9be4:	8f7d                	and	a4,a4,a5
    9be6:	e319                	bnez	a4,9bec <__hi0bits+0x32>
    9be8:	0509                	addi	a0,a0,2
    9bea:	078a                	slli	a5,a5,0x2
    9bec:	0007c963          	bltz	a5,9bfe <__hi0bits+0x44>
    9bf0:	00179713          	slli	a4,a5,0x1
    9bf4:	0505                	addi	a0,a0,1
    9bf6:	00074463          	bltz	a4,9bfe <__hi0bits+0x44>
    9bfa:	02000513          	li	a0,32
    9bfe:	8082                	ret

00009c00 <__lo0bits>:
    9c00:	411c                	lw	a5,0(a0)
    9c02:	0077f713          	andi	a4,a5,7
    9c06:	c30d                	beqz	a4,9c28 <__lo0bits+0x28>
    9c08:	0017f693          	andi	a3,a5,1
    9c0c:	4701                	li	a4,0
    9c0e:	e699                	bnez	a3,9c1c <__lo0bits+0x1c>
    9c10:	0027f713          	andi	a4,a5,2
    9c14:	c711                	beqz	a4,9c20 <__lo0bits+0x20>
    9c16:	8385                	srli	a5,a5,0x1
    9c18:	c11c                	sw	a5,0(a0)
    9c1a:	4705                	li	a4,1
    9c1c:	853a                	mv	a0,a4
    9c1e:	8082                	ret
    9c20:	8389                	srli	a5,a5,0x2
    9c22:	c11c                	sw	a5,0(a0)
    9c24:	4709                	li	a4,2
    9c26:	bfdd                	j	9c1c <__lo0bits+0x1c>
    9c28:	01079693          	slli	a3,a5,0x10
    9c2c:	82c1                	srli	a3,a3,0x10
    9c2e:	4701                	li	a4,0
    9c30:	e299                	bnez	a3,9c36 <__lo0bits+0x36>
    9c32:	83c1                	srli	a5,a5,0x10
    9c34:	4741                	li	a4,16
    9c36:	0ff7f693          	andi	a3,a5,255
    9c3a:	e299                	bnez	a3,9c40 <__lo0bits+0x40>
    9c3c:	0721                	addi	a4,a4,8
    9c3e:	83a1                	srli	a5,a5,0x8
    9c40:	00f7f693          	andi	a3,a5,15
    9c44:	e299                	bnez	a3,9c4a <__lo0bits+0x4a>
    9c46:	0711                	addi	a4,a4,4
    9c48:	8391                	srli	a5,a5,0x4
    9c4a:	0037f693          	andi	a3,a5,3
    9c4e:	e299                	bnez	a3,9c54 <__lo0bits+0x54>
    9c50:	0709                	addi	a4,a4,2
    9c52:	8389                	srli	a5,a5,0x2
    9c54:	0017f693          	andi	a3,a5,1
    9c58:	e681                	bnez	a3,9c60 <__lo0bits+0x60>
    9c5a:	8385                	srli	a5,a5,0x1
    9c5c:	0705                	addi	a4,a4,1
    9c5e:	c399                	beqz	a5,9c64 <__lo0bits+0x64>
    9c60:	c11c                	sw	a5,0(a0)
    9c62:	bf6d                	j	9c1c <__lo0bits+0x1c>
    9c64:	02000713          	li	a4,32
    9c68:	bf55                	j	9c1c <__lo0bits+0x1c>

00009c6a <__i2b>:
    9c6a:	1141                	addi	sp,sp,-16
    9c6c:	c422                	sw	s0,8(sp)
    9c6e:	842e                	mv	s0,a1
    9c70:	4585                	li	a1,1
    9c72:	c606                	sw	ra,12(sp)
    9c74:	de3ff0ef          	jal	ra,9a56 <_Balloc>
    9c78:	c940                	sw	s0,20(a0)
    9c7a:	40b2                	lw	ra,12(sp)
    9c7c:	4422                	lw	s0,8(sp)
    9c7e:	4705                	li	a4,1
    9c80:	c918                	sw	a4,16(a0)
    9c82:	0141                	addi	sp,sp,16
    9c84:	8082                	ret

00009c86 <__multiply>:
    9c86:	4998                	lw	a4,16(a1)
    9c88:	4a1c                	lw	a5,16(a2)
    9c8a:	7179                	addi	sp,sp,-48
    9c8c:	d226                	sw	s1,36(sp)
    9c8e:	d606                	sw	ra,44(sp)
    9c90:	d422                	sw	s0,40(sp)
    9c92:	d04a                	sw	s2,32(sp)
    9c94:	ce4e                	sw	s3,28(sp)
    9c96:	84ae                	mv	s1,a1
    9c98:	00f75463          	bge	a4,a5,9ca0 <__multiply+0x1a>
    9c9c:	84b2                	mv	s1,a2
    9c9e:	862e                	mv	a2,a1
    9ca0:	0104a983          	lw	s3,16(s1)
    9ca4:	01062903          	lw	s2,16(a2) # 10010 <_data_lma+0x4190>
    9ca8:	449c                	lw	a5,8(s1)
    9caa:	40cc                	lw	a1,4(s1)
    9cac:	01298433          	add	s0,s3,s2
    9cb0:	0087d363          	bge	a5,s0,9cb6 <__multiply+0x30>
    9cb4:	0585                	addi	a1,a1,1
    9cb6:	c632                	sw	a2,12(sp)
    9cb8:	d9fff0ef          	jal	ra,9a56 <_Balloc>
    9cbc:	4632                	lw	a2,12(sp)
    9cbe:	01450813          	addi	a6,a0,20 # 10014 <_data_lma+0x4194>
    9cc2:	00241313          	slli	t1,s0,0x2
    9cc6:	9342                	add	t1,t1,a6
    9cc8:	87c2                	mv	a5,a6
    9cca:	0267ed63          	bltu	a5,t1,9d04 <__multiply+0x7e>
    9cce:	01448593          	addi	a1,s1,20
    9cd2:	00299893          	slli	a7,s3,0x2
    9cd6:	0651                	addi	a2,a2,20
    9cd8:	00291e13          	slli	t3,s2,0x2
    9cdc:	66c1                	lui	a3,0x10
    9cde:	98ae                	add	a7,a7,a1
    9ce0:	9e32                	add	t3,t3,a2
    9ce2:	16fd                	addi	a3,a3,-1
    9ce4:	03c66463          	bltu	a2,t3,9d0c <__multiply+0x86>
    9ce8:	00805663          	blez	s0,9cf4 <__multiply+0x6e>
    9cec:	1371                	addi	t1,t1,-4
    9cee:	00032783          	lw	a5,0(t1)
    9cf2:	cbf1                	beqz	a5,9dc6 <__multiply+0x140>
    9cf4:	c900                	sw	s0,16(a0)
    9cf6:	50b2                	lw	ra,44(sp)
    9cf8:	5422                	lw	s0,40(sp)
    9cfa:	5492                	lw	s1,36(sp)
    9cfc:	5902                	lw	s2,32(sp)
    9cfe:	49f2                	lw	s3,28(sp)
    9d00:	6145                	addi	sp,sp,48
    9d02:	8082                	ret
    9d04:	0007a023          	sw	zero,0(a5)
    9d08:	0791                	addi	a5,a5,4
    9d0a:	b7c1                	j	9cca <__multiply+0x44>
    9d0c:	00062f83          	lw	t6,0(a2)
    9d10:	00dfffb3          	and	t6,t6,a3
    9d14:	040f8a63          	beqz	t6,9d68 <__multiply+0xe2>
    9d18:	8f42                	mv	t5,a6
    9d1a:	82ae                	mv	t0,a1
    9d1c:	4481                	li	s1,0
    9d1e:	0002a703          	lw	a4,0(t0)
    9d22:	000f2383          	lw	t2,0(t5)
    9d26:	0f11                	addi	t5,t5,4
    9d28:	00d77eb3          	and	t4,a4,a3
    9d2c:	03fe8eb3          	mul	t4,t4,t6
    9d30:	00d3f7b3          	and	a5,t2,a3
    9d34:	0103d393          	srli	t2,t2,0x10
    9d38:	0291                	addi	t0,t0,4
    9d3a:	9ebe                	add	t4,t4,a5
    9d3c:	01075793          	srli	a5,a4,0x10
    9d40:	03f787b3          	mul	a5,a5,t6
    9d44:	9ea6                	add	t4,t4,s1
    9d46:	010ed713          	srli	a4,t4,0x10
    9d4a:	00defeb3          	and	t4,t4,a3
    9d4e:	979e                	add	a5,a5,t2
    9d50:	97ba                	add	a5,a5,a4
    9d52:	0107d493          	srli	s1,a5,0x10
    9d56:	07c2                	slli	a5,a5,0x10
    9d58:	01d7e7b3          	or	a5,a5,t4
    9d5c:	feff2e23          	sw	a5,-4(t5)
    9d60:	fb12efe3          	bltu	t0,a7,9d1e <__multiply+0x98>
    9d64:	009f2023          	sw	s1,0(t5)
    9d68:	00265283          	lhu	t0,2(a2)
    9d6c:	04028a63          	beqz	t0,9dc0 <__multiply+0x13a>
    9d70:	00082783          	lw	a5,0(a6)
    9d74:	8ec2                	mv	t4,a6
    9d76:	8f2e                	mv	t5,a1
    9d78:	4f81                	li	t6,0
    9d7a:	000f2703          	lw	a4,0(t5)
    9d7e:	002ed383          	lhu	t2,2(t4)
    9d82:	8ff5                	and	a5,a5,a3
    9d84:	8f75                	and	a4,a4,a3
    9d86:	02570733          	mul	a4,a4,t0
    9d8a:	0e91                	addi	t4,t4,4
    9d8c:	0f11                	addi	t5,t5,4
    9d8e:	971e                	add	a4,a4,t2
    9d90:	977e                	add	a4,a4,t6
    9d92:	01071f93          	slli	t6,a4,0x10
    9d96:	00ffe7b3          	or	a5,t6,a5
    9d9a:	fefeae23          	sw	a5,-4(t4)
    9d9e:	ffef5783          	lhu	a5,-2(t5)
    9da2:	000eaf83          	lw	t6,0(t4)
    9da6:	8341                	srli	a4,a4,0x10
    9da8:	025787b3          	mul	a5,a5,t0
    9dac:	00dfffb3          	and	t6,t6,a3
    9db0:	97fe                	add	a5,a5,t6
    9db2:	97ba                	add	a5,a5,a4
    9db4:	0107df93          	srli	t6,a5,0x10
    9db8:	fd1f61e3          	bltu	t5,a7,9d7a <__multiply+0xf4>
    9dbc:	00fea023          	sw	a5,0(t4)
    9dc0:	0611                	addi	a2,a2,4
    9dc2:	0811                	addi	a6,a6,4
    9dc4:	b705                	j	9ce4 <__multiply+0x5e>
    9dc6:	147d                	addi	s0,s0,-1
    9dc8:	b705                	j	9ce8 <__multiply+0x62>

00009dca <__pow5mult>:
    9dca:	1101                	addi	sp,sp,-32
    9dcc:	ca26                	sw	s1,20(sp)
    9dce:	c84a                	sw	s2,16(sp)
    9dd0:	c64e                	sw	s3,12(sp)
    9dd2:	ce06                	sw	ra,28(sp)
    9dd4:	cc22                	sw	s0,24(sp)
    9dd6:	c452                	sw	s4,8(sp)
    9dd8:	00367793          	andi	a5,a2,3
    9ddc:	892a                	mv	s2,a0
    9dde:	84b2                	mv	s1,a2
    9de0:	89ae                	mv	s3,a1
    9de2:	cf89                	beqz	a5,9dfc <__pow5mult+0x32>
    9de4:	17fd                	addi	a5,a5,-1
    9de6:	00002717          	auipc	a4,0x2
    9dea:	f7a70713          	addi	a4,a4,-134 # bd60 <p05.3319>
    9dee:	078a                	slli	a5,a5,0x2
    9df0:	97ba                	add	a5,a5,a4
    9df2:	4390                	lw	a2,0(a5)
    9df4:	4681                	li	a3,0
    9df6:	d2dff0ef          	jal	ra,9b22 <__multadd>
    9dfa:	89aa                	mv	s3,a0
    9dfc:	8489                	srai	s1,s1,0x2
    9dfe:	cca5                	beqz	s1,9e76 <__pow5mult+0xac>
    9e00:	02492783          	lw	a5,36(s2)
    9e04:	ef91                	bnez	a5,9e20 <__pow5mult+0x56>
    9e06:	4541                	li	a0,16
    9e08:	c45ff0ef          	jal	ra,9a4c <malloc>
    9e0c:	02a92223          	sw	a0,36(s2)
    9e10:	00052223          	sw	zero,4(a0)
    9e14:	00052423          	sw	zero,8(a0)
    9e18:	00052023          	sw	zero,0(a0)
    9e1c:	00052623          	sw	zero,12(a0)
    9e20:	02492a03          	lw	s4,36(s2)
    9e24:	008a2403          	lw	s0,8(s4)
    9e28:	e819                	bnez	s0,9e3e <__pow5mult+0x74>
    9e2a:	27100593          	li	a1,625
    9e2e:	854a                	mv	a0,s2
    9e30:	e3bff0ef          	jal	ra,9c6a <__i2b>
    9e34:	00aa2423          	sw	a0,8(s4)
    9e38:	842a                	mv	s0,a0
    9e3a:	00052023          	sw	zero,0(a0)
    9e3e:	0014f793          	andi	a5,s1,1
    9e42:	cf81                	beqz	a5,9e5a <__pow5mult+0x90>
    9e44:	85ce                	mv	a1,s3
    9e46:	8622                	mv	a2,s0
    9e48:	854a                	mv	a0,s2
    9e4a:	e3dff0ef          	jal	ra,9c86 <__multiply>
    9e4e:	8a2a                	mv	s4,a0
    9e50:	85ce                	mv	a1,s3
    9e52:	854a                	mv	a0,s2
    9e54:	c8bff0ef          	jal	ra,9ade <_Bfree>
    9e58:	89d2                	mv	s3,s4
    9e5a:	8485                	srai	s1,s1,0x1
    9e5c:	cc89                	beqz	s1,9e76 <__pow5mult+0xac>
    9e5e:	4008                	lw	a0,0(s0)
    9e60:	e909                	bnez	a0,9e72 <__pow5mult+0xa8>
    9e62:	8622                	mv	a2,s0
    9e64:	85a2                	mv	a1,s0
    9e66:	854a                	mv	a0,s2
    9e68:	e1fff0ef          	jal	ra,9c86 <__multiply>
    9e6c:	c008                	sw	a0,0(s0)
    9e6e:	00052023          	sw	zero,0(a0)
    9e72:	842a                	mv	s0,a0
    9e74:	b7e9                	j	9e3e <__pow5mult+0x74>
    9e76:	40f2                	lw	ra,28(sp)
    9e78:	4462                	lw	s0,24(sp)
    9e7a:	854e                	mv	a0,s3
    9e7c:	44d2                	lw	s1,20(sp)
    9e7e:	4942                	lw	s2,16(sp)
    9e80:	49b2                	lw	s3,12(sp)
    9e82:	4a22                	lw	s4,8(sp)
    9e84:	6105                	addi	sp,sp,32
    9e86:	8082                	ret

00009e88 <__lshift>:
    9e88:	7179                	addi	sp,sp,-48
    9e8a:	d226                	sw	s1,36(sp)
    9e8c:	84ae                	mv	s1,a1
    9e8e:	ce4e                	sw	s3,28(sp)
    9e90:	0104a983          	lw	s3,16(s1)
    9e94:	d422                	sw	s0,40(sp)
    9e96:	41cc                	lw	a1,4(a1)
    9e98:	40565413          	srai	s0,a2,0x5
    9e9c:	449c                	lw	a5,8(s1)
    9e9e:	99a2                	add	s3,s3,s0
    9ea0:	d04a                	sw	s2,32(sp)
    9ea2:	ca56                	sw	s5,20(sp)
    9ea4:	d606                	sw	ra,44(sp)
    9ea6:	cc52                	sw	s4,24(sp)
    9ea8:	8aaa                	mv	s5,a0
    9eaa:	00198913          	addi	s2,s3,1
    9eae:	0927c463          	blt	a5,s2,9f36 <__lshift+0xae>
    9eb2:	8556                	mv	a0,s5
    9eb4:	c632                	sw	a2,12(sp)
    9eb6:	ba1ff0ef          	jal	ra,9a56 <_Balloc>
    9eba:	4632                	lw	a2,12(sp)
    9ebc:	01450793          	addi	a5,a0,20
    9ec0:	8a2a                	mv	s4,a0
    9ec2:	86be                	mv	a3,a5
    9ec4:	4701                	li	a4,0
    9ec6:	0691                	addi	a3,a3,4
    9ec8:	06874a63          	blt	a4,s0,9f3c <__lshift+0xb4>
    9ecc:	00045363          	bgez	s0,9ed2 <__lshift+0x4a>
    9ed0:	4401                	li	s0,0
    9ed2:	4894                	lw	a3,16(s1)
    9ed4:	040a                	slli	s0,s0,0x2
    9ed6:	00878733          	add	a4,a5,s0
    9eda:	068a                	slli	a3,a3,0x2
    9edc:	01448793          	addi	a5,s1,20
    9ee0:	8a7d                	andi	a2,a2,31
    9ee2:	96be                	add	a3,a3,a5
    9ee4:	c225                	beqz	a2,9f44 <__lshift+0xbc>
    9ee6:	02000813          	li	a6,32
    9eea:	40c80833          	sub	a6,a6,a2
    9eee:	4581                	li	a1,0
    9ef0:	4388                	lw	a0,0(a5)
    9ef2:	0711                	addi	a4,a4,4
    9ef4:	0791                	addi	a5,a5,4
    9ef6:	00c51533          	sll	a0,a0,a2
    9efa:	8dc9                	or	a1,a1,a0
    9efc:	feb72e23          	sw	a1,-4(a4)
    9f00:	ffc7a583          	lw	a1,-4(a5)
    9f04:	0105d5b3          	srl	a1,a1,a6
    9f08:	fed7e4e3          	bltu	a5,a3,9ef0 <__lshift+0x68>
    9f0c:	c30c                	sw	a1,0(a4)
    9f0e:	c199                	beqz	a1,9f14 <__lshift+0x8c>
    9f10:	00298913          	addi	s2,s3,2
    9f14:	197d                	addi	s2,s2,-1
    9f16:	012a2823          	sw	s2,16(s4)
    9f1a:	8556                	mv	a0,s5
    9f1c:	85a6                	mv	a1,s1
    9f1e:	bc1ff0ef          	jal	ra,9ade <_Bfree>
    9f22:	50b2                	lw	ra,44(sp)
    9f24:	5422                	lw	s0,40(sp)
    9f26:	8552                	mv	a0,s4
    9f28:	5492                	lw	s1,36(sp)
    9f2a:	5902                	lw	s2,32(sp)
    9f2c:	49f2                	lw	s3,28(sp)
    9f2e:	4a62                	lw	s4,24(sp)
    9f30:	4ad2                	lw	s5,20(sp)
    9f32:	6145                	addi	sp,sp,48
    9f34:	8082                	ret
    9f36:	0585                	addi	a1,a1,1
    9f38:	0786                	slli	a5,a5,0x1
    9f3a:	bf95                	j	9eae <__lshift+0x26>
    9f3c:	fe06ae23          	sw	zero,-4(a3) # fffc <_data_lma+0x417c>
    9f40:	0705                	addi	a4,a4,1
    9f42:	b751                	j	9ec6 <__lshift+0x3e>
    9f44:	0791                	addi	a5,a5,4
    9f46:	ffc7a603          	lw	a2,-4(a5)
    9f4a:	0711                	addi	a4,a4,4
    9f4c:	fec72e23          	sw	a2,-4(a4)
    9f50:	fed7eae3          	bltu	a5,a3,9f44 <__lshift+0xbc>
    9f54:	b7c1                	j	9f14 <__lshift+0x8c>

00009f56 <__mcmp>:
    9f56:	491c                	lw	a5,16(a0)
    9f58:	4998                	lw	a4,16(a1)
    9f5a:	8f99                	sub	a5,a5,a4
    9f5c:	e38d                	bnez	a5,9f7e <__mcmp+0x28>
    9f5e:	070a                	slli	a4,a4,0x2
    9f60:	0551                	addi	a0,a0,20
    9f62:	05d1                	addi	a1,a1,20
    9f64:	00e506b3          	add	a3,a0,a4
    9f68:	95ba                	add	a1,a1,a4
    9f6a:	16f1                	addi	a3,a3,-4
    9f6c:	15f1                	addi	a1,a1,-4
    9f6e:	4290                	lw	a2,0(a3)
    9f70:	4198                	lw	a4,0(a1)
    9f72:	00e60863          	beq	a2,a4,9f82 <__mcmp+0x2c>
    9f76:	57fd                	li	a5,-1
    9f78:	00e66363          	bltu	a2,a4,9f7e <__mcmp+0x28>
    9f7c:	4785                	li	a5,1
    9f7e:	853e                	mv	a0,a5
    9f80:	8082                	ret
    9f82:	fed564e3          	bltu	a0,a3,9f6a <__mcmp+0x14>
    9f86:	bfe5                	j	9f7e <__mcmp+0x28>

00009f88 <__mdiff>:
    9f88:	1101                	addi	sp,sp,-32
    9f8a:	ca26                	sw	s1,20(sp)
    9f8c:	84ae                	mv	s1,a1
    9f8e:	c64e                	sw	s3,12(sp)
    9f90:	85b2                	mv	a1,a2
    9f92:	89aa                	mv	s3,a0
    9f94:	8526                	mv	a0,s1
    9f96:	cc22                	sw	s0,24(sp)
    9f98:	ce06                	sw	ra,28(sp)
    9f9a:	c84a                	sw	s2,16(sp)
    9f9c:	8432                	mv	s0,a2
    9f9e:	fb9ff0ef          	jal	ra,9f56 <__mcmp>
    9fa2:	e105                	bnez	a0,9fc2 <__mdiff+0x3a>
    9fa4:	4581                	li	a1,0
    9fa6:	854e                	mv	a0,s3
    9fa8:	aafff0ef          	jal	ra,9a56 <_Balloc>
    9fac:	4785                	li	a5,1
    9fae:	c91c                	sw	a5,16(a0)
    9fb0:	00052a23          	sw	zero,20(a0)
    9fb4:	40f2                	lw	ra,28(sp)
    9fb6:	4462                	lw	s0,24(sp)
    9fb8:	44d2                	lw	s1,20(sp)
    9fba:	4942                	lw	s2,16(sp)
    9fbc:	49b2                	lw	s3,12(sp)
    9fbe:	6105                	addi	sp,sp,32
    9fc0:	8082                	ret
    9fc2:	4905                	li	s2,1
    9fc4:	00054663          	bltz	a0,9fd0 <__mdiff+0x48>
    9fc8:	87a2                	mv	a5,s0
    9fca:	4901                	li	s2,0
    9fcc:	8426                	mv	s0,s1
    9fce:	84be                	mv	s1,a5
    9fd0:	404c                	lw	a1,4(s0)
    9fd2:	854e                	mv	a0,s3
    9fd4:	a83ff0ef          	jal	ra,9a56 <_Balloc>
    9fd8:	01042303          	lw	t1,16(s0)
    9fdc:	0104a883          	lw	a7,16(s1)
    9fe0:	01440613          	addi	a2,s0,20
    9fe4:	00231e13          	slli	t3,t1,0x2
    9fe8:	01448813          	addi	a6,s1,20
    9fec:	088a                	slli	a7,a7,0x2
    9fee:	6ec1                	lui	t4,0x10
    9ff0:	01252623          	sw	s2,12(a0)
    9ff4:	9e32                	add	t3,t3,a2
    9ff6:	98c2                	add	a7,a7,a6
    9ff8:	01450693          	addi	a3,a0,20
    9ffc:	4f01                	li	t5,0
    9ffe:	1efd                	addi	t4,t4,-1
    a000:	4218                	lw	a4,0(a2)
    a002:	00082f83          	lw	t6,0(a6)
    a006:	0691                	addi	a3,a3,4
    a008:	01d775b3          	and	a1,a4,t4
    a00c:	01dff7b3          	and	a5,t6,t4
    a010:	95fa                	add	a1,a1,t5
    a012:	8d9d                	sub	a1,a1,a5
    a014:	010fdf93          	srli	t6,t6,0x10
    a018:	01075793          	srli	a5,a4,0x10
    a01c:	41f787b3          	sub	a5,a5,t6
    a020:	4105d713          	srai	a4,a1,0x10
    a024:	97ba                	add	a5,a5,a4
    a026:	4107df13          	srai	t5,a5,0x10
    a02a:	01d5f5b3          	and	a1,a1,t4
    a02e:	07c2                	slli	a5,a5,0x10
    a030:	8fcd                	or	a5,a5,a1
    a032:	0811                	addi	a6,a6,4
    a034:	fef6ae23          	sw	a5,-4(a3)
    a038:	0611                	addi	a2,a2,4
    a03a:	fd1863e3          	bltu	a6,a7,a000 <__mdiff+0x78>
    a03e:	65c1                	lui	a1,0x10
    a040:	15fd                	addi	a1,a1,-1
    a042:	01c66863          	bltu	a2,t3,a052 <__mdiff+0xca>
    a046:	16f1                	addi	a3,a3,-4
    a048:	429c                	lw	a5,0(a3)
    a04a:	c795                	beqz	a5,a076 <__mdiff+0xee>
    a04c:	00652823          	sw	t1,16(a0)
    a050:	b795                	j	9fb4 <__mdiff+0x2c>
    a052:	421c                	lw	a5,0(a2)
    a054:	0691                	addi	a3,a3,4
    a056:	0611                	addi	a2,a2,4
    a058:	00b7f733          	and	a4,a5,a1
    a05c:	977a                	add	a4,a4,t5
    a05e:	41075813          	srai	a6,a4,0x10
    a062:	83c1                	srli	a5,a5,0x10
    a064:	97c2                	add	a5,a5,a6
    a066:	4107df13          	srai	t5,a5,0x10
    a06a:	8f6d                	and	a4,a4,a1
    a06c:	07c2                	slli	a5,a5,0x10
    a06e:	8fd9                	or	a5,a5,a4
    a070:	fef6ae23          	sw	a5,-4(a3)
    a074:	b7f9                	j	a042 <__mdiff+0xba>
    a076:	137d                	addi	t1,t1,-1
    a078:	b7f9                	j	a046 <__mdiff+0xbe>

0000a07a <__d2b>:
    a07a:	7179                	addi	sp,sp,-48
    a07c:	d422                	sw	s0,40(sp)
    a07e:	842e                	mv	s0,a1
    a080:	4585                	li	a1,1
    a082:	d226                	sw	s1,36(sp)
    a084:	d04a                	sw	s2,32(sp)
    a086:	84b2                	mv	s1,a2
    a088:	ce4e                	sw	s3,28(sp)
    a08a:	cc52                	sw	s4,24(sp)
    a08c:	893a                	mv	s2,a4
    a08e:	d606                	sw	ra,44(sp)
    a090:	8a36                	mv	s4,a3
    a092:	9c5ff0ef          	jal	ra,9a56 <_Balloc>
    a096:	00100737          	lui	a4,0x100
    a09a:	fff70793          	addi	a5,a4,-1 # fffff <_data_lma+0xf417f>
    a09e:	8fe5                	and	a5,a5,s1
    a0a0:	80d1                	srli	s1,s1,0x14
    a0a2:	7ff4f493          	andi	s1,s1,2047
    a0a6:	89aa                	mv	s3,a0
    a0a8:	e0b5                	bnez	s1,a10c <__d2b+0x92>
    a0aa:	c63e                	sw	a5,12(sp)
    a0ac:	c42d                	beqz	s0,a116 <__d2b+0x9c>
    a0ae:	0028                	addi	a0,sp,8
    a0b0:	c422                	sw	s0,8(sp)
    a0b2:	b4fff0ef          	jal	ra,9c00 <__lo0bits>
    a0b6:	46a2                	lw	a3,8(sp)
    a0b8:	cd21                	beqz	a0,a110 <__d2b+0x96>
    a0ba:	4732                	lw	a4,12(sp)
    a0bc:	02000793          	li	a5,32
    a0c0:	8f89                	sub	a5,a5,a0
    a0c2:	00f717b3          	sll	a5,a4,a5
    a0c6:	8fd5                	or	a5,a5,a3
    a0c8:	00a75733          	srl	a4,a4,a0
    a0cc:	00f9aa23          	sw	a5,20(s3)
    a0d0:	c63a                	sw	a4,12(sp)
    a0d2:	4432                	lw	s0,12(sp)
    a0d4:	0089ac23          	sw	s0,24(s3)
    a0d8:	00803433          	snez	s0,s0
    a0dc:	0405                	addi	s0,s0,1
    a0de:	0089a823          	sw	s0,16(s3)
    a0e2:	c4b9                	beqz	s1,a130 <__d2b+0xb6>
    a0e4:	bcd48493          	addi	s1,s1,-1075
    a0e8:	94aa                	add	s1,s1,a0
    a0ea:	03500793          	li	a5,53
    a0ee:	009a2023          	sw	s1,0(s4)
    a0f2:	40a78533          	sub	a0,a5,a0
    a0f6:	00a92023          	sw	a0,0(s2)
    a0fa:	50b2                	lw	ra,44(sp)
    a0fc:	5422                	lw	s0,40(sp)
    a0fe:	854e                	mv	a0,s3
    a100:	5492                	lw	s1,36(sp)
    a102:	5902                	lw	s2,32(sp)
    a104:	49f2                	lw	s3,28(sp)
    a106:	4a62                	lw	s4,24(sp)
    a108:	6145                	addi	sp,sp,48
    a10a:	8082                	ret
    a10c:	8fd9                	or	a5,a5,a4
    a10e:	bf71                	j	a0aa <__d2b+0x30>
    a110:	00d9aa23          	sw	a3,20(s3)
    a114:	bf7d                	j	a0d2 <__d2b+0x58>
    a116:	0068                	addi	a0,sp,12
    a118:	ae9ff0ef          	jal	ra,9c00 <__lo0bits>
    a11c:	47b2                	lw	a5,12(sp)
    a11e:	02050513          	addi	a0,a0,32
    a122:	4405                	li	s0,1
    a124:	00f9aa23          	sw	a5,20(s3)
    a128:	4785                	li	a5,1
    a12a:	00f9a823          	sw	a5,16(s3)
    a12e:	bf55                	j	a0e2 <__d2b+0x68>
    a130:	00241793          	slli	a5,s0,0x2
    a134:	bce50513          	addi	a0,a0,-1074
    a138:	97ce                	add	a5,a5,s3
    a13a:	00aa2023          	sw	a0,0(s4)
    a13e:	4b88                	lw	a0,16(a5)
    a140:	0416                	slli	s0,s0,0x5
    a142:	a79ff0ef          	jal	ra,9bba <__hi0bits>
    a146:	8c09                	sub	s0,s0,a0
    a148:	00892023          	sw	s0,0(s2)
    a14c:	b77d                	j	a0fa <__d2b+0x80>

0000a14e <_calloc_r>:
    a14e:	02c58633          	mul	a2,a1,a2
    a152:	1101                	addi	sp,sp,-32
    a154:	cc22                	sw	s0,24(sp)
    a156:	ce06                	sw	ra,28(sp)
    a158:	85b2                	mv	a1,a2
    a15a:	c632                	sw	a2,12(sp)
    a15c:	2821                	jal	a174 <_malloc_r>
    a15e:	842a                	mv	s0,a0
    a160:	c509                	beqz	a0,a16a <_calloc_r+0x1c>
    a162:	4632                	lw	a2,12(sp)
    a164:	4581                	li	a1,0
    a166:	83af60ef          	jal	ra,1a0 <memset>
    a16a:	8522                	mv	a0,s0
    a16c:	40f2                	lw	ra,28(sp)
    a16e:	4462                	lw	s0,24(sp)
    a170:	6105                	addi	sp,sp,32
    a172:	8082                	ret

0000a174 <_malloc_r>:
    a174:	1101                	addi	sp,sp,-32
    a176:	ca26                	sw	s1,20(sp)
    a178:	00358493          	addi	s1,a1,3 # 10003 <_data_lma+0x4183>
    a17c:	98f1                	andi	s1,s1,-4
    a17e:	ce06                	sw	ra,28(sp)
    a180:	cc22                	sw	s0,24(sp)
    a182:	c84a                	sw	s2,16(sp)
    a184:	c64e                	sw	s3,12(sp)
    a186:	04a1                	addi	s1,s1,8
    a188:	47b1                	li	a5,12
    a18a:	04f4f163          	bgeu	s1,a5,a1cc <_malloc_r+0x58>
    a18e:	44b1                	li	s1,12
    a190:	04b4e063          	bltu	s1,a1,a1d0 <_malloc_r+0x5c>
    a194:	892a                	mv	s2,a0
    a196:	2a21                	jal	a2ae <__malloc_lock>
    a198:	85c18793          	addi	a5,gp,-1956 # 2000024c <__malloc_free_list>
    a19c:	4398                	lw	a4,0(a5)
    a19e:	843a                	mv	s0,a4
    a1a0:	e031                	bnez	s0,a1e4 <_malloc_r+0x70>
    a1a2:	86018793          	addi	a5,gp,-1952 # 20000250 <__malloc_sbrk_start>
    a1a6:	439c                	lw	a5,0(a5)
    a1a8:	e791                	bnez	a5,a1b4 <_malloc_r+0x40>
    a1aa:	4581                	li	a1,0
    a1ac:	854a                	mv	a0,s2
    a1ae:	2851                	jal	a242 <_sbrk_r>
    a1b0:	86a1a023          	sw	a0,-1952(gp) # 20000250 <__malloc_sbrk_start>
    a1b4:	85a6                	mv	a1,s1
    a1b6:	854a                	mv	a0,s2
    a1b8:	2069                	jal	a242 <_sbrk_r>
    a1ba:	59fd                	li	s3,-1
    a1bc:	07351763          	bne	a0,s3,a22a <_malloc_r+0xb6>
    a1c0:	47b1                	li	a5,12
    a1c2:	00f92023          	sw	a5,0(s2)
    a1c6:	854a                	mv	a0,s2
    a1c8:	20e5                	jal	a2b0 <__malloc_unlock>
    a1ca:	a029                	j	a1d4 <_malloc_r+0x60>
    a1cc:	fc04d2e3          	bgez	s1,a190 <_malloc_r+0x1c>
    a1d0:	47b1                	li	a5,12
    a1d2:	c11c                	sw	a5,0(a0)
    a1d4:	4501                	li	a0,0
    a1d6:	40f2                	lw	ra,28(sp)
    a1d8:	4462                	lw	s0,24(sp)
    a1da:	44d2                	lw	s1,20(sp)
    a1dc:	4942                	lw	s2,16(sp)
    a1de:	49b2                	lw	s3,12(sp)
    a1e0:	6105                	addi	sp,sp,32
    a1e2:	8082                	ret
    a1e4:	401c                	lw	a5,0(s0)
    a1e6:	8f85                	sub	a5,a5,s1
    a1e8:	0207ce63          	bltz	a5,a224 <_malloc_r+0xb0>
    a1ec:	46ad                	li	a3,11
    a1ee:	00f6f663          	bgeu	a3,a5,a1fa <_malloc_r+0x86>
    a1f2:	c01c                	sw	a5,0(s0)
    a1f4:	943e                	add	s0,s0,a5
    a1f6:	c004                	sw	s1,0(s0)
    a1f8:	a031                	j	a204 <_malloc_r+0x90>
    a1fa:	405c                	lw	a5,4(s0)
    a1fc:	02871263          	bne	a4,s0,a220 <_malloc_r+0xac>
    a200:	84f1ae23          	sw	a5,-1956(gp) # 2000024c <__malloc_free_list>
    a204:	854a                	mv	a0,s2
    a206:	206d                	jal	a2b0 <__malloc_unlock>
    a208:	00b40513          	addi	a0,s0,11
    a20c:	00440793          	addi	a5,s0,4
    a210:	9961                	andi	a0,a0,-8
    a212:	40f50733          	sub	a4,a0,a5
    a216:	d361                	beqz	a4,a1d6 <_malloc_r+0x62>
    a218:	943a                	add	s0,s0,a4
    a21a:	8f89                	sub	a5,a5,a0
    a21c:	c01c                	sw	a5,0(s0)
    a21e:	bf65                	j	a1d6 <_malloc_r+0x62>
    a220:	c35c                	sw	a5,4(a4)
    a222:	b7cd                	j	a204 <_malloc_r+0x90>
    a224:	8722                	mv	a4,s0
    a226:	4040                	lw	s0,4(s0)
    a228:	bfa5                	j	a1a0 <_malloc_r+0x2c>
    a22a:	00350413          	addi	s0,a0,3
    a22e:	9871                	andi	s0,s0,-4
    a230:	fc8503e3          	beq	a0,s0,a1f6 <_malloc_r+0x82>
    a234:	40a405b3          	sub	a1,s0,a0
    a238:	854a                	mv	a0,s2
    a23a:	2021                	jal	a242 <_sbrk_r>
    a23c:	fb351de3          	bne	a0,s3,a1f6 <_malloc_r+0x82>
    a240:	b741                	j	a1c0 <_malloc_r+0x4c>

0000a242 <_sbrk_r>:
    a242:	1141                	addi	sp,sp,-16
    a244:	c422                	sw	s0,8(sp)
    a246:	842a                	mv	s0,a0
    a248:	852e                	mv	a0,a1
    a24a:	1fff8797          	auipc	a5,0x1fff8
    a24e:	6407af23          	sw	zero,1630(a5) # 200028a8 <errno>
    a252:	c606                	sw	ra,12(sp)
    a254:	c6ef90ef          	jal	ra,36c2 <_sbrk>
    a258:	57fd                	li	a5,-1
    a25a:	00f51963          	bne	a0,a5,a26c <_sbrk_r+0x2a>
    a25e:	1fff8797          	auipc	a5,0x1fff8
    a262:	64a78793          	addi	a5,a5,1610 # 200028a8 <errno>
    a266:	439c                	lw	a5,0(a5)
    a268:	c391                	beqz	a5,a26c <_sbrk_r+0x2a>
    a26a:	c01c                	sw	a5,0(s0)
    a26c:	40b2                	lw	ra,12(sp)
    a26e:	4422                	lw	s0,8(sp)
    a270:	0141                	addi	sp,sp,16
    a272:	8082                	ret

0000a274 <__ascii_mbtowc>:
    a274:	e185                	bnez	a1,a294 <__ascii_mbtowc+0x20>
    a276:	1141                	addi	sp,sp,-16
    a278:	006c                	addi	a1,sp,12
    a27a:	4501                	li	a0,0
    a27c:	ca11                	beqz	a2,a290 <__ascii_mbtowc+0x1c>
    a27e:	5579                	li	a0,-2
    a280:	ca81                	beqz	a3,a290 <__ascii_mbtowc+0x1c>
    a282:	00064783          	lbu	a5,0(a2)
    a286:	c19c                	sw	a5,0(a1)
    a288:	00064503          	lbu	a0,0(a2)
    a28c:	00a03533          	snez	a0,a0
    a290:	0141                	addi	sp,sp,16
    a292:	8082                	ret
    a294:	4501                	li	a0,0
    a296:	ca19                	beqz	a2,a2ac <__ascii_mbtowc+0x38>
    a298:	5579                	li	a0,-2
    a29a:	ca89                	beqz	a3,a2ac <__ascii_mbtowc+0x38>
    a29c:	00064783          	lbu	a5,0(a2)
    a2a0:	c19c                	sw	a5,0(a1)
    a2a2:	00064503          	lbu	a0,0(a2)
    a2a6:	00a03533          	snez	a0,a0
    a2aa:	8082                	ret
    a2ac:	8082                	ret

0000a2ae <__malloc_lock>:
    a2ae:	8082                	ret

0000a2b0 <__malloc_unlock>:
    a2b0:	8082                	ret

0000a2b2 <__ascii_wctomb>:
    a2b2:	cd91                	beqz	a1,a2ce <__ascii_wctomb+0x1c>
    a2b4:	0ff00793          	li	a5,255
    a2b8:	00c7f763          	bgeu	a5,a2,a2c6 <__ascii_wctomb+0x14>
    a2bc:	08a00793          	li	a5,138
    a2c0:	c11c                	sw	a5,0(a0)
    a2c2:	557d                	li	a0,-1
    a2c4:	8082                	ret
    a2c6:	00c58023          	sb	a2,0(a1)
    a2ca:	4505                	li	a0,1
    a2cc:	8082                	ret
    a2ce:	4501                	li	a0,0
    a2d0:	8082                	ret

0000a2d2 <__adddf3>:
    a2d2:	00100837          	lui	a6,0x100
    a2d6:	1101                	addi	sp,sp,-32
    a2d8:	187d                	addi	a6,a6,-1
    a2da:	00b87733          	and	a4,a6,a1
    a2de:	ca26                	sw	s1,20(sp)
    a2e0:	00d87833          	and	a6,a6,a3
    a2e4:	0145d493          	srli	s1,a1,0x14
    a2e8:	0146d313          	srli	t1,a3,0x14
    a2ec:	00371e13          	slli	t3,a4,0x3
    a2f0:	c64e                	sw	s3,12(sp)
    a2f2:	01d55713          	srli	a4,a0,0x1d
    a2f6:	080e                	slli	a6,a6,0x3
    a2f8:	01d65793          	srli	a5,a2,0x1d
    a2fc:	7ff4f493          	andi	s1,s1,2047
    a300:	7ff37313          	andi	t1,t1,2047
    a304:	ce06                	sw	ra,28(sp)
    a306:	cc22                	sw	s0,24(sp)
    a308:	c84a                	sw	s2,16(sp)
    a30a:	01f5d993          	srli	s3,a1,0x1f
    a30e:	01f6de93          	srli	t4,a3,0x1f
    a312:	01c76733          	or	a4,a4,t3
    a316:	00351f13          	slli	t5,a0,0x3
    a31a:	0107e833          	or	a6,a5,a6
    a31e:	00361f93          	slli	t6,a2,0x3
    a322:	40648e33          	sub	t3,s1,t1
    a326:	19d98063          	beq	s3,t4,a4a6 <__adddf3+0x1d4>
    a32a:	13c05663          	blez	t3,a456 <__adddf3+0x184>
    a32e:	1c030463          	beqz	t1,a4f6 <__adddf3+0x224>
    a332:	008006b7          	lui	a3,0x800
    a336:	7ff00793          	li	a5,2047
    a33a:	00d86833          	or	a6,a6,a3
    a33e:	36f48f63          	beq	s1,a5,a6bc <__adddf3+0x3ea>
    a342:	03800793          	li	a5,56
    a346:	35c7c063          	blt	a5,t3,a686 <__adddf3+0x3b4>
    a34a:	47fd                	li	a5,31
    a34c:	47c7cd63          	blt	a5,t3,a7c6 <__adddf3+0x4f4>
    a350:	02000513          	li	a0,32
    a354:	41c50533          	sub	a0,a0,t3
    a358:	01cfd7b3          	srl	a5,t6,t3
    a35c:	00a816b3          	sll	a3,a6,a0
    a360:	00af9933          	sll	s2,t6,a0
    a364:	8edd                	or	a3,a3,a5
    a366:	01203933          	snez	s2,s2
    a36a:	01c857b3          	srl	a5,a6,t3
    a36e:	0126e933          	or	s2,a3,s2
    a372:	8f1d                	sub	a4,a4,a5
    a374:	412f0933          	sub	s2,t5,s2
    a378:	012f37b3          	sltu	a5,t5,s2
    a37c:	40f70633          	sub	a2,a4,a5
    a380:	00861793          	slli	a5,a2,0x8
    a384:	2407d463          	bgez	a5,a5cc <__adddf3+0x2fa>
    a388:	00800737          	lui	a4,0x800
    a38c:	177d                	addi	a4,a4,-1
    a38e:	00e67433          	and	s0,a2,a4
    a392:	2c040c63          	beqz	s0,a66a <__adddf3+0x398>
    a396:	8522                	mv	a0,s0
    a398:	8ccfe0ef          	jal	ra,8464 <__clzsi2>
    a39c:	ff850713          	addi	a4,a0,-8
    a3a0:	02000793          	li	a5,32
    a3a4:	8f99                	sub	a5,a5,a4
    a3a6:	00f957b3          	srl	a5,s2,a5
    a3aa:	00e41633          	sll	a2,s0,a4
    a3ae:	8fd1                	or	a5,a5,a2
    a3b0:	00e91933          	sll	s2,s2,a4
    a3b4:	2a974163          	blt	a4,s1,a656 <__adddf3+0x384>
    a3b8:	40970533          	sub	a0,a4,s1
    a3bc:	00150613          	addi	a2,a0,1
    a3c0:	477d                	li	a4,31
    a3c2:	38c74d63          	blt	a4,a2,a75c <__adddf3+0x48a>
    a3c6:	02000713          	li	a4,32
    a3ca:	8f11                	sub	a4,a4,a2
    a3cc:	00c956b3          	srl	a3,s2,a2
    a3d0:	00e91933          	sll	s2,s2,a4
    a3d4:	00e79733          	sll	a4,a5,a4
    a3d8:	8f55                	or	a4,a4,a3
    a3da:	01203933          	snez	s2,s2
    a3de:	01276933          	or	s2,a4,s2
    a3e2:	00c7d633          	srl	a2,a5,a2
    a3e6:	4481                	li	s1,0
    a3e8:	00797793          	andi	a5,s2,7
    a3ec:	cf81                	beqz	a5,a404 <__adddf3+0x132>
    a3ee:	00f97713          	andi	a4,s2,15
    a3f2:	4791                	li	a5,4
    a3f4:	00f70863          	beq	a4,a5,a404 <__adddf3+0x132>
    a3f8:	00490713          	addi	a4,s2,4
    a3fc:	01273933          	sltu	s2,a4,s2
    a400:	964a                	add	a2,a2,s2
    a402:	893a                	mv	s2,a4
    a404:	00861793          	slli	a5,a2,0x8
    a408:	1c07d663          	bgez	a5,a5d4 <__adddf3+0x302>
    a40c:	00148513          	addi	a0,s1,1
    a410:	7ff00793          	li	a5,2047
    a414:	85ce                	mv	a1,s3
    a416:	20f50463          	beq	a0,a5,a61e <__adddf3+0x34c>
    a41a:	ff8007b7          	lui	a5,0xff800
    a41e:	17fd                	addi	a5,a5,-1
    a420:	8ff1                	and	a5,a5,a2
    a422:	01d79893          	slli	a7,a5,0x1d
    a426:	00395913          	srli	s2,s2,0x3
    a42a:	07a6                	slli	a5,a5,0x9
    a42c:	0128e8b3          	or	a7,a7,s2
    a430:	83b1                	srli	a5,a5,0xc
    a432:	7ff57513          	andi	a0,a0,2047
    a436:	00c79693          	slli	a3,a5,0xc
    a43a:	0552                	slli	a0,a0,0x14
    a43c:	40f2                	lw	ra,28(sp)
    a43e:	4462                	lw	s0,24(sp)
    a440:	82b1                	srli	a3,a3,0xc
    a442:	05fe                	slli	a1,a1,0x1f
    a444:	8ec9                	or	a3,a3,a0
    a446:	8ecd                	or	a3,a3,a1
    a448:	44d2                	lw	s1,20(sp)
    a44a:	4942                	lw	s2,16(sp)
    a44c:	49b2                	lw	s3,12(sp)
    a44e:	8546                	mv	a0,a7
    a450:	85b6                	mv	a1,a3
    a452:	6105                	addi	sp,sp,32
    a454:	8082                	ret
    a456:	0a0e1e63          	bnez	t3,a512 <__adddf3+0x240>
    a45a:	00148313          	addi	t1,s1,1
    a45e:	7fe37313          	andi	t1,t1,2046
    a462:	22031763          	bnez	t1,a690 <__adddf3+0x3be>
    a466:	01e767b3          	or	a5,a4,t5
    a46a:	01f868b3          	or	a7,a6,t6
    a46e:	1a049d63          	bnez	s1,a628 <__adddf3+0x356>
    a472:	40078763          	beqz	a5,a880 <__adddf3+0x5ae>
    a476:	44088663          	beqz	a7,a8c2 <__adddf3+0x5f0>
    a47a:	41ff0933          	sub	s2,t5,t6
    a47e:	410707b3          	sub	a5,a4,a6
    a482:	012f3633          	sltu	a2,t5,s2
    a486:	40c78633          	sub	a2,a5,a2
    a48a:	00861793          	slli	a5,a2,0x8
    a48e:	4c07d663          	bgez	a5,a95a <__adddf3+0x688>
    a492:	41ef8933          	sub	s2,t6,t5
    a496:	40e807b3          	sub	a5,a6,a4
    a49a:	012fb633          	sltu	a2,t6,s2
    a49e:	40c78633          	sub	a2,a5,a2
    a4a2:	89f6                	mv	s3,t4
    a4a4:	b791                	j	a3e8 <__adddf3+0x116>
    a4a6:	0fc05063          	blez	t3,a586 <__adddf3+0x2b4>
    a4aa:	0c030063          	beqz	t1,a56a <__adddf3+0x298>
    a4ae:	008006b7          	lui	a3,0x800
    a4b2:	7ff00793          	li	a5,2047
    a4b6:	00d86833          	or	a6,a6,a3
    a4ba:	3af48a63          	beq	s1,a5,a86e <__adddf3+0x59c>
    a4be:	03800793          	li	a5,56
    a4c2:	13c7cb63          	blt	a5,t3,a5f8 <__adddf3+0x326>
    a4c6:	47fd                	li	a5,31
    a4c8:	35c7df63          	bge	a5,t3,a826 <__adddf3+0x554>
    a4cc:	fe0e0913          	addi	s2,t3,-32
    a4d0:	02000793          	li	a5,32
    a4d4:	012856b3          	srl	a3,a6,s2
    a4d8:	00fe0a63          	beq	t3,a5,a4ec <__adddf3+0x21a>
    a4dc:	04000913          	li	s2,64
    a4e0:	41c90933          	sub	s2,s2,t3
    a4e4:	01281933          	sll	s2,a6,s2
    a4e8:	012fefb3          	or	t6,t6,s2
    a4ec:	01f03933          	snez	s2,t6
    a4f0:	00d96933          	or	s2,s2,a3
    a4f4:	a231                	j	a600 <__adddf3+0x32e>
    a4f6:	01f867b3          	or	a5,a6,t6
    a4fa:	1c078a63          	beqz	a5,a6ce <__adddf3+0x3fc>
    a4fe:	fffe0793          	addi	a5,t3,-1
    a502:	38078c63          	beqz	a5,a89a <__adddf3+0x5c8>
    a506:	7ff00693          	li	a3,2047
    a50a:	1ade0963          	beq	t3,a3,a6bc <__adddf3+0x3ea>
    a50e:	8e3e                	mv	t3,a5
    a510:	bd0d                	j	a342 <__adddf3+0x70>
    a512:	409305b3          	sub	a1,t1,s1
    a516:	22049163          	bnez	s1,a738 <__adddf3+0x466>
    a51a:	01e767b3          	or	a5,a4,t5
    a51e:	32078763          	beqz	a5,a84c <__adddf3+0x57a>
    a522:	fff58793          	addi	a5,a1,-1
    a526:	44078163          	beqz	a5,a968 <__adddf3+0x696>
    a52a:	7ff00693          	li	a3,2047
    a52e:	20d58c63          	beq	a1,a3,a746 <__adddf3+0x474>
    a532:	85be                	mv	a1,a5
    a534:	03800793          	li	a5,56
    a538:	2ab7cc63          	blt	a5,a1,a7f0 <__adddf3+0x51e>
    a53c:	47fd                	li	a5,31
    a53e:	3cb7cf63          	blt	a5,a1,a91c <__adddf3+0x64a>
    a542:	02000793          	li	a5,32
    a546:	8f8d                	sub	a5,a5,a1
    a548:	00f71933          	sll	s2,a4,a5
    a54c:	00bf56b3          	srl	a3,t5,a1
    a550:	00ff17b3          	sll	a5,t5,a5
    a554:	00d96933          	or	s2,s2,a3
    a558:	00f037b3          	snez	a5,a5
    a55c:	00b75733          	srl	a4,a4,a1
    a560:	00f96933          	or	s2,s2,a5
    a564:	40e80833          	sub	a6,a6,a4
    a568:	ac41                	j	a7f8 <__adddf3+0x526>
    a56a:	01f867b3          	or	a5,a6,t6
    a56e:	34078063          	beqz	a5,a8ae <__adddf3+0x5dc>
    a572:	fffe0793          	addi	a5,t3,-1
    a576:	20078a63          	beqz	a5,a78a <__adddf3+0x4b8>
    a57a:	7ff00693          	li	a3,2047
    a57e:	2ede0863          	beq	t3,a3,a86e <__adddf3+0x59c>
    a582:	8e3e                	mv	t3,a5
    a584:	bf2d                	j	a4be <__adddf3+0x1ec>
    a586:	140e1e63          	bnez	t3,a6e2 <__adddf3+0x410>
    a58a:	00148693          	addi	a3,s1,1
    a58e:	7fe6f793          	andi	a5,a3,2046
    a592:	34079163          	bnez	a5,a8d4 <__adddf3+0x602>
    a596:	01e767b3          	or	a5,a4,t5
    a59a:	2c049563          	bnez	s1,a864 <__adddf3+0x592>
    a59e:	3e078063          	beqz	a5,a97e <__adddf3+0x6ac>
    a5a2:	01f867b3          	or	a5,a6,t6
    a5a6:	30078e63          	beqz	a5,a8c2 <__adddf3+0x5f0>
    a5aa:	01ff0933          	add	s2,t5,t6
    a5ae:	010707b3          	add	a5,a4,a6
    a5b2:	01e93f33          	sltu	t5,s2,t5
    a5b6:	01e78633          	add	a2,a5,t5
    a5ba:	00861793          	slli	a5,a2,0x8
    a5be:	0007d763          	bgez	a5,a5cc <__adddf3+0x2fa>
    a5c2:	ff8007b7          	lui	a5,0xff800
    a5c6:	17fd                	addi	a5,a5,-1
    a5c8:	8e7d                	and	a2,a2,a5
    a5ca:	4485                	li	s1,1
    a5cc:	00797793          	andi	a5,s2,7
    a5d0:	e0079fe3          	bnez	a5,a3ee <__adddf3+0x11c>
    a5d4:	01d61793          	slli	a5,a2,0x1d
    a5d8:	00395893          	srli	a7,s2,0x3
    a5dc:	00f8e8b3          	or	a7,a7,a5
    a5e0:	00365793          	srli	a5,a2,0x3
    a5e4:	7ff00713          	li	a4,2047
    a5e8:	04e48d63          	beq	s1,a4,a642 <__adddf3+0x370>
    a5ec:	07b2                	slli	a5,a5,0xc
    a5ee:	83b1                	srli	a5,a5,0xc
    a5f0:	7ff4f513          	andi	a0,s1,2047
    a5f4:	85ce                	mv	a1,s3
    a5f6:	b581                	j	a436 <__adddf3+0x164>
    a5f8:	01f86933          	or	s2,a6,t6
    a5fc:	01203933          	snez	s2,s2
    a600:	997a                	add	s2,s2,t5
    a602:	01e937b3          	sltu	a5,s2,t5
    a606:	00e78633          	add	a2,a5,a4
    a60a:	00861793          	slli	a5,a2,0x8
    a60e:	fa07dfe3          	bgez	a5,a5cc <__adddf3+0x2fa>
    a612:	0485                	addi	s1,s1,1
    a614:	7ff00793          	li	a5,2047
    a618:	18f49663          	bne	s1,a5,a7a4 <__adddf3+0x4d2>
    a61c:	85ce                	mv	a1,s3
    a61e:	7ff00513          	li	a0,2047
    a622:	4781                	li	a5,0
    a624:	4881                	li	a7,0
    a626:	bd01                	j	a436 <__adddf3+0x164>
    a628:	ebc1                	bnez	a5,a6b8 <__adddf3+0x3e6>
    a62a:	3a088463          	beqz	a7,a9d2 <__adddf3+0x700>
    a62e:	00361693          	slli	a3,a2,0x3
    a632:	01d81793          	slli	a5,a6,0x1d
    a636:	828d                	srli	a3,a3,0x3
    a638:	00d7e8b3          	or	a7,a5,a3
    a63c:	89f6                	mv	s3,t4
    a63e:	00385793          	srli	a5,a6,0x3
    a642:	00f8e7b3          	or	a5,a7,a5
    a646:	dbf9                	beqz	a5,a61c <__adddf3+0x34a>
    a648:	4581                	li	a1,0
    a64a:	7ff00513          	li	a0,2047
    a64e:	000807b7          	lui	a5,0x80
    a652:	4881                	li	a7,0
    a654:	b3cd                	j	a436 <__adddf3+0x164>
    a656:	ff800637          	lui	a2,0xff800
    a65a:	167d                	addi	a2,a2,-1
    a65c:	8e7d                	and	a2,a2,a5
    a65e:	00797793          	andi	a5,s2,7
    a662:	8c99                	sub	s1,s1,a4
    a664:	d80795e3          	bnez	a5,a3ee <__adddf3+0x11c>
    a668:	b7b5                	j	a5d4 <__adddf3+0x302>
    a66a:	854a                	mv	a0,s2
    a66c:	df9fd0ef          	jal	ra,8464 <__clzsi2>
    a670:	01850713          	addi	a4,a0,24
    a674:	47fd                	li	a5,31
    a676:	d2e7d5e3          	bge	a5,a4,a3a0 <__adddf3+0xce>
    a67a:	ff850613          	addi	a2,a0,-8
    a67e:	00c917b3          	sll	a5,s2,a2
    a682:	4901                	li	s2,0
    a684:	bb05                	j	a3b4 <__adddf3+0xe2>
    a686:	01f86933          	or	s2,a6,t6
    a68a:	01203933          	snez	s2,s2
    a68e:	b1dd                	j	a374 <__adddf3+0xa2>
    a690:	41ff0933          	sub	s2,t5,t6
    a694:	41070633          	sub	a2,a4,a6
    a698:	012f3433          	sltu	s0,t5,s2
    a69c:	40860433          	sub	s0,a2,s0
    a6a0:	00841793          	slli	a5,s0,0x8
    a6a4:	2407cd63          	bltz	a5,a8fe <__adddf3+0x62c>
    a6a8:	008968b3          	or	a7,s2,s0
    a6ac:	ce0893e3          	bnez	a7,a392 <__adddf3+0xc0>
    a6b0:	4781                	li	a5,0
    a6b2:	4981                	li	s3,0
    a6b4:	4481                	li	s1,0
    a6b6:	bf1d                	j	a5ec <__adddf3+0x31a>
    a6b8:	f80898e3          	bnez	a7,a648 <__adddf3+0x376>
    a6bc:	050e                	slli	a0,a0,0x3
    a6be:	01d71793          	slli	a5,a4,0x1d
    a6c2:	810d                	srli	a0,a0,0x3
    a6c4:	00a7e8b3          	or	a7,a5,a0
    a6c8:	00375793          	srli	a5,a4,0x3
    a6cc:	bf9d                	j	a642 <__adddf3+0x370>
    a6ce:	050e                	slli	a0,a0,0x3
    a6d0:	01d71793          	slli	a5,a4,0x1d
    a6d4:	810d                	srli	a0,a0,0x3
    a6d6:	00a7e8b3          	or	a7,a5,a0
    a6da:	84f2                	mv	s1,t3
    a6dc:	00375793          	srli	a5,a4,0x3
    a6e0:	b711                	j	a5e4 <__adddf3+0x312>
    a6e2:	40930533          	sub	a0,t1,s1
    a6e6:	12048263          	beqz	s1,a80a <__adddf3+0x538>
    a6ea:	008006b7          	lui	a3,0x800
    a6ee:	7ff00793          	li	a5,2047
    a6f2:	8f55                	or	a4,a4,a3
    a6f4:	2ef30d63          	beq	t1,a5,a9ee <__adddf3+0x71c>
    a6f8:	03800793          	li	a5,56
    a6fc:	20a7cb63          	blt	a5,a0,a912 <__adddf3+0x640>
    a700:	47fd                	li	a5,31
    a702:	2aa7c363          	blt	a5,a0,a9a8 <__adddf3+0x6d6>
    a706:	02000793          	li	a5,32
    a70a:	8f89                	sub	a5,a5,a0
    a70c:	00f71933          	sll	s2,a4,a5
    a710:	00af56b3          	srl	a3,t5,a0
    a714:	00ff17b3          	sll	a5,t5,a5
    a718:	00d96933          	or	s2,s2,a3
    a71c:	00f037b3          	snez	a5,a5
    a720:	00a75733          	srl	a4,a4,a0
    a724:	00f96933          	or	s2,s2,a5
    a728:	983a                	add	a6,a6,a4
    a72a:	997e                	add	s2,s2,t6
    a72c:	01f937b3          	sltu	a5,s2,t6
    a730:	01078633          	add	a2,a5,a6
    a734:	849a                	mv	s1,t1
    a736:	bdd1                	j	a60a <__adddf3+0x338>
    a738:	008006b7          	lui	a3,0x800
    a73c:	7ff00793          	li	a5,2047
    a740:	8f55                	or	a4,a4,a3
    a742:	def319e3          	bne	t1,a5,a534 <__adddf3+0x262>
    a746:	00361793          	slli	a5,a2,0x3
    a74a:	838d                	srli	a5,a5,0x3
    a74c:	01d81893          	slli	a7,a6,0x1d
    a750:	0117e8b3          	or	a7,a5,a7
    a754:	89f6                	mv	s3,t4
    a756:	00385793          	srli	a5,a6,0x3
    a75a:	b5e5                	j	a642 <__adddf3+0x370>
    a75c:	fe150713          	addi	a4,a0,-31
    a760:	02000693          	li	a3,32
    a764:	00e7d733          	srl	a4,a5,a4
    a768:	00d60a63          	beq	a2,a3,a77c <__adddf3+0x4aa>
    a76c:	04000693          	li	a3,64
    a770:	40c68633          	sub	a2,a3,a2
    a774:	00c79633          	sll	a2,a5,a2
    a778:	00c96933          	or	s2,s2,a2
    a77c:	01203933          	snez	s2,s2
    a780:	00e96933          	or	s2,s2,a4
    a784:	4601                	li	a2,0
    a786:	4481                	li	s1,0
    a788:	b591                	j	a5cc <__adddf3+0x2fa>
    a78a:	01ff0933          	add	s2,t5,t6
    a78e:	010707b3          	add	a5,a4,a6
    a792:	01e93633          	sltu	a2,s2,t5
    a796:	963e                	add	a2,a2,a5
    a798:	00861793          	slli	a5,a2,0x8
    a79c:	4485                	li	s1,1
    a79e:	e207d7e3          	bgez	a5,a5cc <__adddf3+0x2fa>
    a7a2:	4489                	li	s1,2
    a7a4:	ff8007b7          	lui	a5,0xff800
    a7a8:	17fd                	addi	a5,a5,-1
    a7aa:	8ff1                	and	a5,a5,a2
    a7ac:	00195713          	srli	a4,s2,0x1
    a7b0:	00197913          	andi	s2,s2,1
    a7b4:	01276933          	or	s2,a4,s2
    a7b8:	01f79893          	slli	a7,a5,0x1f
    a7bc:	0128e933          	or	s2,a7,s2
    a7c0:	0017d613          	srli	a2,a5,0x1
    a7c4:	b115                	j	a3e8 <__adddf3+0x116>
    a7c6:	fe0e0913          	addi	s2,t3,-32
    a7ca:	02000793          	li	a5,32
    a7ce:	012856b3          	srl	a3,a6,s2
    a7d2:	00fe0a63          	beq	t3,a5,a7e6 <__adddf3+0x514>
    a7d6:	04000913          	li	s2,64
    a7da:	41c90933          	sub	s2,s2,t3
    a7de:	01281933          	sll	s2,a6,s2
    a7e2:	012fefb3          	or	t6,t6,s2
    a7e6:	01f03933          	snez	s2,t6
    a7ea:	00d96933          	or	s2,s2,a3
    a7ee:	b659                	j	a374 <__adddf3+0xa2>
    a7f0:	01e76933          	or	s2,a4,t5
    a7f4:	01203933          	snez	s2,s2
    a7f8:	412f8933          	sub	s2,t6,s2
    a7fc:	012fb7b3          	sltu	a5,t6,s2
    a800:	40f80633          	sub	a2,a6,a5
    a804:	849a                	mv	s1,t1
    a806:	89f6                	mv	s3,t4
    a808:	bea5                	j	a380 <__adddf3+0xae>
    a80a:	01e767b3          	or	a5,a4,t5
    a80e:	18078263          	beqz	a5,a992 <__adddf3+0x6c0>
    a812:	fff50793          	addi	a5,a0,-1
    a816:	1c078463          	beqz	a5,a9de <__adddf3+0x70c>
    a81a:	7ff00693          	li	a3,2047
    a81e:	12d50463          	beq	a0,a3,a946 <__adddf3+0x674>
    a822:	853e                	mv	a0,a5
    a824:	bdd1                	j	a6f8 <__adddf3+0x426>
    a826:	02000793          	li	a5,32
    a82a:	41c787b3          	sub	a5,a5,t3
    a82e:	00f816b3          	sll	a3,a6,a5
    a832:	00ff9933          	sll	s2,t6,a5
    a836:	01cfd633          	srl	a2,t6,t3
    a83a:	8ed1                	or	a3,a3,a2
    a83c:	01203933          	snez	s2,s2
    a840:	01c857b3          	srl	a5,a6,t3
    a844:	0126e933          	or	s2,a3,s2
    a848:	973e                	add	a4,a4,a5
    a84a:	bb5d                	j	a600 <__adddf3+0x32e>
    a84c:	00361793          	slli	a5,a2,0x3
    a850:	838d                	srli	a5,a5,0x3
    a852:	01d81893          	slli	a7,a6,0x1d
    a856:	0117e8b3          	or	a7,a5,a7
    a85a:	84ae                	mv	s1,a1
    a85c:	00385793          	srli	a5,a6,0x3
    a860:	89f6                	mv	s3,t4
    a862:	b349                	j	a5e4 <__adddf3+0x312>
    a864:	c3ed                	beqz	a5,a946 <__adddf3+0x674>
    a866:	01f86933          	or	s2,a6,t6
    a86a:	dc091fe3          	bnez	s2,a648 <__adddf3+0x376>
    a86e:	050e                	slli	a0,a0,0x3
    a870:	01d71793          	slli	a5,a4,0x1d
    a874:	810d                	srli	a0,a0,0x3
    a876:	00f568b3          	or	a7,a0,a5
    a87a:	00375793          	srli	a5,a4,0x3
    a87e:	b3d1                	j	a642 <__adddf3+0x370>
    a880:	0e088163          	beqz	a7,a962 <__adddf3+0x690>
    a884:	00361693          	slli	a3,a2,0x3
    a888:	01d81793          	slli	a5,a6,0x1d
    a88c:	828d                	srli	a3,a3,0x3
    a88e:	00d7e8b3          	or	a7,a5,a3
    a892:	89f6                	mv	s3,t4
    a894:	00385793          	srli	a5,a6,0x3
    a898:	bb91                	j	a5ec <__adddf3+0x31a>
    a89a:	41ff0933          	sub	s2,t5,t6
    a89e:	410707b3          	sub	a5,a4,a6
    a8a2:	012f3f33          	sltu	t5,t5,s2
    a8a6:	41e78633          	sub	a2,a5,t5
    a8aa:	4485                	li	s1,1
    a8ac:	bcd1                	j	a380 <__adddf3+0xae>
    a8ae:	050e                	slli	a0,a0,0x3
    a8b0:	01d71793          	slli	a5,a4,0x1d
    a8b4:	810d                	srli	a0,a0,0x3
    a8b6:	00f568b3          	or	a7,a0,a5
    a8ba:	84f2                	mv	s1,t3
    a8bc:	00375793          	srli	a5,a4,0x3
    a8c0:	b315                	j	a5e4 <__adddf3+0x312>
    a8c2:	050e                	slli	a0,a0,0x3
    a8c4:	01d71793          	slli	a5,a4,0x1d
    a8c8:	810d                	srli	a0,a0,0x3
    a8ca:	00a7e8b3          	or	a7,a5,a0
    a8ce:	00375793          	srli	a5,a4,0x3
    a8d2:	bb29                	j	a5ec <__adddf3+0x31a>
    a8d4:	7ff00793          	li	a5,2047
    a8d8:	d4f682e3          	beq	a3,a5,a61c <__adddf3+0x34a>
    a8dc:	01ff0933          	add	s2,t5,t6
    a8e0:	01e93633          	sltu	a2,s2,t5
    a8e4:	010707b3          	add	a5,a4,a6
    a8e8:	97b2                	add	a5,a5,a2
    a8ea:	01f79893          	slli	a7,a5,0x1f
    a8ee:	00195913          	srli	s2,s2,0x1
    a8f2:	0128e933          	or	s2,a7,s2
    a8f6:	0017d613          	srli	a2,a5,0x1
    a8fa:	84b6                	mv	s1,a3
    a8fc:	b9c1                	j	a5cc <__adddf3+0x2fa>
    a8fe:	41ef8933          	sub	s2,t6,t5
    a902:	40e80733          	sub	a4,a6,a4
    a906:	012fb633          	sltu	a2,t6,s2
    a90a:	40c70433          	sub	s0,a4,a2
    a90e:	89f6                	mv	s3,t4
    a910:	b449                	j	a392 <__adddf3+0xc0>
    a912:	01e76933          	or	s2,a4,t5
    a916:	01203933          	snez	s2,s2
    a91a:	bd01                	j	a72a <__adddf3+0x458>
    a91c:	fe058793          	addi	a5,a1,-32
    a920:	02000693          	li	a3,32
    a924:	00f757b3          	srl	a5,a4,a5
    a928:	00d58a63          	beq	a1,a3,a93c <__adddf3+0x66a>
    a92c:	04000693          	li	a3,64
    a930:	40b685b3          	sub	a1,a3,a1
    a934:	00b71733          	sll	a4,a4,a1
    a938:	00ef6f33          	or	t5,t5,a4
    a93c:	01e03933          	snez	s2,t5
    a940:	00f96933          	or	s2,s2,a5
    a944:	bd55                	j	a7f8 <__adddf3+0x526>
    a946:	00361793          	slli	a5,a2,0x3
    a94a:	838d                	srli	a5,a5,0x3
    a94c:	01d81893          	slli	a7,a6,0x1d
    a950:	0117e8b3          	or	a7,a5,a7
    a954:	00385793          	srli	a5,a6,0x3
    a958:	b1ed                	j	a642 <__adddf3+0x370>
    a95a:	00c968b3          	or	a7,s2,a2
    a95e:	c60897e3          	bnez	a7,a5cc <__adddf3+0x2fa>
    a962:	4781                	li	a5,0
    a964:	4981                	li	s3,0
    a966:	b159                	j	a5ec <__adddf3+0x31a>
    a968:	41ef8933          	sub	s2,t6,t5
    a96c:	40e807b3          	sub	a5,a6,a4
    a970:	012fb633          	sltu	a2,t6,s2
    a974:	40c78633          	sub	a2,a5,a2
    a978:	89f6                	mv	s3,t4
    a97a:	4485                	li	s1,1
    a97c:	b411                	j	a380 <__adddf3+0xae>
    a97e:	00361693          	slli	a3,a2,0x3
    a982:	01d81793          	slli	a5,a6,0x1d
    a986:	828d                	srli	a3,a3,0x3
    a988:	00d7e8b3          	or	a7,a5,a3
    a98c:	00385793          	srli	a5,a6,0x3
    a990:	b9b1                	j	a5ec <__adddf3+0x31a>
    a992:	00361693          	slli	a3,a2,0x3
    a996:	01d81793          	slli	a5,a6,0x1d
    a99a:	828d                	srli	a3,a3,0x3
    a99c:	00d7e8b3          	or	a7,a5,a3
    a9a0:	84aa                	mv	s1,a0
    a9a2:	00385793          	srli	a5,a6,0x3
    a9a6:	b93d                	j	a5e4 <__adddf3+0x312>
    a9a8:	fe050793          	addi	a5,a0,-32
    a9ac:	02000693          	li	a3,32
    a9b0:	00f757b3          	srl	a5,a4,a5
    a9b4:	00d50a63          	beq	a0,a3,a9c8 <__adddf3+0x6f6>
    a9b8:	04000693          	li	a3,64
    a9bc:	40a68533          	sub	a0,a3,a0
    a9c0:	00a71733          	sll	a4,a4,a0
    a9c4:	00ef6f33          	or	t5,t5,a4
    a9c8:	01e03933          	snez	s2,t5
    a9cc:	00f96933          	or	s2,s2,a5
    a9d0:	bba9                	j	a72a <__adddf3+0x458>
    a9d2:	4581                	li	a1,0
    a9d4:	7ff00513          	li	a0,2047
    a9d8:	000807b7          	lui	a5,0x80
    a9dc:	bca9                	j	a436 <__adddf3+0x164>
    a9de:	01ff0933          	add	s2,t5,t6
    a9e2:	010707b3          	add	a5,a4,a6
    a9e6:	01f93633          	sltu	a2,s2,t6
    a9ea:	963e                	add	a2,a2,a5
    a9ec:	b375                	j	a798 <__adddf3+0x4c6>
    a9ee:	00361693          	slli	a3,a2,0x3
    a9f2:	01d81793          	slli	a5,a6,0x1d
    a9f6:	828d                	srli	a3,a3,0x3
    a9f8:	00d7e8b3          	or	a7,a5,a3
    a9fc:	00385793          	srli	a5,a6,0x3
    aa00:	b189                	j	a642 <__adddf3+0x370>

0000aa02 <__eqdf2>:
    aa02:	0145d713          	srli	a4,a1,0x14
    aa06:	001007b7          	lui	a5,0x100
    aa0a:	17fd                	addi	a5,a5,-1
    aa0c:	0146d813          	srli	a6,a3,0x14
    aa10:	7ff77713          	andi	a4,a4,2047
    aa14:	7ff00893          	li	a7,2047
    aa18:	00b7fe33          	and	t3,a5,a1
    aa1c:	8eaa                	mv	t4,a0
    aa1e:	8ff5                	and	a5,a5,a3
    aa20:	81fd                	srli	a1,a1,0x1f
    aa22:	8f32                	mv	t5,a2
    aa24:	7ff87813          	andi	a6,a6,2047
    aa28:	82fd                	srli	a3,a3,0x1f
    aa2a:	01170b63          	beq	a4,a7,aa40 <__eqdf2+0x3e>
    aa2e:	4305                	li	t1,1
    aa30:	01180663          	beq	a6,a7,aa3c <__eqdf2+0x3a>
    aa34:	01071463          	bne	a4,a6,aa3c <__eqdf2+0x3a>
    aa38:	00fe0d63          	beq	t3,a5,aa52 <__eqdf2+0x50>
    aa3c:	851a                	mv	a0,t1
    aa3e:	8082                	ret
    aa40:	00ae68b3          	or	a7,t3,a0
    aa44:	4305                	li	t1,1
    aa46:	fe089be3          	bnez	a7,aa3c <__eqdf2+0x3a>
    aa4a:	fee819e3          	bne	a6,a4,aa3c <__eqdf2+0x3a>
    aa4e:	8fd1                	or	a5,a5,a2
    aa50:	f7f5                	bnez	a5,aa3c <__eqdf2+0x3a>
    aa52:	4305                	li	t1,1
    aa54:	ffee94e3          	bne	t4,t5,aa3c <__eqdf2+0x3a>
    aa58:	4301                	li	t1,0
    aa5a:	fed581e3          	beq	a1,a3,aa3c <__eqdf2+0x3a>
    aa5e:	4305                	li	t1,1
    aa60:	ff71                	bnez	a4,aa3c <__eqdf2+0x3a>
    aa62:	00ae6533          	or	a0,t3,a0
    aa66:	00a03333          	snez	t1,a0
    aa6a:	bfc9                	j	aa3c <__eqdf2+0x3a>

0000aa6c <__gedf2>:
    aa6c:	0145d713          	srli	a4,a1,0x14
    aa70:	001007b7          	lui	a5,0x100
    aa74:	17fd                	addi	a5,a5,-1
    aa76:	0146d813          	srli	a6,a3,0x14
    aa7a:	7ff77713          	andi	a4,a4,2047
    aa7e:	7ff00893          	li	a7,2047
    aa82:	00b7f333          	and	t1,a5,a1
    aa86:	8e2a                	mv	t3,a0
    aa88:	8ff5                	and	a5,a5,a3
    aa8a:	81fd                	srli	a1,a1,0x1f
    aa8c:	8eb2                	mv	t4,a2
    aa8e:	7ff87813          	andi	a6,a6,2047
    aa92:	82fd                	srli	a3,a3,0x1f
    aa94:	03170863          	beq	a4,a7,aac4 <__gedf2+0x58>
    aa98:	03180063          	beq	a6,a7,aab8 <__gedf2+0x4c>
    aa9c:	eb0d                	bnez	a4,aace <__gedf2+0x62>
    aa9e:	00a368b3          	or	a7,t1,a0
    aaa2:	00081463          	bnez	a6,aaaa <__gedf2+0x3e>
    aaa6:	8e5d                	or	a2,a2,a5
    aaa8:	ca29                	beqz	a2,aafa <__gedf2+0x8e>
    aaaa:	04088563          	beqz	a7,aaf4 <__gedf2+0x88>
    aaae:	02d58863          	beq	a1,a3,aade <__gedf2+0x72>
    aab2:	4505                	li	a0,1
    aab4:	ed95                	bnez	a1,aaf0 <__gedf2+0x84>
    aab6:	8082                	ret
    aab8:	00c7e8b3          	or	a7,a5,a2
    aabc:	fe0880e3          	beqz	a7,aa9c <__gedf2+0x30>
    aac0:	5579                	li	a0,-2
    aac2:	8082                	ret
    aac4:	00a36533          	or	a0,t1,a0
    aac8:	fd65                	bnez	a0,aac0 <__gedf2+0x54>
    aaca:	02e80c63          	beq	a6,a4,ab02 <__gedf2+0x96>
    aace:	00081463          	bnez	a6,aad6 <__gedf2+0x6a>
    aad2:	8e5d                	or	a2,a2,a5
    aad4:	de79                	beqz	a2,aab2 <__gedf2+0x46>
    aad6:	fcd59ee3          	bne	a1,a3,aab2 <__gedf2+0x46>
    aada:	fce84ce3          	blt	a6,a4,aab2 <__gedf2+0x46>
    aade:	01074863          	blt	a4,a6,aaee <__gedf2+0x82>
    aae2:	fc67e8e3          	bltu	a5,t1,aab2 <__gedf2+0x46>
    aae6:	02f30363          	beq	t1,a5,ab0c <__gedf2+0xa0>
    aaea:	00f37f63          	bgeu	t1,a5,ab08 <__gedf2+0x9c>
    aaee:	e581                	bnez	a1,aaf6 <__gedf2+0x8a>
    aaf0:	557d                	li	a0,-1
    aaf2:	8082                	ret
    aaf4:	def5                	beqz	a3,aaf0 <__gedf2+0x84>
    aaf6:	4505                	li	a0,1
    aaf8:	8082                	ret
    aafa:	4501                	li	a0,0
    aafc:	fa089be3          	bnez	a7,aab2 <__gedf2+0x46>
    ab00:	8082                	ret
    ab02:	8e5d                	or	a2,a2,a5
    ab04:	da69                	beqz	a2,aad6 <__gedf2+0x6a>
    ab06:	bf6d                	j	aac0 <__gedf2+0x54>
    ab08:	4501                	li	a0,0
    ab0a:	8082                	ret
    ab0c:	fbcee3e3          	bltu	t4,t3,aab2 <__gedf2+0x46>
    ab10:	4501                	li	a0,0
    ab12:	fbde72e3          	bgeu	t3,t4,aab6 <__gedf2+0x4a>
    ab16:	f1e5                	bnez	a1,aaf6 <__gedf2+0x8a>
    ab18:	bfe1                	j	aaf0 <__gedf2+0x84>

0000ab1a <__unorddf2>:
    ab1a:	0145d713          	srli	a4,a1,0x14
    ab1e:	001007b7          	lui	a5,0x100
    ab22:	17fd                	addi	a5,a5,-1
    ab24:	fff74713          	not	a4,a4
    ab28:	0146d813          	srli	a6,a3,0x14
    ab2c:	8dfd                	and	a1,a1,a5
    ab2e:	8ff5                	and	a5,a5,a3
    ab30:	01571693          	slli	a3,a4,0x15
    ab34:	7ff87813          	andi	a6,a6,2047
    ab38:	ca99                	beqz	a3,ab4e <__unorddf2+0x34>
    ab3a:	7ff00713          	li	a4,2047
    ab3e:	4501                	li	a0,0
    ab40:	00e80363          	beq	a6,a4,ab46 <__unorddf2+0x2c>
    ab44:	8082                	ret
    ab46:	8fd1                	or	a5,a5,a2
    ab48:	00f03533          	snez	a0,a5
    ab4c:	8082                	ret
    ab4e:	8dc9                	or	a1,a1,a0
    ab50:	4505                	li	a0,1
    ab52:	d5e5                	beqz	a1,ab3a <__unorddf2+0x20>
    ab54:	8082                	ret

0000ab56 <__fixdfsi>:
    ab56:	0145d793          	srli	a5,a1,0x14
    ab5a:	001006b7          	lui	a3,0x100
    ab5e:	fff68713          	addi	a4,a3,-1 # fffff <_data_lma+0xf417f>
    ab62:	7ff7f793          	andi	a5,a5,2047
    ab66:	3fe00613          	li	a2,1022
    ab6a:	8f6d                	and	a4,a4,a1
    ab6c:	81fd                	srli	a1,a1,0x1f
    ab6e:	00f65c63          	bge	a2,a5,ab86 <__fixdfsi+0x30>
    ab72:	41d00613          	li	a2,1053
    ab76:	00f65a63          	bge	a2,a5,ab8a <__fixdfsi+0x34>
    ab7a:	80000537          	lui	a0,0x80000
    ab7e:	fff54513          	not	a0,a0
    ab82:	952e                	add	a0,a0,a1
    ab84:	8082                	ret
    ab86:	4501                	li	a0,0
    ab88:	8082                	ret
    ab8a:	43300613          	li	a2,1075
    ab8e:	8e1d                	sub	a2,a2,a5
    ab90:	487d                	li	a6,31
    ab92:	8f55                	or	a4,a4,a3
    ab94:	00c85d63          	bge	a6,a2,abae <__fixdfsi+0x58>
    ab98:	41300693          	li	a3,1043
    ab9c:	40f687b3          	sub	a5,a3,a5
    aba0:	00f757b3          	srl	a5,a4,a5
    aba4:	40f00533          	neg	a0,a5
    aba8:	f1e5                	bnez	a1,ab88 <__fixdfsi+0x32>
    abaa:	853e                	mv	a0,a5
    abac:	8082                	ret
    abae:	bed78793          	addi	a5,a5,-1043 # ffbed <_data_lma+0xf3d6d>
    abb2:	00f717b3          	sll	a5,a4,a5
    abb6:	00c55533          	srl	a0,a0,a2
    abba:	8fc9                	or	a5,a5,a0
    abbc:	b7e5                	j	aba4 <__fixdfsi+0x4e>

0000abbe <__trunctfdf2>:
    abbe:	00c52803          	lw	a6,12(a0) # 8000000c <_eusrstack+0x5fffb00c>
    abc2:	4118                	lw	a4,0(a0)
    abc4:	4154                	lw	a3,4(a0)
    abc6:	450c                	lw	a1,8(a0)
    abc8:	6521                	lui	a0,0x8
    abca:	fff50793          	addi	a5,a0,-1 # 7fff <__subsf3+0x36b>
    abce:	01085613          	srli	a2,a6,0x10
    abd2:	00359e13          	slli	t3,a1,0x3
    abd6:	8e7d                	and	a2,a2,a5
    abd8:	01d75893          	srli	a7,a4,0x1d
    abdc:	01d6d793          	srli	a5,a3,0x1d
    abe0:	01081313          	slli	t1,a6,0x10
    abe4:	068e                	slli	a3,a3,0x3
    abe6:	1141                	addi	sp,sp,-16
    abe8:	01c7e7b3          	or	a5,a5,t3
    abec:	0116e6b3          	or	a3,a3,a7
    abf0:	01035313          	srli	t1,t1,0x10
    abf4:	00371e13          	slli	t3,a4,0x3
    abf8:	00160893          	addi	a7,a2,1 # ff800001 <_eusrstack+0xdf7fb001>
    abfc:	1579                	addi	a0,a0,-2
    abfe:	81f5                	srli	a1,a1,0x1d
    ac00:	030e                	slli	t1,t1,0x3
    ac02:	c43e                	sw	a5,8(sp)
    ac04:	c236                	sw	a3,4(sp)
    ac06:	c072                	sw	t3,0(sp)
    ac08:	00a8f533          	and	a0,a7,a0
    ac0c:	01f85813          	srli	a6,a6,0x1f
    ac10:	0065e5b3          	or	a1,a1,t1
    ac14:	c905                	beqz	a0,ac44 <__trunctfdf2+0x86>
    ac16:	7771                	lui	a4,0xffffc
    ac18:	40070713          	addi	a4,a4,1024 # ffffc400 <_eusrstack+0xdfff7400>
    ac1c:	963a                	add	a2,a2,a4
    ac1e:	7fe00713          	li	a4,2046
    ac22:	04c75d63          	bge	a4,a2,ac7c <__trunctfdf2+0xbe>
    ac26:	7ff00613          	li	a2,2047
    ac2a:	4701                	li	a4,0
    ac2c:	4781                	li	a5,0
    ac2e:	0732                	slli	a4,a4,0xc
    ac30:	0652                	slli	a2,a2,0x14
    ac32:	8331                	srli	a4,a4,0xc
    ac34:	087e                	slli	a6,a6,0x1f
    ac36:	8f51                	or	a4,a4,a2
    ac38:	01076733          	or	a4,a4,a6
    ac3c:	853e                	mv	a0,a5
    ac3e:	85ba                	mv	a1,a4
    ac40:	0141                	addi	sp,sp,16
    ac42:	8082                	ret
    ac44:	8fd5                	or	a5,a5,a3
    ac46:	8fcd                	or	a5,a5,a1
    ac48:	01c7e7b3          	or	a5,a5,t3
    ac4c:	e205                	bnez	a2,ac6c <__trunctfdf2+0xae>
    ac4e:	cbf1                	beqz	a5,ad22 <__trunctfdf2+0x164>
    ac50:	4781                	li	a5,0
    ac52:	4695                	li	a3,5
    ac54:	0036d593          	srli	a1,a3,0x3
    ac58:	00979713          	slli	a4,a5,0x9
    ac5c:	01d79693          	slli	a3,a5,0x1d
    ac60:	00b6e7b3          	or	a5,a3,a1
    ac64:	8331                	srli	a4,a4,0xc
    ac66:	7ff67613          	andi	a2,a2,2047
    ac6a:	b7d1                	j	ac2e <__trunctfdf2+0x70>
    ac6c:	dfcd                	beqz	a5,ac26 <__trunctfdf2+0x68>
    ac6e:	4801                	li	a6,0
    ac70:	7ff00613          	li	a2,2047
    ac74:	00080737          	lui	a4,0x80
    ac78:	4781                	li	a5,0
    ac7a:	bf55                	j	ac2e <__trunctfdf2+0x70>
    ac7c:	0ac04663          	bgtz	a2,ad28 <__trunctfdf2+0x16a>
    ac80:	fcc00793          	li	a5,-52
    ac84:	0ef64f63          	blt	a2,a5,ad82 <__trunctfdf2+0x1c4>
    ac88:	03d00793          	li	a5,61
    ac8c:	40c78633          	sub	a2,a5,a2
    ac90:	40565793          	srai	a5,a2,0x5
    ac94:	00080737          	lui	a4,0x80
    ac98:	8dd9                	or	a1,a1,a4
    ac9a:	00279513          	slli	a0,a5,0x2
    ac9e:	870a                	mv	a4,sp
    aca0:	4681                	li	a3,0
    aca2:	c62e                	sw	a1,12(sp)
    aca4:	00a108b3          	add	a7,sp,a0
    aca8:	0711                	addi	a4,a4,4
    acaa:	8a7d                	andi	a2,a2,31
    acac:	01c6e6b3          	or	a3,a3,t3
    acb0:	01170963          	beq	a4,a7,acc2 <__trunctfdf2+0x104>
    acb4:	00072e03          	lw	t3,0(a4) # 80000 <_data_lma+0x74180>
    acb8:	0711                	addi	a4,a4,4
    acba:	01c6e6b3          	or	a3,a3,t3
    acbe:	ff171be3          	bne	a4,a7,acb4 <__trunctfdf2+0xf6>
    acc2:	470d                	li	a4,3
    acc4:	8f1d                	sub	a4,a4,a5
    acc6:	ca79                	beqz	a2,ad9c <__trunctfdf2+0x1de>
    acc8:	01010893          	addi	a7,sp,16
    accc:	98aa                	add	a7,a7,a0
    acce:	ff08a883          	lw	a7,-16(a7) # fff0 <_data_lma+0x4170>
    acd2:	02000e13          	li	t3,32
    acd6:	40ce0e33          	sub	t3,t3,a2
    acda:	01c898b3          	sll	a7,a7,t3
    acde:	0116e6b3          	or	a3,a3,a7
    ace2:	cb75                	beqz	a4,add6 <__trunctfdf2+0x218>
    ace4:	070a                	slli	a4,a4,0x2
    ace6:	950a                	add	a0,a0,sp
    ace8:	00e10eb3          	add	t4,sp,a4
    acec:	888a                	mv	a7,sp
    acee:	410c                	lw	a1,0(a0)
    acf0:	00452303          	lw	t1,4(a0)
    acf4:	0891                	addi	a7,a7,4
    acf6:	00c5d5b3          	srl	a1,a1,a2
    acfa:	01c31333          	sll	t1,t1,t3
    acfe:	0065e5b3          	or	a1,a1,t1
    ad02:	feb8ae23          	sw	a1,-4(a7)
    ad06:	0511                	addi	a0,a0,4
    ad08:	ff1e93e3          	bne	t4,a7,acee <__trunctfdf2+0x130>
    ad0c:	4591                	li	a1,4
    ad0e:	40f587b3          	sub	a5,a1,a5
    ad12:	45b2                	lw	a1,12(sp)
    ad14:	0808                	addi	a0,sp,16
    ad16:	972a                	add	a4,a4,a0
    ad18:	00c5d5b3          	srl	a1,a1,a2
    ad1c:	feb72823          	sw	a1,-16(a4)
    ad20:	a861                	j	adb8 <__trunctfdf2+0x1fa>
    ad22:	4601                	li	a2,0
    ad24:	4701                	li	a4,0
    ad26:	b721                	j	ac2e <__trunctfdf2+0x70>
    ad28:	00469713          	slli	a4,a3,0x4
    ad2c:	00479513          	slli	a0,a5,0x4
    ad30:	01c76733          	or	a4,a4,t3
    ad34:	82f1                	srli	a3,a3,0x1c
    ad36:	83f1                	srli	a5,a5,0x1c
    ad38:	0592                	slli	a1,a1,0x4
    ad3a:	00e03733          	snez	a4,a4
    ad3e:	8ec9                	or	a3,a3,a0
    ad40:	8fcd                	or	a5,a5,a1
    ad42:	8ed9                	or	a3,a3,a4
    ad44:	0076f713          	andi	a4,a3,7
    ad48:	c711                	beqz	a4,ad54 <__trunctfdf2+0x196>
    ad4a:	00f6f713          	andi	a4,a3,15
    ad4e:	4591                	li	a1,4
    ad50:	02b71c63          	bne	a4,a1,ad88 <__trunctfdf2+0x1ca>
    ad54:	00800737          	lui	a4,0x800
    ad58:	8f7d                	and	a4,a4,a5
    ad5a:	ee070de3          	beqz	a4,ac54 <__trunctfdf2+0x96>
    ad5e:	0605                	addi	a2,a2,1
    ad60:	7ff00713          	li	a4,2047
    ad64:	ece601e3          	beq	a2,a4,ac26 <__trunctfdf2+0x68>
    ad68:	ff800737          	lui	a4,0xff800
    ad6c:	177d                	addi	a4,a4,-1
    ad6e:	8f7d                	and	a4,a4,a5
    ad70:	01d71793          	slli	a5,a4,0x1d
    ad74:	828d                	srli	a3,a3,0x3
    ad76:	0726                	slli	a4,a4,0x9
    ad78:	7ff67613          	andi	a2,a2,2047
    ad7c:	8fd5                	or	a5,a5,a3
    ad7e:	8331                	srli	a4,a4,0xc
    ad80:	b57d                	j	ac2e <__trunctfdf2+0x70>
    ad82:	4685                	li	a3,1
    ad84:	4781                	li	a5,0
    ad86:	4601                	li	a2,0
    ad88:	ffc6b713          	sltiu	a4,a3,-4
    ad8c:	00174713          	xori	a4,a4,1
    ad90:	97ba                	add	a5,a5,a4
    ad92:	00800737          	lui	a4,0x800
    ad96:	0691                	addi	a3,a3,4
    ad98:	8f7d                	and	a4,a4,a5
    ad9a:	b7c1                	j	ad5a <__trunctfdf2+0x19c>
    ad9c:	858a                	mv	a1,sp
    ad9e:	00a588b3          	add	a7,a1,a0
    ada2:	0008a883          	lw	a7,0(a7)
    ada6:	0591                	addi	a1,a1,4
    ada8:	0605                	addi	a2,a2,1
    adaa:	ff15ae23          	sw	a7,-4(a1)
    adae:	fec758e3          	bge	a4,a2,ad9e <__trunctfdf2+0x1e0>
    adb2:	4711                	li	a4,4
    adb4:	40f707b3          	sub	a5,a4,a5
    adb8:	078a                	slli	a5,a5,0x2
    adba:	978a                	add	a5,a5,sp
    adbc:	0818                	addi	a4,sp,16
    adbe:	0007a023          	sw	zero,0(a5)
    adc2:	0791                	addi	a5,a5,4
    adc4:	fee79de3          	bne	a5,a4,adbe <__trunctfdf2+0x200>
    adc8:	4702                	lw	a4,0(sp)
    adca:	00d036b3          	snez	a3,a3
    adce:	4792                	lw	a5,4(sp)
    add0:	8ed9                	or	a3,a3,a4
    add2:	4601                	li	a2,0
    add4:	bf85                	j	ad44 <__trunctfdf2+0x186>
    add6:	4785                	li	a5,1
    add8:	4701                	li	a4,0
    adda:	bf2d                	j	ad14 <__trunctfdf2+0x156>
    addc:	0000                	unimp
    adde:	c000                	sw	s0,0(s0)
    ade0:	0000                	unimp
    ade2:	4000                	lw	s0,0(s0)
    ade4:	0000                	unimp
    ade6:	3f00                	fld	fs0,56(a4)
    ade8:	0000                	unimp
    adea:	43b4                	lw	a3,64(a5)
    adec:	0000                	unimp
    adee:	4334                	lw	a3,64(a4)
    adf0:	0000                	unimp
    adf2:	c334                	sw	a3,64(a4)
    adf4:	0000                	unimp
    adf6:	3800                	fld	fs0,48(s0)
    adf8:	0000                	unimp
    adfa:	4180                	lw	s0,0(a1)
    adfc:	0000                	unimp
    adfe:	44fa                	lw	s1,156(sp)
    ae00:	3a52                	fld	fs4,304(sp)
    ae02:	3425                	jal	a82a <__adddf3+0x558>
    ae04:	302e                	fld	ft0,232(sp)
    ae06:	2066                	fld	ft0,88(sp)
    ae08:	3a50                	fld	fa2,176(a2)
    ae0a:	3425                	jal	a832 <__adddf3+0x560>
    ae0c:	302e                	fld	ft0,232(sp)
    ae0e:	2066                	fld	ft0,88(sp)
    ae10:	0000                	unimp
    ae12:	0000                	unimp
    ae14:	6159                	addi	sp,sp,400
    ae16:	37253a77          	0x37253a77
    ae1a:	312e                	fld	ft2,232(sp)
    ae1c:	2066                	fld	ft0,88(sp)
    ae1e:	0000                	unimp
    ae20:	6159                	addi	sp,sp,400
    ae22:	2d203a77          	0x2d203a77
    ae26:	2d2d                	jal	b460 <OLED_F8x16+0x5d8>
    ae28:	2d2d                	jal	b462 <OLED_F8x16+0x5da>
    ae2a:	202d                	jal	ae54 <__trunctfdf2+0x296>
    ae2c:	0000                	unimp
    ae2e:	0000                	unimp
    ae30:	6548                	flw	fa0,12(a0)
    ae32:	6461                	lui	s0,0x18
    ae34:	253a                	fld	fa0,392(sp)
    ae36:	2e36                	fld	ft8,328(sp)
    ae38:	6631                	lui	a2,0xc
    ae3a:	0020                	addi	s0,sp,8
    ae3c:	6548                	flw	fa0,12(a0)
    ae3e:	6461                	lui	s0,0x18
    ae40:	203a                	fld	ft0,392(sp)
    ae42:	2d2d                	jal	b47c <OLED_F8x16+0x5f4>
    ae44:	2d2d                	jal	b47e <OLED_F8x16+0x5f6>
    ae46:	0020                	addi	s0,sp,8
    ae48:	614c                	flw	fa1,4(a0)
    ae4a:	3a726573          	csrrsi	a0,0x3a7,4
    ae4e:	3425                	jal	a876 <__adddf3+0x5a4>
    ae50:	6d75                	lui	s10,0x1d
    ae52:	206d                	jal	aefc <OLED_F8x16+0x74>
    ae54:	0000                	unimp
    ae56:	0000                	unimp
    ae58:	614c                	flw	fa1,4(a0)
    ae5a:	3a726573          	csrrsi	a0,0x3a7,4
    ae5e:	464e                	lw	a2,208(sp)
    ae60:	4d52                	lw	s10,20(sp)
    ae62:	2020                	fld	fs0,64(s0)
    ae64:	0000                	unimp
    ae66:	0000                	unimp
    ae68:	614c                	flw	fa1,4(a0)
    ae6a:	3a726573          	csrrsi	a0,0x3a7,4
    ae6e:	4142                	lw	sp,16(sp)
    ae70:	2044                	fld	fs1,128(s0)
    ae72:	2020                	fld	fs0,64(s0)
    ae74:	0000                	unimp
    ae76:	0000                	unimp
    ae78:	614c                	flw	fa1,4(a0)
    ae7a:	3a726573          	csrrsi	a0,0x3a7,4
    ae7e:	2d2d                	jal	b4b8 <OLED_F8x16+0x630>
    ae80:	2d2d                	jal	b4ba <OLED_F8x16+0x632>
    ae82:	6d6d                	lui	s10,0x1b
    ae84:	0020                	addi	s0,sp,8
	...

0000ae88 <OLED_F8x16>:
	...
    ae98:	0000 f800 0000 0000 0000 3300 0030 0000     ...........30...
    aea8:	1000 060c 0c10 0006 0000 0000 0000 0000     ................
    aeb8:	c040 4078 78c0 0040 3f04 0404 043f 0004     @.x@.x@..?..?...
    aec8:	7000 fc88 3008 0000 1800 ff20 1e21 0000     .p...0.... .!...
    aed8:	08f0 00f0 18e0 0000 2100 031c 211e 001e     .........!...!..
    aee8:	f000 8808 0070 0000 211e 2423 2719 1021     ....p....!#$.'!.
    aef8:	1610 000e 0000 0000 0000 0000 0000 0000     ................
    af08:	0000 e000 0418 0002 0000 0700 2018 0040     ............. @.
    af18:	0200 1804 00e0 0000 4000 1820 0007 0000     .........@ .....
    af28:	4040 f080 4080 0040 0202 0f01 0201 0002     @@...@@.........
    af38:	0000 f000 0000 0000 0101 1f01 0101 0001     ................
	...
    af50:	b080 0070 0000 0000 0000 0000 0000 0000     ..p.............
    af60:	0100 0101 0101 0101 0000 0000 0000 0000     ................
    af70:	3000 0030 0000 0000 0000 0000 6080 0418     .00..........`..
    af80:	6000 0618 0001 0000 e000 0810 1008 00e0     .`..............
    af90:	0f00 2010 1020 000f 1000 f810 0000 0000     ...  ...........
    afa0:	2000 3f20 2020 0000 7000 0808 8808 0070     .  ?  ...p....p.
    afb0:	3000 2428 2122 0030 3000 8808 4888 0030     .0($"!0..0...H0.
    afc0:	1800 2020 1120 000e 0000 20c0 f810 0000     ..   ...... ....
    afd0:	0700 2404 3f24 0024 f800 8808 0888 0008     ...$$?$.........
    afe0:	1900 2021 1120 000e e000 8810 1888 0000     ..!  ...........
    aff0:	0f00 2011 1120 000e 3800 0808 38c8 0008     ...  ....8...8..
    b000:	0000 3f00 0000 0000 7000 0888 8808 0070     ...?.....p....p.
    b010:	1c00 2122 2221 001c e000 0810 1008 00e0     .."!!"..........
    b020:	0000 2231 1122 000f 0000 c000 00c0 0000     ..1""...........
    b030:	0000 3000 0030 0000 0000 8000 0000 0000     ...00...........
    b040:	0000 6080 0000 0000 0000 4080 1020 0008     ...`.......@ ...
    b050:	0100 0402 1008 0020 4040 4040 4040 0040     ...... .@@@@@@@.
    b060:	0404 0404 0404 0004 0800 2010 8040 0000     ........... @...
    b070:	2000 0810 0204 0001 7000 0848 0808 00f0     . .......pH.....
    b080:	0000 3000 0136 0000 30c0 28c8 10e8 00e0     ...06....0.(....
    b090:	1807 2427 1423 000b 0000 38c0 00e0 0000     ..'$#......8....
    b0a0:	3c20 0223 2702 2038 f808 8888 7088 0000      <#..'8 .....p..
    b0b0:	3f20 2020 1120 000e 30c0 0808 0808 0038      ?   ....0....8.
    b0c0:	1807 2020 1020 0008 f808 0808 1008 00e0     ..   ...........
    b0d0:	3f20 2020 1020 000f f808 8888 08e8 0010      ?   ...........
    b0e0:	3f20 2020 2023 0018 f808 8888 08e8 0010      ?  # ..........
    b0f0:	3f20 0020 0003 0000 30c0 0808 3808 0000      ? ......0...8..
    b100:	1807 2020 1e22 0002 f808 0008 0800 08f8     ..  "...........
    b110:	3f20 0121 2101 203f 0800 f808 0808 0000      ?!..!? ........
    b120:	2000 3f20 2020 0000 0000 0808 08f8 0008     .  ?  ..........
    b130:	80c0 8080 007f 0000 f808 c088 1828 0008     ............(...
    b140:	3f20 0120 3826 0020 f808 0008 0000 0000      ? .&8 .........
    b150:	3f20 2020 2020 0030 f808 00f8 f8f8 0008      ?    0.........
    b160:	3f20 3f00 3f00 0020 f808 c030 0800 08f8      ?.?.? ...0.....
    b170:	3f20 0020 1807 003f 10e0 0808 1008 00e0      ? ...?.........
    b180:	100f 2020 1020 000f f808 0808 0808 00f0     ..   ...........
    b190:	3f20 0121 0101 0000 10e0 0808 1008 00e0      ?!.............
    b1a0:	180f 2424 5038 004f f808 8888 8888 0070     ..$$8PO.......p.
    b1b0:	3f20 0020 0c03 2030 7000 0888 0808 0038      ? ...0 .p....8.
    b1c0:	3800 2120 2221 001c 0818 f808 0808 0018     .8 !!"..........
    b1d0:	0000 3f20 0020 0000 f808 0008 0800 08f8     .. ? ...........
    b1e0:	1f00 2020 2020 001f 7808 0088 c800 0838     ..    ...x....8.
    b1f0:	0000 3807 010e 0000 08f8 f800 0800 00f8     ...8............
    b200:	3c03 0007 3c07 0003 1808 8068 6880 0818     .<...<....h..h..
    b210:	3020 032c 2c03 2030 3808 00c8 38c8 0008      0,..,0 .8...8..
    b220:	0000 3f20 0020 0000 0810 0808 38c8 0008     .. ? ........8..
    b230:	3820 2126 2020 0018 0000 fe00 0202 0002      8&!  ..........
    b240:	0000 7f00 4040 0040 0c00 c030 0000 0000     ....@@@...0.....
    b250:	0000 0100 3806 00c0 0200 0202 00fe 0000     .....8..........
    b260:	4000 4040 007f 0000 0000 0204 0202 0004     .@@@............
	...
    b280:	8080 8080 8080 8080 0200 0402 0000 0000     ................
	...
    b298:	0000 8080 8080 0000 1900 2224 2222 203f     ..........$"""? 
    b2a8:	f808 8000 0080 0000 3f00 2011 1120 000e     .........?.  ...
    b2b8:	0000 8000 8080 0000 0e00 2011 2020 0011     ...........   ..
    b2c8:	0000 8000 8880 00f8 0e00 2011 1020 203f     ...........  .? 
    b2d8:	0000 8080 8080 0000 1f00 2222 2222 0013     ..........""""..
    b2e8:	8000 f080 8888 1888 2000 3f20 2020 0000     .........  ?  ..
    b2f8:	0000 8080 8080 0080 6b00 9494 9394 0060     .........k....`.
    b308:	f808 8000 8080 0000 3f20 0021 2000 203f     ........ ?!.. ? 
    b318:	8000 9898 0000 0000 2000 3f20 2020 0000     .........  ?  ..
    b328:	0000 8000 9898 0000 c000 8080 7f80 0000     ................
    b338:	f808 0000 8080 0080 3f20 0224 302d 0020     ........ ?$.-0 .
    b348:	0800 f808 0000 0000 2000 3f20 2020 0000     .........  ?  ..
    b358:	8080 8080 8080 0080 3f20 0020 203f 3f00     ........ ? .? .?
    b368:	8080 8000 8080 0000 3f20 0021 2000 203f     ........ ?!.. ? 
    b378:	0000 8080 8080 0000 1f00 2020 2020 001f     ..........    ..
    b388:	8080 8000 0080 0000 ff80 20a1 1120 000e     ...........  ...
    b398:	0000 8000 8080 0080 0e00 2011 a020 80ff     ...........  ...
    b3a8:	8080 0080 8080 0080 2020 213f 0020 0001     ........  ?! ...
    b3b8:	0000 8080 8080 0080 3300 2424 2424 0019     .........3$$$$..
    b3c8:	8000 e080 8080 0000 0000 1f00 2020 0000     ............  ..
    b3d8:	8080 0000 8000 0080 1f00 2020 1020 203f     ..........   .? 
    b3e8:	8080 0080 8000 8080 0100 300e 0608 0001     ...........0....
    b3f8:	8080 8000 8000 8080 300f 030c 300c 000f     .........0...0..
    b408:	8000 0080 8080 0080 2000 2e31 310e 0020     ......... 1..1 .
    b418:	8080 0080 8000 8080 8180 708e 0618 0001     ...........p....
    b428:	8000 8080 8080 0080 2100 2c30 2122 0030     .........!0,"!0.
    b438:	0000 0000 7c80 0202 0000 0000 3f00 4040     .....|.......?@@
    b448:	0000 0000 00ff 0000 0000 0000 00ff 0000     ................
    b458:	0200 7c02 0080 0000 4000 3f40 0000 0000     ...|.....@@?....
    b468:	0600 0101 0202 0404 0000 0000 0000 0000     ................
    b478:	2036 0000 20ba 0000 229c 0000 2328 0000     6 ... ..."..(#..
    b488:	2352 0000 0000 4461 0000 c370 0000 4370     R#....aD..p...pC
    b498:	bc20 4cbe 0fda 4049 0000 43a5 0000 42a0      ..L..I@...C...B
    b4a8:	8000 4489 0000 3f80 0000 44c8 0000 4396     ...D...?...D...C
    b4b8:	0000 4348 0000 42f0 5047 2053 6953 006d     ..HC...BGPS Sim.
    b4c8:	6f4c 3a6e 0000 0000 7325 6c25 2e64 3025     Lon:....%s%ld.%0
    b4d8:	6c36 0064 614c 3a74 0000 0000 7173 7472     6ld.Lat:....sqrt
    b4e8:	0066 0000 0fdb 3fc9 0fdb 4049 0fdb c049     f......?..I@..I.
    b4f8:	0000 8000 0fdb bfc9 cbe4 4016 cbe4 c016     ...........@....
    b508:	0fdb 3f49 0fdb bf49 bd2e 33bb 0f80 3fc9     ..I?..I....3...?
    b518:	4443 3735 4400 3735 a308 2e85 f984 3f22     CD57.D57......"?
    b528:	a300 2e85 3132 248d 0000 4380               ....21.$...C

0000b534 <npio2_hw>:
    b534:	0f00 3fc9 0f00 4049 cb00 4096 0f00 40c9     ...?..I@...@...@
    b544:	5300 40fb cb00 4116 ed00 412f 0f00 4149     .S.@...A../A..IA
    b554:	3100 4162 5300 417b 3a00 418a cb00 4196     .1bA.S{A.:.A...A
    b564:	5c00 41a3 ed00 41af 7e00 41bc 0f00 41c9     .\.A...A.~.A...A
    b574:	a000 41d5 3100 41e2 c200 41ee 5300 41fb     ...A.1.A...A.S.A
    b584:	f200 4203 3a00 420a 8300 4210 cb00 4216     ...B.:.B...B...B
    b594:	1400 421d 5c00 4223 a500 4229 ed00 422f     ...B.\#B..)B../B
    b5a4:	3600 4236 7e00 423c c700 4242 0f00 4249     .66B.~<B..BB..IB

0000b5b4 <two_over_pi>:
    b5b4:	00a2 0000 00f9 0000 0083 0000 006e 0000     ............n...
    b5c4:	004e 0000 0044 0000 0015 0000 0029 0000     N...D.......)...
    b5d4:	00fc 0000 0027 0000 0057 0000 00d1 0000     ....'...W.......
    b5e4:	00f5 0000 0034 0000 00dd 0000 00c0 0000     ....4...........
    b5f4:	00db 0000 0062 0000 0095 0000 0099 0000     ....b...........
    b604:	003c 0000 0043 0000 0090 0000 0041 0000     <...C.......A...
    b614:	00fe 0000 0051 0000 0063 0000 00ab 0000     ....Q...c.......
    b624:	00de 0000 00bb 0000 00c5 0000 0061 0000     ............a...
    b634:	00b7 0000 0024 0000 006e 0000 003a 0000     ....$...n...:...
    b644:	0042 0000 004d 0000 00d2 0000 00e0 0000     B...M...........
    b654:	0006 0000 0049 0000 002e 0000 00ea 0000     ....I...........
    b664:	0009 0000 00d1 0000 0092 0000 001c 0000     ................
    b674:	00fe 0000 001d 0000 00eb 0000 001c 0000     ................
    b684:	00b1 0000 0029 0000 00a7 0000 003e 0000     ....).......>...
    b694:	00e8 0000 0082 0000 0035 0000 00f5 0000     ........5.......
    b6a4:	002e 0000 00bb 0000 0044 0000 0084 0000     ........D.......
    b6b4:	00e9 0000 009c 0000 0070 0000 0026 0000     ........p...&...
    b6c4:	00b4 0000 005f 0000 007e 0000 0041 0000     ...._...~...A...
    b6d4:	0039 0000 0091 0000 00d6 0000 0039 0000     9...........9...
    b6e4:	0083 0000 0053 0000 0039 0000 00f4 0000     ....S...9.......
    b6f4:	009c 0000 0084 0000 005f 0000 008b 0000     ........_.......
    b704:	00bd 0000 00f9 0000 0028 0000 003b 0000     ........(...;...
    b714:	001f 0000 00f8 0000 0097 0000 00ff 0000     ................
    b724:	00de 0000 0005 0000 0098 0000 000f 0000     ................
    b734:	00ef 0000 002f 0000 0011 0000 008b 0000     ..../...........
    b744:	005a 0000 000a 0000 006d 0000 001f 0000     Z.......m.......
    b754:	006d 0000 0036 0000 007e 0000 00cf 0000     m...6...~.......
    b764:	0027 0000 00cb 0000 0009 0000 00b7 0000     '...............
    b774:	004f 0000 0046 0000 003f 0000 0066 0000     O...F...?...f...
    b784:	009e 0000 005f 0000 00ea 0000 002d 0000     ...._.......-...
    b794:	0075 0000 0027 0000 00ba 0000 00c7 0000     u...'...........
    b7a4:	00eb 0000 00e5 0000 00f1 0000 007b 0000     ............{...
    b7b4:	003d 0000 0007 0000 0039 0000 00f7 0000     =.......9.......
    b7c4:	008a 0000 0052 0000 0092 0000 00ea 0000     ....R...........
    b7d4:	006b 0000 00fb 0000 005f 0000 00b1 0000     k......._.......
    b7e4:	001f 0000 008d 0000 005d 0000 0008 0000     ........].......
    b7f4:	0056 0000 0003 0000 0030 0000 0046 0000     V.......0...F...
    b804:	00fc 0000 007b 0000 006b 0000 00ab 0000     ....{...k.......
    b814:	00f0 0000 00cf 0000 00bc 0000 0020 0000     ............ ...
    b824:	009a 0000 00f4 0000 0036 0000 001d 0000     ........6.......
    b834:	00a9 0000 00e3 0000 0091 0000 0061 0000     ............a...
    b844:	005e 0000 00e6 0000 001b 0000 0008 0000     ^...............
    b854:	0065 0000 0099 0000 0085 0000 005f 0000     e..........._...
    b864:	0014 0000 00a0 0000 0068 0000 0040 0000     ........h...@...
    b874:	008d 0000 00ff 0000 00d8 0000 0080 0000     ................
    b884:	004d 0000 0073 0000 0027 0000 0031 0000     M...s...'...1...
    b894:	0006 0000 0006 0000 0015 0000 0056 0000     ............V...
    b8a4:	00ca 0000 0073 0000 00a8 0000 00c9 0000     ....s...........
    b8b4:	0060 0000 00e2 0000 007b 0000 00c0 0000     `.......{.......
    b8c4:	008c 0000 006b 0000 0000 3f38 0000 3e90     ....k.....8?...>
    b8d4:	d74e ad47 74f6 310f f27c 3493 0d01 37d0     N.G..t.1|..4...7
    b8e4:	0b61 3ab6 aaab 3d2a                         a..:..*=

0000b8ec <PIo2>:
    b8ec:	0000 3fc9 0000 39f0 0000 37da 0000 33a2     ...?...9...7...3
    b8fc:	0000 2e84 0000 2b50 0000 27c2 0000 22d0     ......P+...'..."
    b90c:	0000 1fc4 0000 1bc6 0000 1744 0000 3fc9     ..........D....?
    b91c:	0000 3b80 0000 3e00 0000 4100               ...;...>...A

0000b928 <init_jk>:
    b928:	0004 0000 0007 0000 0009 0000 c9d3 2f2e     .............../
    b938:	2f34 32d7 ef1b 3638 0d01 3950 8889 3c08     4/.2..86..P9...<
    b948:	aaab 3e2a f2ca 7149 0000 3fc0 0000 bf80     ..*>..Iq...?....
    b958:	69d7 3c85 da59 3d4b 6b35 3d88 2e6e 3dba     .i.<Y.K=5k.=n..=
    b968:	4925 3e12 aaab 3eaa a221 bd15 f16b 3d6e     %I.>...>!...k.n=
    b978:	8795 3d9d 8e38 3de3 cccd 3e4c               ...=8..=..L>

0000b984 <atanhi>:
    b984:	6338 3eed 0fda 3f49 985e 3f7b 0fda 3fc9     8c.>..I?^.{?...?

0000b994 <atanlo>:
    b994:	3769 31ac 2168 3322 0fb4 3314 2168 33a2     i7.1h!"3...3h!.3
    b9a4:	0000 4c00 4260 0da2 0000 3300 6e28 6c75     ...L`B.....3(nul
    b9b4:	296c 0000 a554 ffff a3d8 ffff a4e8 ffff     l)..T...........
    b9c4:	a4f0 ffff a4e8 ffff a408 ffff a4e8 ffff     ................
    b9d4:	a4f0 ffff a3d8 ffff a3d8 ffff a408 ffff     ................
    b9e4:	a4f0 ffff a54a ffff a54a ffff a54a ffff     ....J...J...J...
    b9f4:	a408 ffff ab4c ffff aa3e ffff aa3e ffff     ....L...>...>...
    ba04:	aa3c ffff aa44 ffff aa44 ffff aa0a ffff     <...D...D.......
    ba14:	aa3c ffff aa44 ffff aa0a ffff aa44 ffff     <...D.......D...
    ba24:	aa3c ffff ab38 ffff ab38 ffff ab38 ffff     <...8...8...8...
    ba34:	aa0a ffff bd62 ffff bc88 ffff bd5c ffff     ....b.......\...
    ba44:	bc90 ffff bd5c ffff bc56 ffff bd5c ffff     ....\...V...\...
    ba54:	bc90 ffff bc88 ffff bc88 ffff bc56 ffff     ............V...
    ba64:	bc90 ffff bc96 ffff bc96 ffff bc96 ffff     ................
    ba74:	bc56 ffff bc48 ffff bc48 ffff bd1c ffff     V...H...H.......
    ba84:	bdf8 ffff bd1c ffff bc16 ffff bd1c ffff     ................
    ba94:	bdf8 ffff bc48 ffff bc48 ffff bc16 ffff     ....H...H.......
    baa4:	bdf8 ffff bc56 ffff bc56 ffff bc56 ffff     ....V...V...V...
    bab4:	bc16 ffff c0cc ffff c01a ffff c01a ffff     ................
    bac4:	c018 ffff c01e ffff c01e ffff bfee ffff     ................
    bad4:	c018 ffff c01e ffff bfee ffff c01e ffff     ................
    bae4:	c018 ffff c0ba ffff c0ba ffff c0ba ffff     ................
    baf4:	bfee ffff                                   ....

0000baf8 <__clz_tab>:
    baf8:	0100 0202 0303 0303 0404 0404 0404 0404     ................
    bb08:	0505 0505 0505 0505 0505 0505 0505 0505     ................
    bb18:	0606 0606 0606 0606 0606 0606 0606 0606     ................
    bb28:	0606 0606 0606 0606 0606 0606 0606 0606     ................
    bb38:	0707 0707 0707 0707 0707 0707 0707 0707     ................
    bb48:	0707 0707 0707 0707 0707 0707 0707 0707     ................
    bb58:	0707 0707 0707 0707 0707 0707 0707 0707     ................
    bb68:	0707 0707 0707 0707 0707 0707 0707 0707     ................
    bb78:	0808 0808 0808 0808 0808 0808 0808 0808     ................
    bb88:	0808 0808 0808 0808 0808 0808 0808 0808     ................
    bb98:	0808 0808 0808 0808 0808 0808 0808 0808     ................
    bba8:	0808 0808 0808 0808 0808 0808 0808 0808     ................
    bbb8:	0808 0808 0808 0808 0808 0808 0808 0808     ................
    bbc8:	0808 0808 0808 0808 0808 0808 0808 0808     ................
    bbd8:	0808 0808 0808 0808 0808 0808 0808 0808     ................
    bbe8:	0808 0808 0808 0808 0808 0808 0808 0808     ................
    bbf8:	ffff ffff ffff 7fef 4e49 0046 6e69 0066     ........INF.inf.
    bc08:	414e 004e 616e 006e 0030 0000 0000 0000     NAN.nan.0.......
    bc18:	0000 0000 0000 3ff8 4361 636f 87a7 3fd2     .......?aCoc...?
    bc28:	c8b3 8b60 8a28 3fc6 79fb 509f 4413 3fd3     ..`.(..?.y.P.D.?
    bc38:	0000 0000 0000 3ff0 0000 0000 0000 4024     .......?......$@
    bc48:	0000 0000 0000 401c 0000 0000 0000 4014     .......@.......@
    bc58:	0000 0000 0000 3fe0 6e49 6966 696e 7974     .......?Infinity
    bc68:	0000 0000 614e 004e                         ....NaN.

0000bc70 <__mprec_bigtens>:
    bc70:	8000 37e0 c379 4341 6e17 b505 b8b5 4693     ...7y.AC.n.....F
    bc80:	f9f5 e93f 4f03 4d38 1d32 f930 7748 5a82     ..?..O8M2.0.Hw.Z
    bc90:	bf3c 7f73 4fdd 7515                         <.s..O.u

0000bc98 <__mprec_tens>:
    bc98:	0000 0000 0000 3ff0 0000 0000 0000 4024     .......?......$@
    bca8:	0000 0000 0000 4059 0000 0000 4000 408f     ......Y@.....@.@
    bcb8:	0000 0000 8800 40c3 0000 0000 6a00 40f8     .......@.....j.@
    bcc8:	0000 0000 8480 412e 0000 0000 12d0 4163     .......A......cA
    bcd8:	0000 0000 d784 4197 0000 0000 cd65 41cd     .......A....e..A
    bce8:	0000 2000 a05f 4202 0000 e800 4876 4237     ... _..B....vH7B
    bcf8:	0000 a200 1a94 426d 0000 e540 309c 42a2     ......mB..@..0.B
    bd08:	0000 1e90 bcc4 42d6 0000 2634 6bf5 430c     .......B..4&.k.C
    bd18:	8000 37e0 c379 4341 a000 85d8 3457 4376     ...7y.AC....W4vC
    bd28:	c800 674e c16d 43ab 3d00 6091 58e4 43e1     ..Ngm..C.=.`.X.C
    bd38:	8c40 78b5 af1d 4415 ef50 d6e2 1ae4 444b     @..x...DP.....KD
    bd48:	d592 064d f0cf 4480 4af6 c7e1 2d02 44b5     ..M....D.J...-.D
    bd58:	9db4 79d9 7843 44ea                         ...yCx.D

0000bd60 <p05.3319>:
    bd60:	0005 0000 0019 0000 007d 0000 0043 0000     ........}...C...
    bd70:	4f50 4953 0058 0000 002e 0000               POSIX.......

0000bd7c <_ctype_>:
    bd7c:	2000 2020 2020 2020 2020 2828 2828 2028     .         ((((( 
    bd8c:	2020 2020 2020 2020 2020 2020 2020 2020                     
    bd9c:	8820 1010 1010 1010 1010 1010 1010 1010      ...............
    bdac:	0410 0404 0404 0404 0404 1004 1010 1010     ................
    bdbc:	1010 4141 4141 4141 0101 0101 0101 0101     ..AAAAAA........
    bdcc:	0101 0101 0101 0101 0101 0101 1010 1010     ................
    bddc:	1010 4242 4242 4242 0202 0202 0202 0202     ..BBBBBB........
    bdec:	0202 0202 0202 0202 0202 0202 1010 1010     ................
    bdfc:	0020 0000 0000 0000 0000 0000 0000 0000      ...............
	...
