:100000006F2030691300000013000000130000008F
:100010001300000013000000130000001300000094
:100020001300000013000000130000001300000084
:08003000130000007300100032
:100038006FF09FFC000000006F10E03C6F10C03CA8
:1000480000000000000000000000000000000000A8
:100058000000000000000000000000000000000098
:100068006F204048000000006F2010620000000070
:100078006F2090616F2050616F2010616F20D060F9
:100088006F2090606F2050606F2010606F20D05FED
:100098006F20905F6F20505F6F20105F6F20D05EE1
:1000A8006F20905E6F00505D6F20105E6F20A07D06
:1000B8006F0030106F20505D6F20105D0000000051
:1000C8000000000000000000000000006F20D05B6E
:1000D8006F20905B6F20505B6F20105B6F20D05AB1
:1000E8006F10A0196F20505A6F20105A6F20D059E6
:1000F8006F2090596F2050596F2010596F20D05899
:100108006F2090586F20806D6F0030036F00104F84
:100118006F2090576F2050576F2010576F20D05680
:1001280000000000000000000000000000000000C7
:080138000000000000000000BF
:10014000397101436EC619A0397141536AC866CA34
:1001500062CC5ECE19A0397101535AD056D252D416
:100160004ED64AD826DA22DC06DE3301614082828E
:1001700041114AC026C222C406C68282B24D410144
:10018000024D924C224CB24B4101024B924A224A00
:10019000B2494101024992442244B2404101828065
:1001A0003D432A876373C3029377F700BDEFADE544
:1001B000937606FF3D8ABA960CC34CC30CC74CC756
:1001C0004107E36BD7FE11E28280B306C3408A0683
:1001D0009702000096966780A6002307B700A30643
:1001E000B7002306B700A305B7002305B700A30493
:1001F000B7002304B700A303B7002303B700A3028B
:10020000B7002302B700A301B7002301B700A30082
:10021000B7002300B700828093F5F50F9396850011
:10022000D58D93960501D58D61B7939627009702DA
:10023000000096968682E78086FA9680C1171D8F09
:100240003E96E374C3F8A5B7EFF29FF2B7B700008C
:1002500083A4C7DEB7B7000003A987DE2A84A6857A
:100260002285EF70C0686342A002B7B7000083A484
:1002700007DFB7B7000003A987DEA6852285EF70E8
:10028000606F634A0500228531B72285CA85EF7009
:1002900070202A84E9B72285CA85EF60D07D2A8440
:1002A000E9BFEFF2FFEC370402401305C4068145B5
:1002B000EF2030591305C4069305C002EF20D05A31
:1002C00085451305C406EF20D057E9B511CDAA879F
:1002D0001307850C9306000094C39107E39CE7FE87
:1002E0002314050C2326D50C8280EFF2DFE6AE89BD
:1002F00029CD2A848344840C034A950C9307100368
:10030000139924000325C50C229963E24705232095
:10031000B900AA854E85EF601076050A2326A40C45
:10032000A304440D850493F4F40F9307100363ECC6
:1003300097022304940C0345940CEF707064AA8513
:100340000325C40CEF70C029AA894E853DBD8325C5
:100350000900EF703014CE8523203901EF60B071B1
:100360002326A40CC1B72304040CF1B7EFF25FDD20
:1003700037BA0000B7BA000037BB0000832CCADFD1
:1003800003ADCADE832D8BDF938B4186B7B90000A6
:100390001384418683C62B0013075005639BE60632
:1003A00013852B00814601472946B305D50083C537
:1003B000050085062E971377F70FE398C6FE83C6D0
:1003C000CB006398E60403C55B0083C64B0003C9FA
:1003D0007B002205558D83C66B00220983C49B00D8
:1003E0003369D90083C68B00A20403C73B00D58CB8
:1003F00042054209C204930620054185135909416B
:10040000C1846305D70863ECE60093061005630C0E
:10041000D702AD0B93870189E39EFBF685B3930664
:100420003005630AD70A93064005E314D7FEEF7040
:10043000D04868C84A85EF70504828CC2685EF70B0
:10044000D04768CCF9B7EF70504783A549DFEF700C
:10045000205BEE85EF70C05A48DC4A85EF70F045AE
:1004600083A549DFEF70C05983258BDFEF704059BA
:1004700028C02685EF70704483A549DFEF7040588F
:1004800083258BDFEF70C05768C061B7EF70F04213
:10049000B7B7000083A547DFEF708056E685EF70A1
:1004A000205628C44A85EF70504183A549DFEF707C
:1004B00020558325CADFEF70A05468C42685EF70ED
:1004C000D03F83A549DFEF70A0538325CADFEF70CB
:1004D000205328C83DBFEF70503E83A549DFEF7021
:1004E0002052EA85EF70C05108D84A85EF70F03C81
:1004F00083A549DFEF70C05083A5CADEEF7040507E
:1005000048D82685EF70703B83A549DF9384C1836B
:10051000EF70004F83A5CADEEF70804E08DC2D33EC
:10052000138681838345060028D02A89138C018491
:10053000B1E585451387818D2300B60088C023204F
:10054000AC009305870C1386818D930700001CC3B4
:100550001107E39CE5FE2314060C2326F60CCA853E
:100560001385818D5933CD312C5468D0EF70807252
:10057000E139054768D42308E40661BD8C40EF707B
:100580006071D93183250C00EF60F04EAA852320DD
:10059000AC0023A02401E9B71387818D9306870C53
:1005A0009387818D1306000010C31107E31CD7FE4B
:1005B0002394070C23A6C70C238C018223AEC1828F
:1005C00023A0C18493874186B0D3F0D3B0D7F0D7AE
:1005D00023880706828093874186F853B8D713078C
:1005E0000000F8D78280EFF2BFB803A4018DB7B73F
:1005F000000083A5C7DD2285EF70602F635DA0003A
:10060000B7B7000083A507DE2285EF70A0369307F9
:10061000000063400504A2852285EF60D045930564
:100620000000AA842285EF70802C37B40000832557
:1006300044DE634205022685EF60F043EF70D0216F
:1006400042054185EF707027832544DEEF70403B03
:10065000AA873E8581B62685EF70C063C5B703C5FE
:10066000418D82803335A000B70700202388A71E64
:100670008280EFF2FFAF7971AA848545114502CAE5
:1006800002CC02CE02D002D202D402D602C602C8E6
:10069000EF20B045854537050200EF20F046914731
:1006A000231AF100371401408D473ECC4C08E14736
:1006B000130504803ECEEF201021A147231AF1003C
:1006C0004C089147130504803ECE37440040EF208C
:1006D000901F0C10B7070C001305044026D03ED421
:1006E00002D223160102EF20F05D93076013231658
:1006F000F10085472307F100680085473EC8EF20D9
:10070000502A05461305044093054042EF20D06768
:10071000854513050440EF2070654561A5BCEFF2E7
:100720003FA539711306C00281454808953C8545AF
:1007300005453704024002C602C8EF2030391305D0
:10074000C406EF20E07CB7440040938744403ECA93
:10075000938761863ECC9307C0023ED09307000882
:100760003ED44C088D671305C4063EDC02CE02D28F
:1007700002D602D802DA02DEEF20300905468945AA
:100780001305C406EF20300D930700122316F10065
:1007900089472307F100680085473EC8EF20702095
:1007A0001305C4068545EF20D009054693050004CE
:1007B00013850440EF20B0602161E9BAEFF25F9B3E
:1007C0002A8413064007814513854186D13A23AA1E
:1007D000018223A80182C9332285613D89376FF0E8
:1007E0007F9BEFF2FF989387418398438546797109
:1007F000938441836302D70219C789466308D704EB
:1008000023A0070039A003C741861377F70F11C350
:1008100094C345616FF01F989387418683C7170083
:100820001307B002138441866373F70081362300F7
:1008300004001306C002814513052400A300040030
:10084000EFF01F96B93C89479CC0E1B7B70700207D
:1008500083C7071F6384070C93870183984393061C
:10086000700C3307E54063FBE60A88C361468145A7
:100870002808EFF0FF92138941860325490313846A
:100880004186EF70D01C2AC4032509032EC6EF70E1
:10089000101C2248B24837B60000AE872A871306DC
:1008A00006E0E1452808EF40504D300889450945EC
:1008B000EF00D010614681452808EFF07F8E834716
:1008C0000907A5C36850EF70901837B600002A8753
:1008D000AE87130646E1E1452808EF40104A30088C
:1008E00085450D45EF00900D614681452808EFF0E4
:1008F0003F8B8347040795CFFD31EF70501537B616
:1009000000002A87AE87130606E3E1452808EF407A
:10091000D046300885451145EF00500A23A0040059
:10092000CDBDB7B50000938505E22808EF80403BB8
:100930007DB7B7B500009385C5E32808EF80403A3E
:10094000C9BF011122CE3744004093054042130530
:100950000440EF20904931CD835704408145C207C0
:10096000C1833EC683574440370402401305C40682
:10097000C207C1833EC6B247EF20A06C1305C40670
:10098000EF20C06E9307C0023385A74013874186CE
:100990001375F50FA300A700034717009306C002C5
:1009A0009387418663F4E600A38007000547238010
:1009B000E700724405617300203037052000EF2006
:1009C000006F0DC537052000EF20206F370502406E
:1009D00081451305C506EF20C0669387418613073E
:1009E000C002A380E70005472380E70073002030A2
:1009F000EFF20FF87971AA848545214502CA02CC2D
:100A000002CE02D002D202D402D602C602C8EF2021
:100A1000D00D854537050400EF20100F93070040E7
:100A2000231AF100371401408D473ECC4C08E147B2
:100A3000130504C03ECEEF200069856793870780C9
:100A4000231AF1004C089147130504C03ECE3754D9
:100A50000040EF2040670C10B7070C00130504801E
:100A600026D03ED402D223160102EF20B0259307F0
:100A700070132316F10085472307F10068008547AE
:100A80003EC8EF20007205461305048093054042DE
:100A9000EF20902F854513050480EF20302D456110
:100AA0006FF04FEFEFF2CFEC39711306C0028145C2
:100AB0004808EFF0EFEE854505453704024002C6D1
:100AC00002C8EF20B00013050403EF206044B754C0
:100AD0000040938744803ECA9387819B3ECC930716
:100AE00000043ED0930700083ED44C088D671305E0
:100AF00004033EDC02CE02D202D602D802DA02DEC3
:100B0000EF20A0500546894513050403EF20A054AB
:100B10009307D0112316F10089472307F1006800DD
:100B200085473EC8EF20E067130504038545EF20A5
:100B3000405105469305000413850480EF203028BA
:100B400021616FF02FE5EFF2AFE22A841306000473
:100B500081451385819BEFF0AFE49387819A2380D1
:100B600007002285239107002392070023830700B3
:100B700023A4070023A60700A53D2D376FF08FE1C2
:100B8000EFF20FDF9387819ADC471307700C011196
:100B9000B307F5401384819A6379F70283476400B1
:100BA00048C402C602C802CA02CC02CE95CF835600
:100BB000440037B60000130686E4D1456800EF40D4
:100BC000D01B700085450545D52B1C44054763891E
:100BD000E704639607228347040093F7F70F91C356
:100BE00018C405616FF00FDB83C7418493F7F70FDB
:100BF00089EBB7B50000938585E56800EF80400E6E
:100C0000C9B783C7518493F7F70F91C7B7B50000F1
:100C1000938585E6DDB7B7B50000938585E7F1BF1D
:100C2000835624008947C206C18263FBD71493858B
:100C3000819B9387819B01461388819B1303300519
:100C400093084007130E1006930E5006130FB003BF
:100C500013170601930F6600418363F7DF0883CF04
:100C6000070063936F0883CF1700639F1F0783CF2D
:100C70002700639BCF0783CF370063971F0783CF7E
:100C800047006393DF0783CF5700639FEF05190782
:100C900042074183B307E800130600026377D700D9
:100CA000850783C8F7FF638DC802B308E8000143D6
:100CB0008147A54E294E637FD70A03C608008508E1
:100CC000130606FD1376F60F63E6CE0AB387C70355
:100CD0000507420741830543B297C207C183E1BFBD
:100CE0000507420741835DBF0506131706014183CF
:100CF0008507E36FD7F481471387F6FF4207130692
:100D000040069308A003418303C305006310C30892
:100D100003C31500631C13078907C207C183330788
:100D2000F8001306000263F7D70005078345F7FFB5
:100D30006385C506C16881450147A54E294EF9184E
:100D40003386B700131F0601135F0F0113F3F50F6E
:100D50006379DF04429603460600130606FD137608
:100D6000F60F63E0CE043307C70385053297E3F936
:100D7000E8FC39A0E30103F80947638FE706ADDF1C
:100D8000054723030400A382E1843DA08507C20731
:100D9000C1838505E3EAE7F6E5B78507C207C183A6
:100DA00059B7E30F03FC4207418385472303F4004F
:100DB0002312E400A38201841306000481451385F5
:100DC000819BEFF0EFBDB704024023110400814581
:100DD0001385040323000400EF20A02693050004DC
:100DE00013850403EF204028854513850403EF2075
:100DF000402589471CC4F5B341677D177DB723247F
:100E00000400C5B3011122CE37540040930540427F
:100E100013050480EF20607D25C183570480814540
:100E2000C207C1833EC6835744803704024013057E
:100E30000403C207C1833EC6B247EF2080201305DA
:100E40000403EF20A022930700043385A740420546
:100E50001387819A41812311A70003572700930626
:100E600000049387819A63F4E60023910700054705
:100E70002382E1842380E7007244056173002030FF
:100E800013050020EF20A0221DC513050020EF2030
:100E9000C02237050240814513050503EF20601A83
:100EA0009387819A130700042391E7000547238263
:100EB000E1842380E70073002030EFF26FAB05651B
:100EC000797185451305458002CA02CC02CE02D055
:100ED00002D202D402D602C402C623180100EF20B7
:100EE000C04085450545EF20404093070010231A78
:100EF000F10037150140E1473ECE4C088D47130500
:100F000005803ECCEF20201C37340140930770044D
:100F10003EC42C0093073006130504C03EC6EF20E4
:100F20008040C167938707070C10130504C03ED0AB
:100F30002313010223140102EF206046130504C0AD
:100F40008545EF200050130504C08145EF20A052D5
:100F5000130504C08545EF2020508545130504C0C6
:100F6000EF20604C45616FF0EFA2EFF26FA09307A6
:100F700040069305400663E3A700AA85C2053735FE
:100F80000140C181130505C0EF2000506FF08FA014
:100F9000EFF20F9E411185452145EF200035D147E5
:100FA000371401403EC68D473EC44C0093070004F1
:100FB000130504C02312F100EF20E010930700088E
:100FC0004C00130504C02312F100EF20C00F1305DD
:100FD00004C0054693050004EF20001B0546930559
:100FE0000008130504C0EF20201A41016FF08F9A0A
:100FF000EFF20F9837140140130504C0054693051E
:101000000008EF206018130504C00546930500048E
:10101000EF208017130504C0014693050008EF2058
:10102000A016014693050004130504C0EF20C01567
:101030006FF04F96EFF2CF9337140140130504C0C1
:10104000014693050008EF202014130504C005464F
:1010500093050004EF20401305469305000813058F
:1010600004C0EF2060126FF0EF92EFF2CF8EB71452
:1010700001402A8A0144930A0008138904C0A14947
:1010800033D68A4033764601930500084A85EF201F
:10109000A00F0546930500044A85EF20E00E0146A7
:1010A000930500044A850504EF20000EE31A34FD81
:1010B000138504C0054693050004EF20E00C0146AB
:1010C00093050004138504C0EF20000C6FF0EF8B34
:1010D000EFF20F8A2A84293F1305800779370145EB
:1010E000693722855937B9376FF0CF8AEFF24F88C9
:1010F0002A84FD3D130580078D3F13050004B53795
:101100002285A537053F6FF0EF88EFF26F861365F4
:10111000050B2E84753F13554400136505014D3FA3
:101120001375F40075376FF0EF86EFF26F840144AA
:10113000214981452285D13F930400080145FD14D2
:101140007537EDFC05041374F40FE31424FF6FF0FE
:101150006F84EFF24F809304F5079389F5018604BD
:101160008E0932892D6493F4F40F93F9F90F930AE1
:1011700084E8CE8526851209493FCA9A214A13047C
:1011800084E803C50AE07D1A137AFA0F8537850AC9
:10119000E3190AFE13851400CE851375F50F1309A4
:1011A00009E0A5374A94A14403458400FD1493F453
:1011B000F40F2D3F0504EDF86FE03FFDEFE2BFF9BE
:1011C0002A89AE89B2840144B3878400038607006C
:1011D00019E26FE09FFBB305340193F5F50F4A85E3
:1011E0000504853F1374F40FC5B7EFE27FF81305CC
:1011F0002003EF202046693B1305E00AD13D13058B
:10120000500DF93513050008E1351305800AC9357D
:101210001305F003753D1305300D5D3D01454D3D52
:101220001305000475351305100A5D351305800C90
:1012300045351305A00D693D4945593D1305100875
:10124000413D1305F00C69351305900D513513051B
:10125000100FBD3D1305B00DA53D130500038D3DD9
:101260001305400AB5351305600A9D351305D008EE
:1012700085355145B13D1305F00A993D7D356FE047
:101280007FF1894537050040EF20202119CD370532
:101290000040EF20C01F2395A184054789453705ED
:1012A00000402396E184EF2000219145370500405E
:1012B000EF20A01E11CD37050040EF20A01D239484
:1012C000A18491453705004023960184EF20A01E9C
:1012D000854537050040EF20401C15C103D7C18468
:1012E00085476319F7009387618403D707000507D3
:1012F0002390E700854537050040EF20C01B7300B1
:101300002030EFE2FFE679718545114502CA02CC33
:1013100002CE02D002D202D402D602C402C62318E0
:101320000100EF10907C85450945EF10F07D854563
:101330000545EF10907B93070004231AF100371541
:101340000140E1473ECE4C088D47130505803ECC59
:10135000EF10705793077004370400403EC4956740
:101360009387F7E12C00130504403EC6EF10B07BD5
:10137000C167938707063ED00C109307C05D130525
:1013800004402313F10223140102EF20400113054E
:1013900004408545EF20E00A130504408145EF2015
:1013A000800D130504408545EF20000B854513058E
:1013B0000440EF20400745616FE0DFDDEFE25FDBD7
:1013C000130730FD930730FD6343E500AA8793962A
:1013D0000701C1861307D0026354D7009307D002D8
:1013E00093950701C1859307401FB385F5029307C5
:1013F000D0023705004013050540B3C5F5029385BB
:10140000C55DC205C181EF2020086FE0BFD801A0F3
:10141000B707EFBE37E700E0938707083CC701A096
:10142000EFE21FD5930500002A84EF60404CB7B768
:10143000000083A547DE634B05002285EF50B063B3
:10144000EF609041420541856FE0DFD42285EF6077
:101450007004FDB7EFE2DFD19307400663E0A70217
:101460009307F5FF93F7F70F130740026364F70044
:1014700013056002EFF07FAF6FE0DFD11305400688
:10148000D5BFEFE2FFCE91C583D7E5023E95420579
:101490004185130630FD03D7E184AA879386E18452
:1014A0006354C500930730FD1396070141869305E9
:1014B000D00263D4C5009307D002998F3E85C2073E
:1014C000C187615663D3C700615513160501418674
:1014D000A14763D3C70021453A9542054185239032
:1014E000A600E93D6FE01FCBEFE21FC68347150062
:1014F0008329450199E723A035011C4D1CC26FE0EB
:101500003FC837BA00002A842E89085583254A4BE4
:10151000B284EF60E04ECE85AA8BEF50D055AA8AF8
:1015200083254A4B4854032B8401EF60604D2A8485
:10153000AA855A85EF5030542A8ADE854E85EF60A1
:101540006075AA89A2855A85EF60C0742A84D68501
:101550005685EF60E04A2A8BD2855285EF60404A7B
:10156000AA855A85EF5030512A8BCE854E85EF6083
:101570002049AA8BA2852285EF608048AA855E85D6
:10158000EF50704FAA855A85EF60C03E6357050043
:101590002320590123A044019DB72320390180C095
:1015A000B9BFEFE2FFBC41119307000070002C00AF
:1015B0003EC43EC6153FA2452E85EF606044B2454D
:1015C0002A842E85EF60C043AA852285EF50B04A59
:1015D000EF20202241016FE0FFBB19E50145828029
:1015E000014541016FE09FB9F5D9EFE27FB52E8447
:1015F00041112A8A1306800381452285EFE05FBAF4
:10160000B7B7000003ABC749B7B7000083ABC7DE6D
:10161000856DB71A00208149930470F9938D0DC828
:101620001307B00D938A8A9E930CA006A68763D6F3
:10163000040093878416C207C1878A07D29783C69E
:101640003700B5CA03DC07009307CCF9C207C18392
:1016500063E3FD06636937072685EF601026DA85A8
:101660002AC4EF60E039DE85EF509077A2471399E6
:10167000490056992324F9002A8D23168901628591
:10168000EF6010302A8C6A85EF20600EAA85628593
:10169000EF6000372320A9006A85EF202005AA8586
:1016A00085096285EF60C035C2092322A90093D95C
:1016B00009011307B00D8504C204C184E39894F7AF
:1016C0008547E3FF37F11385819F1306006081454D
:1016D000EFE01FAD37B700008327074A37B7000098
:1016E000138B819F3EC68327474A37B70000832D5F
:1016F000874A938C819F8144014A938A819F37BC9A
:1017000000003EC48546371900201387140023913A
:10171000DC0092049306899EB6948C40D040420728
:1017200041831319470023A2BC0023A4CC0023AAA1
:10173000BC0023ACBC0023AECC0023A0CC02369965
:10174000BA8463F43405832509FF03250900EF609B
:101750006054AA8B832549FF03254900EF6080531D
:101760002A8DDE855E85EF60A029AA8BEA856A85D1
:10177000EF600029AA855E85EF50F02FEF2060070B
:10178000B245EF60C016635BA01C03D52C00EF6070
:10179000301F2A89AA8503A54C00EF507064AA8BDC
:1017A00023A6AC0003A58C00CA85EF5070632A897C
:1017B000DE8523A8AC005E85EF608024AA8BCA85F5
:1017C0004A85EF60E023AA855E85EF50D02AEF209E
:1017D000400223A4AC0283A50C0103A5CC0037B9B9
:1017E0000000EF20E000B7B7000083A5C7DEEF6080
:1017F00020218325C949EF50B05E83A54C0123A663
:10180000AC0203A58C01EF60E048AA8B83A5CC0154
:1018100003A50C02EF6000482A8DDE855E85EF602F
:10182000201EAA8BEA856A85EF60801DAA855E85E9
:10183000EF507024EF10F07BAA8B23A2AC02A245DC
:1018400003A50C01EF60A00A634AA018050A137AE9
:10185000FA0F63F8340113070002938C0C03E313AF
:10186000EAEAB7BC000083AB8C49DA8981447D5D2C
:1018700083C7090099CB83AD8902DE856E85EF6051
:10188000600F63540500268DEE8B850493F7F40FEB
:1018900093890903E3EE47FDFD57E303FDD4930469
:1018A0000003B3049D02D694B1C0130660038145C2
:1018B00013052400EFE0DF8E85472310F4009848DD
:1018C000DC449306000018C418C818CC98545CC0B7
:1018D0005CC458CCD8545CC854D018D037B700007A
:1018E0000327C74A14D414D858D45CD883AC8C4985
:1018F000814BFD596389AB0583470B00A9C7CC44D5
:101900000325CB00EF600039AA8D8C4803250B011D
:10191000EF604038EE852AC46E85EF60600EA24706
:10192000AA8DBE853E85EF60A00DAA856E85EF501D
:101930009014EF10106CE685AA8DEF60A00363543D
:101940000500EE8CDE89850B93F7FB0F130B0B0361
:10195000E3E247FB63DE0908054561B103D72C00CC
:10196000032D090003A54C0005072391EC00EA852F
:10197000EF507010832B490023A2AC0003A58C000C
:10198000DE85EF50500F83A54C0123A4AC006A857F
:10199000EF50507E6354050023AAAC0183A58C014F
:1019A0006A85EF50D0746354A00023ACAC0183A5CA
:1019B000CC015E85EF50107C6354050023AE7C01A2
:1019C00083A50C025E85EF5090726354A00023A0A3
:1019D0007C038504C204C1804109A5B3EE855E8500
:1019E000EF505079E344A0E605472380EC00B9BDF1
:1019F000B7B7000003AB074B6685DA85EF509077E9
:101A0000E34CA0F493070003B389F902CC44CE9AC7
:101A100003A5CA00EF600028AA8C8C4803A50A0120
:101A2000EF604027AA8DE6856685EF50707DAA8914
:101A3000EE856E85EF50D07CAA854E85EF50B003C1
:101A4000EF10305B83A5CA00AA8BC844B7B9000069
:101A5000EF50700283A549DEEF50907A2A8A83A561
:101A60000A018848EF50300183A549DEEF505079D4
:101A7000AA89D2855285EF50B0782A8DCE854E85C1
:101A8000EF501078AA856A85EF50E07EEF1070560F
:101A9000B7B7000083A5C74A2AC45E85EF50906D92
:101AA000E34C05EADA855E85EF507064E346A0EA10
:101AB000DE856685EF50D032AA8CDE856E85EF50CC
:101AC00030322A8D930500006685EF50B06A63447A
:101AD000050A370B0080334BAB01E68D130660031C
:101AE000814513052400EFE0AFEB1307101023101E
:101AF000E400D844A247CE8558C09848528518C4FF
:101B000003A7CA0058C403A70A015CCC232A4401D6
:101B100018C8232C3401EF10B04D8325CCDEEF50D4
:101B2000306E8325C949EF50B02B08D0EE852322B3
:101B30007403232464032326B4035A85EF10504B07
:101B40008325CCDEEF50D06B8325C949EF50502957
:101B500008D8E6855285EF50B06AAA84EA854E859A
:101B6000EF50106AAA852685EF50E070B707008015
:101B70003D8D48D8D5B3B70D0080B3CD9D016A8B9C
:101B8000B1BFEFE2EFDE2A840851EFF07F89AA842B
:101B90000858EFF0FF8895473345F5022695420532
:101BA0004181131705014187635207043305A040A3
:101BB00093170501C1879146014563D7F6020607D1
:101BC0003A85420741879307C0FD6354F700130528
:101BD000C0FD93170501C187130740026354F70046
:101BE00013054002420541856FE0CFDA9147014578
:101BF000E3C7E7FCD5BFEFE20FD6AA84EFF07FF88A
:101C000083C714002A84D5C703A9440083A9C4004C
:101C100003AA04014A85CE858444EF50B055634839
:101C2000A000D287268ABE84CE87CA893E899305C2
:101C300000005285EF50B04B635CA002B7B70000C4
:101C400083A5C7485285EF50F05263530502B7B7DA
:101C5000000083A507494E85EF507049635AA000E4
:101C60004947A2876353E400C9471394070141849D
:101C7000930500002685EF509047635CA002B7B73C
:101C8000000083A5C7482685EF50D04E6353050258
:101C9000B7B7000083A547494A85EF50B04D635A56
:101CA00005003957A28763538700B957139407017A
:101CB000418422856FE06FCDEFE2EFC90329C500B3
:101CC0004041832905010445CA852285EF50904A89
:101CD0006348A000CE87A689BE84CA8722893E8435
:101CE000930500004E85EF5090406355A002B7B7B2
:101CF000000083A5C7484E85EF50D047635C0500C0
:101D0000B7B7000083A507494A85EF50503E854785
:101D1000634BA002930500002685EF50503D6357AA
:101D2000A002B7B7000083A5C7482685EF509044AE
:101D3000635E0500B7B7000083A547492285EF50D1
:101D400070439357F5013E856FE02FC48147E5BF8F
:101D50008347150091E70145828001456FE08FC3FD
:101D6000EFE20FC12A84EFF0DF83B7B7000083A54D
:101D7000874BEF50D037E342A0FE4858B7B700007A
:101D800083A5C74B06050581EF507036E347A0FCDD
:101D90000858EFF0EFE8635605003305A040420510
:101DA0004185A947E3CBA7FA0850EFF06FE76356E8
:101DB00005003305A040420541859947E3CFA7F8C8
:101DC000834714000545D9DB2285EFF0FFEE13357C
:101DD000150069B7EFE2CFB9411170002E842C00D5
:101DE000EFF08FF0B2452245EF109020B7B700001A
:101DF00083A5C7DEEF50D040B7B7000083A5C74921
:101E0000EF50007EEFF0CFE10D473305E502831779
:101E100004004205418563CCA7003307F040BA8730
:101E2000420741876353A700AA87C207C1873E853F
:101E300041016FE02FB6EFE2AFB305663715002022
:101E4000130606DC81451305859EEFE06FB513068A
:101E5000006081451385819FEFE08FB43715002026
:101E60001306805A81451305857AEFE06FB36FE062
:101E70006FB24DC1856713870796938787BB23127F
:101E8000F5009307401F2313F50089679387676266
:101E90002316F5002317F5009307D0022308F50059
:101EA000A147230AF50093070005231CF5009307BB
:101EB0003002231DF5002310F502C9472310E50069
:101EC0002311F5021307006495472311E50023123F
:101ED000F5021307C02B91472314E500231BE500EF
:101EE0002313F502130760048547231EE50023141E
:101EF000F50279479307A002231505002319050071
:101F0000231FE500231505022316F50223170502FA
:101F100023080502828011CDEFE28FA52A841306E3
:101F2000000581451105EFE0AFA7232004006FE015
:101F30006FA682806307054463850544EFE2AFA185
:101F400039713289AE841306800381452A842800C2
:101F5000EFE00FA5B71900201385897AEF00304F05
:101F6000AA8A15CD83D6A4009DCA39571386897ACB
:101F7000CD45BA876356070093078716C207C18706
:101F80008A07B29703C5370011C583D7070099C3E5
:101F900063FAF63C050742074187E31CB7FC13854B
:101FA000897AEF00D04C2A8B01CD2C001385897AD9
:101FB000EFF0AFE22A8A31E1054A639D0A008DA065
:101FC000014A638F0A042C001385897AEFF0EFE051
:101FD0002A8A0DE59389897A83A7495A5848814A04
:101FE0006380E7045CC8834784011307F00F6389AB
:101FF000E7028507230CF40025A0054B1306800398
:102000002C001305C401EF60C04D9389897A230C1D
:10201000040083A7495AD28A232824015CC85A8A1B
:102020001C4011476365F7162D678A07130787471A
:10203000BA979C43828703C5C400EFF0AFC16387A2
:102040000A0683479100A1EFB7B7000083A5C748F0
:102050001255EF5030126354050472459305000089
:102060008399C402EF50B00863470500B3093041BB
:10207000C20993D90941A6854E85EFF08FC08347E9
:102080009100231D34019DC723262401230C040045
:1020900085471CC0232204002314040021A8938533
:1020A000C4022800EFF01FD3AA89F1B7A685014525
:1020B000EFF02FBD21616FE04F8D63870A088347E2
:1020C0009100639207101305C401EFF07FC815CD8E
:1020D0008317A401094723262401230C040018C0F8
:1020E000232204002314F400014903C5C400EFF0C7
:1020F0006FB66353090C81576340F91A8D47334912
:10210000F90242091359094145A8B7B7000083A550
:10211000C7481255EF5010066351050272459305EA
:1021200000000399C402EF50807CE34005FC3309B2
:1021300020414209135909414DBF9385C40228002B
:10214000EFF05FC92A8955B71C4803D76401B3076C
:10215000F94063E5E7041305C401EFF07FBF11CD3B
:102160008317A401094723262401230C040018C067
:10217000232204002314F40035BF03C5C400EFF08C
:102180006FADA6850145EFF0CFAF231D04002326D8
:102190002401230C040023200400EDBD0319A40135
:1021A00003C5E400EFF00FAB6358090081576345A6
:1021B000F90E8D473349F902A6854A85EFF06FACD9
:1021C000231D2401C5BD2800EFF01FAF01C9280061
:1021D000EFF07FA22A8903C5F40011BF2800EFF0B9
:1021E0004FBCB7B7000083A5874BEF5040706358D2
:1021F000A00650008A852800EFF00FAF92450245F7
:10220000EF10005FB7B7000083A5C7DEEF50407F37
:10221000B7B7000083A5C749EF50803CEFF04FA04F
:10222000AA896255EFF0CF9F89473345F5028D4764
:102230000399C4024E953305F50242054185634D6D
:10224000A900B30720413E89C207C18763D3A70015
:102250002A8942091359094103C5E40049BD2800F0
:10226000EFF01FAF83C9F40015C14E85EFF08F9ECC
:102270008317A401094723262401230C040018C056
:10228000232204002314F40001493DB72800EFF095
:102290009F962A894E85A1BD595939BF03C50401AE
:1022A000032AC4008149EFF0EF9A330A49419307AA
:1022B000B02B63E14703638F0A008347910099CBFA
:1022C0002800EFF01F8CAA89635305008149C209D9
:1022D00093D90941A6854E85EFF0AF9A83D7440084
:1022E000231D3401E368FADC834794011307F00FE0
:1022F0006385E7008507A30CF40083C7040399CB2B
:10230000034794016368F70023262401230C04008B
:10231000914741B383D76400E38B07E6232624016A
:10232000230C04008D47B5B35C4403D7640003C598
:10233000C400B307F94063E5E700EFF0AF9181BD5A
:10234000EFF04F91A6850145EFF0AF93231D0400F8
:1023500095B303C5C400EFF0EF8FA6850145EFF0FC
:102360004F9235B503C5C400EFF0CF8EA685014569
:10237000EFF02F911840231D04009147E319F7E077
:1023800015BB8280B7F700E023820700A382070015
:1023900023830700A383070023840700A384070087
:1023A00023850700A38507008280EFD2DFDA138739
:1023B00041800443B757C6419387D7E6B384F402FC
:1023C0000D641304940301119309500237B90000FE
:1023D000A294B387F4023E9400C3EFE01FD537B652
:1023E00000001306064C85450545EFE03FDD93D719
:1023F0000401B3F73703B794EC069384B443B7B63C
:102400000000130740079386864C1306094DD145FB
:102410006800A697B7440F0093840424B3E797029B
:10242000EF30A015700085450945EFE03FD993577F
:102430000401B3F7370337345E021304E482B7B6FE
:102440000000130770029386C64D1306094DD1454F
:102450006800A297B3E79702EF302012700085451D
:102460000D45EFE0BFD505616FD03FD2EFD25FD011
:10247000411137F400E02AC62EC423200400EFF0F7
:102480007FF032453D479377F50F2306F4009357CD
:10249000850093F7F70FA306F4009357050193F710
:1024A000F70F2307F4006181A307A400A24593F767
:1024B000F50F2308F40093D7850093F7F70FA308CF
:1024C000F40093D7050193F7F70F2309F400E18196
:1024D000A309B400B7E700E02386E740056723A01F
:1024E000E710AD471CC041016FD0DFCAEFF09FE994
:1024F000938701859843050798C373002030EFD276
:10250000BFC455710545EF00D048EF001010EF1023
:102510000012EFE01FDF0145EFE05FEAEFE0FF9917
:102520000145EFE09FA4EFE05FCCEFF01FE80A85E4
:10253000EFD0DFD9716513050520EFE0CFE08964A6
:1025400013850458EFE08FA71305C012EF10801019
:10255000652E13054006138B0185EF10A00F372958
:102560000020032A0B00EFF01F8D130509D5EFF0B3
:102570005F90130409D593076002A306F4008967EE
:10258000938767622317F4009307D0022308F400AF
:102590008567138787BB938707962310F400B72AB4
:1025A00000209307A0022312E4002316F402094737
:1025B000854713854AD82314F4022313E402230821
:1025C0000402EFF05F9583A5818023200B009387A1
:1025D000F4F39389018563FBB706938404F4B3D5C0
:1025E00095021385F5FFB335B500FD15096BEFF0C6
:1025F000FFE7814B8544130CF07C130BFB70930CAD
:10260000B05D03A409007521930509D522861385C1
:102610004AD8EFF03F92B307444185EC6360FB0476
:1026200013C51400EFE00F842285EFE08F9B639ABF
:102630000B00EFE0CF8211C563F58C00EFD0BFF93E
:10264000854BE1F02285EFE0AFD365BF01458145C1
:1026500071BFE377FCFC228A8144D9B7EFF0FFD445
:10266000228A854475BFEFD2BFB0370402401305FC
:1026700084058145EF00F01CB72400209305000875
:1026800013058405938484DD23800400EF00D01DAE
:10269000850464D037050200EF003022130484055E
:1026A00085452285EF00F0196FD0DFAEEFD25FAC29
:1026B000EF00507A6FD01FAE31C9EFD2DFA9B74417
:1026C0000140AE892A890144938404809317040150
:1026D000C18363EE3701374401401304048093053E
:1026E00000042285EF00B06F7DD96FD01FAA93053B
:1026F00000082685EF00B06E7DD9B307890083C539
:10270000070026850504EF00F06CC9B78280EFD280
:102710003FA6372400201304C4ED5C487D5599CBB7
:1027200013850182894582971C4C014581C7094563
:10273000829701456FD01FA6B7270020014681462A
:102740009387C7ED05431317060141836364B70000
:102750003685828003A807003307C500034E0700B3
:10276000630B080283D847006377130303D767001E
:1027700005074207418363631701014783D8870038
:10278000630B170183D8670046982300C801239381
:10279000E70005064DBFF956EDBFEFD27F9D372408
:1027A00000201304C4ED5C487D559DCBEFF03FF64F
:1027B0001306005B2313040081451305C401231491
:1027C00004002315040023060400EFD07F9D8547F5
:1027D0002324F45C5C481385C181894582970145B7
:1027E0006FD05F9B797152CE374A014093054042CA
:1027F00013050A8022D626D44AD24ED0EF00F05ECE
:102800003DCDB7040240138584058145372400205F
:10281000EF003003130484DDFC4C0349040093846F
:10282000840593090008B389F9409305000893478C
:10283000190026852300F400EF00100383470400ED
:10284000C20993D909019E078507A297DCC4835763
:102850000A8085452685C207C1833EC683574A80C4
:10286000C207C1833EC6B247EF00A07D638909005D
:10287000131579000505CE852295EFF0FFEB325454
:10288000A25412598259724A456173002030411195
:102890003705020022C626C44AC2EF00500139CDD6
:1028A00037240020130484DD37050200EF00F00018
:1028B0008344040037090240814593C7140013057F
:1028C00089052300F400EF00C077130589059305FF
:1028D0000008EF00607983470400130589058545EA
:1028E0009E078507A2975CC5EF00A075139574003D
:1028F0000505930500082295EFF01FE43244A24439
:102900001249410173002030EFD2FF8437250020A7
:10291000397113061010130A85DD8145130585DD15
:10292000EFD01F8811658545110502C402C602C893
:1029300002CA02CC02CE02D002C002C2EF00F01ADC
:10294000930700202314F100371401408D473EC641
:102950002C00E147130504803EC8EF00C0769309C0
:10296000004091472C0013050480231431013EC818
:10297000EF006075F16737440140938707203ECA36
:102980004C08B7070C00130504803ECE02CC231080
:102990000102EF00303305469305404213050480E1
:1029A000EF00903E9307501305492310F1000A856C
:1029B00085472301F1004AC2EF00A07E1305048081
:1029C0008545EF00B03A1306C00281454808EFD0B4
:1029D0002FFD85450545B704024002C402C6EF003D
:1029E000F00E138584052D23930744803ECA930778
:1029F0001A003ECC930700083ED03ED44C088D67A9
:102A0000138584053EDC02CE02D202D602D802DA59
:102A100002DEE52B05468945138584052D2D930798
:102A2000F01128002314F1004AC623050100EF002D
:102A300040773705020023000A00412513858405ED
:102A40008545012513050480054693050004EF0024
:102A50001037372500201304C5ED1306C05C8145EF
:102A60001305C5EDEFD0CFF3B72700209387874A32
:102A70001CC0B72700009387876B5CC8B72700008E
:102A80009387C76A1306005B81451305C4011CCCFC
:102A900023123401EFD0CFF0130500322324245D3C
:102AA000EF00503BEFF03FBCEFF03FCF21616FD024
:102AB000CFEDEFD26FE9372400201304C4ED996401
:102AC00091499384F49F9306C4011389418203576B
:102AD000840083576400C207C1836388E7160357E5
:102AE00084001C4003564400BA9703C7070083576D
:102AF00084008507C207C1832314F4008357840030
:102B000063E4C700231404008347A400A1E38347C0
:102B1000B4003306F90003460600631EE60085078D
:102B200093F7F70F1947637DF70085472315F400E6
:102B30002306040069BF9307500A6316F700854710
:102B4000A305F40069B7A305040051B78347C40087
:102B50003306F4008507A306E60093F7F70F63E555
:102B6000F9002306F400A5B7034BD40023060400A4
:102B700093571B00B347FB00858BF1C30347E40069
:102B800093771700CDCF8347F40005839E07D98F35
:102B900063C7F40A139A07018347445C135A0A0176
:102BA000834B0401834A1401B5EB85473685130630
:102BB000805A81452302F45CEFD08FDE8327845C4A
:102BC000AA86138727002324E45C85072320F45C6E
:102BD00013978A003367770193576A00E30907EE7A
:102BE0000983E30607EE0356C45B8A070506231E26
:102BF000C45A3306F4000346F60111E60356E45BBB
:102C00000506231FC45AA297239EE70013572B00E3
:102C1000238FE7000547A38FE70055BD93771B007F
:102C2000C5DB36851306805A8145EFD06FD78327E1
:102C3000845CAA86138717002324E45C41BF835772
:102C40006400C207C1832314F4006FD06FD311CD89
:102C5000EFD20FD2B72500201306805A938585EF57
:102C6000EF50300805456FD0EFD20145828001E971
:102C70000145828001451301015B6FD0AFD1EFD2D6
:102C80002FCF130101A5B72500202A841306805AEF
:102C9000938585EF2800EF50D0040357815A93079E
:102CA000F002E3F9E7FC0357A15ADD47E3F4E7FC40
:102CB0000147130670F99305A00693160601C18219
:102CC000B6876356060093878616C207C1838A07B4
:102CD0001306015BB29783C7B7A581C705074207F3
:102CE00041838506139606014186E318B6FCDD474D
:102CF000E3F2E7F81306805A2C002285EF50607E3D
:102D0000054595BFB71702409843B706FFF8411134
:102D10001367170098C3D84337060200758FD8C3CE
:102D20009843B706F7FEFD16758F98C39843B7060C
:102D3000FCFFFD16758F98C3D843B70681FFFD16BB
:102D4000758FD8C337079F0098C702C402C698433F
:102D5000C166558F98C3B7160240130700509C42B6
:102D6000F18F3EC6A24785073EC4B24781E7A2471E
:102D7000E397E7FEB71702409C431397E7006354BD
:102D8000070885473EC632478547631CF706B727C5
:102D900002409843B706C1FFFD161367070198C3A9
:102DA0009843719B98C398431367270098C3B7173C
:102DB0000240D843D8C3D843D8C3D8431367074089
:102DC000D8C3D843758FD8C3D843B7061D00558FD5
:102DD000D8C39843B7060001558F98C398439316FC
:102DE0006700E3DD06FED843B7160240719BD8C3E7
:102DF000D84313672700D8C32147DC42B18BE39E39
:102E0000E7FE4101828002C6BDBFB7160240DC4228
:102E10001146B18B138781806385C7002146638982
:102E2000C702B7177A00938707201CC3B717024061
:102E3000DC43918393F6F700B707002093870700E0
:102E4000B69783C607001C43B3D7D7001CC3828044
:102E5000DC42D042C983BD8B9315F600890763CD50
:102E60000500B746024083A60680C18A99CAB716F4
:102E70007A009386062011A8D4421396E600E35800
:102E800006FEB7163D0093860690B387D70271BF42
:102E900001A097E1FF1F9381E1B5172100201301E5
:102EA0006116179500001305E5FD97D5FF1F938563
:102EB00065151386018363FAC5008322050023A0EC
:102EC000550011059105E3EAC5FE138501839705B9
:102ED00000209385E59D6377B5002320050011054B
:102EE000E36DB5FE930280087390023097D2FFFF26
:102EF0009382C21493E2120073905230EFF09FE07D
:102F000097F2FFFF9382E25F7390123473002030D8
:102F10001C4141677917F98F1CC12320050023222A
:102F2000050023240500B707024023260500138768
:102F300087006317E500D8431367F700D8C3828082
:102F40001387C7016316E500D8431367070FFDB762
:102F5000138707036318E500D8438566938606F058
:102F6000558FE9BF138747046315E500D843BD6655
:102F7000C5BF138787056316E500D843B7060F0062
:102F8000C5B71387C7066316E500D843B706F00038
:102F9000C1BF138707086316E500D843B706000FC3
:102FA000C1B7138787406319E50003A7474013673C
:102FB000F70023A2E74082801387C7416317E5002B
:102FC00003A747401367070FEDB793870743631BBA
:102FD000F500B707024003A747408566938606F0D1
:102FE000558FC1BFB7070240138747446316E500FA
:102FF00003A74740BD66EDB713878745E31DE5FA94
:1030000003A74740B7060F00E1BF1C4161773D07AA
:1030100094517D8F9C45D58F9449D58FD449D58FB8
:10302000944DD58FD44DD58FD451D58F9455D58F00
:10303000D98F1CC1DC455CC19C411CC5DC415CC511
:1030400082801C4189C593E717001CC182804167BB
:103050007917F98FDDBF1C4101C6DD8D0CC182805F
:1030600093C5F5FFFD8DDDBF4CC18280484142050F
:10307000418182809317350063DA0700B707024069
:1030800083A707407D8D3335A0008280B7070240BB
:103090009C43CDBF9317350063D70700B7070240A5
:1030A00023A2A7408280B7070240C8C38280EFD224
:1030B0002F8CEFF03FFC6FD0EF8DEFD26F8BEFF0E6
:1030C0007FFD6FD02F8D9C4513F7070113F8F70094
:1030D00001C7D8413368E80083D5050013F7F50F21
:1030E00039C318418146854E3D4F930F80029302AC
:1030F0008004214E3396DE00B3F8C5006311160339
:103100009398260033131F011343F3FF3377E30033
:10311000B318180133E7E800639FF70550C9850627
:10312000E39AC6FD18C11307F00F6375B704544145
:103130002146854E3D4F930F800293028004414EFD
:10314000B398CE0033F715016392E80213172600F7
:1031500001173313EF001343F3FFB376D300331794
:10316000E800D98E639DF701232A15010506E319AE
:10317000C6FD54C18280E39457FA10C94DB7E39756
:1031800057FE23281501DDB719C20CC982804CC92E
:103190008280B7E700E0370705FAB8C723AAA18401
:1031A000828083A641858547034705006392F60226
:1031B00083471500639DD70283472500920793E755
:1031C00007F8B7E600E093F7F70FBA962380F640CA
:1031D000854693575700B396E600584111CF938721
:1031E00007048A0737E700E0BA9794C38280EDF3BB
:1031F000834725009207F1B737E700E0938707067A
:103200003043C1458A072CC3BA9794C330C3828028
:10321000371702405C439146B18B6385D700A146C6
:103220006386D706B7177A00938707201CC1371625
:1032300002405C4237070020130707019183BD8BD2
:10324000BA9783C607001C41B3D7D7005CC154426C
:10325000A1829D8ABA9683C60600B3D6D70014C54C
:103260005442AD829D8A369703470700B3D7E700E3
:103270005CC558423983937637001387C1803697EF
:1032800003470700B3D7E7021CC982805C4354435D
:10329000C983BD8B1396F6008907634D0600374737
:1032A000024003270780418B19CB37177A00130799
:1032B000072011A858439316E700E3D806FE3717F6
:1032C0003D0013070790B387E7028DB799C53717FD
:1032D00002405C4B5D8D48CB8280B7170240D84BD3
:1032E0001345F5FF798DC8CB828099C53717024009
:1032F0001C4F5D8D08CF8280B7170240984F134551
:10330000F5FF798D88CF828099C5371702405C4FD1
:103310005D8D48CF8280B7170240D84F1345F5FF27
:10332000798DC8CF82808357050037370140130756
:1033300007C0C207C1836300E50237070040630C82
:10334000E500130707406308E5003717004013073F
:1033500007806317E50003D7250093F7F7F8D98FA7
:1033600003D7650093F7F7CFC207C183D98F231026
:10337000F50083D745002316F50283D705002314F3
:10338000F502B7370140938707C06316F50083C77E
:1033900085002318F5028547231AF500828083579C
:1033A000050203D6050003D82500C207C183F99B97
:1033B000C207C1832310F5028357050283564500D7
:1033C00003578501C207C183420741831377C7F8BA
:1033D000518F03D68500F59BC20633660601D18F57
:1033E00037360140130606C0C1826313C50203D6F7
:1033F000A500DD9B03D8E500D18F03D64500ED9BEA
:1034000093F6F6CFD18F03D6C50033660601D18E71
:103410002312D500231CE50003D76500231AE5021B
:103420002310F50282808357050091C593E71700AA
:103430002310F5008280C207C183F99BC207C183B4
:10344000C5BF8357450491C52167D98F2312F50461
:103450008280C607C583DDBF8357050091C593E70A
:1034600007082310F5008280C207C18393F7F7F79E
:10347000C207C183FDB783578501C207C183DD9BA6
:10348000DD8D231CB5008280231AB502828003558E
:1034900045038280035585038280835705010355C8
:1034A000C500ED8F4205418189C76D8D3335A00080
:1034B00082800145828093C5F5FFC205C181231832
:1034C000B5008280EFC2DFCA83560501F577FD178C
:1034D000F58F83D6650003D7C5007971D58F231882
:1034E000F5008356C500FD779387379FF58F83D608
:1034F00045002A842EC6D58F83D68500D58F83D6E6
:10350000A500D58F2316F50083574501C207C18357
:1035100093F7F7CFD98F231AF5006808EFF05FCF44
:10352000B747014093870780B245631FF402A25753
:103530006547B387E7029841930640060A07B3D769
:10354000E70233D7D702B3F7D70212079207938760
:103550002703B3D7D702BD8BD98FC207C1832314EA
:10356000F40045616FC01FC39257D9B781C9835713
:10357000C5000967D98F2316F50082800357C5005F
:10358000F977FD17F98FC5BF13F7F50F8547158339
:10359000B395B7006319F7009307C500984301CEB0
:1035A000D98D8CC38280894693074501E318D7FEE5
:1035B00093070501E5B793C5F5FFF98DDDB783578F
:1035C000450109C6DD8D231AB500828093C5F5FF3C
:1035D000FD8DD5BF93F5F51F2312B50082800355ED
:1035E00005006D8D3335A000828013F7F50F8546F9
:1035F0001583B397B6006313D7020357C500F98F3D
:103600000357050001454207418381CB0545A18150
:10361000B315B5006D8F3335E000828089466315A0
:10362000D70003570501E1BF03574501C9BF83A771
:10363000818037177A0013070720B3D7E70293F783
:10364000F70F238DF1841307803EB387E702239C95
:10365000F1848280B7F700E023A0070003D78185BB
:1036600023820700A3820700238307003305A702F4
:10367000A3830700054798C337F700E05C43E37F67
:10368000F5FE8280EFC23FADB7540040AE8932896B
:10369000014493840480634524014A856FC0FFAED2
:1036A000930500042685EFF09FF37DD9B387890049
:1036B0008385070026850504C205C181EFF09FF1CF
:1036C000D9BF138701811C43B73600209386C68A71
:1036D0003E95636BD500B75600209386068063E560
:1036E000A60008C33E858280FD57EDBF011122CCA4
:1036F000370400809347F4FF3717493F06CEE98F20
:10370000130787FD635DF7023707807F63C9E70012
:10371000AA85EF402058F2406244056182802C0067
:103720000D260D8985476304F5028947B245630B71
:10373000F5020DC522450546EF10C012E9BF9305FD
:103740000000EF000073F240624405618280B245E0
:1037500022450546EF100011218D75BF2245EF006F
:10376000407155BF2245EF00C070218D6DB701112A
:1037700022CC370400809347F4FF3717493F06CE29
:10378000E98F130787FD635DF7023707807F63C901
:10379000E700AA85EF400050F24062440561828054
:1037A0002C0045240D8985476305F5028947B245FC
:1037B000630AF5021DC12245EF00A06B218DE9BF10
:1037C000014693050000EF10E009F24062440561F4
:1037D0008280B2452245712DC1B722450546EF10C2
:1037E00060085DBF22450546EF10C007218D6DB70B
:1037F0006DA8397122DC26DA4AD806DE2A84612BCC
:10380000938741818443FD572A89638EF400A28502
:103810002285EF40B00001E9930500002285EF40CA
:10382000601563490500F25062544A85D2544259EA
:103830002161828085473EC4228597870000938757
:10384000A7CA3EC602D4EF4090202ACC2ECE2AC86A
:103850002ECA9DCC014681463285B685EF20E046D2
:103860002AD02ED289476397F402EF40104793077E
:1038700010021CC1A2578DE702559255EF40F02768
:10388000F25062542A894A85D25442592161828079
:1038900002D002D22800EF10A00F61D9A257E9DFB1
:1038A000EF40B043A2571CC1C1BFB7070080411110
:1038B00093C7F7FF2E8706C622C4FD8D3706807F8B
:1038C000AA866340B604E98F2A83634CF602B708E0
:1038D000803F6302170F1354E74109887D81498CAB
:1038E0008DEB89476300F40A8D473685631FF4002A
:1038F000B240224497870000938707C08843410164
:103900008280B6853A85EF301017B24022444101DB
:103910008280ADC1638EC506638EC7048D8FDD873F
:103920001306C003634EF60863580700130640FCF5
:103930001305000063CAC700BA853685EF30504AC8
:10394000EF10C02DEF10000585476306F40C894782
:103950006303F40A5DD8978700009387A7BB8C4365
:10396000EF307011978700009387C7B88C43EF4002
:10397000603261BF634B030697870000938747B7A8
:10398000884361B7978700009387C7B68843B5BF60
:10399000638EB7028947E307F4FE8D47E30AF4F428
:1039A000854713050000E312F4F69787000093871C
:1039B000E7B4884399BF2244B24041016F00907D33
:1039C000978700009387C7B28843BDBF89476304C8
:1039D000F4068D47630BF40485476302F40497876C
:1039E00000009387A7B288430DB79787000093879D
:1039F00027B1884319BF978700009387A7B18C43ED
:103A0000EF307007978700009387C7AEAA85884379
:103A1000EF404028DDBDB70700803D8DFDB597879D
:103A200000009387E7AE8843CDB597870000938762
:103A3000A7AD8843D9BD978700009387A7AC88437B
:103A4000E9B5397122DC3717493F1314150006DE3A
:103A500026DA4AD84ED652D456D25AD05ECE62CC4E
:103A60000580130787FD6352871237D71640130767
:103A700037BEAA89AE846341870697870000938783
:103A8000A7A941988C43635EA02AEF40A020B717F6
:103A9000C93F938707FD2A896306F4101784000045
:103AA0001304C4A70C40854BEF40C01EAA8588C0F4
:103AB0004A85EF40201E0C40EF40C01DC8C0F250A8
:103AC00062545E85D2544259B259225A925A025BCC
:103AD000F24B624C2161828037174943130707F884
:103AE0006351870E3707807F6357E40A1359744187
:103AF0001309A9F7931779011D8C2285EF40C05552
:103B0000EF40A05BAA87AA8522853EC2178A0000E3
:103B1000130A4AA2EF40001883250A00EF30506EC6
:103B2000AA8AEF406053EF404059AA852A845685FF
:103B300022C4EF40201683250A00EF30706C9305F5
:103B400000002AC6EF30F0548D4609E993050000C5
:103B50002285EF301054B336A00085069787000009
:103B6000938787A509474A86A6854800112BAA8B0B
:103B7000E3D709F49840DC40B7060080358FB58F55
:103B800098C0DCC0B30BA0401DBF9307000088C1E4
:103B9000DCC1814B2DB7AA85EF40C00FC8C088C0DB
:103BA000814B31BF97870000938787978C43178499
:103BB000000013042497854BEF40C00D2A890C4068
:103BC000E5B5EF10A005978700009387E7958C4334
:103BD0002A89EF30F062977700009387E7208C43C3
:103BE000EF306069EF404047AA8BEF40004D978768
:103BF0000000938767928C43AA8AEF307060AA8591
:103C00004A85EF40200997870000938727918C43CE
:103C10002A8B5685EF30D05EFD472A8AAA855A85C1
:103C200063CA7705EF4000079387FBFF13972700D0
:103C30009787000093874790BA979C43137704F0C7
:103C40002A89630CF70223A02401CA855A85EF4014
:103C50006004D285EF400004C8C0E3D209E6B7078C
:103C6000008033C927013D8D23A02401C8C0B30BB8
:103C70007041B1B5EF4000022A89935779015D8404
:103C800093F7F70FB307F4402147E35EF7FA9787FE
:103C900000009387E7888C435685EF3070562A8959
:103CA000AA855A85EF30107FAA852A8C5A85EF3075
:103CB000707ECA85EF30107E9787000093878786D5
:103CC0008C432A895685EF30B053CA85EF30907CFB
:103CD000AA852A8A6285EF30F07B9357750193F7A6
:103CE000F70F1D8CE5472A8963C5870088C0628B62
:103CF000A9BF97870000938767838C435685EF3071
:103D000030502A84AA856285EF30D078AA852A8B24
:103D10006285EF303078A285EF30D077978700004A
:103D2000938707818C432A845685EF30704DA28596
:103D3000EF305076AA852A8A5A85EF30B0752A89E5
:103D400019B7EF304053B717C93F938707FD2A894A
:103D50006304F402177400001304447C0C40FD5B00
:103D6000EF306051AA8588C04A85EF30B0720C40B0
:103D7000EF306050C8C0A1B3977700009387477AAF
:103D80008C43177400001304E479FD5BEF30A04E00
:103D90002A890C40F1B741119317150022C406C6B9
:103DA00085833707807F2A84AA8563F8E708C9C31B
:103DB000AA876342050A698F9356754105E3131775
:103DC00085006345070A014711A03287860793954E
:103DD000870013061700E3DA05FE998E3707800087
:103DE0001306F7FFF18F938616F85D8F13F6160012
:103DF0009317170031EE13D816400145E54681456B
:103E0000370700013386E500FD1663C6C700B3051A
:103E1000E600918F3A9586070583EDF699C305056F
:103E200079990585B705003FAA9593167801B6954F
:103E3000B24022442E8541018280EF30703CA28541
:103E4000EF306043B2402244AA852E854101828032
:103E5000931727004DB7EF30F063AA85EF30407815
:103E6000B2402244AA852E85410182807D57998ED9
:103E7000B5B7011126CA931415004AC84EC606CE1E
:103E800022CC52C456C28580B70700322A89AE8937
:103E900063D8F40CEF40401C630E051CCA854A85AC
:103EA000EF30103697870000938707A38C432A844E
:103EB000EF30103597870000938747A28C43EF308F
:103EC000803BA285EF30D03397870000938747A1CE
:103ED0008C43EF30305CA285EF3090329787000042
:103EE000938747A08C43EF300039A285EF305031E3
:103EF000978700009387479F8C43EF30B059A28586
:103F0000EF301030978700009387479E8C43EF3047
:103F10008036A285EF30D02E2A8A977700009387CB
:103F2000A7EC8C432285EF30B02DAA84D285228560
:103F3000EF30102D2A84CE854A85EF30702CAA856B
:103F40002285EF303055AA852685EF30B05497771B
:103F500000009387E755AA858843EF30B053F5A05A
:103F6000AA85EF30F029978700009387E7968C4366
:103F70002A84EF30F02897870000938727968C4398
:103F8000EF30602FA285EF30B0279787000093872E
:103F900027958C43EF301050A285EF30702697871D
:103FA0000000938727948C43EF30E02CA285EF30FC
:103FB000302597870000938727938C43EF30904DEF
:103FC000A285EF30F02397870000938727928C43D8
:103FD000EF30602AA285EF30B022B7A7993E9387D1
:103FE00097992A8AE3DB97F2B707483F63C8970699
:103FF000977700009387C74B8843B70700FFBE94AD
:10400000A685EF303049AA8A977700009387C7DDED
:104010008C432285EF30D01EA685EF30B047AA84AE
:10402000D2852285EF30D01D2A84CE854A85EF3097
:10403000301DAA852285EF30F045AA852685EF3010
:104040007045AA855685EF30F044F2406244D24470
:104050004249B249224A924A05618280978700000C
:104060009387078783AA070097870000938787862F
:10407000844359BF97770000938787438843F1B7FC
:104080002171131827003ADA178700001307078AEF
:104090002326311B2320611BB689232E71194297D9
:1040A000232E111A232C811A232A911A2328211B2B
:1040B0002324411B2322511B232C8119232A9119CC
:1040C0002328A1192326B11932DEF1562ACE2ED883
:1040D0003ED0032B0700938BF9FF6341D66E130785
:1040E000D6FF9357F7419D8BBA978D873ECC8507B6
:1040F0008E073EDC6247E256B3077B01330477410B
:104100007257138917000409158F3AC6229963C2A2
:104110000702025A93172400D29713050000634543
:1041200004008843EF30707988C005049104E313DC
:1041300024FF131C2B00634B0B04F24D13992B002F
:104140001C0913044900131C2B003E995C1A041A25
:10415000338A87016E94CA8CEE8A130D000063C106
:104160000B0283A50C0003A50A00910AF11CEF3095
:104170003009AA856A85EF3000102A8DE3938AFE04
:1041800023A0A40191041109E39744FD74181307B7
:104190008CFF369C940036973AD4724713942900CA
:1041A000B2463A94370700407D173AC42147158F2D
:1041B0009307FBFF8A073AD61803BA97DA84930A63
:1041C00001133ED25ACA139D24001C03EA9783AD03
:1041D00007FB63569006A247177700001307477442
:1041E000032B07003389F4000A091777000013072F
:1041F0006734569993090104032A070011A03E89E8
:10420000DA856E85EF30C07FEF301065EF30F06AF1
:10421000D285AA8CEF30C07EAA856E85EF309027BC
:10422000EF3090638325090023A0A9006685EF3055
:104230008004AA8D9307C9FF9109E3922AFD324BAE
:104240006E85DA85EF00B02A977700009387876D37
:104250008C432A89EF30C07AEF00B01C97770000BA
:104260009387876C8C43EF30A079AA854A85EF301D
:1042700070222A89EF30505EAA89EF301064AA8537
:104280004A85EF3030212A8A635560119387F4FF05
:1042900018038A07BA9703A907EC32561D4733075C
:1042A0006741B356C9403396C6003309C94023A0BD
:1042B00027ED3359E940B699634B200F9305000071
:1042C0005285EF30005D631F0516D247138AF4FF55
:1042D000634FFA00A2479800A6978A07BA9701474A
:1042E0009443F117558FE39D87FF6310072C925776
:1042F00083A707EC6396072AA2570547F117D44313
:104300000507EDDE938714003E8BBA94624733892C
:10431000FB00F24D330AF70022478A070A0A3A994E
:1043200002570A09B389FA001C093A9A3E9962C8F1
:1043300003250A00EF3070582322A90063C00B0444
:104340004A8DEE8C130C000021A003250D00711D79
:1043500083A50C00910CEF30A06AAA856285EF203E
:1043600090712A8CE3938CFE23A08901050B110A1E
:1043700091091109E3DE64FB424CB1B5130C000056
:1043800023A08901050B110A91091109E3D264FBED
:10439000E5B7B247639E071C9387F4FF8A071803AB
:1043A000BA9703A907EC13598940E35920F185090D
:1043B000635A9040064B8547631B0B16638EF400CF
:1043C000D400054703AB060093071700910663115D
:1043D0000B163E87E398F4FE32476353E0028547AD
:1043E0006302F73C8947631DF7009387F4FF1803C6
:1043F0008A07BA9703A707EC1377F70323A0E7EC24
:104400008947E31DF9EA977700009387670A884395
:10441000D285EF3030082A8AE3020BEA9777000052
:10442000938707098843B245EF00700CAA8552852F
:10443000EF3050062A8A930500005285EF30604520
:10444000E30505E8E25772575285524BB385E740C2
:10445000EF00F009977700009387C70D80432A8A01
:10446000A285EF30C048634D053A977700009387E7
:10447000274B8C4352851C03B38BA701EF30405868
:10448000EF30903DEF307043A285AA8AEF3040575D
:10449000AA855285EF301000EF30103C138A1400CB
:1044A0001C0323A0ABEC13142A0056853E94EF3076
:1044B000B03AB2472320A4ECA1073EC6977700008C
:1044C000938707FF8843B245EF007002AA8A635FB3
:1044D0000A105257894763C7E720634FE036130538
:1044E000000001EB63050900B70700803D8DC2574E
:1044F00088C38320C11B0324811B13F57900832407
:10450000411B0329011B8329C11A032A811A832A0B
:10451000411A032B011A832BC119032C8119832CF7
:104520004119032D0119832DC1183961828001477A
:1045300014030A07369793060010338B6641232035
:1045400067ED63D597028A07180394003E97338678
:10455000A601B697032707EC9306F00F11A0984326
:104560003387E64098C39107E39BC7FE054BADB583
:1045700097770000938747878C430149EF302037B6
:10458000E34E05D285090949E34690E2977700009A
:10459000938707F28843D285EF30C06F2A8A39BBF0
:1045A000938714003E8BBE8495B3180393172A009B
:1045B000BA97324783A707EC524B61173AC681EF8F
:1045C00093972400E1179400B697F117D4437D1A0E
:1045D0006117E5DE3AC697770000938767ED884359
:1045E000B245EF00C070AA8AE3450AEE13172A000D
:1045F0001C1AB384E7009400977700009387473232
:104600003AC4338DE600268483AC070011A03E8DAA
:1046100003250D007114EF30502AD685EF30403E4F
:1046200048C0E6855685EF30A03D9800AA8A9307DA
:10463000CDFFE31EA7FD930C010EE68A0144634EF5
:104640000B04977700009387672D177D0000130DEB
:104650006D2A268C8843930D0000814B39A0110CE4
:104660006341740303250D00110D83250C00850B98
:10467000EF300039AA856E85EF20F03FAA8DE35018
:104680007BFF23A0BA01181A0504910A9387C4FF7F
:1046900063009702BE84E3560BFA930D000023A03B
:1046A000BA01181A0504910A9387C4FFE31497FE10
:1046B0005257894763C8E702BA876347E010224729
:1046C00013050000B38BEC0099C325B5BE8B83A501
:1046D0000B00EF20503A9387CBFFE3997CFFE30870
:1046E00009E019B552578D47E315F7E063594017B4
:1046F000931A2A001C03D697930C010E1384CAFF49
:1047000003AB07F6669411A03E84832B0400DA8580
:104710005E85EF205036AA84AA855E85EF308057EB
:10472000DA85EF20503548C004C09307C4FF268BBC
:10473000E39C8CFC854763D4471313142A001C03A5
:10474000BE9A711483AA0AF6B3848C0011A0BE84A9
:1047500003AB0400D6855A85EF20F0312A8AAA855A
:104760005A85EF302053D685EF20F030C8C023A003
:1047700044019387C4FFD28AE39BFCFC1104A29CF2
:104780001305000083A50C00F11CEF20D02EE39B45
:1047900094FF8E561E57631F0908C25794C3D8C38F
:1047A00088C781BB9387F4FF18038A07BA9703A7CA
:1047B00007EC1377F70723A0E7EC99B1A1473EDC9C
:1047C00002CC0DBA014B09B9A2471304000022859F
:1047D000B38BFC0011A0BE8B83A50B00EF20B0298A
:1047E0009387CBFFE3997CFF2A840E55A285EF3097
:1047F000604A631B0904C25780C363504003C4115D
:1048000005448C4005049104EF20F026E35B8AFE0A
:1048100063050900B70700803D8DC257C8C3D1B9F1
:1048200052851C033384A701EF3010032320A4EC2E
:10483000268A55B34256B7070080BD8E3D8FA98F9B
:1048400014C258C21CC675B1B70700803D8CC25750
:1048500080C3E34640FB7DBF1304000079B7130516
:10486000000005BF01119317150022CC4EC652C49B
:1048700006CE26CA4AC856C28583370700322A8424
:10488000AE89328A63D6E700EF30007DA28749CD3A
:10489000A2852285EF30C016AA84AA852285EF3032
:1048A000201697770000938727098C432A8926854D
:1048B000EF30001597770000938747088C43EF305F
:1048C000603DA685EF30C0139777000093874707B8
:1048D0008C43EF20501AA685EF30801297770000A6
:1048E000938747068C43EF30E03AA685EF304011BE
:1048F00097770000938747058C43EF20D017AA8A4B
:10490000631E0A02AA852685EF30800F9777000084
:104910009387C7038C43EF30E037CA85EF30400EF2
:10492000A285EF205015AA87F2406244D244424942
:10493000B249224A924A3E8505618280976700000B
:104940009387874A8C434E85EF30800B2A8AD68521
:104950004A85EF30E00AAA855285EF30A033A6855C
:10496000EF30000ACE85EF30E03297770000938772
:10497000E7FD8C43AA844A85EF308008AA85268506
:10498000EF20700FAA852285EF30C030AA8769BF5B
:1049900001458280011122CC1314150026CA4EC68F
:1049A00006CE4AC852C40580B7078050AA84AA8997
:1049B0006346F402B707807F63C78716635CA0185D
:1049C000977700009387C7B29C43F2406244D24479
:1049D0004249B249224A3E8505618280B707E03EDE
:1049E0006355F418B70700316344F4147D59A68564
:1049F0002685EF30E000AA852A8AEF30600097779D
:104A000000009387A7F58C432A84EF20707F977767
:104A100000009387E7F48C43EF20F005A285EF2098
:104A2000307E977700009387E7F38C43EF20B00444
:104A3000A285EF20F07C977700009387E7F28C4304
:104A4000EF207003A285EF20B07B9777000093875B
:104A5000E7F18C43EF203002A285EF20707A977740
:104A600000009387E7F08C43EF20F000D285EF2021
:104A70003079977700009387E7EF8C432A8A228565
:104A8000EF20107897770000938707EF8C43EF3083
:104A90006020A285EF20D07697770000938707EEFD
:104AA0008C43EF30201FA285EF2090759777000090
:104AB000938707ED8C43EF30E01DA285EF20507403
:104AC00097770000938707EC8C43EF30A01CA285FA
:104AD000EF201073AA855285EF20E079A685EF209C
:104AE0003072FD57AA85630DF9060A099777000011
:104AF000938787EACA978C43977700009387C7E824
:104B00003E99EF302019A685EF30C018AA850325FD
:104B10000900EF302018AA87E3D909EA3707008097
:104B2000B347A7005DB5AA85EF20E074AA8771BDE1
:104B3000977700009387C7E18C43EF20C073977786
:104B400000009387E7968C43EF20705AA687E35FB7
:104B5000A0E8A5BD977700009387879A9C43B5B5D9
:104B60002685EF302013AA878DB54D28B707983FCB
:104B7000AA846350F404B707303F6355F408AA854C
:104B8000EF20606F97770000938787928C430149ED
:104B9000EF304010976700009387C7248C432A8426
:104BA0002685EF20406DAA852285EF207023AA84F8
:104BB0003DBDB7071C40635CF4021774000013048A
:104BC00064D90C400949EF30E00C0C402A8A268554
:104BD000EF201063977700009387878D8C43EF2039
:104BE0008069AA855285EF20B01FAA8409B59777FE
:104BF0000000938767D68843A6850D49EF20501E95
:104C0000AA84F5B3177400001304848A0C40054984
:104C1000EF3040082A8A0C402685D1B70605058169
:104C20008280011126CA93141500858022CC13D4EA
:104C300074014AC806CE4EC652C456C2130414F8B4
:104C4000D9472A8963CB87082A8A634D0404B70AA7
:104C500080009384FAFFB3D48440B3F7A400AA89F8
:104C600085CB977700009387A7CE8C43EF20A06079
:104C700093050000EF20B047635CA0006356090075
:104C800033D48A40330A240193C9F4FFB3F94901AC
:104C9000F24062444E85D2444249B249224A924A85
:104CA0000561828097770000938787CA8C43CA8901
:104CB000EF20605C93050000EF207043E35AA0FCF6
:104CC00093090000E35609FCCA89F9D097770000E0
:104CD000938787C883A9070065BFB707807FAA8924
:104CE000E3E8F4FAAA85EF200059AA8955B793178B
:104CF000150085832A87B1C7411106C622C437062D
:104D0000807F63F9C702B376C5002E8485EE97775E
:104D10000000938767C98C43EF20904ED17793872B
:104D200007CB2A876349F4069357754193F7F70F2A
:104D30009D1711A8AA85EF200054B24022444101DA
:104D400082808280DD83A2979306E00F63CCF60019
:104D50006349F002A95663D8D704B1679387073532
:104D600063D2870697770000938787BE8043BA8512
:104D70002285B128A285EF20B048B24022444101EB
:104D80008280B2402244370780807D17798DDE070C
:104D90005D8D4101828097770000938727C18C4306
:104DA000EF20104659BF17770000130767C00C4368
:104DB000370780807D17E507DE07798D5D8DEF2051
:104DC0003044A5BF97770000938747BE45B7B70724
:104DD000008013C7F7FF798DFD8D4D8D8280011105
:104DE00006CE2EC615CD1841AA8705C358417D555C
:104DF00011CB8546631BD70098472300070023A2E9
:104E000007000545F240056182809847B2462300BD
:104E1000D7009847050798C7D8437D17D8C3D5B79B
:104E200005466C00EFE01F86E9BF797122D426D2D7
:104E30004ECE52CC56CA06D64AD05AC82A8AAE8A14
:104E4000328481449309000263440602B3879A00C6
:104E5000838707009DE363D6840263D2E402198C42
:104E600093F726009309000281C719E39309000311
:104E7000858A014985EA228931A88504C1BF058C4C
:104E8000C5B70144F1BFCE8552853AC6EFF03FF574
:104E900032477D19E34920FF228963530400014909
:104EA0003304244163CBE402CA84B3872441D697F8
:104EB00083850700A1E12289634320056353040031
:104EC000014433059400B250225492540259F249DD
:104ED000624AD24A424B45618280B3049740268B96
:104EE0009305000352857D1BEFF07FEFE31A0BFE65
:104EF00026995DBF5285EFF09FEE85047DB7CE8584
:104F00005285EFF0DFED7D1945BF5D71A6C252DC21
:104F100086C6A2C4CAC04EDE56DABA843E8A85E589
:104F2000930700030147D28626862C08231CF10034
:104F3000EFF0BFEFB640264496440649F259625A54
:104F4000D25A616182802A893684C68A91CAA94769
:104F500001446317F60063D50500B305B04005446E
:104F6000A30701029307F102A546130568FC33F776
:104F7000C50263D3E6002A9713070703A38FE7FE52
:104F80009389F7FF33D7C50263FBC50409CCB9C8C1
:104F900013772A0021CB9305D0024A8542C6EFF051
:104FA0001FE43248FD1493774A008DC3930710061F
:104FB000930500034A85631FF802EFF05FE2930553
:104FC00080074A85EFF0BFE10904F9145687D286BD
:104FD0002686CE854A85EFF05FE52295A1BFBA858A
:104FE000CE8771B71307D002A38FE9FE01449389DE
:104FF000E7FF55BFEFF0BFDE93058005D9B71D7100
:10500000CAC8CEC6D6C2DAC03A8986CEA2CCA6CA53
:10501000D2C45EDE62DC66DA6AD86ED633E7C500DB
:10502000BE89AA8A428B8347010621E795CF8D6707
:105030009387D7022314F100230501000147DA8684
:105040004E862C005685EFF05FDEF6406644D6446F
:105050004649B649264A964A064BF25B625CD25CE8
:10506000425DB25D25618280930700032314F10045
:10507000F1B7368AAE84328463000902A947014938
:10508000639CF600635A0600B304B040B337900047
:105090003304C0401D8C0549A30F0100130DF1011D
:1050A000935DFA41A54C138C68FC5286EE862685EA
:1050B000A285EF00B00863D3AC0062951305050329
:1050C000A30FADFE5286EE862685A285930BFDFFCB
:1050D000D1296366B401639A8D0263F84403630DBA
:1050E00009006388090293772B0085C79305D002D6
:1050F0005685EFF0DFCEFD190147DA864E86DE8554
:105100005685EFF09FD24A9589B7AA842E845E8D8A
:1051100069BF9307D002A38FFBFE0149930BEDFFFC
:10512000E1BF5D71A6C2CAC0AA842E892E85B28550
:1051300086C63ACE42CCA2C44EDE52DCB289368A52
:1051400056DA5AD8BE8A5ED662D466D2468C6AD007
:10515000EF10506B2A8BAE8B01468146CE854A8577
:10516000EF10E011724762487D81BA872AC0054777
:10517000E288D286DA855E862685EFF05FE82A8DA2
:105180009305E0022685EFF09FC5050D8147854C0C
:105190000144294763CE57075A85DE85EF105072C8
:1051A0002A86AE864A85CE85EF1040642A89AE896C
:1051B0006685A285EF10D0702A86AE864A85CE8598
:1051C000EF104017EF10106413D6F541318DB3473F
:1051D000B600B305C5403335B5003386C74002C0BD
:1051E000E288D687D286098E094826850547EFF0E2
:1051F0001FE1B64026446A9596440649F259625A20
:10520000D25A425BB25B225C925C025D6161828039
:10521000B3068702850733349703B30C970336949C
:1052200095BF5D715AD837CB0000A2C4A6C2CAC0D0
:105230004EDE52DC56DA5ED662D486C666D2AA89C3
:105240002E893284014A8144930B5002930AB002A2
:10525000294C130B0B9B830509008DE56386090020
:1052600081454E85EFF0BFB7B640264426850649F6
:105270009644F259625AD25A425BB25B225C925C0B
:1052800061618280638875014E85EFF05FB58504AA
:105290000509D1B783071900930C1900639A7701A8
:1052A000930550024E85EFF09FB385046689CDB714
:1052B000D5D76387570563C8FA00130730026384A4
:1052C000E704814705A01307D002638AE7001307AC
:1052D0000003E398E7FE930C2900894721A0930C73
:1052E0002900854703870C006303570563C1EA0261
:1052F00093063002630BD70266890145A54535A8A0
:10530000930C29007DBF930C29009147E1BF9306C0
:10531000D0026309D70093060003E31FD7FC93E78D
:10532000270031A0850C8547C1BF93E74700850C56
:10533000E1B7330585030509369503070900930690
:1053400007FD13F6F60FE3F6C5FE1306E0029946D5
:10535000631EC70005098146254603070900130798
:1053600007FD9375F70F6375B602368A03070900C8
:105370001306A0066309C70A6341E6021306C004C8
:105380006303C70A130680066308C70801461DA801
:10539000B38686030509BA96C9B7130640076304A6
:1053A000C7081306A0076300C7089305C006014697
:1053B000631AB700830519000D466394E5000509DB
:1053C0001146050903070900930500061308100696
:1053D00063C4E500130810049305700663C2E50674
:1053E000930550066359B7169305700463CFE50221
:1053F000130650046351C71693063004E31AD7E826
:105400001840930C4400A30E0100230EE100BE8659
:1054100001472A866C0871A0830519000146E393B1
:10542000E5FA090945B7050995B793063006E3097A
:10543000D7FC63CEE606930680056303D70289BDD9
:10544000930630076306D70463CDE6029306F006A1
:10545000630BD70C9306000793E74700E31AD7E2E4
:105460001147631BE60A1D04137784FF0C43504366
:1054700013048700C28802C03E880147AA87C1463C
:10548000B9A0930650076303D7069306800775B744
:105490001840930C4400DA8511C3BA855287BE8642
:1054A0002A864E85EFF07F98AA946684D5B311477B
:1054B0006314E6021D04137784FF0C435043130466
:1054C0008700C28802C03E880547AA87A9464E8544
:1054D000EFF0FFB2AA946DBB0C40D28811042A876A
:1054E000854629464E85EFF05FA2EDB71147631F51
:1054F000E6001D04137784FF0C4350431304870018
:10550000C28802C03E880147AA87C9B70C40D2882A
:1055100011042A878146F1B70C40D28811042A87EA
:1055200081464146C1B711476310E6021D04137757
:1055300084FF0C43504313048700C28802C03E8896
:105540000147AA87A14661B70C40D28811042A8777
:105550008146214641BF1D04137684FF1304860053
:105560000C4250423307D540C2887D173E884E8595
:10557000B687A946EFF0FFBAB1BF397132833EDA80
:105580002EC42AC67010854748009A8506CE36D6A6
:105590003AD842DC46DE3EC232C0EFF09FC8F2404D
:1055A00021618280B687B2882A832E88639D061483
:1055B00063F9C50A4167636EE61AB70700016363C2
:1055C000F63493568601E147176700001307075327
:1055D000369703470700BA97130700021D8F19CBB0
:1055E0003398E500B357F500B318E60033E8070138
:1055F0003313E50013D608013355C802939608010A
:10560000C182935703013377C802B385A6024207CC
:105610003368F700637AB80046989307F5FF636430
:1056200018016367B8303E853308B8403357C80265
:105630004203135303013378C802B386E6024208DB
:1056400033686800637BD80046989307F7FF63656B
:10565000180179176363D8003E874205598D81454B
:10566000828001E60547B358C702416763EAE80E46
:10567000B707000163ECF82893D68801E147176764
:1056800000001307A747369783460700BE96930787
:105690000002958FE5EB939E08013387154113DFD8
:1056A000080193DE0E018545935703013355E70347
:1056B0003377E703B306D5034207D98F63FAD700E0
:1056C000C6971307F5FF63E4170163E6D7263A850B
:1056D000958F33D7E703420313530301B3F7E7036F
:1056E000B30ED703C207B3E7670063FBD701C697C2
:1056F0009306F7FF63E51701791763E3D701368750
:105700004205598D828063E2D504C16763E2F604E5
:10571000B707000163E4F61E13D786016148976757
:1057200000009387A73DBA9703C70700130E000236
:105730004297330EEE40631A0E0C63EDB61C333500
:10574000C500134515008145828081450145828051
:105750009307F00F63F3D71C13D786002148C1B716
:105760001307F00FC686E37C17F193D68800A14794
:1057700039B71307F00FB286E378C7E49356860073
:10578000A14799B5B398F80033D6D50013DF0801C7
:10579000335EE6033397F500B356D500558F939EDD
:1057A000080193DE0E013313F50093550701B3761C
:1057B000E603B387CE03C206CD8E63FBF600C69622
:1057C0001306FEFF63E4161763F2F616791EC696FB
:1057D0009D8E33D6E60393170701C183B3F6E60324
:1057E0003385CE02139706015D8F637BA700469732
:1057F0009307F6FF636817136376A7127916469727
:1058000093150E01098FD18D45B5B357E600B396B8
:10581000C601DD8E33D3E50013DF0601B357E30382
:10582000939E060193DE0E013398C5013357E500C0
:1058300033680701935808013316C6013373E30335
:10584000B385FE024203B368130163FBB800B69848
:105850001387F7FF63EAD80C63F8B80CF917B6980A
:10586000B388B84033D7E803420813580801B3F8A7
:10587000E8033383EE02C208B3E5080163FB650069
:10588000B6951308F7FF63EDD50863FB6508791734
:10589000B695C207416FD98F1307FFFFB3F6E70034
:1058A00093D80701718F4182B38EE602B3856540BC
:1058B000B386C60213D80E013387E802BA96C296A1
:1058C0003386C80263F3E6007A9693D806014696BB
:1058D00063E2C5026385C5003E85814582804167DC
:1058E0007D17F98EC206B3FEEE003315C501F6969C
:1058F000E374D5FE1385F7FF8145828013D7060137
:10590000414831BD93560601C1477DB993D6080180
:10591000C147B5B38145054582803687014801B549
:10592000428785BF3E86E9BDBA871DBF328E4DB521
:1059300079154698D5B97915C69759BBB687328877
:105940002A832E872E8E6393061463F1C50A41675E
:105950006378E61A1307F00FB2866375C700935693
:105960008600A147176700001307471936970347BA
:10597000070093080002BA97B388F840638C0800C8
:10598000B3951501B357F5003318160133EEB70080
:105990003313150113560801B357CE02131508012E
:1059A000418193560301337ECE02B307F502420EC6
:1059B0003367DE006378F70042976365070163731E
:1059C000F70042971D8FB356C70293170301C18397
:1059D0003377C7023305D5024207D98F63ECA70896
:1059E0003385A740335515018145828001E605477F
:1059F0003358C7024167636CE80EB707000163655F
:105A0000F82A93568801E147176700001307070F2C
:105A100036970347070093080002BA97B388F84007
:105A2000639A081E131E0801B38505411356080129
:105A3000135E0E0113570301B3D6C502B3F5C502B9
:105A4000B386C603C2054D8F6377D7004297636460
:105A50000701636AD726158F3355C70242031353D4
:105A600003013377C7023305C5034207B3676700F5
:105A700063F8A700C29763E5070163F3A700C29725
:105A80003385A74033551501814582802A88E3EE8E
:105A9000D5F4C16763E5F604B707000163E2F620B9
:105AA00013D38601E14897670000938727059A97EB
:105AB00003CE070013030002469E3303C34163195C
:105AC000030463E4B6006369C5003308C540958DDF
:105AD000333705013387E5404285BA8582809307D5
:105AE000F00F63FBD71C13D38600A1486DBF1307CB
:105AF000F00FC286E37A07F193568800A14729B7D1
:105B0000B70700016366F61A93568601E14799BD0F
:105B1000B357C601B3966600DD8EB3D8C50113D75F
:105B20000601B3DEE802139F0601B357C501135FF8
:105B30000F01B3956500DD8D13D80501331666009E
:105B400033156500B3F8E802B307DF03C20833E892
:105B50000801637BF80036989388FEFF6363D816CC
:105B60006371F816F91E36983308F840B357E80207
:105B7000C205C1813378E802330FFF021317080111
:105B80004D8F637BE70136979385F7FF6369D712E3
:105B90006377E713F9173697C20EC162B3EEFE00C2
:105BA0001388F2FFB3F80E019355060193DE0E0140
:105BB00033780601B38F08033307E74133880E03B8
:105BC00093D70F01B388B802C298C697B38EBE02AE
:105BD00063F30701969E41687D1893D50701B3F7DB
:105BE0000701C207B3FF0F01F695FE976362B70A7C
:105BF000630EB708B307F5403335F500B305B7407A
:105C0000898D339EC50133D567003365AE00B3D5AA
:105C1000650082803318180133D7F5001356080148
:105C2000B356C702131E0801B357F500135E0E01E9
:105C3000B3951501DD8D93DE05013313150133771F
:105C4000C702B307DE0293160701B3E6D60163F875
:105C5000F600C29663E5060163F3F600C2969D8ED8
:105C600033D7C60293970501C183B3F6C602330743
:105C7000EE0293950601DD8D63F8E500C29563E5BC
:105C8000050163F3E500C295998D6DB3E374F5F6F4
:105C90003386C740B3B7C700B6979D8DB28799BF0B
:105CA00013D30601C14801B593560801C147A9BBEA
:105CB00093560601C1477DB136838148EDB3AE8767
:105CC000E1BDC68E55B5429779B3397193D7450179
:105CD00022DC4AD856D22A891394C50006DE26DA79
:105CE0004ED652D45AD05ECE13F5F77F318093DA78
:105CF000F501630B05109307F07F630BF514135A3E
:105D0000D9010E0433648A00370A8000336A4401E3
:105D1000131B3900930415C00144814B13D846016D
:105D20001399C6001378F87FB2881359C90093D924
:105D3000F601630E08089307F07F6300F804135719
:105D4000D6010E0933692701130818C0B707800070
:105D50003367F90093183600B38404418145BD4789
:105D600033C83A0163E4871A97670000938707C531
:105D70000A043E9410403E9602863367C90093841D
:105D80001480631207101364240081488945C1BF41
:105D90001306F07F81470147B207F2506254520662
:105DA000B1837E08D18FB3E70701D2544259B2596B
:105DB000225A925A025BF24B3A85BE85216182805B
:105DC00001481306F07FB70708000147F1B73367B2
:105DD000C9004DC7630809304A8532C4EF20806886
:105DE0002246130755FFF547930685FF998F331910
:105DF000D900B357F60033E72701B318D60026952C
:105E00009304353F8145A1BF336A240163030A0629
:105E100036C632C46306042A2285EF20A0642246D7
:105E2000B246AA84130755FF754A138B84FF330AC1
:105E3000EA4033146401335A4901336A8A00331B40
:105E400069011305D0C0B30495400144814BF9B5F5
:105E5000336A240163180A002144014B9304F07F44
:105E6000894B6DBD228A4A8B31449304F07F8D4B60
:105E700075B51144014B8144854B4DB51364140035
:105E800081488545E9BD136434004A878D45C1BD0D
:105E9000630A052E8547898F9306800363DDF632FA
:105EA000014681470147CDBDCE868947638DF53ACE
:105EB0008D47E387F5F085473688E383F5FE138544
:105EC000F43FE357A0FC93F778006396072893D636
:105ED00038009317770063D80700B70700FFFD1756
:105EE0007D8F138504409307E07FE3C3A7EA131671
:105EF000D70193179700B1833367D6001376F57FE8
:105F000061BDD6865287DA88DE8545B7636147234F
:105F1000630DEA20DA86FD145284014B9317870043
:105F200013D388013363F300935E0301B357D403A3
:105F3000131F0301135F0F0193D50601139E880001
:105F40003374D4033307FF024204C18D63FBE500C1
:105F50009A951386F7FF63EE652663FCE526F9172D
:105F60009A95998D33D7D503C206C182B3F5D5036F
:105F70003306EF02C205D58D63FBC5009A959306E3
:105F8000F7FF63E6652463F4C52479179A95C20781
:105F900041645D8F9307F4FF3375F7009358070151
:105FA000935F0E01B377FE00B302F502B386C540DE
:105FB000B383F80293D502013386AF021E962E9664
:105FC0003385F803637376002295C168FD189355F5
:105FD0000601337616014206B3F81201AA954696D9
:105FE00063E6B6126382B6123306CB408D8E333B26
:105FF000CB00338B66411385F43F630C6317B358B2
:10600000DB0393550601337BDB03B3061F03420B0F
:1060100033EB6501637BDB001A9B9385F8FF636DAF
:106020006B20637BDB20F9181A9B330BDB40B356E4
:10603000DB0342064182337BDB03330FDF02420B7B
:1060400033666601637BE6011A969385F6FF636704
:10605000661E6375E61FF9161A96C208B3E8D800E3
:106060009395080193D20801C181B38EF5023306DE
:10607000E641B385BF0293D60E01B387F202BE9507
:10608000AE96B38F5F0263F4F600C167BE9FC16531
:10609000FD1593D70601ED8EC206B3FEBE00BE9F6E
:1060A000F696637FF6091A969387F8FF6369661A76
:1060B0006368F619630FF61BBE8893E8180011B5E4
:1060C0004A85EF20203A13075501F1459304050254
:1060D0002246B246E3DAE5D4130485FF331A890079
:1060E000014B85B3328532C4EF20C0371307550109
:1060F000F146AA87224613050502E3D6E6CEE1174C
:106100003317F6008148E5B9E370CBEE729B333567
:10611000CB011A95AA961305F7FF6378D30263E6BD
:10612000B6106382D5102A87C1B5E3651BDF93558E
:106130001B009316FA0113541A00CD8E7E0BF9BB87
:10614000E31DF6F7E38F06D6B9BFE31ED3FCE37871
:10615000CBFD2A8751BD93F7F8009146E389D7D646
:1061600093B7C8FF9386480093C717008D823E9768
:106170008DB381468547E34CA0FEFD58E31C05D056
:10618000930410C085471385E441B316A70033D6A6
:10619000F8003395A800D18E3335A000C98E13F6D0
:1061A00076003357F70001CE93F7F6001146638867
:1061B000C70093874600B3B6D7003697BE869317BD
:1061C000870063D80704054681470147F1B6368743
:1061D0007DBBB28779B3FD46E3D7F6FA0556098E43
:1061E000930600023356C7006388D7009387E443C1
:1061F000B317F700B3E8F800B3361001D18E13F6E9
:106200007600814701CE93F7F60011460147E392ED
:10621000C7FA931797001316D701B18313D7360027
:10622000518F014695BEE370CBF0729B3335CB01A5
:106230001A957917AA964DBBAE88C5BBAE8631BDFF
:1062400093171E0033BEC70172931A96F9183E8E3B
:10625000E315F6E7E307DEC693E818009DB1BE88B4
:10626000E30AF6FF99BD36881306F07F81470147A0
:1062700025B6E367DEFCBE88E310DEFE99B113D7D6
:106280004501B7071000FD1713D846011377F77FB4
:106290009308F07F33FEB700AA8EF58FFD81328F11
:1062A0001378F87FFD82630E1703630D180129E34D
:1062B000B368AE00631F08005D8E01EE0143638C7E
:1062C000080421A8B3E8C7000943639608046DD306
:1062D00005A0638408046385D50205438DCD7D53F5
:1062E0001DA8B368AE00094363970802630AE80279
:1062F000631408005D8E75D2E391D5FEE34FE8FC90
:1063000063490701E3EBC7FD630FFE0001436374BC
:10631000FE00F1D505431A858280EDFE7D53E5BF71
:106320005D8E79DACDBFE36ADFFB0143E3F5EEFF73
:10633000F5F175B739714AD813D945014ED652D403
:1063400056D29399C50006DE22DC26DA5AD05ECEFC
:106350001379F97F2A8A93D9C90093DAF501630D7D
:10636000090E9307F07F6306F9181354D5018E09BF
:10637000B36934013704800033E489009314350095
:10638000130919C08149814B13D74601139AC600DE
:106390001377F77FB285135ACA0013DBF601630B3C
:1063A00007109307F07F6303F7049357D6010E0A93
:1063B00033EA4701130717C0B7078000B367FA0035
:1063C000931536003A99814833C76A01BD463A852C
:1063D0001308190063E83617175600001306066203
:1063E0008A09B29983A60900B2968286B367CA0069
:1063F0001309F97F6399071293E9290081458948B8
:10640000E1B701479307F07F370408008144320465
:10641000D20731807E075D8C598CA285F250625480
:1064200026854259D254B259225A925A025BF24BF3
:10643000216182805A853E84AE84C68B8947638DF4
:10644000FB0E8D47E38FFBFA85472A87639EFB3857
:1064500081470144814465BF33E4A90061C036C669
:1064600032C4638C092A4E85EF10D07F2246B24693
:10647000AA87130755FF7544938487FF198CB39936
:10648000990033548A0033643401B3149A0013D74B
:1064900046011309D0C0139AC6001377F77F33095A
:1064A000F9408149814BB285135ACA0013DBF601CA
:1064B000E31907EEB367CA00B1C7630F0A2252851A
:1064C00032C4EF10307A22462A87930655FFF547EB
:1064D000930587FF958F331ABA00B357F600B3E7D9
:1064E0004701B315B6003309E9401309D9C0814803
:1064F000E1BD33E4A90001ECA14981441309F07F17
:10650000894B59B593E919008145854875BD4E847D
:10651000AA84B1491309F07F8D4BBDB591498144DF
:106520000149854B95B593E93900D2878D4869BDFE
:1065300089475685E397FBF02A879307F07F01444C
:106540008144F1B5C16E1386FEFF93D6040113DEBC
:106550000501F18CF18D338695023383B602935891
:10656000060133059E021A95AA98B382C60363F307
:106570006800F692C16F1383FFFF33F5670093D372
:106580000701B3F76800C207337366003E93330612
:10659000950293D80801B387A602135F0601B3845E
:1065A0009302BE94FA94B38E760263F3F400FE9ED7
:1065B000416A9307FAFF935F0401B376F400B3F9DD
:1065C000F4007D8EC1803384D502C209338FD4019B
:1065D000B299CE98B307DE02935E0401B385BF0281
:1065E000AE97BE9E330EFE0363F3BE00529EC1679C
:1065F0009385F7FF33F6BE006D8C4206229693DE3C
:106600000E01B305D502769E3385AF0213D4050182
:10661000B386D302AA96A296B38FF30363F3A600C0
:10662000BE9F41657D15B3F7A600C2076D8DAA9781
:10663000B3855800B3B93501FA97B2953384370161
:1066400033B6C500B30EC4013385CE0033343401F4
:10665000B3B7E701C18F33BECE0113D40601333681
:10666000C5003E943366CE009394950032947E9498
:10667000B3E46400260493567501B3349000DD81C1
:1066800093179500CD8C558CDD8C9317740063DBCC
:10669000070093D7140085889316F401DD8CD58C00
:1066A000058042899307F93F6359F00893F6740017
:1066B00081CE93F6F40011466388C60093864400A9
:1066C000B3B496002694B6849316740063D806007B
:1066D000B70700FFFD177D8C930709409306E07F05
:1066E00063CFF60E93D634009314D4012604D58CD0
:1066F000318093F7F77F21BB328532C4EF1090567B
:1067000093065501F147130705022246E3D1D7DC72
:106710006115B317A6008145F9B3EF10B054130704
:106720005501F145930705022246B246E3D5E5D46B
:1067300061153314AA00814499BB85469D8EB1E74B
:106740001309E941B3972401B3D4D40033192401C8
:10675000B337F000B3649900DD8C93F77400B3563F
:10676000D40081CF93F7F40011466388C700938764
:106770004400B3B49700A696BE849397860063D86E
:10678000070485470144814459B113068003E3415E
:10679000D6CC7D46E356D6FA0556B307F6409305A8
:1067A00000023356F4006387B6001309E943B317B8
:1067B0002401DD8CB3349000D18C93F67400014435
:1067C00099CA93F7F40011468146E392C7FA1394ED
:1067D00096003180F6068D80D58C81470DB99307E0
:1067E000F07F0144814425B142896DBD3707100017
:1067F0007D1701113373B70093D84601758F935EEF
:10680000D60122CC26CA0E0393D445019357D50155
:106810000E0706CE4AC84EC693F8F87F130EF07FD7
:1068200033E7EE0093F4F47F13D4F50133E367000C
:10683000131F3500FD82931E36006380C81993C66E
:106840001600B38514416305D4126351B018638BED
:10685000081AB70780005D8F6381C45993078003CE
:1068600063C4B734FD4763C5B748930700028D8FF3
:10687000B3D9BE003318F700B39EFE003368380169
:106880003357B700B339D001336838013303E340DD
:10689000B3090F41B3373F013306F3409317860026
:1068A00063D30724370980007D1933792601630FEC
:1068B000092C4A85EF10103B130785FF9307000250
:1068C000998FB3D7F9003316E900D18FB399E90056
:1068D0006344972A058F13061700FD4663C5C63A21
:1068E00013070002118FB3D6C9003398E90033971C
:1068F000E700558F33380001B369070133D6C7006D
:10690000814493F7790081CF93F6F900914763882A
:10691000F6009386490033B836014296B68993173C
:10692000860063D6071C138714009307F07F058841
:106930006306F720B70780FFFD17F18F1398D70183
:1069400093D93900A60733683801B1831377F77FED
:106950009396C7005207B1827E04D98EC18EF24051
:106960006244D2444249B2494285B685056182807B
:106970006356B00A638A0812B70780005D8F638789
:10698000C42D9307800363C7B718FD4763D2B73C94
:10699000138805FE93070002B3590701638AF500C7
:1069A00093070004B385B7403317B700B3EEEE008A
:1069B0003338D0013368380195A2B367D701938586
:1069C000148099E393C61600630AD404D1E1938737
:1069D000140093F7E77F6399071EB367E3013368F9
:1069E000D701639204166382073C631608421318AA
:1069F00035009316D3011358380033E80601935736
:106A0000330019A2B367D7016385071A9387F5FF8F
:106A1000638B073A638CC523BE8589B56399051CD2
:106A20009386140093F7E67FC1EFB367E3016390A9
:106A30000436638D0744B367D701639407460E0598
:106A40001318D3010D813368A800935733006DA844
:106A5000B385984063970420B367E301638D0730E3
:106A60009387F5FF638907401305F07F6383A520B3
:106A7000BE859307800363C2B72AFD4763C8B73C4E
:106A8000930700028D8F3318F3003356BF00B317FE
:106A9000FF003368C800B339F0003353B3003368E4
:106AA000380133076740B5ACB367D701638307107C
:106AB0009387F5FF638F071E6380C52FBE85D1B511
:106AC0009307F07F638BF606FA9E33B6EE01B307A9
:106AD000E300B2971398F70193DE1E00B369D80163
:106AE00013D61700B68493F77900E39F07E0931756
:106AF000D60113D839003368F800A68593573600BD
:106B00001307F07F6380E506B207B18313F7F57FC3
:106B100005883DBD3367D7013338E000B309E8018C
:106B2000B3B7E9013386670093178600E3DD07FA00
:106B300085049307F07F639CF41805881307F07FA2
:106B40008147014831B5639107106301083C131870
:106B500036009317D701135838003368F80036848D
:106B600093573700B367F800E9DB01441307F07F60
:106B7000B70708000148E9BB370680FF7D167D8E08
:106B800093F77900998CE39107D895B74E85EF106C
:106B9000700D13078501FD47E3D2E7D2130685FF89
:106BA000B397C90081492DB33368D7013338000149
:106BB000C5B1131835009317D30113583800336843
:106BC000F800935733002DBFB309DF413309E34089
:106BD00033363F013309C9409317890063CA072040
:106BE00033E82901E31508CC8147014431BFB3855F
:106BF000984063810414B70680009307F07F3363E5
:106C0000D3006381F8209307800363CCB722FD474C
:106C100063C9B72C930700028D8F3318F300B35666
:106C2000BF00B317FF003368D800B339F000335307
:106C3000B300336838011A97B309D801B3B7D90143
:106C40003386E700C684CDB5E31108F2131835008A
:106C50009317D301135838003368F8009357330063
:106C600011B7370580009307F07F3363A300E392E9
:106C7000F8E00E061318D7010D823368C800935749
:106C800037003684C5B505179306000233D7E700F1
:106C9000630AD600930600043386C6403396C700C5
:106CA000B3E9C90033383001B369E80001468144D3
:106CB0001DBDB309DF01B307E30033BFE90133862C
:106CC000E701931786008544E3DF07E08944B707AF
:106CD00080FFFD17F18F13D7190013F819003368DF
:106CE00007019399F701B3E9090113D6170011B908
:106CF000138805FE93070002B3590701638AF50064
:106D000093070004B385B7403317B700B3EEEE0026
:106D10003338D00133683801A5BE3363E30133381B
:106D20006000B3890E41B3B73E013306F740C68415
:106D30003684ADB6B367E301638707189387F5FF21
:106D4000638C071C9306F07F638ED50ABE8565BDF4
:106D5000930700028D8FB3D9BE003318F700B39E9E
:106D6000FE00336838013357B700B339D0013368B8
:106D700038013A9365B3131836009317D7011358A7
:106D8000380033E8070136849357370095BBBDCBF5
:106D90003367D701E31B07DC0E051318D3010D8100
:106DA0003368A8009357330075BBE30F08E213184C
:106DB00036009317D701135838003368F80036842B
:106DC0009357370091B3B309DF41B307E340333F33
:106DD0003F013386E7418544D1B41318350093163B
:106DE000D3011358380033E80601935733009DBB95
:106DF000B389EE413306674033B93E01330926417A
:106E0000368475B40E061318D7010D823368C80096
:106E10009357370081BBB309DF41B307E3403336F3
:106E20003F013386C7409317860063D7070AB389AB
:106E3000EE41B3076740B3BE3E013386D741368487
:106E4000C9B43363E30133386000FDB3138805FE32
:106E500093070002B3590301638AF5009307000406
:106E6000B385B7403313B300336F6F003338E0019D
:106E7000336838017DB5B389EE41B3076740B3BECF
:106E80003E013386D7413684854409BC1318360049
:106E90009317D701135838003368F8009357370019
:106EA000A5B1B309DF01B307E30033BFE9013386BE
:106EB000E70193178600E3D807C2B70780FFFD17E5
:106EC0007D8E85440DB10E061318D7010D823368EF
:106ED000C800935737002DB133E8C900E30608D046
:106EE00019B1138805FE93070002B3590301638AA1
:106EF000F50093070004B385B7403313B300336F35
:106F00006F003338E001336838013DB301441307A3
:106F1000F07FB70708002DBCB309DF01B307E3001A
:106F2000B3BED9013386D70169BB411106C622C45D
:106F300026C20DCD9357F541B3C4A7009D8C2A847A
:106F40002685EF1020529306E041898EA9477D8067
:106F500093F6F67F63CDA7022D47098FB3D7E400E0
:106F60005505B207B394A400B18329A0014481461A
:106F700081478144B207D206B1837E04D58FC18F89
:106F8000B24022442685BE85924441018280551537
:106F9000B397A400B207B1838144E9BF1DCD41116D
:106FA00022C406C62A84EF10E04B9306E041898E86
:106FB000A94793F6F67F63DCA7025515B317A40023
:106FC000B207B1830147B2402244B207D206B1836F
:106FD000D58F3A85BE854101828081478146B207BF
:106FE000D206B1830147D58F3A85BE8582802D4771
:106FF000098FB357E400B207130755013317E400B4
:10700000B183D1B73707100093D745019306F7FF37
:1070100093F7F77F1308E03FED8E13D6F501635326
:10702000F8029305D04363D2F5028545918D33056F
:10703000B04013D6F541B7050080B337A000918D5D
:107040009D8D828001458145828013082043B3E5F0
:10705000E6006354F8021387D7BA9387D7BC634519
:107060000704B315E500014565D23305A040B337E9
:10707000A000B305B0409D8D8280930630439D8E65
:107080007D47634CD7001387D7BE3397E500335550
:10709000D500598DB3D5D500C1BF130530411D8D25
:1070A00033D5A5008145C9B7FD46135715009D8E00
:1070B0003357D700B395F500D98D3315F5006DB76B
:1070C000011106CE22CC26CA4AC84EC6B367B50007
:1070D0009DCFAE84AA8913D9F50163CE0504268419
:1070E000ADC42685EF1000389306E043898E9307E0
:1070F000304363CAD7089397C4002D464E8793F652
:10710000F67FB1836359A600130655FFB9A801495C
:10711000814681470147B207F2406244D206B183FB
:107120007E09D58FB3E72701D2444249B2493A8557
:10713000BE85056182803305A040B336A000B3044C
:10714000B040958CAA892684C9FC4E85EF10803109
:107150002A869306E04313050502898E9307A00251
:1071600093F6F67F63C7A70C55061307B002098F85
:10717000B397C40033D7E9005D8F9317C700B1837D
:107180003397C90049BF9307604363DBD7022147A8
:10719000098F930507FE63C2050CB3D5B400014700
:1071A0001306850193078503634C06083396C900CF
:1071B0008149B3E9C90033363001B3E9C5003A84E7
:1071C000A1474E8663C9A704B70780FFFD179375D3
:1071D00076003377F40085C59375F6001148638017
:1071E00005039305460033B6C50032971316870092
:1071F000635106089306F0437D8F898E2E861355C2
:107200003600931797001316D7013367A600B18392
:1072100093F6F67F09B793078002930585FF898F60
:10722000B3D7F9003317B40033E4E7003396B9005D
:1072300061BF5516B397C900B207B1830147E1BDDD
:107240007D4613D819001D8E3358C8003396F400BC
:107250003366C800B399F900A9BF7D46198E93978C
:107260001400B3D5E900B397C700DD8D33D7E40030
:1072700005BF2E8669B74111370780007D1713D8E7
:10728000750126C2935475013373A70093F4F40F6C
:10729000B376B7004AC01378F80F1359F50106C644
:1072A00022C4FD819A8726854A86131E3300939E49
:1072B0003600B3880441630AB90E6350100D6304AD
:1072C00008149307F00F638BF414B7070004B3EEB0
:1072D000FE00ED4763C1172993070002B3871741EA
:1072E000B397FE00B3D81E01B337F000B3E7F80040
:1072F000B307FE4013975700635E07183704000476
:107300007D147D8C2285EF10E0156D15B317A40058
:107310006348951A058D1304150013070002018FA9
:107320003397E7003337E000B3D78700D98F814424
:1073300013F7770019C713F7F70091466303D700D7
:10734000910713975700635B071485041307F00F29
:107350004A866383E4169A07A58313F5F40FB240B7
:107360002244A6079314750113D59700458D7E0618
:1073700092440249518D410182806399080A138722
:1073800014001377E70F6317071463900422630D4B
:107390000E1EE3860EFCB307DE41139757006350C1
:1073A0000722B387CE412E8961B7635C100B630E51
:1073B00008089307F00F6383F406B7070004B3EEE1
:1073C000FE00ED4763C9171F93070002B3871741FB
:1073D000B397FE00B3D81E01B337F000B3E7F8004F
:1073E000F297139757006357070A85041307F00FA6
:1073F0006384E40CB706007E13D71700FD16858B57
:10740000758FD98F35B7638D0E08FD18B307DE4130
:10741000E38208EE9307F00FE39DF4EA630D03089F
:1074200001461305F00FB707400015BF330798401A
:10743000EDE863020E147D17630807189307F00F39
:107440006319F80E2E893683D1BF638B0E04FD18A5
:10745000B307DE01E38708F89307F00FE393F4F630
:1074600075BF63950808850413F7E40F63130712CB
:1074700063170510630F0E14E3830EEEB307DE01EE
:1074800013975700814463570700370700FC7D17A7
:10749000F98F854413F77700E31F07E813D337000C
:1074A0009307F00FE38CF4F693179300A58313F57D
:1074B000F40F4A866DB54A861305F00F814745B52E
:1074C000370700FC7D17F98F13F77700898CE314D9
:1074D00007E6E9B73304DE419317540063C3070C92
:1074E000E31204E201460145814795BD3307984008
:1074F000ADC49307F00FE308F8F4B7070004336E48
:10750000FE00ED4763CCE70C93070002998FB31799
:10751000FE003357EE00B337F000D98FF697C284E0
:10752000C9B59307F00FE30FF8F0B7070004336E07
:10753000FE00ED4763C3E70893060002998EB31679
:10754000DE00B357EE003337D000D98FB387FE404B
:10755000C2842E8945B3854761BB630E0E067D1735
:10756000B307DE01C284E30E07E69307F00FE31AC8
:10757000F8F8368365B53683C2842E8915B7E304DF
:107580000EECE38D0EE869BD638D0E022E86B68784
:10759000F9B39307F00FE381F4F2B307DE018583BB
:1075A000D5BD3384CE412E89B1BBE31C0EFCE389EB
:1075B0000EE62E8949BD854725B5854741BFE39B2A
:1075C00007EC0146814761BBB387CE41C2842E8957
:1075D00015B3B68769B33683C284D9B585473DBF35
:1075E0003971935775014AD856D25ECE931A9500D9
:1075F0001359F50106DE22DC26DA4ED652D45AD0D3
:1076000093F7F70F93DA9A00CA8B63820712130776
:10761000F00F6384E7128E0A37070004B3EAEA002A
:10762000138A17F80144014B93D775019394950081
:1076300093F7F70FA58093D9F501FDC71307F00F56
:107640006387E7028E04938717F837070004D98C05
:10765000330AFA408146558C174700001307073E4E
:107660000A043A941C4033493901BA978287130AB5
:107670001AF0F9E88946558C1747000013070740B0
:107680000A043A941C4033493901BA978287014968
:107690001307F00FB707400013959700F25062549C
:1076A0009317770125817E095D8D33652501D254BD
:1076B0004259B259225A925A025BF24B216182809E
:1076C0001307F00F8147C9BFA68ACE8B368B894737
:1076D000630BFB1A8D47E30CFBFA8547630AFB0A31
:1076E0001307FA0713F91B006357E01293F77A00A8
:1076F00099C793F7FA0091466383D700910A93974D
:107700004A0063D90700B70700F8FD17B3FAFA007B
:1077100013070A089307E00FE3C4E7FA93976A0098
:10772000A5831377F70F8DBFB9E48546A9B7639496
:107730000A021144014A054BC5BD63990A00214460
:10774000130AF00F094BCDB58D4631B73144130AFA
:10775000F00F0D4BD1BD56852EC6EF00B0509307EC
:10776000B5FFB39AFA009307A0F8338AA740014403
:10777000014BB24555BD2685EF00D04E1307B5FF2E
:10778000B307AA00B394E400138A67078146E1B502
:1077900013F91B000147814701B741661395540057
:1077A0007D1693570501698E63FA9A0AB3D5FA02DA
:1077B0007D1AD68601473388C502B3F6F602C206A3
:1077C000558F637B07012A979386F5FF6368A70AA5
:1077D0006376070BF9152A9733070741B356F7026B
:1077E0003377F702B38AC6029317070163FB570189
:1077F000AA971387F6FF63E1A70863FF5707F916F7
:10780000AA97C205B38A5741D58DB33A5001B3EA5E
:107810005501CA8BF1B58546998E11C76D46014752
:107820008147E34BD6E6130AEA09339A4A01B3D7F4
:10783000DA00B33A4001B3E7570113F7770019C7ED
:1078400013F7F70091466303D7009107139757008A
:10785000634807029A07A58301473DBD93D61A00E6
:10786000B3D5F6021397FA0141833388C502B1B745
:10787000CE8B368B814AA1BDBA8661B7B685A9BFCA
:107880000547814711BD13F91B001307F00F81470E
:1078900021B593567501B7078000FD1713D6750102
:1078A00093F6F60F1308F00FB3F8A7001357F5017E
:1078B000ED8F1376F60FFD81638406031305F00F39
:1078C0006304A60205456383C6008280E39FF8FE39
:1078D0000145E30CB7FE0545EDFA33351001828012
:1078E0000545E38D08FC82800545E9DF82809356DB
:1078F0007501B7078000FD1713D6750193F6F60FD3
:107900001308F00FB3F8A7001357F501ED8F1376A6
:10791000F60FFD8163810603630C06018DE211E21F
:10792000B1C3638E08026305B70405451DE7828075
:10793000F5D779558280E39E08FE6309D60211E2ED
:10794000EDD7E314B7FEE342D6FE63C7C600E3EE0D
:1079500017FD0145E3FDF8FC01E77D558280F5DD6B
:10796000054582800145E39208FC8280F9DBD1B7AE
:107970008146E1BF93567501B7078000FD1713D606
:10798000750193F6F60F1308F00FB3F8A70013571D
:10799000F501ED8F1376F60FFD816387060363090A
:1079A000060185EA11EA89EB0145639B08008280A4
:1079B0000945F5FFE5DA31A8638C08026300B704D6
:1079C000054575D77D558280094563980802630493
:1079D000D60211E2F5D7E315B7FEE343D6FE63C73F
:1079E000C600E3EF17FD0145E3F3F8FC19E3D9BF47
:1079F000F1D905458280E5D3828082808146C5B772
:107A0000797122D4135475014ECE52CC931995003E
:107A100006D626D24AD056CA5AC81374F40F93D940
:107A20009900135AF50169C49307F00F6308F40E27
:107A30009397390037070004B3E9E700130414F8FB
:107A40008144014B13D77501939A95001377F70F73
:107A500093DA9A0013D9F50145CF9307F00F630C21
:107A6000F7028E0A130717F8B7070004B3EAFA0003
:107A70003A94014633452A01BD47AA86930514006E
:107A800063E2971017470000130747038A04BA946C
:107A90009C40BA9782871304F40F63980A0C93E40E
:107AA00024000946C1BF01451307F00FB707400086
:107AB000B2502254A6075E07A5837E05D98F925443
:107AC0000259F249624AD24A424B5D8D4561828039
:107AD000CA86D689328B89476301FB0A8D47E30446
:107AE000FBFC854736856312FB1A01478147C9B7FE
:107AF000639E090413D77501939A95001377F70FC6
:107B000091440144054B93DA9A0013D9F50131F7FA
:107B1000639D0A0093E414000546A9BF639309021C
:107B2000A1441304F00F094B31BF5685EF009013A9
:107B30009307B5FF098CB39AFA001304A4F8014621
:107B400015BFB1441304F00F0D4BEDBD4E852EC68D
:107B5000EF0050119307B5FF1304A0F8B399F90093
:107B6000098C8144014BB245F1BD93E434000D46CC
:107B700011B78947D286E313FBF636851307F00F5A
:107B800081473DB741639306F3FF13D6090193D8AC
:107B90000A01B3F7D900B3FADA0033885703B3897F
:107BA000F80213570801B30A5603D6994E973306C5
:107BB0001603637357011A96C167FD17B376F70072
:107BC0003378F800C206C29693996600935707016E
:107BD000B3393001E982B2979A07B3E6D900B3E925
:107BE000D7009397490063D9070013D7190093F77B
:107BF0001900B369F7002E841307F4076350E004FB
:107C000093F7790099C793F7F90091466383D700FA
:107C100091099397490063D90700B70700F8FD174A
:107C2000B3F9F900130704089307E00F63CBE704E7
:107C300093976900A5831377F70F9DBD8547B3869A
:107C4000E74011C76D4601478147E343D6E6130776
:107C5000E4093397E9003337E000B3D7D900D98F6F
:107C600013F7770019C713F7F70091466303D7009E
:107C7000910713975700634C07009A07A5830147A4
:107C800005BD1307F00F814725B52E84B5B705470D
:107C9000814739BD3707800041117D179356750123
:107CA00013D87501B377A70093F6F60F935EF5012D
:107CB0003376B70026C24AC01378F80F06C622C42E
:107CC0001303F00F3E8E3689F684139F3700FD8133
:107CD00013153600B38806416302681093C515007A
:107CE000638CBE106354100D631008106304051EEE
:107CF000FD18B307AF40638608029307F00F63884F
:107D0000F616ED4763C7172913070002330717411B
:107D10003317E500B35715013337E000D98FB307A8
:107D2000FF40139757006351071A370400047D146E
:107D30007D8C2285052F6D15B317A400634E251B7E
:107D4000330525411304150013070002018F3397F3
:107D5000E7003337E000B3D78700D98F014913F725
:107D6000770019C713F7F70091466303D70091070F
:107D700013975700635E0714930619001307F00F5B
:107D800093FE14006386E6169A07A58393F6F60F12
:107D9000A607B240224413D59700DE069397FE0152
:107DA000558D924402495D8D410182806392080A9B
:107DB000138716001377E70F631B071463940622DB
:107DC00063020F2071D5B307AF4013975700635577
:107DD0000722B307E5410149AE8451B7E30005F03E
:107DE000638ABE0AE35410FD9307F00F6381F6081F
:107DF000B70700045D8D31B7635E100963010808A1
:107E00009307F00F6385F606B70700045D8DED4715
:107E100063C0171F13070002330717413317E5002C
:107E2000B35715013337E000D98FFA9713975700EE
:107E3000635C070805091307F00F630BE90AB7062F
:107E4000007E13D71700FD16858B758FD98F01BF64
:107E50003307D84063950610630D0F147D17630335
:107E6000071A9307F00F6314F810AE84328E630F75
:107E70000E06814E9306F00FB707400011BF39C9B7
:107E8000FD18B307AF00E38308FA9307F00FE39000
:107E9000F6F8F1BF63990808138916001377E90F04
:107EA00063160712639B061063030F16E30205EEC9
:107EB000B307AF001397570001496357070037070F
:107EC00000FC7D17F98F054913F77700E31C07E8DD
:107ED00013DE37009307F00FE30BF9F893179E00BA
:107EE000A5839376F90F93FE14005DB593FE1400FD
:107EF0009306F00F814769BD370700FC7D17F98FA6
:107F000013F777003309A940E31E07E4D1B7330420
:107F1000AF409317540063C3070CE31C04E0814E89
:107F200081468147B5B53307D840B5C69307F00FF2
:107F3000E30EF8F2B7070004336FFF00ED4763CD9F
:107F4000E70C93070002998FB317FF003357EF0038
:107F5000B337F0005D8FB307A7004289C1BD930717
:107F6000F00FE304F8F0B7070004336FFF00ED47AC
:107F700063C2E70893070002998FB317FF003357D6
:107F8000EF00B337F000D98FB307F5404289AE84D4
:107F900049BB854769B3630E0F067D17B307AF0072
:107FA0004289E30507E89307F00FE319F8F8328EEA
:107FB0007DBD328E4289AE8431BFE3090FEAE3080A
:107FC00005EA45BD0DCDAE8EB287D9B39307F00F4C
:107FD000E300F9F2B307AF008583FDB53304E54153
:107FE000AE8481BBE31D0FFCE30505E8AE84BDBD97
:107FF000854725BD854749BF0149E39707EC814E79
:10800000814779B3B307E5414289AE8419BBB28792
:1080100041B3328E42897DBD054735BF9356750108
:10802000B7078000FD1713D6750193F6F60F1308F6
:10803000F00F33F7A7001376F60FED8F638B060171
:108040001307F00F01456303E60082803335F0002B
:108050008280054575D782803706800013577501E9
:108060009307F6FF1377F70F9305E007B3F6A70022
:108070009357F50163FCE5009305D00963FAE50029
:10808000370500801345F5FF3E95828001458280CB
:1080900093055009D18E63CDE500130660093307BF
:1080A000E64033D7E6003305E040F5F33A858280B9
:1080B0001307A7F63397E600FDB7411106C622C4A1
:1080C00026C20DCD9357F54133C4A7001D8CAA8459
:1080D0002285492E9307E0093387A740930760095B
:1080E000FD8063CCE702A1469377F70F63D5A60026
:1080F00061153314A4002604258021A08144814702
:108100000144260413559400B2402244DE07FE04C5
:108110005D8D458D9244410182809307900963DD16
:10812000E7009307B5019546B317F400898E3354E1
:10813000D400B337F0005D8C954763D6A700930752
:10814000B5FF3314F400B70600FCFD1693777400F6
:108150003376D40085C39377F4009145638CB700E0
:1081600011069317560063D707009307F009758E21
:108170003387A7401314660025809377F70F51B714
:10818000411106C622C415CD2A84E92C9307E009C3
:108190003387A7409307600963C0E704A14693773C
:1081A000F70F63D5A60061153314A40026042580BB
:1081B000260413559400B2402244DE075D8D410130
:1081C00082800144260413559400B2402244814722
:1081D000DE075D8D410182809307900963DDE70032
:1081E0009307B5019546B317F400898EB337F000B5
:1081F0003354D4005D8C954763D6A7009307B5FF31
:108200003314F400B70600FCFD1693777400337640
:10821000D40085C39377F4009145638CB7001106B1
:108220009317560063D707009307F009758E3387BD
:10823000A740131466002580260413559400B2400D
:1082400022449377F70FDE075D8D4101828013573B
:1082500075011377F70F41119307170022C426C247
:108260001314950006C693F7E70F25809354F50184
:1082700085C793573400130707387604B2075207AF
:10828000B1831395F401D98FC98FB240228522445E
:108290009244BE854101828005EB39C42285D922F2
:1082A000A94763C6A7042D47098F93075501335784
:1082B000E4003314F4009317C70013079038098FB4
:1082C000B1831377F77F5DBF01CC13573400B70735
:1082D0000800D98FB2077604B1831307F07F79BF06
:1082E0001307F07F814759BF0147814741BF1307FB
:1082F00055FF3317E40001447DBF93D645019397A2
:10830000C50093F6F67FB183138616008E071357C8
:10831000D5011376E67FFD815D8F9318350035CE4C
:10832000138806C89307E00F63DD070181471395A3
:1083300097009306F00FDE062581FE05558D4D8DC5
:1083400082806355000B931765000E07B337F0006A
:10835000D98F93D8D801B3E7170113F777006301DA
:10836000071013F7F70091466303D700910737070B
:1083700000047D8F75C7130718001306F00F93765E
:10838000F70FE305C7FA9A07A58313959700DE0652
:108390002581FE05558D4D8D8280B367170199EEBD
:1083A00085CF95479A07A5831395970093F6F60F07
:1083B000DE062581FE05558D4D8D8280A5DBB70734
:1083C0004000139597009306F00FDE068145258146
:1083D000FE05558D4D8D828081471395970081460E
:1083E000DE062581FE05558D4D8D8280A55763489B
:1083F000F804F94737068000B38707417D45598E59
:108400006351F504795733070741130500023357C9
:10841000E6006388A700938626CAB316D600B3E8A1
:10842000D800B3371001D98F13F77700014815FB37
:10843000139757008546E34807F48146A5B7814660
:108440008DB7938626C83397D8003337E000B3162C
:10845000D600B3D8F800B367D700B3E7F800E9B7A0
:10846000C28689B7C167637EF5029307F00F1307D1
:10847000000263ECA7009737000093872768AA974C
:1084800003C507003305A74082802181973700008C
:108490009387C766AA9703C5070061473305A740BE
:1084A0008280B7070001636EF50061819737000095
:1084B0009387C764AA9703C5070021473305A740E0
:1084C000828041819737000093874763AA9703C54D
:1084D000070041473305A740828093878181884305
:1084E0008280B3C7A5008D8B3307C50081E78D4718
:1084F00063EEC700AA876370E50A83C60500850797
:108500008505A38FD7FEE3EAE7FE828093763500E8
:10851000AA8791CA83C6050085078505A38FD7FE64
:1085200093F63700FDB79376C7FF138606FE63F018
:10853000C70683A3050083A2450083AF850003AF70
:10854000C50083AE050103AE450103A3850183A8E1
:10855000C5019385450223A0770003A8C5FF23A288
:10856000570023A4F70123A6E70123A8D70123AAD4
:10857000C70123AC670023AE17019387470223AEE0
:1085800007FF75B790419107910523AEC7FEE3EB56
:10859000D7FEE3E4E7F68280797122D44AD052CC48
:1085A00056CA5AC806D626D24ECE3A8AAE8A3284E7
:1085B0003689428B014763580600370700803344F1
:1085C000C7001307D0022380E70093F4F8FD930758
:1085D00060048D466388F4009307500489466393D2
:1085E000F4000509DA879308C100130881004A875F
:1085F000D6852286EF00B00493077004AA8963969B
:10860000F400137A1A00630A0A0493076004338A99
:1086100029016397F40203C7090093070003631E4F
:10862000F700014681465685A285EF20803D11C5A1
:1086300085473389274123202B0183270B003E9A4E
:10864000014681465685A285EF20A03B11E152C626
:1086500013070003B24763E24703B2474257B250E1
:108660002254B38737411CC34E8592540259F249B4
:10867000624AD24A424B456182809386170036C6D1
:108680002380E700C1BF2300C5001307250093071F
:10869000B00263D60500B305B0409307D002A30033
:1086A000F500A54763DAB70441119307F100BE88CE
:1086B000294813033006B3E605031386F7FF9386B4
:1086C0000603A38FD7FEB3C60503634DB30093869D
:1086D0000603F917A30FD6FE63E917013305A74078
:1086E00041018280B287B685F9B7850783C6F7FF57
:1086F0000507A30FD7FECDB7930700031307450067
:10870000938505032301F500A301B5003305A740B8
:10871000828019713ACE86DEA2DCA6DA2E84CAD80F
:10872000CED6D2D4B689DAD0DECEE2CC3289D6D259
:10873000E6CAEAC8EEC6AA84EF10C02F832B050054
:108740005E85452B032B0400724702DC93760B10E9
:108750002A8C034A84011C43F1CA9386470014C340
:108760009C43081098433AD0D8433AD298473AD419
:10877000DC473ED6EF20A04428C46CC4832CC4043C
:108780001737000013078747832A8404032D070047
:10879000832D470093971C0085836A86EE86568555
:1087A000BE853ECEEF20603741EDF2476A86EE8609
:1087B0005685BE85EFD0BFAC6354A0080146814604
:1087C0005685E685EFD0BFAB635605009307D00210
:1087D000A301F40493077004973A0000938A8A4235
:1087E00063F64701973A0000938A0A42137BBBFF66
:1087F0008D47232064011CC8014B4E87CA86701820
:10880000A2852685C12EFD5C631E95157D55F6500B
:108810006654D6544659B659265A965A065BF64BB4
:10882000664CD64C464DB64D096182809D07E19B52
:108830009386870014C39843DC4338C47CC43DBF8F
:108840005686E6865685E685EF20202D11CD9307C6
:108850007004973A0000938A6A3BE3F947F9973A24
:108860000000938AEA3A59B75C407D57137DFA0DB0
:108870006395E70899475CC0544013670B403C1868
:10888000D6853EC018C09307310302C2D2881308B0
:10889000410366862685EFF03FD093077004AA8ACD
:1088A000D255631BFD00F55763C5F5005C4063D8E6
:1088B000B708791A137AFA0F9307500663E647054B
:1088C000FD155286130504052EDAEFF0DFDB625743
:1088D00085462A8BB307A7001CC863C5E60018406D
:1088E000058B19C385071CC883473103E38707F04D
:1088F0009307D002A301F40409B713077004E31D22
:10890000EDF6BDFB854785BF93076006631BFA0242
:108910005C40635BB0000CC881E71840058B09CF51
:108920008507AE971CC809A889E718408546058BBE
:1089300019C39386270014C82CCC014B75B7130AB2
:108940007006E25763C9F5001C400CC8858BEDD753
:1089500093871500C1BF05476344B00009470D8FD9
:10896000BA97C9B71C4013F7074015E31448568659
:10897000CA8526858299E30B95E91C40898B63960D
:108980000724F2574844E354F5E83E8549B51307F8
:108990005006637B471928446C4401468146EF200A
:1089A000400639E98546173600001306A626CA8513
:1089B00026858299E30C95E55257E2576345F70007
:1089C0001C40858BDDDBE2865E86CA852685829922
:1089D000FD57E30DF5E2014A930AA4017D5BE257DE
:1089E000FD17E35CFAF885465686CA852685829986
:1089F000E30E65E1050AE5B7D2576346F006854602
:108A00001736000013060621CA8526858299E30FD2
:108A100095DFD2576257D98F81E71C40858BB1DF34
:108A2000E2865E86CA8526858299FD57E300F5DEDB
:108A3000014A130BA401FD5BD257B307F040634B0F
:108A4000FA00E2565686CA8526858299FD57E316B6
:108A5000F5F26DBB85465A86CA8526858299E3075D
:108A600075DB050AD1BF3C4C625A63D347013E8A8D
:108A7000635A4001D2865686CA8526858299FD575B
:108A8000E306F5D8814C130DA401FD5D09A88546C8
:108A90006A86CA8526858299E30AB5D7850C032B99
:108AA0008405D28763530A008147B307FB40E3C0C4
:108AB000FCFE5257E257634DF7021C40858B8DEB4D
:108AC000E2575257338AE7406344EB00338A6741E9
:108AD000635B4001D28633866A01CA852685829906
:108AE000FD57E305F5D2814A130BA401FD5B15A0E8
:108AF000E2865E86CA8526858299FD57E312F5FCDB
:108B000031B385465A86CA8526858299E30075D198
:108B1000850A5257E257998F528763530A000147DB
:108B2000998FE3C0FAFE91BDE25605476344D70032
:108B3000858BB5C785465686CA85268582997D5A16
:108B4000E30645CDE2865E86CA8526858299E30FD7
:108B500045CB28446C4401468146EF10906A1DC9FC
:108B6000E25613861A00CA85FD1626858299E30F00
:108B700045C9DA8613060405F9B585465686CA85C1
:108B800026858299E30475C9050AE257FD17E34675
:108B9000FAFEC5B7014A930AA401FD5BFDB78546FD
:108BA0005686CA8526858299E31595FD85B1854649
:108BB0005686CA8526858299E30A65C5050A5C44FE
:108BC0007257998FE345FAFE6DBB014A930A9401EF
:108BD0007D5BF5B7797156CA9C49BA8A984522D40B
:108BE00026D24ECE52CC06D64AD05AC85EC6AA89E4
:108BF0002E84B284368A63D3E700BA879CC00347C9
:108C0000340419C385079CC01C4093F7070281C731
:108C10009C4089079CC00329040013796900631AEA
:108C20000900130B9401FD5B5C449840998F634CE1
:108C3000F9041C408346340493F70702B336D0008E
:108C4000A5EB13063404D2854E85829AFD57630343
:108C5000F5041C4011469840998B54448144639715
:108C6000C700B384E64063D3040081441C44184821
:108C70006354F700998FBE94014969047D5B639842
:108C80002405014509A885465A86D2854E85829AD3
:108C9000631E75017D55B250225492540259F24917
:108CA000624AD24A424BB24B456182800509ADBF50
:108CB0003307D40013060003A301C7040347540479
:108CC00093871600A2978906A381E7049DBF854676
:108CD0002286D2854E85829AE30E65FB050945B74B
:108CE000AA8703C7050085078505A38FE7FE75FBE7
:108CF0008280AA87850703C7F7FF6DFF3385A740EA
:108D00007D158280011122CC1C49804906CE26CADD
:108D10004AC84EC652C456C263C187127D14131886
:108D2000240093894501338A0901130945014A98B2
:108D300083270A00032708008507B354F7026366F8
:108D4000F706C1684E834A8E814E014FFD1811030C
:108D50000326C3FF110E33771601418233079702B2
:108D600033069602769793560701B3771701B30738
:108D7000FF4036968326CEFF935E060133761601BA
:108D800033F71601BA97C18213D70741918EBA966D
:108D900013DF0641B3F71701C206D58F232EFEFE5F
:108DA000E3776AFA83270800BDCBAA8AEF10A01ADE
:108DB0006349050441668504CA8501457D1691090C
:108DC00003A8C9FF98419105B376C800158DB37605
:108DD000C700AA96935707011358080113D70641F5
:108DE000B3870741BA9713D50741F18EC207D58FD4
:108DF00023AEF5FEE3753AFD93172400CA97984316
:108E00001DC72685F2406244D2444249B249224AF3
:108E1000924A056182808327080089E77D147118D2
:108E2000E36B09FF00C951B7984309E77D14F117B7
:108E3000E36CF9FE23A88A00E9B70145E1B7757133
:108E40003ED85C5122C526C34AC1CEDED2DCE2D474
:108E500006C7D6DADAD8DED6E6D2EAD0EECE36C209
:108E60003AC646CAAA842E843289C2892E8A328C96
:108E700089EF4145EF00903DC8D02322050023240F
:108E800005002320050023260500DC508C4389CDF6
:108E9000D84385472685B397E7009CC5D8C1EF0026
:108EA0001044DC5023A00700635309048547131CBA
:108EB000190023A0F900135C1C00B707F07F33777B
:108EC000FC006314F70642578967320C9387F770EA
:108ED000135CCC001CC3336C8C00E3010C30D24714
:108EE00091EB973700009387A7D83EC039A823A0FD
:108EF0000900E1B797370000938787D73EC09737BF
:108F00000000938717D752471CC3BA402A44024532
:108F10009A440A49F659665AD65A465BB65B265CAD
:108F2000965C065DF64D4961828001468146228548
:108F3000E28522CE62D4EF10D02C05E1425785475E
:108F40001CC3973700009387E7CC3EC0D247D5DFDC
:108F500097370000938717CC7DB7B800F40062867E
:108F6000A285268513594C01EF1020111379F97F42
:108F7000AA89A64A630D0910A2577245130919C0A0
:108F80009395C700B181B707F03FDD8D02DC9737BD
:108F900000009387A7C89043D443EFD03F8597370D
:108FA0000000938727C89043D443EFD0AFB89737DA
:108FB00000009387A7C79043D443EF1080312A8BDA
:108FC0004A85AE8BEFD07FF697370000938787C630
:108FD0009043D443EFD00FB62A86AE865A85DE85FD
:108FE000EF10202F2A8BAE8BEF10F0362A8401462B
:108FF00081465A85DE85EFD08FA8635B0500228508
:10900000EFD0BFF25A86DE86EF10B01F11C17D147B
:109010000547D9473AD663E38702131734009737D9
:1090200000009387A7C7BA979043D4437245A255CF
:10903000EFD0EFA4635305007D1402D633892A4193
:10904000930BF9FF014B63D60B00054B330B2B4100
:10905000814B634E0406A29B22CC814A1247A5474E
:1090600063E5E7149547854C63D6E7009307C7FF90
:109070003EC2814C12478D47630EF71063CFE70461
:10908000894702C8630DF70685473EC88DA036495B
:109090009307000256991307294363D5E702130586
:1090A0000004198D930729413315AC003354F400A3
:1090B000418DEFD0BFEEB70710FEBE9585477D19F5
:1090C0003EDCF1B53385E7403315A400DDB7330B43
:1090D0008B40B30A804002CC51B712479147630ED0
:1090E000F70005473AC8124795476306F70AFD5748
:1090F0003EC4FD5DC94702C619A885473EC8B247B0
:109100006348F00A854705473EC4854D3AC603A922
:109110004402114723220900930647018325490091
:1091200063FCD7082685EF001013DC502320A9002C
:109130009C433EC0B94763E6B71D63840C1C635E65
:10914000800A9377F40013973700935C4440973775
:1091500000009387A7B4BA9793F60C019843094986
:10916000DC4385C6973600009386C6B090527245A0
:10917000D452A2553AD03ED2EFC03FB502579257D3
:1091800093FCFC002A8A2E8C0D49173D0000130D1C
:109190006DAE89A802C8B247A2973EC4938D17004E
:1091A000EE87E346B0F785479DB7854C02C2E9BD1F
:1091B000B2473EC4BE8DA1BF85052322B900060774
:1091C000A1BF93F61C0081CE03260D0083264D001F
:1091D0003A85BE85EFD00F9605092A87AE8793DCC6
:1091E0001C40210DE39F0CFC3A86BE865285E28529
:1091F000EFC0BFAD2A8A2E8C81A0094915CCB30CD3
:10920000804093F7FC00139737009737000093874F
:10921000E7A8BA979043D4437245A25593DC4C40DB
:10922000173D0000130D0DA5EFD0CF902A8A2E8C8C
:109230008147639C0C12DDFFB25763870714173711
:1092400000001307A79F104354435285E28552D074
:10925000EFD0EF82635A0512638B0D12A247635061
:10926000F00A173700001307E79D82571043544355
:109270003E85E285EFD00F8CA247130DF4FF2A8ABA
:109280002E8C050962874A853EDE52DABA8C3AD0C6
:10929000EFD0BFC9525802573709C0FC4286BA8680
:1092A000EFD04F89973600009386469A9042D44279
:1092B000528CEF100002F2572A8A2E99E1EF97376D
:1092C000000093872799525802579043D443428510
:1092D000BA85EFD0AFD15286CA862A8CAE8CEF10F9
:1092E000E078634FA052B7070080B3C727015286CA
:1092F000BE866285E685EFC09FF863400552724ADC
:10930000225CB64763C6073039476343873013177B
:1093100034009737000093876798BA9703AB07002C
:1093200083AB4700B24763D207206340B021639606
:109330000D4E973700009387E7919043D4435A85A9
:10934000DE85EFC03FFF5286E286EF102072814A31
:109350000149635F0548824702470504138A1700E5
:10936000930710032300F70041A913F71C0009CB52
:1093700003260D0083264D000509EFC0BFFB85477E
:1093800093DC1C40210D75B5228DEE87E5BD228D45
:109390008147CDBD9386F7FF1396360097360000C0
:1093A0009386C68FB2968842CC428246B6973EDA02
:1093B000C247E9C3973700009387478A2A86AE865B
:1093C0008843CC434ADE52D0EFC03F9002587257D8
:1093D00017390000130909874286BA86EFD00FC1FA
:1093E000024A2AD02ED2E6856285EF10C0762ADEA8
:1093F000EFD0BFB32A86AE866285E685EFD00FBF79
:10940000F2572A8CAE8C2A86AE8602559255050AF2
:1094100093870703A30FFAFEEF1040656348A00E81
:1094200097370000938787818843CC436286E6861E
:10943000EFD0CFBB2A86AE8602559255EF1000635F
:109440006341A018D257E30CFAEA032609008326E9
:10945000490002559255EFC0FFED0326090083260F
:1094600049002AD02ED26285E685EFC0BFEC2A8C57
:10947000AE8C95BF5286CA86EFC0DFEB525A0249C6
:109480002AD02ED2E6856285EF10E06C2ADEEFD07E
:10949000DFA92A86AE866285E685EFD02FB57257A2
:1094A000D257050913070703A30FE9FE2A8CAE8CD8
:1094B0006312F906172900001309497A03260900E7
:1094C0008326490002559255EF00B0602A86AE8689
:1094D0006285E685EF1080596345A00E02569256CC
:1094E0000325090083254900EFD04FB02A86AE86B8
:1094F0006285E685EFC0BFD893070003E35105E01E
:109500000347FAFF9306FAFF6304F7006A8459A839
:10951000368AFDB7972700009387C7729043D443DC
:10952000EFC05FE12A8CAE8CB1BFE287BE8C824770
:10953000528C972A0000938AEA7013891700BE9D07
:109540005A86DE866285E685EFC02FF8EF10A060B0
:109550002A8DEFD09F9D5A86DE86EFC0BFDD2A861A
:10956000AE866285E685EFD06FA893070D03A30F43
:10957000F9FE2A86AE864A8A639D2D07EF00705554
:109580005A86DE862A8CAE8CEF10404E634AA002CB
:109590005A86DE866285E685EF10A04601E5937760
:1095A0001D0099EFCE8526851D2BC25723000A008A
:1095B000050480C3D247E38A079423A04701B1B2D0
:1095C000228D130790038346FAFF9307FAFF639AED
:1095D000E6008246639DF60013070003050D238015
:1095E000E60003C7070005072380E70005B73E8AAA
:1095F000D9BF03A60A0083A64A000509EFC09FD37E
:10960000014681462A8CAE8CEF10A03F15F959BF58
:109610004247630D070E924605476342D70C6257D7
:109620009387374309E7264793076003998F568D41
:10963000DA8C854526853E9BBE9BEF0000632A8918
:10964000635E9001635C7001E68763D39B01DE87F4
:10965000330BFB40B38CFC40B38BFB40638E0A02A0
:10966000C247CDCB6352A003CA856A862685EF0028
:10967000C0754E86AA852A89268531252ACECE85B3
:109680002685B129F247BE893386AA4111C6CE8507
:109690002685EF008073AA8985452685F923E24750
:1096A000AA8A635BF0063E86AA852685EF00E071F4
:1096B00012478547AA8A014D63C8E706014D631228
:1096C0000A069317CC00528DA9EFB705F07F337CC3
:1096D000BC0063080C04050B850B054D99A0138D88
:1096E000FDFF63CAAA01338DAA4163DE0D00B30CEE
:1096F000BB4181473DBFE247B30A5D41D6973ECCAF
:10970000EA8A014DDDB7DA8CEE8725B7568DDA8C03
:1097100001493DB75686A5BF12478547014DE3DF96
:10972000E7F8E247054581CF83A70A018D078A073D
:10973000D697C8435921930700023385A7405E9509
:109740007D8941C193070002898F11476358F7064D
:10975000F1473385A7402A9BAA9CAA9B63586001C6
:10976000CE855A862685EF002072AA89635870013B
:10977000D6855E862685EF002071AA8AB257A1C7DA
:10978000D6854E85EF00207D635F0502CE8581463C
:10979000294626857926C2477D14AA89638E072427
:1097A000CA85814629462685AD2EA2472A8963416E
:1097B000F0081247894763DDE70629A8E380E7FA46
:1097C0003E85710549BF6341B0071247894763DD94
:1097D000E7046EC4A24789EFD685814615462685E3
:1097E0008926AA8AAA854E85EF00E076E345A0B6D1
:1097F000B247024A13C4F7FF014BD6852685C5241C
:10980000E30209DA63070B0063052B01DA8526857D
:10981000F924CA852685E12471B3814A0149C9BF6B
:109820006A84814A014905BEC2476EC4638D071C24
:1098300063589001CA8566862685EF00E0642A8910
:109840004A8563050D0283254900268529240326C0
:1098500009012A8B9305C90009060A063105EFE0C4
:109860005FC80546DA852685EF00006282472247F9
:109870004A8B138C1700BA973EC693771A002A8931
:109880003EC4D6854E85EFF0EFC7DA852A8D930D5D
:1098900005034E85EF00206C4A86AA8BD685268567
:1098A000EF00806E5045930CFCFF2A8A054711E6B5
:1098B000AA854E85EF00206A2A87D28526853AC878
:1098C000392C92474247628AB3E6E700A247DD8E11
:1098D00081EE130790036387ED0463547001930DC9
:1098E0001D032380BC0111BF63CA0B009247B3EB79
:1098F0007701A247B3EBFB0063940B04E353E0FE54
:10990000CE85054626854923D685AA89EF00A06421
:109910006346A00079F513F71D0061D71307900384
:10992000E39FEDFA930790032380FC0093069003D6
:109930008347FAFF1307FAFF6386D708850751A804
:10994000635BE00013079003E38EEDFC93871D003B
:109950002380FC005DB5B247A30FBCFF638D870376
:10996000CE858146294626856D2AAA8981462946C3
:10997000DA85268563172B016D222A8B2A89050C2F
:1099800009B74522CA852A8B814629462685512A50
:109990002A89F5B7014BCE8505462685F521D68562
:1099A000AA89552BE344A0F801E593F71D00BDFFFC
:1099B000930700030347FAFF9306FAFFE31FF7E25A
:1099C000368ACDBF82476399E700024705049307B3
:1099D00010032300F70015B53A8A99BF524797271D
:1099E0000000938727283EC0972700009387072809
:1099F000631B07D06FF06FD1A2476346F000124798
:109A00008947E3C9E7DC024AD6854E85EFF08FAF80
:109A10008247050A930D05033307FA40A247A30FB7
:109A2000BAFFE359F7F6CE85814629462685D52823
:109A3000AA89D9BF938781819C43885309E517651B
:109A4000FF1F130525641305050F8280938781810D
:109A5000AA85884305A75C51411122C44AC006C6A5
:109A600026C22A842E8989EF4145EFF03FFE48D077
:109A700023220500232405002320050023260500BA
:109A80004450DC4495C75850931729005847BA975B
:109A900088431DED8544B3942401138654000A06BF
:109AA000854522856D2511CD2322250104C51DA0E4
:109AB0001306100291452285592D5C50C8C4DC471D
:109AC000F9F30145B24022449244024941018280A7
:109AD000184198C32328050023260500E5B75C51EB
:109AE000011122CC06CE2A8499EF41452EC6EFF013
:109AF000FFF5B24548D0232205002324050023208A
:109B000005002326050091C95450DC411397270016
:109B1000DC46BA97984398C18CC3F2406244056111
:109B2000828079714ECEAA89416522D426D22E84B4
:109B3000844906D64AD0D10501487D159C4191053E
:109B4000050833F7A7003307C702C183B387C702ED
:109B5000369793560701698FB69793D60701C207C8
:109B6000BA9723AEF5FEE34B98FCA1C21C4463C731
:109B7000F4024C404E8536C68505EFF0DFED104807
:109B80009305C4002A8909060A063105EFE07F958E
:109B9000A2854E85EFF0BFF4B2464A849387440015
:109BA0008A07A297D4C3850404C82285B2502254E0
:109BB00092540259F249456182804177698FAA87A0
:109BC000014519E3C2074145370700FF7D8F19E3BF
:109BD0002105A207370700F07D8F19E311059207D1
:109BE000370700C07D8F19E309058A0763C907009D
:109BF00013971700050563440700130500028280D0
:109C00001C4113F777000DC393F61700014799E63F
:109C100013F7270011C785831CC105473A85828049
:109C200089831CC10947DDBF93960701C1820147A3
:109C300099E2C183414793F6F70F99E22107A18387
:109C400093F6F70099E21107918393F6370099E2B2
:109C50000907898393F6170081E68583050799C371
:109C60001CC16DBF1307000255BF411122C42E84D1
:109C7000854506C6EFF03FDE40C9B24022440547A5
:109C800018C94101828098491C4A797126D206D6AA
:109C900022D44AD04ECEAE846354F700B2842E86CE
:109CA00083A90401032906019C44CC403384290183
:109CB00063D38700850532C6EFF0FFD9324613081B
:109CC0004501131324004293C28763ED6702938515
:109CD0004401939829005106131E2900C166AE98CD
:109CE000329EFD166364C60363568000711383279A
:109CF0000300F1CB00C9B250225492540259F249E8
:109D00004561828023A007009107C1B7832F060019
:109D1000B3FFDF00638A0F04428FAE82814403A742
:109D2000020083230F00110FB37ED700B38EFE0312
:109D3000B3F7D30093D303019102BE9E935707015B
:109D4000B387F703A69E13D70E01B3FEDE009E97DE
:109D5000BA9793D40701C207B3E7D701232EFFFEBA
:109D6000E3EF12FB23209F0083522600638A020444
:109D700083270800C28E2E8F814F03270F0083D3C5
:109D80002E00F58F758F33075702910E110F1E9716
:109D90007E97931F0701B3E7FF0023AEFEFE8357B4
:109DA000EFFF83AF0E004183B3875702B3FFDF009D
:109DB000FE97BA9793DF0701E3611FFD23A0FE0022
:109DC0001106110805B77D1405B7011126CA4AC846
:109DD0004EC606CE22CC52C4937736002A89B2846E
:109DE000AE8989CFFD17172700001307A7F78A0749
:109DF000BA9790438146EFF0DFD2AA898984A5CC37
:109E00008327490291EF4145EFF05FC42322A90265
:109E10002322050023240500232005002326050016
:109E2000032A490203248A0019E8930510274A856A
:109E3000EFF0BFE32324AA002A842320050093F730
:109E4000140081CFCE8522864A85EFF0DFE32A8A8F
:109E5000CE854A85EFF0BFC8D289858489CC084079
:109E600009E92286A2854A85EFF0FFE108C0232098
:109E700005002A84E9B7F24062444E85D244424943
:109E8000B249224A05618280797126D2AE844ECED3
:109E900083A9040122D4CC41135456409C44A29976
:109EA0004AD056CA06D652CCAA8A1389190063C46E
:109EB0002709568532C6EFF01FBA3246930745018F
:109EC0002A8ABE8601479106634A870663530400C7
:109ED000014494480A04338787008A069387440123
:109EE0007D8ABE9625C2130800023308C84081450A
:109EF0008843110791073315C500C98D232EB7FE7E
:109F000083A5C7FFB3D50501E3E4D7FE0CC399C110
:109F1000138929007D1923282A015685A685EFF08B
:109F20001FBCB2502254528592540259F249624ADF
:109F3000D24A456182808505860795BF23AE06FE1D
:109F4000050751B7910703A6C7FF1107232EC7FEC8
:109F5000E3EAD7FEC1B71C499849998F8DE30A07F8
:109F60005105D105B306E500BA95F116F1159042F9
:109F700098416308E600FD576363E60085473E8528
:109F80008280E364D5FEE5BF011126CAAE844EC6C9
:109F9000B285AA89268522CC06CE4AC83284EFF043
:109FA0009FFB05E181454E85EFF0FFAA85471CC95F
:109FB000232A0500F2406244D2444249B249056175
:109FC0008280054963460500A28701492684BE8434
:109FD0004C404E85EFF03FA80323040183A8040101
:109FE00013064401131E2300138844018A08C16E1E
:109FF00023262501329EC29893064501014FFD1E7E
:10A000001842832F08009106B375D701B3F7DF011B
:10A01000FA959D8D93DF0F0193570701B387F741A1
:10A0200013D70541BA9713DF0741B3F5D501C2072E
:10A03000CD8F110823AEF6FE1106E36318FDC1654E
:10A04000FD156368C601F1169C4295C7232865007B
:10A0500095B71C429106110633F7B7007A9713584B
:10A060000741C183C29713DF07416D8FC207D98FA4
:10A0700023AEF6FEF9B77D13F9B7797122D42E8499
:10A08000854526D24AD0B2844ECE52CC3A8906D6E5
:10A09000368AEFF05F9C370710009307F7FFE58FD4
:10A0A000D18093F4F47FAA89B5E03EC62DC4280080
:10A0B00022C4EFF0FFB4A24621CD3247930700023D
:10A0C000898FB317F700D58F3357A70023AAF9005C
:10A0D0003AC6324423AC890033348000050423A8F7
:10A0E0008900B9C49384D4BCAA9493075003232055
:10A0F0009A003385A7402320A900B25022544E85F0
:10A1000092540259F249624A45618280D98F71BFE7
:10A1100023AAD9007DBF6800EFF09FAEB2471305B8
:10A120000502054423AAF900854723A8F90055BF75
:10A13000931724001305E5BCCE972320AA00884B73
:10A140001604EFF09FA7098C232089007DB7338682
:10A15000C502011122CC06CEB28532C621282A843E
:10A1600009C532468145EF60AF832285F2406244E3
:10A1700005618280011126CA93843500F19806CECC
:10A1800022CC4AC84EC6A104B14763F1F404B144DD
:10A1900063E0B4042A89212A9387C18598433A84CD
:10A1A00031E0938701869C4391E781454A85512898
:10A1B00023A0A186A6854A856920FD596317350726
:10A1C000B1472320F9004A85E52029A0E3D204FC09
:10A1D000B1471CC10145F2406244D2444249B249F0
:10A1E000056182801C40858F63CE0702AD4663F611
:10A1F000F6001CC03E9404C031A05C40631287028C
:10A2000023AEF1844A856D201305B4009307440002
:10A2100061993307F54061D33A94898F1CC065BFBB
:10A220005CC3CDB722874040A5BF130435007198A9
:10A23000E30385FCB305A4404A852120E31D35FBDB
:10A2400041B7411122C42A842E859787FF1F23AF6F
:10A25000076406C6EF90EFC6FD576319F5009787B0
:10A26000FF1F9387A7649C4391C31CC0B240224444
:10A270004101828085E141116C00014511CA795587
:10A2800081CA834706009CC1034506003335A00000
:10A2900041018280014519CA795589CA8347060060
:10A2A0009CC1034506003335A000828082808280F5
:10A2B000828091CD9307F00F63F7C7009307A00842
:10A2C0001CC17D5582802380C500054582800145E3
:10A2D00082803708100001117D183377B80026CA34
:10A2E0003378D80093D4450113D34601131E3700A9
:10A2F0004EC61357D5010E089357D60193F4F47F39
:10A300001373F37F06CE22CC4AC893D9F50193DEAE
:10A31000F6013367C701131F350033E80701931FA8
:10A320003600338E64406380D9196356C0136304CA
:10A33000031CB70680009307F07F3368D800638F53
:10A34000F4369307800363C0C735FD4763CDC74725
:10A35000130500023305C541B3D7CF01B316A800DA
:10A360003399AF00DD8E33392001B357C80133E98B
:10A3700026011D8F33092F41B3372F013306F740D4
:10A380009317860063D40724370780007D17337442
:10A39000E600630C042C2285EFE0CF8C130785FFC9
:10A3A00093070002998FB357F9003316E400D18F59
:10A3B0003319E9006341972A3305974013061500C6
:10A3C0007D47634DC73813070002118FB356C9008C
:10A3D0003319E9003397E700558F3339200133698A
:10A3E000270133D6C70081449377790081CF137753
:10A3F000F90091476308F700130749003339270133
:10A400004A963A899317860063D6071C1385140071
:10A410009307F07FCE856304F520B70780FFFD1713
:10A42000F18F9398D70113593900A607B3E8280193
:10A43000B1831375F57F9396C7005205F2406244CD
:10A44000B182FE05C98ECD8ED2444249B2494685BD
:10A45000B68505618280631E0E0A13831400137390
:10A46000E37F63170322B367E701B368F801639DD5
:10A47000041A63870740638608443309FF41B30722
:10A48000074133362F013386C7409317860063D6C2
:10A49000074C3389EF41B307E84033B62F013386C9
:10A4A000C740F68991B76350C00F6300030CB7062D
:10A4B00080009307F07F3368D800638AF43A9307EB
:10A4C000800363CBC713FD4763DFC73513090EFE57
:10A4D00093070002B3562801630AFE001309000423
:10A4E0003309C94133192801B3EF2F013339F00182
:10A4F0003369D90031A2B367F801638A071C930757
:10A50000FEFF638C07389306F07F6309DE1A3E8EE8
:10A510000DBDB305934063910422B367E7016387E0
:10A5200007329387F5FF638107449306F07F638CBE
:10A53000D520BE859307800363CCB72AFD4763CF40
:10A54000B73C930700028D8F3319F700B356BF0055
:10A55000B317FF003369D900B337F0003357B700A2
:10A560003369F9003308E84041ACB367F801638010
:10A5700007349307FEFF638A07209306F07F630882
:10A58000DE2E3E8E2DBF631E0E149386140093F7AD
:10A59000E67F63910734B367E7016395042C63801A
:10A5A000073EB367F801638E07303309FF01B30735
:10A5B0000701333FE9013386E7019317860063D72C
:10A5C0000700B70780FFFD177D8E854493777900DC
:10A5D000E39F07E09317D60193583900B3E8F800DA
:10A5E000935736001307F07F638DE404B207B183FD
:10A5F00013F5F47FCE8581B53369F8013339200135
:10A600007A99B337E9013386E70093178600E3DFD1
:10A6100007FA85049307F07F6396F418CE85130537
:10A62000F07F8147814801BDC1EB6384083A9316EE
:10A6300036009317D8018D82B3E8D700F689935777
:10A640003800B3E7F800F9DB81451305F07FB70761
:10A6500008008148CDB3370680FF7D167D8E937745
:10A660007900998CE39507D8B5B74A85EFD09FDF7D
:10A6700013078501FD47E3D5E7D2130685FFB3171E
:10A68000C900014905BB3369F80133392001DDB147
:10A690003309FF413306074133342F013304864029
:10A6A0009317840063CD0724B3688900E39308CE31
:10A6B0008147814981441DBFE39808F80E0593172F
:10A6C000D7010D81B3E8A700935737009DBF0E0552
:10A6D0009317D7010D81B3E8A700F2849357370091
:10A6E00011B73305934063820412B70680009307C5
:10A6F000F07F558F630DF32E9307800363CBA72064
:10A70000FD4763C3A72A93070002898F3319F70017
:10A71000B356AF00B317FF003369D900B337F00069
:10A720003357A7003369F9003A987E99B337F90196
:10A73000338607019A84D1BDB70680009307F07F66
:10A74000558FE319F3DE931736008D839318D801E4
:10A75000B3E81701F68993573800E5B5130715FEDE
:10A760009306000233D7E700630AD600930600047D
:10A770003386C6403396C7003369C9003339200198
:10A780003369E9000146814491B53309FF01B307FC
:10A7900007013336E9013E96931786008544E3D7D7
:10A7A00007E28944B70780FFFD17F18F135719009F
:10A7B00013791900336927019398F70133E92801C8
:10A7C00013D6170015B113090EFE93070002B356F6
:10A7D0002801630AFE00130900043309C941331933
:10A7E0002801B3EF2F013339F0013369D90059B68D
:10A7F0003369E7013339200133892F41B3B72F0182
:10A800003306F8409A84F689A5BEB367E7016382F0
:10A8100007189307F5FF6384071C9306F07F630412
:10A82000D5123E85D1BD93070002B387C741B31649
:10A83000F8003399FF0033D6CF01D18E3339200190
:10A84000B357C80133E926013E975DBB9317360025
:10A850008D839318D801B3E81701AE84935738005D
:10A86000F68949B3EDC33369F801E31F09DC0E052E
:10A870009317D7010D81B368F50093573700D1B313
:10A880006381080E931636009317D8018D82B3E8C2
:10A89000D700F6899357380091BB3309FF41B307BE
:10A8A0000741333F2F013386E7418544D1BC0E0574
:10A8B0009317D7010D81B368F500F28493573700E1
:10A8C00015B30E059317D7010D81B3E8A700935771
:10A8D000370029BB9307F07FE382F6D43309FF01E9
:10A8E0003336E901B3070701B2979398F70113597B
:10A8F000190033E9280113D61700B684C1B933898A
:10A90000EF413307E84033B62F013304C740F689DF
:10A9100049B43369E7013339200101BD938705FE4E
:10A9200093060002B357F700638AD500930600042C
:10A93000B385B6403317B700336FEF003339E0010A
:10A940003369F90055BD931736008D839318D801EC
:10A95000B3E8170193573800EDB1B368C900E39726
:10A9600008C68147814959B13389EF41B307E840AF
:10A9700033B62F013386C740F689854411B4931648
:10A9800036009317D8018D82B3E8D700935738006B
:10A99000B1B9931636009317D8018D82B3E8D7006A
:10A9A000AA84935738003DB9930705FE9306000229
:10A9B000B357F700630AD500930600043385A64019
:10A9C0003317A700336FEF003339E0013369F90023
:10A9D000A9BB81451305F07FB7070800A9BC33095F
:10A9E000FF01B30707013336F9013E9675B393169D
:10A9F00036009317D8018D82B3E8D70093573800FB
:10AA000089B113D74501B7071000FD1713D84601C8
:10AA10001377F77F9308F07F33FEB700AA8EF58F88
:10AA2000FD81328F1378F87FFD82630B1701054398
:10AA30006306180163140701630DFE001A85828006
:10AA4000B368AE000543E39B08FEE319E8FED18F2F
:10AA5000F5F70543E394EEFF0143E381D5FE05439B
:10AA600071FF3365AE003333A000C9BF13D7450172
:10AA7000B7071000FD1713D846011377F77F930827
:10AA8000F07F33F3B7002A8EF58FFD81B28E1378F5
:10AA9000F87FFD8263081703630018030DEBB368AA
:10AAA000A300631408005D8E29CA638508046388C7
:10AAB000D502054595ED8280B3E8C700E38008FE26
:10AAC000795582803365A30065FD630CE802631449
:10AAD00008005D8E79DEE39ED5FCE34CE8FC63481C
:10AAE0000701E3E867FC6303F302637FF30081E59A
:10AAF0007D558280F5DE054582800145E39B08FA9D
:10AB000082805D8E69DA6DBF01458280E3E3CEFB12
:10AB10000145E372DEFBE5F1E1BF13D74501B7075D
:10AB20001000FD171347F7FF13D84601FD8DF58F71
:10AB3000931657011378F87F99CA1307F07F0145E0
:10AB40006303E8008280D18F3335F0008280C98DA5
:10AB50000545E5D5828093D74501B70610001387D8
:10AB6000F6FF93F7F77F1306E03F6D8FFD81635C7F
:10AB7000F6001306D041635AF600370500801345EE
:10AB8000F5FF2E95828001458280130630431D8E8D
:10AB90007D48558F635DC80093063041B387F6400A
:10ABA000B357F7003305F040E5F13E858280938787
:10ABB000D7BEB317F7003355C500C98FE5B70328D3
:10ABC000C500184154410C4521659307F5FF135604
:10ABD0000801139E35007D8E9358D70193D7D60177
:10ABE000131308018E064111B3E7C701B3E616013E
:10ABF00013530301131E3700930816007915F581CE
:10AC00000E033EC436C272C033F5A8001358F801D3
:10AC1000B3E5650005C97177130707403A96130736
:10AC2000E07F635DC7041306F07F01478147320769
:10AC3000520631837E08518F336707013E85BA85FE
:10AC400041018280D58FCD8FB3E7C70105E2F1CBFB
:10AC50008147954693D53600139797009396D70171
:10AC6000B3E7B60031831376F67FD1B7CDDF014865
:10AC70001306F07F37070800814755BF6346C00AB7
:10AC80009307C0FC634FF60E9307D0033386C7408B
:10AC90009357564037070800D98D139527000A8728
:10ACA00081462EC6B308A10011077D8AB3E6C6010E
:10ACB00063091701032E07001107B3E6C601E31B62
:10ACC00017FF0D471D8F79CA93080101AA9883A821
:10ACD00008FF130E0002330ECE40B398C801B3E64E
:10ACE000160175CB0A070A95B30EE1008A880C415C
:10ACF000032345009108B3D5C5003313C301B3E561
:10AD0000650023AEB8FE1105E3931EFF9145B3879E
:10AD1000F540B24508082A97B3D5C5002328B7FEE9
:10AD200061A80146014721B71397460013954700D4
:10AD30003367C701F182F18392053337E000C98E92
:10AD4000CD8FD98E13F7760011C713F7F600914512
:10AD5000631CB702370780007D8FE30D07EE050601
:10AD60001307F07FE301E6EC370780FF7D177D8F47
:10AD70009317D7018D8226071376F67FD58F3183FF
:10AD80007DB585468147014613B7C6FF13471700B7
:10AD9000BA973707800091067D8FC1B78A85B3883F
:10ADA000A50083A808009105050623AE15FFE3580A
:10ADB000C7FE1147B307F7408A078A97180823A0F0
:10ADC00007009107E39DE7FE0247B336D0009247A4
:10ADD000D98E014685BF854701472DBF000000C0C1
:10ADE000000000400000003F0000B4430000344376
:10ADF000000034C300000038000080410000FA4425
:10AE0000523A25342E306620503A25342E306620B2
:10AE1000000000005961773A25372E316620000086
:10AE20005961773A202D2D2D2D2D2D200000000069
:10AE3000486561643A25362E3166200048656164B4
:10AE40003A202D2D2D2D20004C617365723A25344A
:10AE5000756D6D20000000004C617365723A4E46BE
:10AE6000524D2020000000004C617365723A42414F
:10AE700044202020000000004C617365723A2D2DA3
:10AE80002D2D6D6D2000000000000000000000006E
:10AE90000000000000000000000000F800000000BA
:10AEA000000000333000000000100C06100C0600FB
:10AEB000000000000000000040C07840C078400062
:10AEC000043F04043F040400007088FC08300000C4
:10AED000001820FF211E0000F008F000E01800001C
:10AEE00000211C031E211E0000F0088870000000D5
:10AEF0001E2123241927211010160E000000000027
:10AF00000000000000000000000000E01804020043
:10AF1000000000071820400000020418E0000000B4
:10AF20000040201807000000404080F080404000B2
:10AF30000202010F01020200000000F00000000008
:10AF40000101011F010101000000000000000000DC
:10AF500080B0700000000000000000000000000051
:10AF600000010101010101010000000000000000DA
:10AF70000030300000000000000000008060180475
:10AF8000006018060100000000E010080810E00052
:10AF9000000F102020100F00001010F8000000001B
:10AFA0000020203F20200000007008080888700062
:10AFB00000302824222130000030088888483000E2
:10AFC0000018202020110E000000C02010F8000002
:10AFD00000070424243F240000F80888880808009B
:10AFE0000019212020110E0000E0108888180000B0
:10AFF000000F112020110E0000380808C838080082
:10B000000000003F00000000007088080888700001
:10B01000001C222121221C0000E010080810E00082
:10B020000000312222110F00000000C0C00000000B
:10B030000000003030000000000000800000000030
:10B040000000806000000000000080402010080028
:10B0500000010204081020004040404040404000F1
:10B0600004040404040404000008102040800000CC
:10B070000020100804020100007048080808F000D1
:10B080000000003036010000C030C828E810E000A1
:10B090000718272423140B000000C038E00000002C
:10B0A000203C23020227382008F888888870000096
:10B0B000203F202020110E00C0300808080838006A
:10B0C000071820202010080008F808080810E000E1
:10B0D000203F202020100F0008F88888E808100082
:10B0E000203F20202320180008F88888E808100056
:10B0F000203F200003000000C0300808083800008E
:10B1000007182020221E020008F808000008F8088E
:10B11000203F210101213F20000808F80808000015
:10B120000020203F2020000000000808F808080048
:10B13000C08080807F00000008F888C028180800C0
:10B14000203F20012638200008F8080000000000F9
:10B15000203F20202020300008F8F800F8F80800F0
:10B16000203F003F003F200008F830C00008F808EA
:10B17000203F200007183F00E01008080810E000FA
:10B180000F10202020100F0008F808080808F00011
:10B19000203F210101010000E01008080810E00034
:10B1A0000F18242438504F0008F8888888887000C9
:10B1B000203F2000030C3020007088080808380069
:10B1C0000038202121221C00180808F8080818005F
:10B1D0000000203F2000000008F808000008F808E0
:10B1E000001F202020201F000878880000C8380891
:10B1F000000007380E010000F80800F80008F80009
:10B20000033C0700073C03000818688080681808A2
:10B2100020302C03032C30200838C800C838080020
:10B220000000203F2000000010080808C83808006F
:10B230002038262120201800000000FE0202020013
:10B240000000007F40404000000C30C000000000C3
:10B25000000000010638C00000020202FE000000EB
:10B26000004040407F000000000004020202040091
:10B2700000000000000000000000000000000000CE
:10B2800080808080808080800002020400000000B6
:10B2900000000000000000000000808080800000AE
:10B2A0000019242222223F2008F80080800000009C
:10B2B000003F112020110E0000000080808000005F
:10B2C000000E112020201100000000808088F8006E
:10B2D000000E112020103F200000808080800000A0
:10B2E000001F222222221300008080F08888881804
:10B2F0000020203F2020000000008080808080000F
:10B30000006B94949493600008F8008080800000A3
:10B31000203F210000203F2000809898000000007E
:10B320000020203F202000000000008098980000AE
:10B3300000C08080807F000008F8000080808000CE
:10B34000203F24022D302000000808F800000000F3
:10B350000020203F202000008080808080808000AE
:10B36000203F20003F20003F808000808080000040
:10B37000203F210000203F200000808080800000CE
:10B38000001F202020201F008080008080000000FF
:10B3900080FFA12020110E0000000080808080002E
:10B3A000000E112020A0FF8080808000808080001F
:10B3B00020203F212000010000008080808080004C
:10B3C0000033242424241900008080E080800000C1
:10B3D0000000001F2020000080800000008080000E
:10B3E000001F202020103F2080808000008080806F
:10B3F00000010E30080601008080008000808080FF
:10B400000F300C030C300F00008080008080800023
:10B410000020312E0E31200080808000008080804E
:10B4200080818E70180601000080808080808000FE
:10B430000021302C2221300000000000807C02021C
:10B4400000000000003F404000000000FF0000003E
:10B4500000000000FF0000000002027C80000000ED
:10B460000040403F00000000000601010202040409
:10B47000000000000000000036200000BA2000009C
:10B480009C22000028230000522300000000614499
:10B49000000070C30000704320BCBE4CDA0F49406E
:10B4A0000000A5430000A042008089440000803FC6
:10B4B0000000C84400009643000048430000F042EA
:10B4C0004750532053696D004C6F6E3A00000000E6
:10B4D0002573256C642E2530366C64004C61743AFB
:10B4E000000000007371727466000000DB0FC93F3A
:10B4F000DB0F4940DB0F49C000000080DB0FC9BFF4
:10B50000E4CB1640E4CB16C0DB0F493FDB0F49BF4D
:10B510002EBDBB33800FC93F434435370044353718
:10B5200008A3852E84F9223F00A3852E32318D2475
:10B5300000008043000FC93F000F494000CB9640F8
:10B54000000FC9400053FB4000CB164100ED2F41D6
:10B55000000F49410031624100537B41003A8A416A
:10B5600000CB9641005CA34100EDAF41007EBC41A1
:10B57000000FC94100A0D5410031E24100C2EE41B7
:10B580000053FB4100F20342003A0A42008310429A
:10B5900000CB164200141D42005C234200A5294244
:10B5A00000ED2F4200363642007E3C4200C7424248
:10B5B000000F4942A2000000F900000083000000D3
:10B5C0006E0000004E000000440000001500000066
:10B5D00029000000FC0000002700000057000000C8
:10B5E000D1000000F500000034000000DD00000084
:10B5F000C0000000DB0000006200000095000000B9
:10B60000990000003C000000430000009000000092
:10B6100041000000FE000000510000006300000037
:10B62000AB000000DE000000BB000000C500000011
:10B6300061000000B7000000240000006E00000060
:10B640003A000000420000004D000000D20000005F
:10B65000E000000006000000490000002E0000008D
:10B66000EA00000009000000D10000009200000084
:10B670001C000000FE0000001D000000EB000000A8
:10B680001C000000B100000029000000A70000001D
:10B690003E000000E80000008200000035000000CD
:10B6A000F50000002E000000BB0000004400000078
:10B6B00084000000E90000009C0000007000000011
:10B6C00026000000B40000005F0000007E000000C3
:10B6D000410000003900000091000000D600000089
:10B6E0003900000083000000530000003900000012
:10B6F000F40000009C000000840000005F000000D7
:10B700008B000000BD000000F900000028000000D0
:10B710003B0000001F000000F80000009700000040
:10B72000FF000000DE00000005000000980000009F
:10B730000F000000EF0000002F00000011000000CB
:10B740008B0000005A0000000A0000006D0000009D
:10B750001F0000006D000000360000007E000000A9
:10B76000CF00000027000000CB000000090000000F
:10B77000B70000004F000000460000003F0000003E
:10B78000660000009E0000005F000000EA0000006C
:10B790002D0000007500000027000000BA00000026
:10B7A000C7000000EB000000E5000000F100000011
:10B7B0007B0000003D000000070000003900000091
:10B7C000F70000008A000000520000009200000014
:10B7D000EA0000006B000000FB0000005F000000BA
:10B7E000B10000001F0000008D0000005D0000009F
:10B7F00008000000560000000300000030000000B8
:10B8000046000000FC0000007B0000006B00000010
:10B81000AB000000F0000000CF000000BC00000002
:10B82000200000009A000000F40000003600000034
:10B830001D000000A9000000E300000091000000CE
:10B84000610000005E000000E60000001B00000038
:10B85000080000006500000099000000850000005D
:10B860005F00000014000000A0000000680000005D
:10B87000400000008D000000FF000000D800000024
:10B88000800000004D000000730000002700000051
:10B890003100000006000000060000001500000056
:10B8A00056000000CA00000073000000A80000005D
:10B8B000C900000060000000E20000007B00000002
:10B8C000C00000008C0000006B0000000000383F4A
:10B8D0000000903E4ED747ADF6740F317CF29334A2
:10B8E000010DD037610BB63AABAA2A3D0000C93F23
:10B8F0000000F0390000DA370000A2330000842E87
:10B900000000502B0000C2270000D0220000C41FFE
:10B910000000C61B000044170000C93F0000803B28
:10B920000000003E0000004104000000070000008D
:10B9300009000000D3C92E2F342FD7321BEF383621
:10B94000010D50398988083CABAA2A3ECAF24971D8
:10B950000000C03F000080BFD769853C59DA4B3DED
:10B96000356B883D6E2EBA3D2549123EABAAAA3EE4
:10B9700021A215BD6BF16E3D95879D3D388EE33D4F
:10B98000CDCC4C3E3863ED3EDA0F493F5E987B3FAD
:10B99000DA0FC93F6937AC3168212233B40F143351
:10B9A0006821A2330000004C6042A20D0000003369
:10B9B000286E756C6C29000054A5FFFFD8A3FFFF0B
:10B9C000E8A4FFFFF0A4FFFFE8A4FFFF08A4FFFF27
:10B9D000E8A4FFFFF0A4FFFFD8A3FFFFD8A3FFFF59
:10B9E00008A4FFFFF0A4FFFF4AA5FFFF4AA5FFFF41
:10B9F0004AA5FFFF08A4FFFF4CABFFFF3EAAFFFFD5
:10BA00003EAAFFFF3CAAFFFF44AAFFFF44AAFFFF94
:10BA10000AAAFFFF3CAAFFFF44AAFFFF0AAAFFFFF2
:10BA200044AAFFFF3CAAFFFF38ABFFFF38ABFFFF84
:10BA300038ABFFFF0AAAFFFF62BDFFFF88BCFFFF14
:10BA40005CBDFFFF90BCFFFF5CBDFFFF56BCFFFF6E
:10BA50005CBDFFFF90BCFFFF88BCFFFF88BCFFFF01
:10BA600056BCFFFF90BCFFFF96BCFFFF96BCFFFFDC
:10BA700096BCFFFF56BCFFFF48BCFFFF48BCFFFF62
:10BA80001CBDFFFFF8BDFFFF1CBDFFFF16BCFFFF85
:10BA90001CBDFFFFF8BDFFFF48BCFFFF48BCFFFF18
:10BAA00016BCFFFFF8BDFFFF56BCFFFF56BCFFFFF3
:10BAB00056BCFFFF16BCFFFFCCC0FFFF1AC0FFFF44
:10BAC0001AC0FFFF18C0FFFF1EC0FFFF1EC0FFFF10
:10BAD000EEBFFFFF18C0FFFF1EC0FFFFEEBFFFFF5E
:10BAE0001EC0FFFF18C0FFFFBAC0FFFFBAC0FFFFB4
:10BAF000BAC0FFFFEEBFFFFF000102020303030312
:10BB000004040404040404040505050505050505ED
:10BB100005050505050505050606060606060606CD
:10BB200006060606060606060606060606060606B5
:10BB3000060606060606060607070707070707079D
:10BB40000707070707070707070707070707070785
:10BB50000707070707070707070707070707070775
:10BB60000707070707070707070707070707070765
:10BB7000070707070707070708080808080808084D
:10BB80000808080808080808080808080808080835
:10BB90000808080808080808080808080808080825
:10BBA0000808080808080808080808080808080815
:10BBB0000808080808080808080808080808080805
:10BBC00008080808080808080808080808080808F5
:10BBD00008080808080808080808080808080808E5
:10BBE00008080808080808080808080808080808D5
:10BBF0000808080808080808FFFFFFFFFFFFEF7F9D
:10BC0000494E4600696E66004E414E006E616E0000
:10BC10003000000000000000000000000000F83FBD
:10BC200061436F63A787D23FB3C8608B288AC63F42
:10BC3000FB799F501344D33F000000000000F03F09
:10BC400000000000000024400000000000001C4034
:10BC50000000000000001440000000000000E03F71
:10BC6000496E66696E697479000000004E614E008D
:10BC70000080E03779C34143176E05B5B5B89346E8
:10BC8000F5F93FE9034F384D321D30F94877825AB4
:10BC90003CBF737FDD4F1575000000000000F03FD2
:10BCA0000000000000002440000000000000594097
:10BCB0000000000000408F40000000000088C340EA
:10BCC00000000000006AF8400000000080842E415F
:10BCD00000000000D01263410000000084D79741AB
:10BCE0000000000065CDCD41000000205FA00242B1
:10BCF000000000E876483742000000A2941A6D4226
:10BD0000000040E59C30A2420000901EC4BCD64218
:10BD100000003426F56B0C430080E03779C34143C3
:10BD200000A0D8855734764300C84E676DC1AB4339
:10BD3000003D9160E458E143408CB5781DAF154457
:10BD400050EFE2D6E41A4B4492D54D06CFF0804432
:10BD5000F64AE1C7022DB544B49DD9794378EA4447
:10BD600005000000190000007D00000043000000F5
:10BD7000504F5349580000002E00000000202020A2
:10BD8000202020202020282828282820202020208B
:10BD9000202020202020202020202020208810105B
:10BDA00010101010101010101010101010040404B7
:10BDB0000404040404040410101010101010414175
:10BDC0004141414101010101010101010101010163
:10BDD0000101010101010101101010101010424277
:10BDE0004242424202020202020202020202020233
:10BDF00002020202020202021010101020000000D3
:10BE00000000000000000000000000000000000032
:10BE10000000000000000000000000000000000022
:10BE20000000000000000000000000000000000012
:10BE30000000000000000000000000000000000002
:10BE400000000000000000000000000000000000F2
:10BE500000000000000000000000000000000000E2
:10BE600000000000000000000000000000000000D2
:10BE700000000000000000000000000000000000C2
:10BE8000000000000000000001020304060708098A
:10BE90000000000001020304010203040607080970
:10BEA0000000000000000000000000000000000092
:10BEB0000000000000000000000000000000000082
:10BEC0000000000000000000000000000000000072
:10BED0000000000000000000000000000000000062
:10BEE0000000000000000000000000000000000052
:10BEF0000000000000000000000000000000000042
:10BF000043000000000000000000000000000000EE
:10BF10000000000000000000000000000000000021
:10BF200043000000000000000000000000000000CE
:10BF30000000000000000000000000000000000001
:10BF400043000000000000000000000000000000AE
:10BF500000000000000000000000000000000000E1
:10BF6000430000000000000000000000000000008E
:10BF700000000000000000000000000000000000C1
:10BF8000430000000000000000000000000000006E
:10BF900000000000000000000000000000000000A1
:10BFA000430000000000000000000000000000004E
:10BFB0000000000000000000000000000000000081
:10BFC000430000000000000000000000000000002E
:10BFD0000000000000000000000000000000000061
:10BFE000B2A2000074A20000000000007CBD0000AE
:10BFF00078BD000074AE000074AE000074AE0000A6
:10C0000074AE000074AE000074AE000074AE0000A8
:10C0100074AE000074AE0000FFFFFFFFFFFFFFFFE4
:10C02000FFFFFFFFFFFF00000100415343494900AC
:10C030000000000000000000000000000000000000
:10C040000000000000000000000041534349490087
:10C0500000000000000000000000000000000000E0
:10C0600000000000000000000000000000000000D0
:10C07000010000006824571300A24A0402040608C5
:10C08000AC2800200100000020000020A5200000B6
:10C09000A5250000A55A0500004081000000000011
:00000001FF
