:100000006F201052130000001300000013000000C6
:100010001300000013000000130000001300000094
:100020001300000013000000130000001300000084
:08003000130000007300100032
:100038006FF09FFC000000006F10E03C6F10C03CA8
:1000480000000000000000000000000000000000A8
:100058000000000000000000000000000000000098
:100068006F202031000000006F20F04A00000000DF
:100078006F20704A6F20304A6F20F0496F20B049D6
:100088006F2070496F2030496F20F0486F20B048CA
:100098006F2070486F2030486F20F0476F20B047BE
:1000A8006F2070476F00505D6F20F0466F208066AC
:1000B8006F0030106F2030466F20F04500000000C0
:1000C8000000000000000000000000006F20B044A5
:1000D8006F2070446F2030446F20F0436F20B0438E
:1000E8006F10A0196F2030436F20F0426F20B0428C
:1000F8006F2070426F2030426F20F0416F20B04176
:100108006F2070416F2060566F0030036F00104FF2
:100118006F2070406F2030406F20F03F6F20B03F5D
:1001280000000000000000000000000000000000C7
:080138000000000000000000BF
:10014000397101436EC619A0397141536AC866CA34
:1001500062CC5ECE19A0397101535AD056D252D416
:100160004ED64AD826DA22DC06DE3301614082828E
:1001700041114AC026C222C406C68282B24D410144
:10018000024D924C224CB24B4101024B924A224A00
:10019000B2494101024992442244B2404101828065
:1001A0003D432A876373C3029377F700BDEFADE544
:1001B000937606FF3D8ABA960CC34CC30CC74CC756
:1001C0004107E36BD7FE11E28280B306C3408A0683
:1001D0009702000096966780A6002307B700A30643
:1001E000B7002306B700A305B7002305B700A30493
:1001F000B7002304B700A303B7002303B700A3028B
:10020000B7002302B700A301B7002301B700A30082
:10021000B7002300B700828093F5F50F9396850011
:10022000D58D93960501D58D61B7939627009702DA
:10023000000096968682E78086FA9680C1171D8F09
:100240003E96E374C3F8A5B7EFF29FF2B7B700008C
:1002500083A4C7C7B7B7000003A987C72A84A685A8
:100260002285EF70A0516342A002B7B7000083A4BB
:1002700007C8B7B7000003A987C7A6852285EF7016
:100280004058634A0500228531B72285CA85EF7040
:1002900050092A84E9B72285CA85EF60B0662A84AE
:1002A000E9BFEFF2FFEC370402401305C4068145B5
:1002B000EF2010421305C4069305C002EF20B0439F
:1002C00085451305C406EF20B040E9B511CDAA87D6
:1002D0001307850C9306000094C39107E39CE7FE87
:1002E0002314050C2326D50C8280EFF2DFE6AE89BD
:1002F00029CD2A848344840C034A950C9307100368
:10030000139924000325C50C229963E24705232095
:10031000B900AA854E85EF60F05E050A2326A40C7D
:10032000A304440D850493F4F40F9307100363ECC6
:1003300097022304940C0345940CEF70504DAA854A
:100340000325C40CEF70A012AA894E853DBD8325FC
:100350000900EF70007DCE8523203901EF60905AAF
:100360002326A40CC1B72304040CF1B7EFF25FDD20
:1003700037BA0000B7BA000037BB0000832CCAC8E8
:1003800003ADCAC7832D8BC8938B4186B7B90000D4
:100390001384418683C62B0013075005639BE60632
:1003A00013852B00814601472946B305D50083C537
:1003B000050085062E971377F70FE398C6FE83C6D0
:1003C000CB006398E60403C55B0083C64B0003C9FA
:1003D0007B002205558D83C66B00220983C49B00D8
:1003E0003369D90083C68B00A20403C73B00D58CB8
:1003F00042054209C204930620054185135909416B
:10040000C1846305D70863ECE60093061005630C0E
:10041000D702AD0B93870189E39EFBF685B3930664
:100420003005630AD70A93064005E314D7FEEF7040
:10043000B03168C84A85EF70303128CC2685EF701E
:10044000B03068CCF9B7EF70303083A549C8EF7091
:100450000044EE85EF70A04348DC4A85EF70D02E53
:1004600083A549C8EF70A04283258BC8EF70204256
:1004700028C02685EF70502D83A549C8EF70204114
:1004800083258BC8EF70A04068C061B7EF70D02B98
:10049000B7B7000083A547C8EF70603FE685EF70EF
:1004A000003F28C44A85EF70302A83A549C8EF7001
:1004B000003E8325CAC8EF70803D68C42685EF7072
:1004C000B02883A549C8EF70803C8325CAC8EF7067
:1004D000003C28C83DBFEF70302783A549C8EF70A6
:1004E000003BEA85EF70A03A08D84A85EF70D02526
:1004F00083A549C8EF70A03983A5CAC7EF7020391A
:1005000048D82685EF70502483A549C89384C183B9
:10051000EF70E03783A5CAC7EF70603708DC2D3372
:10052000138681838345060028D02A89138C018491
:10053000B1E585451387818D2300B60088C023204F
:10054000AC009305870C1386818D930700001CC3B4
:100550001107E39CE5FE2314060C2326F60CCA853E
:100560001385818D5933CD312C5468D0EF70605B89
:10057000E139054768D42308E40661BD8C40EF707B
:10058000405AD93183250C00EF60D037AA8523204B
:10059000AC0023A02401E9B71387818D9306870C53
:1005A0009387818D1306000010C31107E31CD7FE4B
:1005B0002394070C23A6C70C238C018223AEC1828F
:1005C00023A0C18493874186B0D3F0D3B0D7F0D7AE
:1005D00023880706828093874186F853B8D713078C
:1005E0000000F8D78280EFF2BFB803A4018DB7B73F
:1005F000000083A5C7C62285EF704018635DA00088
:10060000B7B7000083A507C72285EF70801F930747
:10061000000063400504A2852285EF60B02E93059B
:100620000000AA842285EF70601537B4000083258E
:1006300044C7634205022685EF60D02CEF70B00AF4
:1006400042054185EF705010832544C7EF70202488
:10065000AA873E8581B62685EF70A04CC5B703C535
:10066000418D82803335A000B70700202388A71E64
:100670008280EFF2FFAF7971AA848545114502CAE5
:1006800002CC02CE02D002D202D402D602C602C8E6
:10069000EF20902E854537050200EF20D02F91479F
:1006A000231AF100371401408D473ECC4C08E14736
:1006B000130504803ECEEF20F009A147231AF10074
:1006C0004C089147130504803ECE37440040EF208C
:1006D00070080C10B7070C001305044026D03ED458
:1006E00002D223160102EF20D0469307601323168F
:1006F000F10085472307F100680085473EC8EF20D9
:10070000301305461305044093054042EF20B050D6
:10071000854513050440EF20504E4561A5BCEFF21E
:100720003FA539711306C00281454808953C8545AF
:1007300005453704024002C602C8EF201022130507
:10074000C406EF20C065B7440040938744403ECACA
:10075000938761863ECC9307C0023ED09307000882
:100760003ED44C088D671305C4063EDC02CE02D28F
:1007700002D602D802DA02DEEF2000720546894571
:100780001305C406EF200076930700122316F1002C
:1007900089472307F100680085473EC8EF205009CC
:1007A0001305C4068545EF20A07205469305000495
:1007B00013850440EF2090492161E9BAEFF25F9B75
:1007C0002A8413064007814513854186D13A23AA1E
:1007D000018223A80182C9332285613D89376FF0E8
:1007E0007F9BEFF2FF989387418398438546797109
:1007F000938441836302D70219C789466308D704EB
:1008000023A0070039A003C741861377F70F11C350
:1008100094C345616FF01F989387418683C7170083
:100820001307B002138441866373F70081362300F7
:1008300004001306C002814513052400A300040030
:10084000EFF01F96B93C89479CC0E1B7B70700207D
:1008500083C7071F6384070C93870183984393061C
:10086000700C3307E54063FBE60A88C361468145A7
:100870002808EFF0FF92138941860325490313846A
:100880004186EF70B0052AC4032509032EC6EF7018
:10089000F0042248B24837B60000AE872A87130614
:1008A00006C9E1452808EF4030363008894509453A
:1008B000EF00D010614681452808EFF07F8E834716
:1008C0000907A5C36850EF70700137B600002A878A
:1008D000AE87130646CAE1452808EF40F0323008DB
:1008E00085450D45EF00900D614681452808EFF0E4
:1008F0003F8B8347040795CFFD31EF70207E37B6DD
:1009000000002A87AE87130606CCE1452808EF4091
:10091000B02F300885451145EF00500A23A0040090
:10092000CDBDB7B50000938505CB2808EF80202406
:100930007DB7B7B500009385C5CC2808EF8020238C
:10094000C9BF011122CE3744004093054042130530
:100950000440EF20703231CD835704408145C207F7
:10096000C1833EC683574440370402401305C40682
:10097000C207C1833EC6B247EF2080551305C406A7
:10098000EF20A0579307C0023385A7401387418605
:100990001375F50FA300A700034717009306C002C5
:1009A0009387418663F4E600A38007000547238010
:1009B000E700724405617300203037052000EF2006
:1009C000E0570DC537052000EF20005837050240DD
:1009D00081451305C506EF20A04F93874186130775
:1009E000C002A380E70005472380E70073002030A2
:1009F000EFF20FF87971AA848545214502CA02CC2D
:100A000002CE02D002D202D402D602C602C8EF2021
:100A1000A076854537050400EF20E0779307004076
:100A2000231AF100371401408D473ECC4C08E147B2
:100A3000130504C03ECEEF20E05185679387078001
:100A4000231AF1004C089147130504C03ECE3754D9
:100A50000040EF2020500C10B7070C001305048055
:100A600026D03ED402D223160102EF20900E930727
:100A700070132316F10085472307F10068008547AE
:100A80003EC8EF20E05A0546130504809305404216
:100A9000EF207018854513050480EF20101645617E
:100AA0006FF04FEFEFF2CFEC39711306C0028145C2
:100AB0004808EFF0EFEE854505453704024002C6D1
:100AC00002C8EF20806913050403EF20402DB754BE
:100AD0000040938744803ECA9387819B3ECC930716
:100AE00000043ED0930700083ED44C088D671305E0
:100AF00004033EDC02CE02D202D602D802DA02DEC3
:100B0000EF2080390546894513050403EF20803D19
:100B10009307D0112316F10089472307F1006800DD
:100B200085473EC8EF20C050130504038545EF20DC
:100B3000203A05469305000413850480EF20101128
:100B400021616FF02FE5EFF2AFE22A841306000473
:100B500081451385819BEFF0AFE49387819A2380D1
:100B600007002285239107002392070023830700B3
:100B700023A4070023A60700A53D2D376FF08FE1C2
:100B8000EFF20FDF9387819ADC471307700C011196
:100B9000B307F5401384819A6379F70283476400B1
:100BA00048C402C602C802CA02CC02CE95CF835600
:100BB000440037B60000130686CDD1456800EF40EB
:100BC000B004700085450545D52B1C440547638955
:100BD000E704639607228347040093F7F70F91C356
:100BE00018C405616FF00FDB83C7418493F7F70FDB
:100BF00089EBB7B50000938585CE6800EF7030773C
:100C0000C9B783C7518493F7F70F91C7B7B50000F1
:100C1000938585CFDDB7B7B50000938585D0F1BF4B
:100C2000835624008947C206C18263FBD71493858B
:100C3000819B9387819B01461388819B1303300519
:100C400093084007130E1006930E5006130FB003BF
:100C500013170601930F6600418363F7DF0883CF04
:100C6000070063936F0883CF1700639F1F0783CF2D
:100C70002700639BCF0783CF370063971F0783CF7E
:100C800047006393DF0783CF5700639FEF05190782
:100C900042074183B307E800130600026377D700D9
:100CA000850783C8F7FF638DC802B308E8000143D6
:100CB0008147A54E294E637FD70A03C608008508E1
:100CC000130606FD1376F60F63E6CE0AB387C70355
:100CD0000507420741830543B297C207C183E1BFBD
:100CE0000507420741835DBF0506131706014183CF
:100CF0008507E36FD7F481471387F6FF4207130692
:100D000040069308A003418303C305006310C30892
:100D100003C31500631C13078907C207C183330788
:100D2000F8001306000263F7D70005078345F7FFB5
:100D30006385C506C16881450147A54E294EF9184E
:100D40003386B700131F0601135F0F0113F3F50F6E
:100D50006379DF04429603460600130606FD137608
:100D6000F60F63E0CE043307C70385053297E3F936
:100D7000E8FC39A0E30103F80947638FE706ADDF1C
:100D8000054723030400A382E1843DA08507C20731
:100D9000C1838505E3EAE7F6E5B78507C207C183A6
:100DA00059B7E30F03FC4207418385472303F4004F
:100DB0002312E400A38201841306000481451385F5
:100DC000819BEFF0EFBDB704024023110400814581
:100DD0001385040323000400EF20800F9305000413
:100DE00013850403EF202011854513850403EF20AC
:100DF000200E89471CC4F5B341677D177DB72324B6
:100E00000400C5B3011122CE37540040930540427F
:100E100013050480EF20406625C183570480814577
:100E2000C207C1833EC6835744803704024013057E
:100E30000403C207C1833EC6B247EF206009130511
:100E40000403EF20800B930700043385A74042057D
:100E50001387819A41812311A70003572700930626
:100E600000049387819A63F4E60023910700054705
:100E70002382E1842380E7007244056173002030FF
:100E800013050020EF20800B1DC513050020EF2067
:100E9000A00B37050240814513050503EF204003F1
:100EA0009387819A130700042391E7000547238263
:100EB000E1842380E70073002030EFF26FAB05651B
:100EC000797185451305458002CA02CC02CE02D055
:100ED00002D202D402D602C402C623180100EF20B7
:100EE000A02985450545EF20202993070010231AE6
:100EF000F10037150140E1473ECE4C088D47130500
:100F000005803ECCEF200005373401409307700484
:100F10003EC42C0093073006130504C03EC6EF20E4
:100F20006029C167938707070C10130504C03ED0E2
:100F30002313010223140102EF20402F130504C0E4
:100F40008545EF20E038130504C08145EF20803B44
:100F5000130504C08545EF2000398545130504C0FD
:100F6000EF20403545616FF0EFA2EFF26FA09307DD
:100F700040069305400663E3A700AA85C2053735FE
:100F80000140C181130505C0EF20E0386FF08FA04C
:100F9000EFF20F9E411185452145EF20E01DD1471D
:100FA000371401403EC68D473EC44C0093070004F1
:100FB000130504C02312F100EF10D0799307000845
:100FC0004C00130504C02312F100EF10B078130594
:100FD00004C0054693050004EF20E0030546930591
:100FE0000008130504C0EF20000341016FF08F9A41
:100FF000EFF20F9837140140130504C0054693051E
:101000000008EF204001130504C0054693050004C5
:10101000EF206000130504C0014693050008EF109F
:10102000907F014693050004130504C0EF10B07EC5
:101030006FF04F96EFF2CF9337140140130504C0C1
:10104000014693050008EF10107D130504C0054606
:1010500093050004EF10307C054693050008130546
:1010600004C0EF10507B6FF0EF92EFF2CF8EB71409
:1010700001402A8A0144930A0008138904C0A14947
:1010800033D68A4033764601930500084A85EF102F
:1010900090780546930500044A85EF10D077014605
:1010A000930500044A850504EF10F076E31A34FD39
:1010B000138504C0054693050004EF10D075014662
:1010C00093050004138504C0EF10F0746FF0EF8BEC
:1010D000EFF20F8A2A84293F1305800779370145EB
:1010E000693722855937B9376FF0CF8AEFF24F88C9
:1010F0002A84FD3D130580078D3F13050004B53795
:101100002285A537053F6FF0EF88EFF26F861365F4
:10111000050B2E84753F13554400136505014D3FA3
:101120001375F40075376FF0EF86EFF26F840144AA
:10113000214981452285D13F930400080145FD14D2
:101140007537EDFC05041374F40FE31424FF6FF0FE
:101150006F84EFF24F809304F5079389F5018604BD
:101160008E0932892D6493F4F40F93F9F90F930AE1
:1011700084D1CE8526851209493FCA9A214A130493
:1011800084D103C50AE07D1A137AFA0F8537850AE0
:10119000E3190AFE13851400CE851375F50F1309A4
:1011A00009E0A5374A94A14403458400FD1493F453
:1011B000F40F2D3F0504EDF86FE03FFDEFE2BFF9BE
:1011C0002A89AE89B2840144B3878400038607006C
:1011D00019E26FE09FFBB305340193F5F50F4A85E3
:1011E0000504853F1374F40FC5B7EFE27FF81305CC
:1011F0002003EF20002F693B1305E00AD13D1305C2
:10120000500DF93513050008E1351305800AC9357D
:101210001305F003753D1305300D5D3D01454D3D52
:101220001305000475351305100A5D351305800C90
:1012300045351305A00D693D4945593D1305100875
:10124000413D1305F00C69351305900D513513051B
:10125000100FBD3D1305B00DA53D130500038D3DD9
:101260001305400AB5351305600A9D351305D008EE
:1012700085355145B13D1305F00A993D7D356FE047
:101280007FF1894537050040EF20000A19CD370569
:101290000040EF20A0082395A18405478945370524
:1012A00000402396E184EF20E00991453705004096
:1012B000EF20800711CD37050040EF2080062394F2
:1012C000A18491453705004023960184EF208007D3
:1012D000854537050040EF20200515C103D7C1849F
:1012E00085476319F7009387618403D707000507D3
:1012F0002390E700854537050040EF20A0047300E8
:101300002030EFE2FFE679718545114502CA02CC33
:1013100002CE02D002D202D402D602C402C62318E0
:101320000100EF10706585450945EF10D0668545D1
:101330000545EF10706493070004231AF100371578
:101340000140E1473ECE4C088D47130505803ECC59
:10135000EF10504093077004370400403EC4956777
:101360009387F7E12C00130504403EC6EF1090640C
:10137000C167938707063ED00C109307C05D130525
:1013800004402313F10223140102EF10306A130505
:1013900004408545EF10D073130504408145EF10DC
:1013A0007076130504408545EF10F07385451305ED
:1013B0000440EF10307045616FE0DFDDEFE25FDB8E
:1013C000130730FD930730FD6343E500AA8793962A
:1013D0000701C1861307D0026354D7009307D002D8
:1013E00093950701C1859307401FB385F5029307C5
:1013F000D0023705004013050540B3C5F5029385BB
:10140000C55DC205C181EF1010716FE0BFD801A0AA
:10141000B707EFBE37E700E0938707083CC701A096
:10142000EFE21FD5930500002A84EF602035B7B79F
:10143000000083A547C7634B05002285EF50904C01
:10144000EF60702A420541856FE0DFD42285EF60AE
:10145000406DFDB7EFE2DFD19307400663E0A702DE
:101460009307F5FF93F7F70F130740026364F70044
:1014700013056002EFF07FAF6FE0DFD11305400688
:10148000D5BFEFE2FFCE91C583D7E5023E95420579
:101490004185130630FD03D7E184AA879386E18452
:1014A0006354C500930730FD1396070141869305E9
:1014B000D00263D4C5009307D002998F3E85C2073E
:1014C000C187615663D3C700615513160501418674
:1014D000A14763D3C70021453A9542054185239032
:1014E000A600E93D6FE01FCBEFE21FC68347150062
:1014F0008329450199E723A035011C4D1CC26FE0EB
:101500003FC837BA00002A842E8908558325CA337C
:10151000B284EF60C037CE85AA8BEF50B03EAA8A66
:101520008325CA334854032B8401EF6040362A8454
:10153000AA855A85EF50103D2A8ADE854E85EF60D8
:10154000405EAA89A2855A85EF60A05D2A84D6856F
:101550005685EF60C0332A8BD2855285EF602033E9
:10156000AA855A85EF50103A2A8BCE854E85EF60BA
:101570000032AA8BA2852285EF606031AA855E8544
:10158000EF505038AA855A85EF60A02763570500B1
:101590002320590123A044019DB72320390180C095
:1015A000B9BFEFE2FFBC41119307000070002C00AF
:1015B0003EC43EC6153FA2452E85EF60402DB24584
:1015C0002A842E85EF60A02CAA852285EF509033C7
:1015D000EF20000B41016FE0FFBB8347150091E74F
:1015E0000145828001456FE0FFBAEFE27FB82A84AF
:1015F0004D3FB7B7000083A50734EF602018E343E1
:10160000A0FE4858B7B7000083A5473406050581FA
:10161000EF60C016E348A0FC0858EFF07FE0635687
:1016200005003305A040420541851325B50065BF7F
:1016300019E501458280014541016FE03FB4F5D9CC
:10164000EFE21FB041112E8432C22A8913068003B3
:1016500081452285EFE0DFB4B7B7000083AA0732E7
:10166000B7B7000003ABC7C7856D371A00208149A3
:10167000930470F9938D0DC8930BB00D130A8A9ED5
:101680009306A006A68763D6040093878416C20734
:10169000C1878A07CA9703C6370035CA83DC0700AB
:1016A0009387CCF9C207C18363E3FD0663E93B0777
:1016B0002685EF607009D6852AC0EF60401DDA8567
:1016C000EF50F05A8247139C4900529C2324FC009F
:1016D0002A8D23169C016685EF607013AA8C6A859B
:1016E000EF10D071AA856685EF60601A2320AC00E8
:1016F0006A85EF109068AA8585096685EF602019D4
:10170000C2092322AC0093D909019306A0068504DF
:10171000C204C184E398D4F68547E3FE37F113850C
:10172000819F130600608145EFE09FA737B7000057
:101730008327473237B70000371C00203EC083277D
:10174000C732938A819F138D819F8144014A138BF5
:10175000819F130C8C9EB7BC00003EC413871400FD
:101760009204E2948546904042072311DD00D44064
:101770004183131947002322CD002324DD00232AAF
:10178000CD00232CCD00232EDD002320DD02629925
:10179000BA8463F43405832509FF03250900EF604B
:1017A0004038AA8D832549FF03254900EF60603743
:1017B000AA8BEE856E85EF60800DAA8DDE855E8535
:1017C000EF60E00CAA856E85EF50D013EF10506BE0
:1017D0008245EF50B07A635CA02203552D00EF6084
:1017E00010032A89AA8503254D00EF505048AA8D81
:1017F0002326AD0003258D00CA85EF5050472A8966
:10180000EE852328AD006E85EF606008AA8DCA853D
:101810004A85EF60C007AA856E85EF50B00EEF10C5
:1018200030662324AD0283250D010325CD00B7BD0D
:10183000000037B90000EF10906483A5CDC7EF60BA
:10184000000583250932EF50904283254D01232660
:10185000AD0203258D01EF60C02CAA8B8325CD013D
:1018600003250D02EF60E02BDE852AC65E85EF6062
:101870000002B246AA8BB6853685EF604001AA8584
:101880005E85EF503008EF10B05FB7B7000023223D
:10189000AD022AC683A5873203250D01EF50106ED5
:1018A00032476346A01E050A137AFA0F63F8340123
:1018B00013070002130D0D03E312EAEA37BC000020
:1018C0008327CC3183AC8C32D684014DFD593EC088
:1018D000FD5B83C604008DC6924763987701C844B8
:1018E000E685EF50B069634DA0009454824536857B
:1018F00036C4EF50107163550500A246EA8936C020
:10190000050D9376FD0F93840403E3E446FDFD5734
:101910006390F9049247E38007D2832CCC31D68BB5
:10192000814483C70B0099CB03AD8B02E6856A85A2
:10193000EF50306D63540500A689EA8C850493F757
:10194000F40F938B0B03E3EE47FDFD57E385F9CED0
:1019500093040003B3849902DA94B1C013066003C0
:10196000814513052400EFE0BF8385472310F40071
:101970009848DC449306000018C418C818CC985442
:101980005CC05CC458CCD8545CC854D018D037B7AD
:1019900000000327073314D414D858D45CD8032C80
:1019A000CC31814CFD5B63893C0583C70A00A9C724
:1019B000CC4403A5CA00EF60C0162A8D8C4803A54D
:1019C0000A01EF600016EA852AC06A85EF50306C84
:1019D00082472A8DBE853E85EF50706BAA856A8549
:1019E000EF504072EF10D049E2852A8DEF507061C0
:1019F000635405006A8CE68B850C93F7FC0F938A81
:101A00000A03E3E247FB63DE0B08054535B10357E4
:101A10002D00832B090003254D0005072311ED0040
:101A2000DE85EF50206E832D49002322AD00032573
:101A30008D00EE85EF50006D83254D012324AD0010
:101A40005E85EF50105C63540500232A7D018325D9
:101A50008D015E85EF5090526354A000232C7D01D0
:101A60008325CD016E85EF50D05963540500232E98
:101A7000BD0183250D026E85EF5050506354A000C8
:101A80002320BD038504C204C180410919B3A245C6
:101A90003A85EF501057E348A0E005472300ED00DA
:101AA00019B5B7B7000083AA47336285D685EF50D2
:101AB0005055E34CA0F493070003B38BFB02CC44D6
:101AC0005E9B0325CB00EF60C0052A8C8C48032564
:101AD0000B01EF6000052A8DE2856285EF50305BD7
:101AE000AA89EA856A85EF50905AAA854E85EF50FB
:101AF0006061EF10F0388325CB00AA8BC844B7B9DA
:101B00000000EF50206083A549C7EF5050582A8A43
:101B100083250B018848EF50E05E83A549C7EF504D
:101B20001057AA89D2855285EF507056AA8CCE855F
:101B30004E85EF50D055AA856685EF50A05CEF101A
:101B40003034B7B7000083A507332AC05E85EF5055
:101B5000504BE34C05EAD6855E85EF503042E346B4
:101B6000A0EADE856285EF5090102A8CDE856A85BA
:101B7000EF50F00FAA8C930500006285EF5070487B
:101B80006344050AB70A0080B3CA9A01628D13063E
:101B90006003814513052400EFE08FE01307101068
:101BA0002310E400D8448247CE8558C09848528517
:101BB00018C40327CB0058C403270B015CCC232A8D
:101BC000440118C8232C3401EF10702B83A5CDC716
:101BD000EF50F04B83250932EF50700908D0EA85A9
:101BE00023227403232454032326A4035685EF10D1
:101BF000102983A5CDC7EF50904983250932EF50B6
:101C0000100708D8E2855285EF507048AA84E6850F
:101C10004E85EF50D047AA852685EF50A04EB707D6
:101C200000803D8D48D8D5B3370D0080334D8D01F0
:101C3000E68AB1BFEFE2CFD32A840851EFF04FFE1E
:101C4000AA840858EFF0CFFD8D473345F50226955D
:101C5000420541811317050141876352070433058B
:101C6000A04093170501C1879146014563D7F6024D
:101C700006073A85420741879307C0FD6354F70082
:101C80001305C0FD93170501C18713074002635474
:101C9000F70013054002420541856FE0AFCF914741
:101CA0000145E3C7E7FCD5BFEFE28FCC41117000DF
:101CB0002E842C00EFF05F83B2452245EF10301CDC
:101CC000B7B7000083A5C7C7EF50703CB7B7000097
:101CD00083A50732EF50A079EFF08FF40D4733055D
:101CE000E502831704004205418563CCA700330752
:101CF000F040BA87420741876353A700AA87C2070B
:101D0000C1873E8541016FE0EFC8EFE26FC605660F
:101D100037150020130606DC81451305859EEFE08C
:101D20002FC81306006081451385819FEFE04FC7E0
:101D3000371500201306805A81451305857AEFE098
:101D40002FC66FE02FC54DC1856713870796938710
:101D500087BB2312F5009307C05D2313F500896745
:101D6000938767622316F5002317F5009307D002C7
:101D70002308F500A147230AF50093070005231C5B
:101D8000F50093073002231DF5002310F502C94723
:101D90002310E5002311F502130700649547231172
:101DA000E5002312F5021307C02B91472314E50029
:101DB000231BE5002313F502130760048547231E48
:101DC000E5002314F50279479307A00223150500C7
:101DD00023190500231FE500231505022316F5022C
:101DE0002317050223080502828011CDEFE24FB8C8
:101DF0002A841306000581451105EFE06FBA232000
:101E000004006FE02FB982806304054063820540BF
:101E1000EFE26FB439713289AE84130680038145D5
:101E20002A842800EFE0CFB7B71900201385897AFC
:101E3000EF00D04AAA8A15CD83D6A4009DCA39578F
:101E40001386897ACD45BA876356070093078716AC
:101E5000C207C1878A07B29703C5370011C583D768
:101E6000070099C363F7F638050742074187E31C6B
:101E7000B7FC1385897AEF0070482A8B09CD7D560F
:101E80002C001385897AEFF0AFFA2A8A39E1054AE6
:101E9000639E0A0095A0014A63800A067D562C00C5
:101EA0001385897AEFF0CFF82A8A0DE59389897A2C
:101EB00083A7495A5848814A6380E7045CC883472E
:101EC00084011307F00F6389E7028507230CF400F0
:101ED00025A0054B130680032C001305C401EF60F9
:101EE00020499389897A230C040083A7495AD28A0E
:101EF000232824015CC85A8A1C401147636AF714DE
:101F00002D678A0713078730BA979C43828703C5DA
:101F1000C400EFF02FD463870A0683479100A1EF36
:101F2000B7B7000083A587331255EF50900D635467
:101F300005047245930500008399C402EF50100414
:101F400063470500B3093041C20993D90941A68509
:101F50004E85EFF00FD383479100231D3401E1CF6D
:101F600023262401230C040085471CC023220400DF
:101F700023140400C9A09385C4022800EFF0DFD227
:101F8000AA89F1B7A6850145EFF0AFCF6DA0638CAC
:101F90000A0683479100639C070C1305C401EFF008
:101FA000CFE31DC18317A401094723262401230C75
:101FB000040018C0232204002314F400014903C5BF
:101FC000C400EFF02FC999AAB7B7000083A58733E3
:101FD0001255EF501003635105027245930500003E
:101FE0000399C402EF508079E34B05FC330920418B
:101FF000420913590941E1B79385C4022800EFF063
:10200000BFCA2A896DBF1C4803D76401B307F940D2
:1020100063E7E7041305C401EFF02FDC05C1831764
:10202000A401094723262401230C040018C02322FD
:1020300004002314F40021616FE02F9503C5C40050
:10204000EFF04FC1A6850145EFF0AFC3231D04009B
:1020500023262401230C04002320040001BF03C510
:10206000E400EFF02FBFA6850315A40131BF2800BF
:10207000EFF02FD3B7B7000083A50734EF500070FF
:102080006358A00650008A852800EFF0EFC59245FE
:102090000245EF10C05EB7B7000083A5C7C7EF5079
:1020A000007FB7B7000083A50732EF50403CEFF048
:1020B0002FB7AA896255EFF0AFB68947B347F5024B
:1020C0000D450399C402CE97B387A702C207C18703
:1020D000634DF900330720413A8942074187635332
:1020E000F7003E8942091359094103C5E400D1BDF7
:1020F0002800EFF08FCE83C9F40005C94E85EFF0BC
:102100006FB58317A401094723262401230C04007B
:1021100018C0232204002314F4000149A6854A852F
:10212000EFF02FB6231D240139B72800EFF09FB040
:102130002A894E8579B503C504018329C400014A63
:10214000EFF04FB1B30939419307B02B63EB37017F
:1021500063890A008347910089C72800EFF09FAD8B
:102160002A8AA6855285EFF0CFB183D74400231D7C
:102170004401E3E2F9EC834794011307F00F638510
:10218000E7008507A30CF40083C7040399CB03473A
:1021900094016368F70023262401230C040091476F
:1021A000E9B383D76400E38507EA23262401230CDF
:1021B00004008D475DBB5C4403D7640003C5C400C5
:1021C000B307F94063E5E700EFF0CFA851B5EFF0B2
:1021D0006FA8A6850145EFF0CFAA231D0400A1BD7D
:1021E00003C5C400EFF00FA7A6850145EFF06FA966
:1021F00085B503C5C400EFF0EFA5A6850145EFF056
:102200004FA81840231D04009147E313F7E425B5B8
:102210008280B7F700E023820700A38207002383B0
:102220000700A383070023840700A38407002385F6
:102230000700A38507008280EFD2FFF1138741805A
:102240000443B757C6419387D7E6B384F4020D64BD
:102250001304940301119309500237B90000A294AA
:10226000B387F4023E9400C3EFE03FEC37B60000C2
:102270001306863485450545EFE05FF493D70401E6
:10228000B3F73703B794EC069384B443B7B60000B2
:10229000130740079386063513068935D145680034
:1022A000A697B7440F0093840424B3E79702EF3056
:1022B000A015700085450945EFE05FF093570401D4
:1022C000B3F7370337345E021304E482B7B6000075
:1022D000130770029386463613068935D145680088
:1022E000A297B3E79702EF302012700085450D45A5
:1022F000EFE0DFEC05616FD05FE9EFD27FE74111DE
:1023000037F400E02AC62EC423200400EFF07FF04B
:1023100032453D479377F50F2306F4009357850028
:1023200093F7F70FA306F4009357050193F7F70F00
:102330002307F4006181A307A400A24593F7F50FDA
:102340002308F40093D7850093F7F70FA308F40050
:1023500093D7050193F7F70F2309F400E181A3094F
:10236000B400B7E700E02386E740056723A0E71045
:10237000AD471CC041016FD0FFE1EFF09FE99387AB
:1023800001859843050798C373002030EFD2DFDB47
:1023900055710545EF00D048EF001010EF10001206
:1023A000EFE03FF60145EFF06F81EFE01FB101452F
:1023B000EFE0BFBBEFE07FE3EFF01FE80A85EFD06F
:1023C000FFF0716513050520EFE0EFF789641385D1
:1023D0000458EFE0AFBE1305C012EF108010652E59
:1023E00013054006138B0185EF10A00F372900203D
:1023F000032A0B00EFF07F91130509D5EFF0BF948E
:10240000130409D593076002A306F40089671387B4
:102410006762938707F42312F40089472313F402B9
:102420008567938707962310F400B72A0020930747
:10243000A0022317E4002316F4021307D0028547F5
:1024400013854AD82314F4022308E4002308040265
:10245000EFF0BF9983A5818023200B009387F4F3CD
:102460009389018563FBB706938404F4B3D5950281
:102470001385F5FFB335B500FD15096BEFF0FFE7E8
:10248000814B8544130CF07C130BFB70930CB05DF7
:1024900003A409007521930509D5228613854AD81E
:1024A000EFF09F96B307444185EC6360FB0413C5CE
:1024B0001400EFE02F9B2285EFE0AFB2639A0B0090
:1024C000EFE0EF9911C563F58C00EFE0CF90854BFD
:1024D000E1F02285EFE0CFEA65BF0145814571BF9C
:1024E000E377FCFC228A8144D9B7EFF0FFD4228A3B
:1024F000854475BFEFD2DFC737040240130584055A
:102500008145EF00F01CB724002093050008130557
:102510008405938484DD23800400EF00D01D8504AE
:1025200064D037050200EF0030221304840585458E
:102530002285EF00F0196FD0FFC5EFD27FC3EF0007
:10254000507A6FD03FC531C9EFD2FFC0B7440140C8
:10255000AE892A8901449384048093170401C183BE
:1025600063EE3701374401401304048093050004EF
:102570002285EF00B06F7DD96FD03FC19305000871
:102580002685EF00B06E7DD9B307890083C50700AB
:1025900026850504EF00F06CC9B78280EFD25FBDDD
:1025A000372400201304C4ED5C487D5599CB138576
:1025B0000182894582971C4C014581C70945829754
:1025C00001456FD03FBDB727002001468146938764
:1025D000C7ED05431317060141836364B7003685D1
:1025E000828003A807003307C500034E0700630B72
:1025F000080283D847006377130303D767000507F2
:102600004207418363631701014783D88700630B47
:10261000170183D8670046982300C8012393E70079
:1026200005064DBFF956EDBFEFD29FB43724002009
:102630001304C4ED5C487D559DCBEFF03FF61306C7
:10264000005B2313040081451305C4012314040017
:102650002315040023060400EFD09FB485472324EC
:10266000F45C5C481385C1818945829701456FD030
:102670007FB2797152CE374A01409305404213052B
:102680000A8022D626D44AD24ED0EF00F05E3DCD4D
:10269000B704024013858405814537240020EF00EC
:1026A0003003130484DDFC4C034904009384840547
:1026B00093090008B389F94093050008934719006E
:1026C00026852300F400EF00100383470400C209AD
:1026D00093D909019E078507A297DCC483570A8016
:1026E00085452685C207C1833EC683574A80C207F7
:1026F000C1833EC6B247EF00A07D63890900131570
:1027000079000505CE852295EFF0FFEB3254A254F7
:1027100012598259724A45617300203041113705C0
:10272000020022C626C44AC2EF00500139CD372428
:102730000020130484DD37050200EF00F00083441D
:10274000040037090240814593C714001305890529
:102750002300F400EF00C0771305890593050008F6
:10276000EF006079834704001305890585459E07BE
:102770008507A2975CC5EF00A07513957400050549
:10278000930500082295EFF01FE43244A244124959
:10279000410173002030EFD21F9C37250020397192
:1027A00013061010130A85DD8145130585DDEFD072
:1027B0003F9F11658545110502C402C602C802CAC1
:1027C00002CC02CE02D002C002C2EF00F01A930780
:1027D00000202314F100371401408D473EC62C0021
:1027E000E147130504803EC8EF00C076930900401E
:1027F00091472C0013050480231431013EC8EF00DB
:102800006075F16737440140938707203ECA4C0842
:10281000B7070C00130504803ECE02CC2310010242
:10282000EF00303305469305404213050480EF0066
:10283000903E9307501305492310F1000A85854700
:102840002301F1004AC2EF00A07E130504808545F4
:10285000EF00B03A1306C00281454808EFD05F94FC
:1028600085450545B704024002C402C6EF00F00EDC
:10287000138584052D23930744803ECA93071A00CD
:102880003ECC930700083ED03ED44C088D6713859C
:1028900084053EDC02CE02D202D602D802DA02DE83
:1028A000E52B05468945138584052D2D9307F011E9
:1028B00028002314F1004AC623050100EF004077E9
:1028C0003705020023000A0041251385840585454C
:1028D000012513050480054693050004EF00103719
:1028E000372500201304C5ED1306C05C8145130590
:1028F000C5EDEFD0FF8AB72700209387874A1CC019
:10290000B7270000938767545CC8B72700009387F8
:10291000A7531306005B81451305C4011CCC231289
:102920003401EFD0FF87130500322324245DEF002C
:10293000503BEFF03FBCEFF03FCF21616FD0FF8401
:10294000EFD29F80372400201304C4ED996491498D
:102950009384F49F9306C401138941820357840032
:1029600083576400C207C1836388E7160357840056
:102970001C4003564400BA9703C7070083578400DE
:102980008507C207C1832314F4008357840063E4DE
:10299000C700231404008347A400A1E38347B400C5
:1029A0003306F90003460600631EE600850793F729
:1029B000F70F1947637DF70085472315F4002306B9
:1029C000040069BF9307500A6316F7008547A30503
:1029D000F40069B7A305040051B78347C400330668
:1029E000F4008507A306E60093F7F70F63E5F90007
:1029F0002306F400A5B7034BD40023060400935725
:102A00001B00B347FB00858BF1C30347E4009377BA
:102A10001700CDCF8347F40005839E07D98F63C786
:102A2000F40A139A07018347445C135A0A01834B43
:102A30000401834A1401B5EB854736851306805A95
:102A400081452302F45CEFD0AFF58327845CAA862E
:102A5000138727002324E45C85072320F45C139765
:102A60008A003367770193576A00E30907EE098309
:102A7000E30607EE0356C45B8A070506231EC45A05
:102A80003306F4000346F60111E60356E45B05063F
:102A9000231FC45AA297239EE70013572B00238FAE
:102AA000E7000547A38FE70055BD93771B00C5DB03
:102AB00036851306805A8145EFD08FEE8327845CDC
:102AC000AA86138717002324E45C41BF8357640060
:102AD000C207C1832314F4006FD08FEA11CDEFD267
:102AE0002FE9B72500201306805A938585EFEF5014
:102AF000300805456FD00FEA0145828001E90145A4
:102B0000828001451301015B6FD0CFE8EFD24FE621
:102B1000130101A5B72500202A841306805A938546
:102B200085EF2800EF50D0040357815A9307F00235
:102B3000E3F9E7FC0357A15ADD47E3F4E7FC01475B
:102B4000130670F99305A00693160601C182B68795
:102B50006356060093878616C207C1838A07130649
:102B6000015BB29783C7B7A581C7050742074183B9
:102B70008506139606014186E318B6FCDD47E3F2AD
:102B8000E7F81306805A2C002285EF50607E054539
:102B900095BFB71702409843B706FFF84111136776
:102BA000170098C3D84337060200758FD8C39843DF
:102BB000B706F7FEFD16758F98C39843B706FCFF5E
:102BC000FD16758F98C3D843B70681FFFD16758F24
:102BD000D8C337079F0098C702C402C69843C1668E
:102BE000558F98C3B7160240130700509C42F18FCF
:102BF0003EC6A24785073EC4B24781E7A247E39796
:102C0000E7FEB71702409C431397E7006354070899
:102C100085473EC632478547631CF706B727024003
:102C20009843B706C1FFFD161367070198C3984381
:102C3000719B98C398431367270098C3B717024046
:102C4000D843D8C3D843D8C3D84313670740D8C3A1
:102C5000D843758FD8C3D843B7061D00558FD8C346
:102C60009843B7060001558F98C3984393166700A1
:102C7000E3DD06FED843B7160240719BD8C3D843A4
:102C800013672700D8C32147DC42B18BE39EE7FEE0
:102C90004101828002C6BDBFB7160240DC42114628
:102CA000B18B138781806385C70021466389C70282
:102CB000B7177A00938707201CC3B7170240DC437D
:102CC000918393F6F700B707002093870700B69724
:102CD00083C607001C43B3D7D7001CC38280DC42E5
:102CE000D042C983BD8B9315F600890763CD0500DB
:102CF000B746024083A60680C18A99CAB7167A00F1
:102D00009386062011A8D4421396E600E35806FEE7
:102D1000B7163D0093860690B387D70271BF01A016
:102D200097E1FF1F938101CD172100201301812D11
:102D300017950000130585FD97D5FF1F9385852CFA
:102D40001386018363FAC5008322050023A0550082
:102D500011059105E3EAC5FE13850183970500205F
:102D6000938505B56377B500232005001105E36D54
:102D7000B5FE930280087390023097D2FFFF9382D2
:102D8000E22B93E2120073905230EFF09FE097F243
:102D9000FFFF9382E25F73901234730020301C4176
:102DA00041677917F98F1CC12320050023220500F4
:102DB00023240500B7070240232605001387870058
:102DC0006317E500D8431367F700D8C382801387E1
:102DD000C7016316E500D8431367070FFDB71387D4
:102DE00007036318E500D8438566938606F0558F80
:102DF000E9BF138747046315E500D843BD66C5BF27
:102E0000138787056316E500D843B7060F00C5B7DB
:102E10001387C7066316E500D843B706F000C1BFA5
:102E2000138707086316E500D843B706000FC1B73C
:102E3000138787406319E50003A747401367F7002E
:102E400023A2E74082801387C7416317E50003A7E9
:102E500047401367070FEDB793870743631BF500E0
:102E6000B707024003A747408566938606F0558F53
:102E7000C1BFB7070240138747446316E50003A7A5
:102E80004740BD66EDB713878745E31DE5FA03A705
:102E90004740B7060F00E1BF1C4161773D079451E1
:102EA0007D8F9C45D58F9449D58FD449D58F944D2E
:102EB000D58FD44DD58FD451D58F9455D58FD98FEB
:102EC0001CC1DC455CC19C411CC5DC415CC58280E9
:102ED0001C4189C593E717001CC18280416779179F
:102EE000F98FDDBF1C4101C6DD8D0CC1828093C509
:102EF000F5FFFD8DDDBF4CC1828048414205418117
:102F000082809317350063DA0700B707024083A772
:102F100007407D8D3335A0008280B70702409C4377
:102F2000CDBF9317350063D70700B707024023A230
:102F3000A7408280B7070240C8C38280EFD24FA368
:102F4000EFF03FFC6FD00FA5EFD28FA2EFF07FFD27
:102F50006FD04FA49C4513F7070113F8F70001C782
:102F6000D8413368E80083D5050013F7F50F39C35E
:102F700018418146854E3D4F930F80029302800495
:102F8000214E3396DE00B3F8C50063111603939803
:102F9000260033131F011343F3FF3377E300B31805
:102FA000180133E7E800639FF70550C98506E39AE7
:102FB000C6FD18C11307F00F6375B70454412146CD
:102FC000854E3D4F930F800293028004414EB3988B
:102FD000CE0033F715016392E8021317260001179C
:102FE0003313EF001343F3FFB376D3003317E80036
:102FF000D98E639DF701232A15010506E319C6FD45
:1030000054C18280E39457FA10C94DB7E39757FE35
:1030100023281501DDB719C20CC982804CC98280F2
:10302000B7E700E0370705FAB8C723AAA184828072
:1030300083A641858547034705006392F6028347CF
:103040001500639DD70283472500920793E707F891
:10305000B7E600E093F7F70FBA962380F64085466F
:1030600093575700B396E600584111CF9387070452
:103070008A0737E700E0BA9794C38280EDF383476D
:1030800025009207F1B737E700E093870706304342
:10309000C1458A072CC3BA9794C330C382803717BF
:1030A00002405C439146B18B6385D700A14663869D
:1030B000D706B7177A00938707201CC1371602403E
:1030C0005C4237070020130707019183BD8BBA9735
:1030D00083C607001C41B3D7D7005CC15442A1820C
:1030E0009D8ABA9683C60600B3D6D70014C554424B
:1030F000AD829D8A369703470700B3D7E7005CC5CA
:1031000058423983937637001387C1803697034737
:103110000700B3D7E7021CC982805C435443C983CC
:10312000BD8B1396F6008907634D060037470240B2
:1031300003270780418B19CB37177A001307072025
:1031400011A858439316E700E3D806FE37173D0051
:1031500013070790B387E7028DB799C53717024069
:103160005C4B5D8D48CB8280B7170240D84B13452E
:10317000F5FF798DC8CB828099C5371702401C4F67
:103180005D8D08CF8280B7170240984F1345F5FF39
:10319000798D88CF828099C5371702405C4F5D8D4D
:1031A00048CF8280B7170240D84F1345F5FF798D7D
:1031B000C8CF82808357050037370140130707C007
:1031C000C207C1836300E50237070040630CE500D6
:1031D000130707406308E50037170040130707800F
:1031E0006317E50003D7250093F7F7F8D98F03D7C6
:1031F000650093F7F7CFC207C183D98F2310F5007D
:1032000083D745002316F50283D705002314F50262
:10321000B7370140938707C06316F50083C7850061
:103220002318F5028547231AF5008280835705028B
:1032300003D6050003D82500C207C183F99BC20746
:10324000C1832310F50283570502835645000357B7
:103250008501C207C183420741831377C7F8518FA5
:1032600003D68500F59BC20633660601D18F37363B
:103270000140130606C0C1826313C50203D6A50030
:10328000DD9B03D8E500D18F03D64500ED9B93F677
:10329000F6CFD18F03D6C50033660601D18E231237
:1032A000D500231CE50003D76500231AE50223108F
:1032B000F50282808357050091C593E7170023101C
:1032C000F5008280C207C183F99BC207C183C5BFD5
:1032D0008357450491C52167D98F2312F504828055
:1032E000C607C583DDBF8357050091C593E707086F
:1032F0002310F5008280C207C18393F7F7F7C20756
:10330000C183FDB783578501C207C183DD9BDD8D76
:10331000231CB5008280231AB50282800355450321
:103320008280035585038280835705010355C500BC
:10333000ED8F4205418189C76D8D3335A0008280B4
:103340000145828093C5F5FFC205C1812318B500F0
:103350008280EFC2FFE183560501F577FD17F58FF7
:1033600083D6650003D7C5007971D58F2318F50082
:103370008356C500FD779387379FF58F83D6450029
:103380002A842EC6D58F83D68500D58F83D6A500F7
:10339000D58F2316F50083574501C207C18393F7E4
:1033A000F7CFD98F231AF5006808EFF05FCFB74742
:1033B000014093870780B245631FF402A257654717
:1033C000B387E7029841930640060A07B3D7E7029E
:1033D00033D7D702B3F7D702120792079387270391
:1033E000B3D7D702BD8BD98FC207C1832314F40092
:1033F00045616FC03FDA9257D9B781C98357C5007D
:103400000967D98F2316F50082800357C500F97725
:10341000FD17F98FC5BF13F7F50F85471583B395D2
:10342000B7006319F7009307C500984301CED98D03
:103430008CC38280894693074501E318D7FE930722
:103440000501E5B793C5F5FFF98DDDB78357450154
:1034500009C6DD8D231AB500828093C5F5FFFD8D69
:10346000D5BF93F5F51F2312B500828003550500E3
:103470006D8D3335A000828013F7F50F85461583D7
:10348000B397B6006313D7020357C500F98F0357EC
:10349000050001454207418381CB0545A181B31554
:1034A000B5006D8F3335E000828089466315D70003
:1034B00003570501E1BF03574501C9BF83A78180B9
:1034C00037177A0013070720B3D7E70293F7F70FF0
:1034D000238DF1841307803EB387E702239CF18498
:1034E0008280B7F700E023A0070003D781852382FD
:1034F0000700A3820700238307003305A702A383E5
:103500000700054798C337F700E05C43E37FF5FE0B
:103510008280EFC25FC4B7540040AE893289014453
:1035200093840480634524014A856FC01FC69305B8
:1035300000042685EFF09FF37DD9B387890083854A
:10354000070026850504C205C181EFF09FF1D9BFB0
:10355000138701811C43B73600209386C68A3E95A7
:10356000636BD500B75600209386068063E5A600FE
:1035700008C33E858280FD57EDBF011122CC370480
:1035800000809347F4FF3717493F06CEE98F1307B2
:1035900087FD635DF7023707807F63C9E700AA856F
:1035A000EF402058F2406244056182802C000D26D5
:1035B0000D8985476304F5028947B245630BF5021F
:1035C0000DC522450546EF10C012E9BF9305000066
:1035D000EF000073F240624405618280B2452245EB
:1035E0000546EF100011218D75BF2245EF00407197
:1035F00055BF2245EF00C070218D6DB7011122CC5F
:10360000370400809347F4FF3717493F06CEE98F10
:10361000130787FD635DF7023707807F63C9E70003
:10362000AA85EF400050F2406244056182802C0080
:1036300045240D8985476305F5028947B245630A2C
:10364000F5021DC12245EF00A06B218DE9BF0146A7
:1036500093050000EF10E009F240624405618280AA
:10366000B2452245712DC1B722450546EF106008CD
:103670005DBF22450546EF10C007218D6DB76DA8CF
:10368000397122DC26DA4AD806DE2A84612B938738
:1036900041818443FD572A89638EF400A2852285E7
:1036A000EF40B00001E9930500002285EF4060156E
:1036B00063490500F25062544A85D254425921614F
:1036C000828085473EC4228597870000938747CA3A
:1036D0003EC602D4EF4090202ACC2ECE2AC82ECA55
:1036E0009DCC014681463285B685EF20E0462AD042
:1036F0002ED289476397F402EF40104793071002D8
:103700001CC1A2578DE702559255EF40F027F250A9
:1037100062542A894A85D25442592161828002D05A
:1037200002D22800EF10A00F61D9A257E9DFEF40C5
:10373000B043A2571CC1C1BFB7070080411193C756
:10374000F7FF2E8706C622C4FD8D3706807FAA8626
:103750006340B604E98F2A83634CF602B708803FC2
:103760006302170F1354E74109887D81498C8DEB63
:1037700089476300F40A8D473685631FF400B24021
:103780002244978700009387A7BF88434101828026
:10379000B6853A85EF301017B2402244410182804D
:1037A000ADC1638EC506638EC7048D8FDD8713069A
:1037B000C003634EF60863580700130640FC130568
:1037C000000063CAC700BA853685EF30504AEF1053
:1037D000C02DEF10000585476306F40C894763038D
:1037E000F40A5DD897870000938747BB8C43EF307E
:1037F000701197870000938767B88C43EF40603261
:1038000061BF634B0306978700009387E7B6884341
:1038100061B797870000938767B68843B5BF638E0B
:10382000B7028947E307F4FE8D47E30AF4F48547BE
:1038300013050000E312F4F697870000938787B41E
:10384000884399BF2244B24041016F00907D978721
:103850000000938767B28843BDBF89476304F406BD
:103860008D47630BF40485476302F40497870000D7
:10387000938747B288430DB7978700009387C7B0F7
:10388000884319BF97870000938747B18C43EF3077
:10389000700797870000938767AEAA858843EF403B
:1038A0004028DDBDB70700803D8DFDB5978700003E
:1038B000938787AE8843CDB597870000938747AD40
:1038C0008843D9BD97870000938747AC8843E9B503
:1038D000397122DC3717493F1314150006DE26DA4A
:1038E0004AD84ED652D456D25AD05ECE62CC05803B
:1038F000130787FD6352871237D71640130737BE69
:10390000AA89AE846341870697870000938747A9F9
:1039100041988C43635EA02AEF40A020B717C93FAF
:10392000938707FD2A896306F410178400001304A7
:1039300064A70C40854BEF40C01EAA8588C04A850D
:10394000EF40201E0C40EF40C01DC8C0F250625432
:103950005E85D2544259B259225A925A025BF24BB6
:10396000624C2161828037174943130707F863517E
:10397000870E3707807F6357E40A13597441130990
:10398000A9F7931779011D8C2285EF40C055EF40B0
:10399000A05BAA87AA8522853EC2178A0000130A67
:1039A000EAA1EF40001883250A00EF30506EAA8A82
:1039B000EF406053EF404059AA852A84568522C4BF
:1039C000EF40201683250A00EF30706C930500004D
:1039D0002AC6EF30F0548D4609E993050000228590
:1039E000EF301054B336A000850697870000938708
:1039F00027A509474A86A6854800112BAA8BE3D73D
:103A000009F49840DC40B7060080358FB58F98C028
:103A1000DCC0B30BA0401DBF9307000088C1DCC110
:103A2000814B2DB7AA85EF40C00FC8C088C0814B1D
:103A300031BF97870000938727978C431784000036
:103A40001304C496854BEF40C00D2A890C40E5B5A0
:103A5000EF10A00597870000938787958C432A89EC
:103A6000EF30F06297770000938707218C43EF30A7
:103A70006069EF404047AA8BEF40004D97870000F8
:103A8000938707928C43AA8AEF307060AA854A8593
:103A9000EF402009978700009387C7908C432A8BBB
:103AA0005685EF30D05EFD472A8AAA855A8563CABB
:103AB0007705EF4000079387FBFF13972700978751
:103AC00000009387E78FBA979C43137704F02A8905
:103AD000630CF70223A02401CA855A85EF406004D5
:103AE000D285EF400004C8C0E3D209E6B7070080E2
:103AF00033C927013D8D23A02401C8C0B30B7041F9
:103B0000B1B5EF4000022A89935779015D8493F79C
:103B1000F70FB307F4402147E35EF7FA97870000F9
:103B2000938787888C435685EF3070562A89AA85FB
:103B30005A85EF30107FAA852A8C5A85EF30707E27
:103B4000CA85EF30107E97870000938727868C43C5
:103B50002A895685EF30B053CA85EF30907CAA850C
:103B60002A8A6285EF30F07B9357750193F7F70F40
:103B70001D8CE5472A8963C5870088C0628BA9BF71
:103B800097870000938707838C435685EF3030502A
:103B90002A84AA856285EF30D078AA852A8B62852F
:103BA000EF303078A285EF30D07797870000938789
:103BB000A7808C432A845685EF30704DA285EF3064
:103BC0005076AA852A8A5A85EF30B0752A8919B7A6
:103BD000EF304053B717C93F938707FD2A89630425
:103BE000F402177400001304E47B0C40FD5BEF301B
:103BF0006051AA8588C04A85EF30B0720C40EF3022
:103C00006050C8C0A1B3977700009387E7798C43D1
:103C10001774000013048479FD5BEF30A04E2A89ED
:103C20000C40F1B741119317150022C406C68583D5
:103C30003707807F2A84AA8563F8E708C9C3AA8763
:103C40006342050A698F9356754105E31317850092
:103C50006345070A014711A03287860793958700BD
:103C600013061700E3DA05FE998E37078000130666
:103C7000F7FFF18F938616F85D8F13F616009317F2
:103C8000170031EE13D816400145E5468145370748
:103C900000013386E500FD1663C6C700B305E600E4
:103CA000918F3A9586070583EDF699C305057999B5
:103CB0000585B705003FAA9593167801B695B240E1
:103CC00022442E8541018280EF30703CA285EF3086
:103CD0006043B2402244AA852E8541018280931719
:103CE00027004DB7EF30F063AA85EF304078B2403F
:103CF0002244AA852E85410182807D57998EB5B7D1
:103D0000011126CA931415004AC84EC606CE22CC0D
:103D100052C456C28580B70700322A89AE8963D85B
:103D2000F40CEF40401C630E051CCA854A85EF3039
:103D30001036978700009387A7A28C432A84EF3020
:103D40001035978700009387E7A18C43EF30803BC5
:103D5000A285EF30D033978700009387E7A08C438C
:103D6000EF30305CA285EF30903297870000938768
:103D7000E79F8C43EF300039A285EF3050319787B1
:103D800000009387E79E8C43EF30B059A285EF3057
:103D90001030978700009387E79D8C43EF30803683
:103DA000A285EF30D02E2A8A977700009387C7EC40
:103DB0008C432285EF30B02DAA84D2852285EF3046
:103DC000102D2A84CE854A85EF30702CAA85228555
:103DD000EF303055AA852685EF30B0549777000034
:103DE00093874755AA858843EF30B053F5A0AA853D
:103DF000EF30F02997870000938787968C432A84B9
:103E0000EF30F028978700009387C7958C43EF30F9
:103E1000602FA285EF30B027978700009387C79463
:103E20008C43EF301050A285EF307026978700004A
:103E30009387C7938C43EF30E02CA285EF30302579
:103E4000978700009387C7928C43EF30904DA285EF
:103E5000EF30F023978700009387C7918C43EF30B2
:103E6000602AA285EF30B022B7A7993E9387979931
:103E70002A8AE3DB97F2B707483F63C8970697772C
:103E800000009387274B8843B70700FFBE94A685A1
:103E9000EF303049AA8A977700009387E7DD8C439B
:103EA0002285EF30D01EA685EF30B047AA84D28598
:103EB0002285EF30D01D2A84CE854A85EF30301D13
:103EC000AA852285EF30F045AA852685EF3070451A
:103ED000AA855685EF30F044F2406244D24442490C
:103EE000B249224A924A05618280978700009387EF
:103EF000A78683AA070097870000938727868443B5
:103F000059BF977700009387E7428843F1B7217143
:103F1000131827003ADA178700001307A78923260A
:103F2000311B2320611BB689232E71194297232E42
:103F3000111A232C811A232A911A2328211B2324A6
:103F4000411B2322511B232C8119232A9119232839
:103F5000A1192326B11932DEF1562ACE2ED83ED031
:103F6000032B0700938BF9FF6341D66E1307D6FF2F
:103F70009357F7419D8BBA978D873ECC85078E0767
:103F80003EDC6247E256B3077B0133047741725748
:103F9000138917000409158F3AC6229963C20702D4
:103FA000025A93172400D2971305000063450400BA
:103FB0008843EF30707988C005049104E31324FF2F
:103FC000131C2B00634B0B04F24D13992B001C099F
:103FD00013044900131C2B003E995C1A041A338AFF
:103FE00087016E94CA8CEE8A130D000063C10B0228
:103FF00083A50C0003A50A00910AF11CEF303009DB
:10400000AA856A85EF3000102A8DE3938AFE23A0EB
:10401000A40191041109E39744FD741813078CFF60
:10402000369C940036973AD4724713942900B246CE
:104030003A94370700407D173AC42147158F9307FC
:10404000FBFF8A073AD61803BA97DA84930A01135A
:104050003ED25ACA139D24001C03EA9783AD07FB86
:1040600063569006A247177700001307E773032BE8
:1040700007003389F4000A09177700001307073493
:10408000569993090104032A070011A03E89DA8595
:104090006E85EF30C07FEF301065EF30F06AD2856B
:1040A000AA8CEF30C07EAA856E85EF309027EF3066
:1040B00090638325090023A0A9006685EF30800462
:1040C000AA8D9307C9FF9109E3922AFD324B6E85B1
:1040D000DA85EF00B02A977700009387276D8C432D
:1040E0002A89EF30C07AEF00B01C977700009387E1
:1040F000276C8C43EF30A079AA854A85EF30702277
:104100002A89EF30505EAA89EF301064AA854A856B
:10411000EF3030212A8A635560119387F4FF18032A
:104120008A07BA9703A907EC32561D473307674140
:10413000B356C9403396C6003309C94023A027EDC2
:104140003359E940B699634B200F9305000052851F
:10415000EF30005D631F0516D247138AF4FF634FEB
:10416000FA00A2479800A6978A07BA970147944396
:10417000F117558FE39D87FF6310072C925783A794
:1041800007EC6396072AA2570547F117D4430507A2
:10419000EDDE938714003E8BBA9462473389FB00AF
:1041A000F24D330AF70022478A070A0A3A99025762
:1041B0000A09B389FA001C093A9A3E9962C8032594
:1041C0000A00EF3070582322A90063C00B044A8D07
:1041D000EE8C130C000021A003250D00711D83A59A
:1041E0000C00910CEF30A06AAA856285EF209071D7
:1041F0002A8CE3938CFE23A08901050B110A9109F7
:104200001109E3DE64FB424CB1B5130C000023A09E
:104210008901050B110A91091109E3D264FBE5B785
:10422000B247639E071C9387F4FF8A071803BA9767
:1042300003A907EC13598940E35920F18509635A12
:104240009040064B8547631B0B16638EF400D40029
:10425000054703AB060093071700910663110B1681
:104260003E87E398F4FE32476353E00285476302DA
:10427000F73C8947631DF7009387F4FF18038A070B
:10428000BA9703A707EC1377F70323A0E7EC894756
:10429000E31DF9EA977700009387C7098843D28521
:1042A000EF3030082A8AE3020BEA97770000938701
:1042B00067088843B245EF00700CAA855285EF303D
:1042C00050062A8A930500005285EF306045E305C9
:1042D00005E8E25772575285524BB385E740EF002D
:1042E000F009977700009387670D80432A8AA2859B
:1042F000EF30C048634D053A977700009387C74A6F
:104300008C4352851C03B38BA701EF304058EF302C
:10431000903DEF307043A285AA8AEF304057AA85BE
:104320005285EF301000EF30103C138A14001C034C
:1043300023A0ABEC13142A0056853E94EF30B03A1C
:10434000B2472320A4ECA1073EC6977700009387CD
:1043500067FE8843B245EF007002AA8A635F0A10C5
:104360005257894763C7E720634FE03613050000C3
:1043700001EB63050900B70700803D8DC25788C374
:104380008320C11B0324811B13F579008324411B67
:104390000329011B8329C11A032A811A832A411A7E
:1043A000032B011A832BC119032C8119832C41196A
:1043B000032D0119832DC11839618280014714032F
:1043C0000A07369793060010338B6641232067ED6A
:1043D00063D597028A07180394003E973386A60197
:1043E000B697032707EC9306F00F11A09843338785
:1043F000E64098C39107E39BC7FE054BADB59777A1
:104400000000938767878C430149EF302037E34EE4
:1044100005D285090949E34690E297770000938722
:1044200067F18843D285EF30C06F2A8A39BB938702
:1044300014003E8BBE8495B3180393172A00BA97D5
:10444000324783A707EC524B61173AC681EF939727
:104450002400E1179400B697F117D4437D1A611731
:10446000E5DE3AC6977700009387C7EC8843B245EC
:10447000EF00C070AA8AE3450AEE13172A001C1A3F
:10448000B384E7009400977700009387E7313AC43C
:10449000338DE600268483AC070011A03E8D0325F2
:1044A0000D007114EF30502AD685EF30403E48C0E1
:1044B000E6855685EF30A03D9800AA8A9307CDFF88
:1044C000E31EA7FD930C010EE68A0144634E0B0424
:1044D000977700009387072D177D0000130D0D2A95
:1044E000268C8843930D0000814B39A0110C634149
:1044F000740303250D00110D83250C00850BEF308F
:104500000039AA856E85EF20F03FAA8DE3507BFF2E
:1045100023A0BA01181A0504910A9387C4FF630007
:104520009702BE84E3560BFA930D000023A0BA0154
:10453000181A0504910A9387C4FFE31497FE525793
:10454000894763C8E702BA876347E010224713052B
:104550000000B38BEC0099C325B5BE8B83A50B007F
:10456000EF20503A9387CBFFE3997CFFE30809E003
:1045700019B552578D47E315F7E063594017931A61
:104580002A001C03D697930C010E1384CAFF03ABB9
:1045900007F6669411A03E84832B0400DA855E85BD
:1045A000EF205036AA84AA855E85EF308057DA85E1
:1045B000EF20503548C004C09307C4FF268BE39C0E
:1045C0008CFC854763D4471313142A001C03BE9A3E
:1045D000711483AA0AF6B3848C0011A0BE8403ABC5
:1045E0000400D6855A85EF20F0312A8AAA855A859B
:1045F000EF302053D685EF20F030C8C023A044010F
:104600009387C4FFD28AE39BFCFC1104A29C130590
:10461000000083A50C00F11CEF20D02EE39B94FF3B
:104620008E561E57631F0908C25794C3D8C388C744
:1046300081BB9387F4FF18038A07BA9703A707EC97
:104640001377F70723A0E7EC99B1A1473EDC02CC32
:104650000DBA014B09B9A247130400002285B38BA0
:10466000FC0011A0BE8B83A50B00EF20B02993871F
:10467000CBFFE3997CFF2A840E55A285EF30604A78
:10468000631B0904C25780C363504003C41105442F
:104690008C4005049104EF20F026E35B8AFE63055D
:1046A0000900B70700803D8DC257C8C3D1B95285F4
:1046B0001C033384A701EF3010032320A4EC268AC7
:1046C00055B34256B7070080BD8E3D8FA98F14C2E7
:1046D00058C21CC675B1B70700803D8CC25780C355
:1046E000E34640FB7DBF1304000079B713050000CB
:1046F00005BF01119317150022CC4EC652C406CE39
:1047000026CA4AC856C28583370700322A84AE8932
:10471000328A63D6E700EF30007DA28749CDA285BB
:104720002285EF30C016AA84AA852285EF30201694
:10473000977700009387C7088C432A892685EF3036
:104740000015977700009387E7078C43EF30603DB3
:10475000A685EF30C013977700009387E7068C4358
:10476000EF20501AA685EF308012977700009387CC
:10477000E7058C43EF30E03AA685EF30401197779C
:1047800000009387E7048C43EF20D017AA8A631EAA
:104790000A02AA852685EF30800F9777000093875D
:1047A00067038C43EF30E037CA85EF30400EA285B7
:1047B000EF205015AA87F2406244D2444249B249E0
:1047C000224A924A3E85056182809767000093875E
:1047D000A74A8C434E85EF30800B2A8AD6854A85BE
:1047E000EF30E00AAA855285EF30A033A685EF307E
:1047F000000ACE85EF30E03297770000938787FD7F
:104800008C43AA844A85EF308008AA852685EF204C
:10481000700FAA852285EF30C030AA8769BF014595
:104820008280011122CC1314150026CA4EC606CE72
:104830004AC852C40580B7078050AA84AA89634633
:10484000F402B707807F63C78716635CA018977769
:104850000000938767B29C43F2406244D2444249CD
:10486000B249224A3E8505618280B707E03E635522
:10487000F418B70700316344F4147D59A6852685E2
:10488000EF30E000AA852A8AEF30600097770000B9
:10489000938747F58C432A84EF20707F9777000039
:1048A000938787F48C43EF20F005A285EF20307EBC
:1048B00097770000938787F38C43EF20B004A2859D
:1048C000EF20F07C97770000938787F28C43EF20EE
:1048D0007003A285EF20B07B97770000938787F164
:1048E0008C43EF203002A285EF20707A977700008A
:1048F000938787F08C43EF20F000D285EF2030794A
:1049000097770000938787EF8C432A8A2285EF20D0
:104910001078977700009387A7EE8C43EF306020E4
:10492000A285EF20D076977700009387A7ED8C4380
:10493000EF30201FA285EF209075977700009387B6
:10494000A7EC8C43EF30E01DA285EF2050749777E1
:1049500000009387A7EB8C43EF30A01CA285EF20CB
:104960001073AA855285EF20E079A685EF2030727A
:10497000FD57AA85630DF9060A099777000093870A
:1049800027EACA978C4397770000938767E83E9998
:10499000EF302019A685EF30C018AA85032509003D
:1049A000EF302018AA87E3D909EA37070080B34718
:1049B000A7005DB5AA85EF20E074AA8771BD97773F
:1049C0000000938767E18C43EF20C0739777000066
:1049D000938747968C43EF20705AA687E35FA0E841
:1049E000A5BD977700009387279A9C43B5B5268588
:1049F000EF302013AA878DB54D28B707983FAA84BA
:104A00006350F404B707303F6355F408AA85EF20DC
:104A1000606F977700009387E7918C430149EF30EF
:104A20004010976700009387E7248C432A842685EB
:104A3000EF20406DAA852285EF207023AA843DBD1A
:104A4000B7071C40635CF40217740000130404D918
:104A50000C400949EF30E00C0C402A8A2685EF20F3
:104A60001063977700009387E78C8C43EF20806971
:104A7000AA855285EF20B01FAA8409B59777000058
:104A8000938707D68843A6850D49EF20501EAA8438
:104A9000F5B3177400001304E4890C400549EF30A6
:104AA00040082A8A0C402685D1B7060505818280F8
:104AB000011126CA93141500858022CC13D47401E9
:104AC0004AC806CE4EC652C456C2130414F8D9477B
:104AD0002A8963CB87082A8A634D0404B70A8000B9
:104AE0009384FAFFB3D48440B3F7A400AA8985CB9A
:104AF00097770000938747CE8C43EF20A060930503
:104B00000000EF20B047635CA0006356090033D477
:104B10008A40330A240193C9F4FFB3F94901F240F2
:104B200062444E85D2444249B249224A924A0561C2
:104B3000828097770000938727CA8C43CA89EF2029
:104B4000605C93050000EF207043E35AA0FC9309DA
:104B50000000E35609FCCA89F9D0977700009387D3
:104B600027C883A9070065BFB707807FAA89E3E844
:104B7000F4FAAA85EF200059AA8955B793171500B2
:104B800085832A87B1C7411106C622C43706807FB4
:104B900063F9C702B376C5002E8485EE97770000CF
:104BA000938707C98C43EF20904ED177938707CB2B
:104BB0002A876349F4069357754193F7F70F9D17BA
:104BC00011A8AA85EF200054B240224441018280FE
:104BD0008280DD83A2979306E00F63CCF6006349E1
:104BE000F002A95663D8D704B1679387073563D21B
:104BF000870697770000938727BE8043BA85228572
:104C0000B128A285EF20B048B24022444101828001
:104C1000B2402244370780807D17798DDE075D8D95
:104C200041018280977700009387C7C08C43EF20B3
:104C3000104659BF17770000130707C00C4337070A
:104C400080807D17E507DE07798D5D8DEF2030448C
:104C5000A5BF977700009387E7BD45B7B7070080EA
:104C600013C7F7FF798DFD8D4D8D8280011106CE22
:104C70002EC615CD1841AA8705C358417D5511CBC5
:104C80008546631BD70098472300070023A207002F
:104C90000545F240056182809847B2462300D7005F
:104CA0009847050798C7D8437D17D8C3D5B7054699
:104CB0006C00EFE01F86E9BF797122D426D24ECE78
:104CC00052CC56CA06D64AD05AC82A8AAE8A3284EC
:104CD00081449309000263440602B3879A008387E4
:104CE00007009DE363D6840263D2E402198C93F734
:104CF00026009309000281C719E393090003858AFE
:104D0000014985EA228931A88504C1BF058CC5B750
:104D10000144F1BFCE8552853AC6EFF03FF53247E8
:104D20007D19E34920FF22896353040001493304BC
:104D3000244163CBE402CA84B3872441D697838598
:104D40000700A1E122896343200563530400014465
:104D500033059400B250225492540259F249624AE7
:104D6000D24A424B45618280B3049740268B93051B
:104D7000000352857D1BEFF07FEFE31A0BFE2699AF
:104D80005DBF5285EFF09FEE85047DB7CE855285DD
:104D9000EFF0DFED7D1945BF5D71A6C252DC86C61E
:104DA000A2C4CAC04EDE56DABA843E8A85E59307AD
:104DB00000030147D28626862C08231CF100EFF061
:104DC000BFEFB640264496440649F259625AD25A79
:104DD000616182802A893684C68A91CAA9470144C2
:104DE0006317F60063D50500B305B0400544A3077B
:104DF00001029307F102A546130568FC33F7C502CB
:104E000063D3E6002A9713070703A38FE7FE93896E
:104E1000F7FF33D7C50263FBC50409CCB9C81377C4
:104E20002A0021CB9305D0024A8542C6EFF01FE449
:104E30003248FD1493774A008DC3930710069305FB
:104E400000034A85631FF802EFF05FE293058007D5
:104E50004A85EFF0BFE10904F9145687D286268609
:104E6000CE854A85EFF05FE52295A1BFBA85CE8752
:104E700071B71307D002A38FE9FE01449389E7FFBE
:104E800055BFEFF0BFDE93058005D9B71D71CAC8C5
:104E9000CEC6D6C2DAC03A8986CEA2CCA6CAD2C4C1
:104EA0005EDE62DC66DA6AD86ED633E7C500BE899C
:104EB000AA8A428B8347010621E795CF8D679387A6
:104EC000D7022314F100230501000147DA864E863C
:104ED0002C005685EFF05FDEF6406644D644464926
:104EE000B649264A964A064BF25B625CD25C425D4A
:104EF000B25D25618280930700032314F100F1B7AE
:104F0000368AAE84328463000902A9470149639C52
:104F1000F600635A0600B304B040B3379000330480
:104F2000C0401D8C0549A30F0100130DF101935DD5
:104F3000FA41A54C138C68FC5286EE862685A28524
:104F4000EF00B00863D3AC00629513050503A30F0F
:104F5000ADFE5286EE862685A285930BFDFFD129F4
:104F60006366B401639A8D0263F84403630D09001C
:104F70006388090293772B0085C79305D002568575
:104F8000EFF0DFCEFD190147DA864E86DE855685C5
:104F9000EFF09FD24A9589B7AA842E845E8D69BFAF
:104FA0009307D002A38FFBFE0149930BEDFFE1BFF6
:104FB0005D71A6C2CAC0AA842E892E85B28586C616
:104FC0003ACE42CCA2C44EDE52DCB289368A56DAE0
:104FD0005AD8BE8A5ED662D466D2468C6AD0EF10AA
:104FE000506B2A8BAE8B01468146CE854A85EF10E9
:104FF000E011724762487D81BA872AC00547E2887E
:10500000D286DA855E862685EFF05FE82A8D9305E5
:10501000E0022685EFF09FC5050D8147854C0144D0
:10502000294763CE57075A85DE85EF1050722A86CE
:10503000AE864A85CE85EF1040642A89AE896685A2
:10504000A285EF10D0702A86AE864A85CE85EF10F5
:105050004017EF10106413D6F541318DB347B600F9
:10506000B305C5403335B5003386C74002C0E2887A
:10507000D687D286098E094826850547EFF01FE1BD
:10508000B64026446A9596440649F259625AD25A65
:10509000425BB25B225C925C025D61618280B3061E
:1050A0008702850733349703B30C9703369495BF73
:1050B0005D715AD837CB0000A2C4A6C2CAC04EDE6A
:1050C00052DC56DA5ED662D486C666D2AA892E89AA
:1050D0003284014A8144930B5002930AB002294C56
:1050E000130B8B83830509008DE5638609008145D9
:1050F0004E85EFF0BFB7B640264426850649964454
:10510000F259625AD25A425BB25B225C925C616194
:105110008280638875014E85EFF05FB585040509CF
:10512000D1B783071900930C1900639A770193058F
:1051300050024E85EFF09FB385046689CDB7D5D771
:105140006387570563C8FA00130730026384E704D6
:10515000814705A01307D002638AE7001307000305
:10516000E398E7FE930C2900894721A0930C2900BE
:10517000854703870C006303570563C1EA02930662
:105180003002630BD70266890145A54535A8930C0B
:1051900029007DBF930C29009147E1BF9306D002FF
:1051A0006309D70093060003E31FD7FC93E72700AA
:1051B00031A0850C8547C1BF93E74700850CE1B757
:1051C000330585030509369503070900930607FD96
:1051D00013F6F60FE3F6C5FE1306E0029946631ECA
:1051E000C70005098146254603070900130707FD87
:1051F0009375F70F6375B602368A03070900130625
:10520000A0066309C70A6341E6021306C0046303EC
:10521000C70A130680066308C70801461DA8B3869F
:1052200086030509BA96C9B7130640076304C70881
:105230001306A0076300C7089305C0060146631A5A
:10524000B700830519000D466394E5000509114672
:10525000050903070900930500061308100663C437
:10526000E500130810049305700663C2E506930574
:1052700050066359B7169305700463CFE502130611
:1052800050046351C71693063004E31AD7E8184058
:10529000930C4400A30E0100230EE100BE860147DB
:1052A0002A866C0871A0830519000146E393E5FA8C
:1052B000090945B7050995B793063006E309D7FCF8
:1052C00063CEE606930680056303D70289BD930685
:1052D00030076306D70463CDE6029306F006630B3E
:1052E000D70C9306000793E74700E31AD7E211476C
:1052F000631BE60A1D04137784FF0C435043130419
:105300008700C28802C03E880147AA87C146B9A06B
:10531000930650076303D7069306800775B71840B6
:10532000930C4400DA8511C3BA855287BE862A865B
:105330004E85EFF07F98AA946684D5B31147631425
:10534000E6021D04137784FF0C43504313048700C7
:10535000C28802C03E880547AA87A9464E85EFF05D
:10536000FFB2AA946DBB0C40D28811042A878546EF
:1053700029464E85EFF05FA2EDB71147631FE600A7
:105380001D04137784FF0C43504313048700C28825
:1053900002C03E880147AA87C9B70C40D2881104D1
:1053A0002A878146F1B70C40D28811042A878146AA
:1053B0004146C1B711476310E6021D04137784FF0D
:1053C0000C43504313048700C28802C03E88014743
:1053D000AA87A14661B70C40D28811042A8781466A
:1053E000214641BF1D04137684FF130486000C423E
:1053F00050423307D540C2887D173E884E85B68718
:10540000A946EFF0FFBAB1BF397132833EDA2EC43C
:105410002AC67010854748009A8506CE36D63AD8F7
:1054200042DC46DE3EC232C0EFF09FC8F24021614E
:105430008280B687B2882A832E88639D061463F91A
:10544000C50A4167636EE61AB70700016363F63465
:1054500093568601E147176700001307A752369756
:1054600003470700BA97130700021D8F19CB339823
:10547000E500B357F500B318E60033E8070133132E
:10548000E50013D608013355C80293960801C1827E
:10549000935703013377C802B385A60242073368E6
:1054A000F700637AB80046989307F5FF6364180124
:1054B0006367B8303E853308B8403357C8024203AB
:1054C000135303013378C802B386E60242083368F7
:1054D0006800637BD80046989307F7FF636518015F
:1054E00079176363D8003E874205598D81458280D4
:1054F00001E60547B358C702416763EAE80EB707FC
:10550000000163ECF82893D68801E1471767000093
:1055100013074747369783460700BE969307000256
:10552000958FE5EB939E08013387154113DF080142
:1055300093DE0E018545935703013355E703337717
:10554000E703B306D5034207D98F63FAD700C6979E
:105550001307F5FF63E4170163E6D7263A85958FB5
:1055600033D7E703420313530301B3F7E703B30E43
:10557000D703C207B3E7670063FBD701C69793065B
:10558000F7FF63E51701791763E3D7013687420513
:10559000598D828063E2D504C16763E2F604B707E0
:1055A000000163E4F61E13D7860161489767000087
:1055B0009387473DBA9703C70700130E000242972F
:1055C000330EEE40631A0E0C63EDB61C3335C50086
:1055D00013451500814582808145014582809307EE
:1055E000F00F63F3D71C13D786002148C1B7130708
:1055F000F00FC686E37C17F193D68800A14739B730
:105600001307F00FB286E378C7E493568600A147EC
:1056100099B5B398F80033D6D50013DF0801335E8F
:10562000E6033397F500B356D500558F939E0801D6
:1056300093DE0E013313F50093550701B376E603AD
:10564000B387CE03C206CD8E63FBF600C696130663
:10565000FEFF63E4161763F2F616791EC6969D8E5A
:1056600033D6E60393170701C183B3F6E603338508
:10567000CE02139706015D8F637BA70046979307C1
:10568000F6FF636817136376A7127916469793158A
:105690000E01098FD18D45B5B357E600B396C6010B
:1056A000DD8E33D3E50013DF0601B357E303939E8A
:1056B000060193DE0E013398C5013357E5003368C8
:1056C0000701935808013316C6013373E303B3850A
:1056D000FE024203B368130163FBB800B698138758
:1056E000F7FF63EAD80C63F8B80CF917B698B388DB
:1056F000B84033D7E803420813580801B3F8E80369
:105700003383EE02C208B3E5080163FB6500B6957A
:105710001308F7FF63EDD50863FB65087917B695A5
:10572000C207416FD98F1307FFFFB3F6E70093D885
:105730000701718F4182B38EE602B3856540B3865F
:10574000C60213D80E013387E802BA96C296338692
:10575000C80263F3E6007A9693D80601469663E2A0
:10576000C5026385C5003E858145828041677D17FE
:10577000F98EC206B3FEEE003315C501F696E3744A
:10578000D5FE1385F7FF8145828013D70601414876
:1057900031BD93560601C1477DB993D60801C14773
:1057A000B5B38145054582803687014801B54287FA
:1057B00085BF3E86E9BDBA871DBF328E4DB57915CE
:1057C0004698D5B97915C69759BBB68732882A83CA
:1057D0002E872E8E6393061463F1C50A41676378A2
:1057E000E61A1307F00FB2866375C700935686005A
:1057F000A147176700001307E7183697034707000C
:1058000093080002BA97B388F840638C0800B395F8
:105810001501B357F5003318160133EEB7003313F3
:10582000150113560801B357CE0213150801418123
:1058300093560301337ECE02B307F502420E33675F
:10584000DE006378F7004297636507016373F70032
:1058500042971D8FB356C70293170301C183337755
:10586000C7023305D5024207D98F63ECA7083385F9
:10587000A740335515018145828001E6054733581D
:10588000C7024167636CE80EB70700016365F82A39
:1058900093568801E147176700001307A70E369754
:1058A0000347070093080002BA97B388F840639A49
:1058B000081E131E0801B385054113560801135E27
:1058C0000E0113570301B3D6C502B3F5C502B38663
:1058D000C603C2054D8F6377D70042976364070103
:1058E000636AD726158F3355C7024203135303014A
:1058F0003377C7023305C5034207B367670063F810
:10590000A700C29763E5070163F3A700C297338539
:10591000A74033551501814582802A88E3EED5F4EE
:10592000C16763E5F604B707000163E2F62013D30D
:105930008601E148976700009387C7049A9703CED2
:10594000070013030002469E3303C3416319030497
:1059500063E4B6006369C5003308C540958D3337ED
:1059600005013387E5404285BA8582809307F00FB1
:1059700063FBD71C13D38600A1486DBF1307F00F3C
:10598000C286E37A07F193568800A14729B7B70783
:1059900000016366F61A93568601E14799BDB35735
:1059A000C601B3966600DD8EB3D8C50113D70601D4
:1059B000B3DEE802139F0601B357C501135F0F0161
:1059C000B3956500DD8D13D80501331666003315D8
:1059D0006500B3F8E802B307DF03C20833E8080143
:1059E000637BF80036989388FEFF6363D816637173
:1059F000F816F91E36983308F840B357E802C20586
:105A0000C1813378E802330FFF02131708014D8F6D
:105A1000637BE70136979385F7FF6369D712637756
:105A2000E713F9173697C20EC162B3EEFE00138872
:105A3000F2FFB3F80E019355060193DE0E013378A1
:105A40000601B38F08033307E74133880E0393D76A
:105A50000F01B388B802C298C697B38EBE0263F333
:105A60000701969E41687D1893D50701B3F707019A
:105A7000C207B3FF0F01F695FE976362B70A630E84
:105A8000B708B307F5403335F500B305B740898D46
:105A9000339EC50133D567003365AE00B3D56500CD
:105AA00082803318180133D7F50013560801B35616
:105AB000C702131E0801B357F500135E0E01B3951C
:105AC0001501DD8D93DE0501331315013377C70210
:105AD000B307DE0293160701B3E6D60163F8F600BA
:105AE000C29663E5060163F3F600C2969D8E33D736
:105AF000C60293970501C183B3F6C6023307EE02CF
:105B000093950601DD8D63F8E500C29563E5050117
:105B100063F3E500C295998D6DB3E374F5F63386B2
:105B2000C740B3B7C700B6979D8DB28799BF13D34F
:105B30000601C14801B593560801C147A9BB935658
:105B40000601C1477DB136838148EDB3AE87E1BD23
:105B5000C68E55B5429779B3397193D7450122DC8A
:105B60004AD856D22A891394C50006DE26DA4ED6C4
:105B700052D45AD05ECE13F5F77F318093DAF50117
:105B8000630B05109307F07F630BF514135AD901CB
:105B90000E0433648A00370A8000336A4401131B01
:105BA0003900930415C00144814B13D84601139961
:105BB000C6001378F87FB2881359C90093D9F6014B
:105BC000630E08089307F07F6300F8041357D601AB
:105BD0000E0933692701130818C0B707800033671F
:105BE000F90093183600B38404418145BD4733C89A
:105BF0003A0163E4871A976700009387A7C40A04F1
:105C00003E9410403E9602863367C9009384148008
:105C1000631207101364240081488945C1BF13062D
:105C2000F07F81470147B207F25062545206B183B8
:105C30007E08D18FB3E70701D2544259B259225A94
:105C4000925A025BF24B3A85BE85216182800148FF
:105C50001306F07FB70708000147F1B73367C900A3
:105C60004DC7630809304A8532C4EF208068224658
:105C7000130755FFF547930685FF998F3319D90010
:105C8000B357F60033E72701B318D60026959304DF
:105C9000353F8145A1BF336A240163030A0636C636
:105CA00032C46306042A2285EF20A0642246B2464D
:105CB000AA84130755FF754A138B84FF330AEA4001
:105CC00033146401335A4901336A8A00331B690172
:105CD0001305D0C0B30495400144814BF9B5336A34
:105CE000240163180A002144014B9304F07F894B7F
:105CF0006DBD228A4A8B31449304F07F8D4B75B57C
:105D00001144014B8144854B4DB513641400814807
:105D10008545E9BD136434004A878D45C1BD630ADA
:105D2000052E8547898F9306800363DDF632014691
:105D300081470147CDBDCE868947638DF53A8D47B2
:105D4000E387F5F085473688E383F5FE1385F43F56
:105D5000E357A0FC93F778006396072893D63800A2
:105D60009317770063D80700B70700FFFD177D8FF3
:105D7000138504409307E07FE3C3A7EA1316D70116
:105D800093179700B1833367D6001376F57F61BD13
:105D9000D6865287DA88DE8545B763614723630D6F
:105DA000EA20DA86FD145284014B9317870013D33F
:105DB00088013363F300935E0301B357D403131FC9
:105DC0000301135F0F0193D50601139E88003374FE
:105DD000D4033307FF024204C18D63FBE5009A95AB
:105DE0001386F7FF63EE652663FCE526F9179A959F
:105DF000998D33D7D503C206C182B3F5D5033306D7
:105E0000EF02C205D58D63FBC5009A959306F7FF97
:105E100063E6652463F4C52479179A95C207416443
:105E20005D8F9307F4FF3375F70093580701935F75
:105E30000E01B377FE00B302F502B386C540B3830B
:105E4000F80293D502013386AF021E962E96338553
:105E5000F803637376002295C168FD189355060117
:105E6000337616014206B3F81201AA95469663E608
:105E7000B6126382B6123306CB408D8E333BCB0015
:105E8000338B66411385F43F630C6317B358DB0310
:105E900093550601337BDB03B3061F03420B33EB41
:105EA0006501637BDB001A9B9385F8FF636D6B20B4
:105EB000637BDB20F9181A9B330BDB40B356DB0303
:105EC00042064182337BDB03330FDF02420B336632
:105ED0006601637BE6011A969385F6FF6367661E8B
:105EE0006375E61FF9161A96C208B3E8D8009395B1
:105EF000080193D20801C181B38EF5023306E64151
:105F0000B385BF0293D60E01B387F202BE95AE965B
:105F1000B38F5F0263F4F600C167BE9FC165FD15D4
:105F200093D70601ED8EC206B3FEBE00BE9FF69665
:105F3000637FF6091A969387F8FF6369661A6368A8
:105F4000F619630FF61BBE8893E8180011B54A8551
:105F5000EF20203A13075501F1459304050222462C
:105F6000B246E3DAE5D4130485FF331A8900014B06
:105F700085B3328532C4EF20C03713075501F1468F
:105F8000AA87224613050502E3D6E6CEE1173317AA
:105F9000F6008148E5B9E370CBEE729B3335CB0157
:105FA0001A95AA961305F7FF6378D30263E6B61035
:105FB0006382D5102A87C1B5E3651BDF93551B00AB
:105FC0009316FA0113541A00CD8E7E0BF9BBE31D14
:105FD000F6F7E38F06D6B9BFE31ED3FCE378CBFD1B
:105FE0002A8751BD93F7F8009146E389D7D693B736
:105FF000C8FF9386480093C717008D823E978DB3E4
:1060000081468547E34CA0FEFD58E31C05D0930470
:1060100010C085471385E441B316A70033D6F800B6
:106020003395A800D18E3335A000C98E13F67600C3
:106030003357F70001CE93F7F60011466388C70087
:1060400093874600B3B6D7003697BE86931787006E
:1060500063D80704054681470147F1B636877DBB03
:10606000B28779B3FD46E3D7F6FA0556098E930653
:1060700000023356C7006388D7009387E443B31701
:10608000F700B3E8F800B3361001D18E13F67600AE
:10609000814701CE93F7F60011460147E392C7FA14
:1060A000931797001316D701B18313D73600518F7A
:1060B000014695BEE370CBF0729B3335CB011A9548
:1060C0007917AA964DBBAE88C5BBAE8631BD931776
:1060D0001E0033BEC70172931A96F9183E8EE3155F
:1060E000F6E7E307DEC693E818009DB1BE88E30A31
:1060F000F6FF99BD36881306F07F8147014725B624
:10610000E367DEFCBE88E310DEFE99B113D74501DC
:10611000B7071000FD1713D846011377F77F9308D0
:10612000F07F33FEB700AA8EF58FFD81328F137892
:10613000F87FFD82630E1703630D180129E3B3682E
:10614000AE00631F08005D8E01EE0143638C0804FE
:1061500021A8B3E8C7000943639608046DD305A0DE
:10616000638408046385D50205438DCD7D531DA846
:10617000B368AE00094363970802630AE802631438
:1061800008005D8E75D2E391D5FEE34FE8FC6349CC
:106190000701E3EBC7FD630FFE0001436374FE00DC
:1061A000F1D505431A858280EDFE7D53E5BF5D8EF6
:1061B00079DACDBFE36ADFFB0143E3F5EEFFF5F1EA
:1061C00075B739714AD813D945014ED652D456D233
:1061D0009399C50006DE22DC26DA5AD05ECE13790A
:1061E000F97F2A8A93D9C90093DAF501630D090E64
:1061F0009307F07F6306F9181354D5018E09B3692C
:1062000034013704800033E4890093143500130906
:1062100019C08149814B13D74601139AC6001377E1
:10622000F77FB285135ACA0013DBF601630B071020
:106230009307F07F6303F7049357D6010E0A33EAFE
:106240004701130717C0B7078000B367FA0093151B
:1062500036003A99814833C76A01BD463A8513082A
:10626000190063E83617175600001306A6618A095D
:10627000B29983A60900B2968286B367CA00130951
:10628000F97F6399071293E9290081458948E1B7AD
:1062900001479307F07F3704080081443204D20796
:1062A00031807E075D8C598CA285F2506254268520
:1062B0004259D254B259225A925A025BF24B21618E
:1062C00082805A853E84AE84C68B8947638DFB0EDF
:1062D0008D47E38FFBFA85472A87639EFB3881470A
:1062E0000144814465BF33E4A90061C036C632C4AD
:1062F000638C092A4E85EF10D07F2246B246AA87CA
:10630000130755FF7544938487FF198CB39999003F
:1063100033548A0033643401B3149A0013D746010E
:106320001309D0C0139AC6001377F77F3309F940D9
:106330008149814BB285135ACA0013DBF601E31978
:1063400007EEB367CA00B1C7630F0A22528532C491
:10635000EF10307A22462A87930655FFF5479305BA
:1063600087FF958F331ABA00B357F600B3E747019A
:10637000B315B6003309E9401309D9C08148E1BD1E
:1063800033E4A90001ECA14981441309F07F894B52
:1063900059B593E919008145854875BD4E84AA8495
:1063A000B1491309F07F8D4BBDB591498144014935
:1063B000854B95B593E93900D2878D4869BD8947EA
:1063C0005685E397FBF02A879307F07F01448144C9
:1063D000F1B5C16E1386FEFF93D6040113DE0501ED
:1063E000F18CF18D338695023383B6029358060102
:1063F00033059E021A95AA98B382C60363F3680018
:10640000F692C16F1383FFFF33F5670093D3070143
:10641000B3F76800C207337366003E9333069502F4
:1064200093D80801B387A602135F0601B3849302D1
:10643000BE94FA94B38E760263F3F400FE9E416A32
:106440009307FAFF935F0401B376F400B3F9F40005
:106450007D8EC1803384D502C209338FD401B299B5
:10646000CE98B307DE02935E0401B385BF02AE97F8
:10647000BE9E330EFE0363F3BE00529EC16793853A
:10648000F7FF33F6BE006D8C4206229693DE0E01B6
:10649000B305D502769E3385AF0213D40501B386CA
:1064A000D302AA96A296B38FF30363F3A600BE9F0E
:1064B00041657D15B3F7A600C2076D8DAA97B38518
:1064C0005800B3B93501FA97B2953384370133B622
:1064D000C500B30EC4013385CE0033343401B3B7E5
:1064E000E701C18F33BECE0113D406013336C50098
:1064F0003E943366CE009394950032947E94B3E438
:106500006400260493567501B3349000DD8193171F
:106510009500CD8C558CDD8C9317740063DB0700E0
:1065200093D7140085889316F401DD8CD58C0580F3
:1065300042899307F93F6359F00893F6740081CEBE
:1065400093F6F40011466388C60093864400B3B402
:1065500096002694B6849316740063D80600B70795
:1065600000FFFD177D8C930709409306E07F63CF02
:10657000F60E93D634009314D4012604D58C3180C2
:1065800093F7F77F21BB328532C4EF109056930604
:106590005501F147130705022246E3D1D7DC611507
:1065A000B317A6008145F9B3EF10B0541307550196
:1065B000F145930705022246B246E3D5E5D46115BD
:1065C0003314AA00814499BB85469D8EB1E7130917
:1065D000E941B3972401B3D4D40033192401B3376C
:1065E000F000B3649900DD8C93F77400B356D400C7
:1065F00081CF93F7F40011466388C7009387440066
:10660000B3B49700A696BE849397860063D8070418
:1066100085470144814459B113068003E341D6CC38
:106620007D46E356D6FA0556B307F64093050002B9
:106630003356F4006387B6001309E943B317240106
:10664000DD8CB3349000D18C93F67400014499CA68
:1066500093F7F40011468146E392C7FA139496002B
:106660003180F6068D80D58C81470DB99307F07F78
:106670000144814425B142896DBD370710007D1763
:1066800001113373B70093D84601758F935ED6011D
:1066900022CC26CA0E0393D445019357D5010E0789
:1066A00006CE4AC84EC693F8F87F130EF07F33E744
:1066B000EE0093F4F47F13D4F50133E36700131F66
:1066C0003500FD82931E36006380C81993C61600FC
:1066D000B38514416305D4126351B018638B081A53
:1066E000B70780005D8F6381C4599307800363C43B
:1066F000B734FD4763C5B748930700028D8FB3D900
:10670000BE003318F700B39EFE00336838013357DC
:10671000B700B339D001336838013303E340B3091C
:106720000F41B3373F013306F3409317860063D31D
:106730000724370980007D1933792601630F092C5E
:106740004A85EF10103B130785FF93070002998FCE
:10675000B3D7F9003316E900D18FB399E900634448
:10676000972A058F13061700FD4663C5C63A13071F
:106770000002118FB3D6C9003398E9003397E700C0
:10678000558F33380001B369070133D6C700814400
:1067900093F7790081CF93F6F90091476388F6006B
:1067A0009386490033B836014296B689931786001E
:1067B00063D6071C138714009307F07F05886306D0
:1067C000F720B70780FFFD17F18F1398D70193D9F2
:1067D0003900A60733683801B1831377F77F9396A2
:1067E000C7005207B1827E04D98EC18EF240624446
:1067F000D2444249B2494285B685056182806356DA
:10680000B00A638A0812B70780005D8F6387C42DC2
:106810009307800363C7B718FD4763D2B73C13885B
:1068200005FE93070002B3590701638AF500930739
:106830000004B385B7403317B700B3EEEE0033382A
:10684000D0013368380195A2B367D70193851480CE
:1068500099E393C61600630AD404D1E19387140028
:1068600093F7E77F6399071EB367E3013368D701A6
:10687000639204166382073C6316084213183500BE
:106880009316D3011358380033E8060193573300A9
:1068900019A2B367D7016385071A9387F5FF638B46
:1068A000073A638CC523BE8589B56399051C938619
:1068B000140093F7E67FC1EFB367E30163900436FA
:1068C000638D0744B367D701639407460E05131819
:1068D000D3010D813368A800935733006DA8B385A9
:1068E000984063970420B367E301638D0730938773
:1068F000F5FF638907401305F07F6383A520BE85FC
:106900009307800363C2B72AFD4763C8B73C930768
:1069100000028D8F3318F3003356BF00B317FF000A
:106920003368C800B339F0003353B300336838011B
:1069300033076740B5ACB367D7016383071093870C
:10694000F5FF638F071E6380C52FBE85D1B5930702
:10695000F07F638BF606FA9E33B6EE01B307E300D1
:10696000B2971398F70193DE1E00B369D80113D6CE
:106970001700B68493F77900E39F07E09317D601D9
:1069800013D839003368F800A685935736001307EB
:10699000F07F6380E506B207B18313F7F57F0588C2
:1069A0003DBD3367D7013338E000B309E801B3B721
:1069B000E9013386670093178600E3DD07FA850453
:1069C0009307F07F639CF41805881307F07F8147D5
:1069D000014831B5639107106301083C1318360074
:1069E0009317D701135838003368F800368493574B
:1069F0003700B367F800E9DB01441307F07FB707FE
:106A000008000148E9BB370680FF7D167D8E93F7AD
:106A10007900998CE39107D895B74E85EF10700DEA
:106A200013078501FD47E3D2E7D2130685FFB3972D
:106A3000C90081492DB33368D70133380001C5B18E
:106A4000131835009317D301135838003368F80032
:106A5000935733002DBFB309DF413309E340333689
:106A60003F013309C9409317890063CA072033E8FF
:106A70002901E31508CC8147014431BFB385984013
:106A800063810414B70680009307F07F3363D3005B
:106A90006381F8209307800363CCB722FD4763C965
:106AA000B72C930700028D8F3318F300B356BF0045
:106AB000B317FF003368D800B339F0003353B30085
:106AC000336838011A97B309D801B3B7D9013386AF
:106AD000E700C684CDB5E31108F21318350093170B
:106AE000D301135838003368F8009357330011B7B7
:106AF000370580009307F07F3363A300E392F8E04B
:106B00000E061318D7010D823368C800935737005B
:106B10003684C5B505179306000233D7E700630A2C
:106B2000D600930600043386C6403396C700B3E907
:106B3000C90033383001B369E800014681441DBD06
:106B4000B309DF01B307E30033BFE9013386E7018F
:106B5000931786008544E3DF07E08944B70780FF89
:106B6000FD17F18F13D7190013F8190033680701C7
:106B70009399F701B3E9090113D6170011B91388E6
:106B800005FE93070002B3590701638AF5009307D6
:106B90000004B385B7403317B700B3EEEE003338C7
:106BA000D00133683801A5BE3363E3013338600098
:106BB000B3890E41B3B73E013306F740C68436842D
:106BC000ADB6B367E301638707189387F5FF638C5E
:106BD000071C9306F07F638ED50ABE8565BD9307BB
:106BE00000028D8FB3D9BE003318F700B39EFE00AC
:106BF000336838013357B700B339D00133683801EF
:106C00003A9365B3131836009317D7011358380019
:106C100033E8070136849357370095BBBDCB336704
:106C2000D701E31B07DC0E051318D3010D81336870
:106C3000A8009357330075BBE30F08E21318360022
:106C40009317D701135838003368F80036849357E8
:106C5000370091B3B309DF41B307E340333F3F014E
:106C60003386E7418544D1B4131835009316D30118
:106C70001358380033E80601935733009DBBB3899E
:106C8000EE413306674033B93E013309264136846D
:106C900075B40E061318D7010D823368C8009357D8
:106CA000370081BBB309DF41B307E34033363F010F
:106CB0003386C7409317860063D7070AB389EE412E
:106CC000B3076740B3BE3E013386D7413684C9B4AB
:106CD0003363E30133386000FDB3138805FE930787
:106CE0000002B3590301638AF50093070004B385DA
:106CF000B7403313B300336F6F003338E0013368AC
:106D000038017DB5B389EE41B3076740B3BE3E019C
:106D10003386D7413684854409BC1318360093174F
:106D2000D701135838003368F80093573700A5B1DE
:106D3000B309DF01B307E30033BFE9013386E7019D
:106D400093178600E3D807C2B70780FFFD177D8E33
:106D500085440DB10E061318D7010D823368C800A3
:106D6000935737002DB133E8C900E30608D019B1B5
:106D7000138805FE93070002B3590301638AF500E7
:106D800093070004B385B7403313B300336F6F002C
:106D90003338E001336838013DB301441307F07F15
:106DA000B70708002DBCB309DF01B307E300B3BE8A
:106DB000D9013386D70169BB411106C622C426C258
:106DC0000DCD9357F541B3C4A7009D8C2A84268529
:106DD000EF1020529306E041898EA9477D8093F6FB
:106DE000F67F63CDA7022D47098FB3D7E400550581
:106DF000B207B394A400B18329A00144814681471E
:106E00008144B207D206B1837E04D58FC18FB240D0
:106E100022442685BE859244410182805515B39750
:106E2000A400B207B1838144E9BF1DCD411122C442
:106E300006C62A84EF10E04B9306E041898EA947ED
:106E400093F6F67F63DCA7025515B317A400B207CB
:106E5000B1830147B2402244B207D206B183D58F35
:106E60003A85BE854101828081478146B207D206BC
:106E7000B1830147D58F3A85BE8582802D47098F22
:106E8000B357E400B207130755013317E400B18389
:106E9000D1B73707100093D745019306F7FF93F753
:106EA000F77F1308E03FED8E13D6F5016353F80228
:106EB0009305D04363D2F5028545918D3305B040EB
:106EC00013D6F541B7050080B337A000918D9D8D95
:106ED000828001458145828013082043B3E5E600A6
:106EE0006354F8021387D7BA9387D7BC6345070466
:106EF000B315E500014565D23305A040B337A000C6
:106F0000B305B0409D8D8280930630439D8E7D47B2
:106F1000634CD7001387D7BE3397E5003355D500B0
:106F2000598DB3D5D500C1BF130530411D8D33D563
:106F3000A5008145C9B7FD46135715009D8E3357EF
:106F4000D700B395F500D98D3315F5006DB7011154
:106F500006CE22CC26CA4AC84EC6B367B5009DCF1E
:106F6000AE84AA8913D9F50163CE05042684ADC485
:106F70002685EF1000389306E043898E930730434F
:106F800063CAD7089397C4002D464E8793F6F67FC1
:106F9000B1836359A600130655FFB9A8014981467C
:106FA00081470147B207F2406244D206B1837E09AD
:106FB000D58FB3E72701D2444249B2493A85BE850D
:106FC000056182803305A040B336A000B304B04011
:106FD000958CAA892684C9FC4E85EF1080312A86BB
:106FE0009306E04313050502898E9307A00293F6EA
:106FF000F67F63C7A70C55061307B002098FB39736
:10700000C40033D7E9005D8F9317C700B18333976E
:10701000C90049BF9307604363DBD7022147098F4B
:10702000930507FE63C2050CB3D5B40001471306F0
:10703000850193078503634C06083396C90081498F
:10704000B3E9C90033363001B3E9C5003A84A1473A
:107050004E8663C9A704B70780FFFD1793757600B6
:107060003377F40085C59375F600114863800503F6
:107070009305460033B6C500329713168700635157
:1070800006089306F0437D8F898E2E8613553600B1
:10709000931797001316D7013367A600B18393F6B1
:1070A000F67F09B793078002930585FF898FB3D7D1
:1070B000F9003317B40033E4E7003396B90061BF39
:1070C0005516B397C900B207B1830147E1BD7D46AC
:1070D00013D819001D8E3358C8003396F400336658
:1070E000C800B399F900A9BF7D46198E9397140083
:1070F000B3D5E900B397C700DD8D33D7E40005BFF2
:107100002E8669B74111370780007D1713D87501A6
:1071100026C2935475013373A70093F4F40FB3762A
:10712000B7004AC01378F80F1359F50106C622C4F8
:10713000FD819A8726854A86131E3300939E36006A
:10714000B3880441630AB90E6350100D6304081438
:107150009307F00F638BF414B7070004B3EEFE003F
:10716000ED4763C1172993070002B3871741B3970F
:10717000FE00B3D81E01B337F000B3E7F800B30741
:10718000FE4013975700635E0718370400047D1410
:107190007D8C2285EF10E0156D15B317A4006348B0
:1071A000951A058D1304150013070002018F3397FC
:1071B000E7003337E000B3D78700D98F814413F756
:1071C000770019C713F7F70091466303D7009107BB
:1071D00013975700635B071485041307F00F4A8663
:1071E0006383E4169A07A58313F5F40FB240224493
:1071F000A6079314750113D59700458D7E0692441A
:107200000249518D410182806399080A1387140055
:107210001377E70F6317071463900422630D0E1EA4
:10722000E3860EFCB307DE41139757006350072235
:10723000B387CE412E8961B7635C100B630E0808DB
:107240009307F00F6383F406B7070004B3EEFE0064
:10725000ED4763C9171F93070002B3871741B39720
:10726000FE00B3D81E01B337F000B3E7F800F29781
:10727000139757006357070A85041307F00F6384B9
:10728000E40CB706007E13D71700FD16858B758FAB
:10729000D98F35B7638D0E08FD18B307DE41E38241
:1072A00008EE9307F00FE39DF4EA630D030801462F
:1072B0001305F00FB707400015BF33079840EDE8FE
:1072C00063020E147D17630807189307F00F631904
:1072D000F80E2E893683D1BF638B0E04FD18B307D9
:1072E000DE01E38708F89307F00FE393F4F675BF28
:1072F00063950808850413F7E40F631307126317F7
:107300000510630F0E14E3830EEEB307DE0113972F
:107310005700814463570700370700FC7D17F98F3A
:10732000854413F77700E31F07E813D3370093076B
:10733000F00FE38CF4F693179300A58313F5F40F85
:107340004A866DB54A861305F00F814745B5370764
:1073500000FC7D17F98F13F77700898CE31407E69B
:10736000E9B73304DE419317540063C3070CE312FB
:1073700004E201460145814795BD33079840ADC4FD
:107380009307F00FE308F8F4B7070004336EFE002C
:10739000ED4763CCE70C93070002998FB317FE000B
:1073A0003357EE00B337F000D98FF697C284C9B5D2
:1073B0009307F00FE30FF8F0B7070004336EFE00F9
:1073C000ED4763C3E70893060002998EB316DE000B
:1073D000B357EE003337D000D98FB387FE40C28455
:1073E0002E8945B3854761BB630E0E067D17B30733
:1073F000DE01C284E30E07E69307F00FE31AF8F804
:10740000368365B53683C2842E8915B7E3040EEC46
:10741000E38D0EE869BD638D0E022E86B687F9B343
:107420009307F00FE381F4F2B307DE018583D5BD46
:107430003384CE412E89B1BBE31C0EFCE3890EE6FA
:107440002E8949BD854725B5854741BFE39B07EC9C
:107450000146814761BBB387CE41C2842E8915B3F3
:10746000B68769B33683C284D9B585473DBF3971C4
:10747000935775014AD856D25ECE931A9500135988
:10748000F50106DE22DC26DA4ED652D45AD093F726
:10749000F70F93DA9A00CA8B638207121307F00F73
:1074A0006384E7128E0A37070004B3EAEA00138AFE
:1074B00017F80144014B93D775019394950093F706
:1074C000F70FA58093D9F501FDC71307F00F638768
:1074D000E7028E04938717F837070004D98C330A24
:1074E000FA408146558C174700001307A73D0A0450
:1074F0003A941C4033493901BA978287130A1AF02B
:10750000F9E88946558C174700001307A73F0A047E
:107510003A941C4033493901BA97828701491307CD
:10752000F00FB707400013959700F250625493177D
:10753000770125817E095D8D33652501D25442593D
:10754000B259225A925A025BF24B21618280130790
:10755000F00F8147C9BFA68ACE8B368B8947630B54
:10756000FB1A8D47E30CFBFA8547630AFB0A1307F6
:10757000FA0713F91B006357E01293F77A0099C7D3
:1075800093F7FA0091466383D700910A93974A00D4
:1075900063D90700B70700F8FD17B3FAFA0013071D
:1075A0000A089307E00FE3C4E7FA93976A00A583FC
:1075B0001377F70F8DBFB9E48546A9B763940A0224
:1075C0001144014A054BC5BD63990A002144130AC1
:1075D000F00F094BCDB58D4631B73144130AF00F8A
:1075E0000D4BD1BD56852EC6EF00B0509307B5FFA9
:1075F000B39AFA009307A0F8338AA7400144014BDD
:10760000B24555BD2685EF00D04E1307B5FFB30731
:10761000AA00B394E400138A67078146E1B513F921
:107620001B000147814701B74166139554007D1641
:1076300093570501698E63FA9A0AB3D5FA027D1A47
:10764000D68601473388C502B3F6F602C206558FC7
:10765000637B07012A979386F5FF6368A70A637621
:10766000070BF9152A9733070741B356F70233770B
:10767000F702B38AC6029317070163FB5701AA9763
:107680001387F6FF63E1A70863FF5707F916AA9768
:10769000C205B38A5741D58DB33A5001B3EA5501BB
:1076A000CA8BF1B58546998E11C76D460147814752
:1076B000E34BD6E6130AEA09339A4A01B3D7DA0054
:1076C000B33A4001B3E7570113F7770019C713F72F
:1076D000F70091466303D70091071397570063485B
:1076E00007029A07A58301473DBD93D61A00B3D57B
:1076F000F6021397FA0141833388C502B1B7CE8BE6
:10770000368B814AA1BDBA8661B7B685A9BF054748
:10771000814711BD13F91B001307F00F814721B5F5
:1077200093567501B7078000FD1713D6750193F6C0
:10773000F60F1308F00FB3F8A7001357F501ED8FFC
:107740001376F60FFD81638406031305F00F6304BF
:10775000A60205456383C6008280E39FF8FE0145CB
:10776000E30CB7FE0545EDFA33351001828005457F
:10777000E38D08FC82800545E9DF82809356750120
:10778000B7078000FD1713D6750193F6F60F13089F
:10779000F00FB3F8A7001357F501ED8F1376F60F2E
:1077A000FD8163810603630C06018DE211E2B1C322
:1077B000638E08026305B70405451DE78280F5D78F
:1077C00079558280E39E08FE6309D60211E2EDD767
:1077D000E314B7FEE342D6FE63C7C600E3EE17FD2F
:1077E0000145E3FDF8FC01E77D558280F5DD0545A7
:1077F00082800145E39208FC8280F9DBD1B78146A3
:10780000E1BF93567501B7078000FD1713D67501C8
:1078100093F6F60F1308F00FB3F8A7001357F5010E
:10782000ED8F1376F60FFD8163870603630906016A
:1078300085EA11EA89EB0145639B080082800945CE
:10784000F5FFE5DA31A8638C08026300B70405454B
:1078500075D77D5582800945639808026304D60276
:1078600011E2F5D7E315B7FEE343D6FE63C7C600C2
:10787000E3EF17FD0145E3F3F8FC19E3D9BFF1D9B4
:1078800005458280E5D3828082808146C5B77971C3
:1078900022D4135475014ECE52CC9319950006D6BE
:1078A00026D24AD056CA5AC81374F40F93D99900F5
:1078B000135AF50169C49307F00F6308F40E939708
:1078C000390037070004B3E9E700130414F88144D2
:1078D000014B13D77501939A95001377F70F93DA3D
:1078E0009A0013D9F50145CF9307F00F630CF70207
:1078F0008E0A130717F8B7070004B3EAFA003A94A0
:10790000014633452A01BD47AA869305140063E268
:107910009710174700001307E7028A04BA949C40A7
:10792000BA9782871304F40F63980A0C93E4240037
:107930000946C1BF01451307F00FB7074000B25019
:107940002254A6075E07A5837E05D98F925402595B
:10795000F249624AD24A424B5D8D45618280CA86B5
:10796000D689328B89476301FB0A8D47E304FBFC10
:10797000854736856312FB1A01478147C9B7639E65
:10798000090413D77501939A95001377F70F914463
:107990000144054B93DA9A0013D9F50131F7639D41
:1079A0000A0093E414000546A9BF63930902A144A9
:1079B0001304F00F094B31BF5685EF009013930766
:1079C000B5FF098CB39AFA001304A4F8014615BF59
:1079D000B1441304F00F0D4BEDBD4E852EC6EF00E4
:1079E00050119307B5FF1304A0F8B399F900098C5F
:1079F0008144014BB245F1BD93E434000D4611B70B
:107A00008947D286E313FBF636851307F00F8147CB
:107A10003DB741639306F3FF13D6090193D80A01DA
:107A2000B3F7D900B3FADA0033885703B389F80201
:107A300013570801B30A5603D6994E973306160317
:107A4000637357011A96C167FD17B376F700337851
:107A5000F800C206C2969399660093570701B3399E
:107A60003001E982B2979A07B3E6D900B3E9D700AB
:107A70009397490063D9070013D7190093F71900AA
:107A8000B369F7002E841307F4076350E00493F7FB
:107A9000790099C793F7F90091466383D70091095C
:107AA0009397490063D90700B70700F8FD17B3F9AA
:107AB000F900130704089307E00F63CBE7049397DB
:107AC0006900A5831377F70F9DBD8547B386E7400F
:107AD00011C76D4601478147E343D6E61307E40922
:107AE0003397E9003337E000B3D7D900D98F13F7C4
:107AF000770019C713F7F70091466303D700910782
:107B000013975700634C07009A07A583014705BDEB
:107B10001307F00F814725B52E84B5B70547814778
:107B200039BD3707800041117D179356750113D871
:107B30007501B377A70093F6F60F935EF5013376E0
:107B4000B70026C24AC01378F80F06C622C4130332
:107B5000F00F3E8E3689F684139F3700FD81131592
:107B60003600B38806416302681093C51500638C24
:107B7000BE106354100D631008106304051EFD1839
:107B8000B307AF40638608029307F00F6388F616C9
:107B9000ED4763C71729130700023307174133174F
:107BA000E500B35715013337E000D98FB307FF4025
:107BB000139757006351071A370400047D147D8C16
:107BC0002285052F6D15B317A400634E251B3305C1
:107BD00025411304150013070002018F3397E700B6
:107BE0003337E000B3D78700D98F014913F7770007
:107BF00019C713F7F70091466303D700910713974E
:107C00005700635E0714930619001307F00F93FEE5
:107C100014006386E6169A07A58393F6F60FA60767
:107C2000B240224413D59700DE069397FE01558D8E
:107C3000924402495D8D410182806392080A138754
:107C400016001377E70F631B071463940622630281
:107C50000F2071D5B307AF40139757006355072224
:107C6000B307E5410149AE8451B7E30005F0638AEB
:107C7000BE0AE35410FD9307F00F6381F608B707BF
:107C800000045D8D31B7635E100963010808930736
:107C9000F00F6385F606B70700045D8DED4763C0FE
:107CA000171F13070002330717413317E500B357B7
:107CB00015013337E000D98FFA9713975700635CAB
:107CC000070805091307F00F630BE90AB706007EE2
:107CD00013D71700FD16858B758FD98F01BF33071A
:107CE000D84063950610630D0F147D176303071AC0
:107CF0009307F00F6314F810AE84328E630F0E06F4
:107D0000814E9306F00FB707400011BF39C9FD1827
:107D1000B307AF00E38308FA9307F00FE390F6F898
:107D2000F1BF63990808138916001377E90F6316EA
:107D30000712639B061063030F16E30205EEB307F9
:107D4000AF0013975700014963570700370700FC3E
:107D50007D17F98F054913F77700E31C07E813DE59
:107D600037009307F00FE30BF9F893179E00A583F4
:107D70009376F90F93FE14005DB593FE14009306FD
:107D8000F00F814769BD370700FC7D17F98F13F7A6
:107D900077003309A940E31E07E4D1B73304AF40AD
:107DA0009317540063C3070CE31C04E0814E814623
:107DB0008147B5B53307D840B5C69307F00FE30E3A
:107DC000F8F2B7070004336FFF00ED4763CDE70C0F
:107DD00093070002998FB317FF003357EF00B337B3
:107DE000F0005D8FB307A7004289C1BD9307F00F74
:107DF000E304F8F0B7070004336FFF00ED4763C2F8
:107E0000E70893070002998FB317FF003357EF007D
:107E1000B337F000D98FB307F5404289AE8449BB30
:107E2000854769B3630E0F067D17B307AF0042891C
:107E3000E30507E89307F00FE319F8F8328E7DBDEC
:107E4000328E4289AE8431BFE3090FEAE30805EAC6
:107E500045BD0DCDAE8EB287D9B39307F00FE300C9
:107E6000F9F2B307AF008583FDB53304E541AE8475
:107E700081BBE31D0FFCE30505E8AE84BDBD85476E
:107E800025BD854749BF0149E39707EC814E8147EE
:107E900079B3B307E5414289AE8419BBB28741B3D8
:107EA000328E42897DBD054735BF93567501B707B0
:107EB0008000FD1713D6750193F6F60F1308F00F27
:107EC00033F7A7001376F60FED8F638B06011307C8
:107ED000F00F01456303E60082803335F0008280B5
:107EE000054575D7828037068000135775019307C3
:107EF000F6FF1377F70F9305E007B3F6A700935744
:107F0000F50163FCE5009305D00963FAE500370548
:107F100000801345F5FF3E958280014582809305E0
:107F20005009D18E63CDE500130660093307E640A2
:107F300033D7E6003305E040F5F33A858280130736
:107F4000A7F63397E600FDB7411106C622C426C244
:107F50000DCD9357F54133C4A7001D8CAA8422850B
:107F6000492E9307E0093387A74093076009FD80F6
:107F700063CCE702A1469377F70F63D5A60061159E
:107F80003314A4002604258021A0814481470144A4
:107F9000260413559400B2402244DE07FE045D8D92
:107FA000458D9244410182809307900963DDE7008B
:107FB0009307B5019546B317F400898E3354D40066
:107FC000B337F0005D8C954763D6A7009307B5FFE4
:107FD0003314F400B70600FCFD1693777400337673
:107FE000D40085C39377F4009145638CB7001106E4
:107FF0009317560063D707009307F009758E3387F0
:10800000A7401314660025809377F70F51B74111ED
:1080100006C622C415CD2A84E92C9307E0093387CC
:10802000A7409307600963C0E704A1469377F70F61
:1080300063D5A60061153314A40026042580260408
:1080400013559400B2402244DE075D8D41018280C9
:108050000144260413559400B24022448147DE07B0
:108060005D8D410182809307900963DDE7009307EE
:10807000B5019546B317F400898EB337F000335439
:10808000D4005D8C954763D6A7009307B5FF3314E2
:10809000F400B70600FCFD16937774003376D40025
:1080A00085C39377F4009145638CB700110693174D
:1080B000560063D707009307F009758E3387A740F2
:1080C000131466002580260413559400B240224400
:1080D0009377F70FDE075D8D41018280135775019D
:1080E0001377F70F41119307170022C426C2131408
:1080F000950006C693F7E70F25809354F50185C7D1
:1081000093573400130707387604B2075207B18338
:108110001395F401D98FC98FB2402285224492442D
:10812000BE854101828005EB39C42285D922A94749
:1081300063C6A7042D47098F930755013357E40001
:108140003314F4009317C70013079038098FB183D5
:108150001377F77F5DBF01CC13573400B7070800D2
:10816000D98FB2077604B1831307F07F79BF130765
:10817000F07F814759BF0147814741BF130755FF32
:108180003317E40001447DBF93D645019397C500A2
:1081900093F6F67FB183138616008E071357D50129
:1081A0001376E67FFD815D8F9318350035CE1388F9
:1081B00006C89307E00F63DD070181471395970019
:1081C0009306F00FDE062581FE05558D4D8D8280CC
:1081D0006355000B931765000E07B337F000D98F76
:1081E00093D8D801B3E7170113F77700630107109D
:1081F00013F7F70091466303D70091073707000490
:108200007D8F75C7130718001306F00F9376F70FCD
:10821000E305C7FA9A07A58313959700DE06258123
:10822000FE05558D4D8D8280B367170199EE85CF80
:1082300095479A07A5831395970093F6F60FDE06E8
:108240002581FE05558D4D8D8280A5DBB707400049
:10825000139597009306F00FDE0681452581FE05F4
:10826000558D4D8D82808147139597008146DE069E
:108270002581FE05558D4D8D8280A5576348F804F4
:10828000F94737068000B38707417D45598E635112
:10829000F504795733070741130500023357E60009
:1082A0006388A700938626CAB316D600B3E8D80021
:1082B000B3371001D98F13F77700014815FB1397D7
:1082C00057008546E34807F48146A5B781468DB738
:1082D000938626C83397D8003337E000B316D6000C
:1082E000B3D8F800B367D700B3E7F800E9B7C286A0
:1082F00089B7C167637EF5029307F00F1307000289
:1083000063ECA700973700009387C767AA9703C558
:1083100007003305A74082802181973700009387AB
:108320006766AA9703C5070061473305A7408280A7
:10833000B7070001636EF5006181973700009387EE
:108340006764AA9703C5070021473305A7408280C9
:108350004181973700009387E762AA9703C507001A
:1083600041473305A740828093878181884382807B
:10837000B3C7A5008D8B3307C50081E78D4763EE3A
:10838000C700AA876370E50A83C6050085078505CF
:10839000A38FD7FEE3EAE7FE828093763500AA87B3
:1083A00091CA83C6050085078505A38FD7FE93F67E
:1083B0003700FDB79376C7FF138606FE63F0C70646
:1083C00083A3050083A2450083AF850003AFC500EA
:1083D00083AE050103AE450103A3850183A8C50152
:1083E0009385450223A0770003A8C5FF23A2570069
:1083F00023A4F70123A6E70123A8D70123AAC701D5
:1084000023AC670023AE17019387470223AE07FF13
:1084100075B790419107910523AEC7FEE3EBD7FEF8
:10842000E3E4E7F68280797122D44AD052CC56CA6E
:108430005AC806D626D24ECE3A8AAE8A32843689B9
:10844000428B014763580600370700803344C7005A
:108450001307D0022380E70093F4F8FD930760042C
:108460008D466388F4009307500489466393F400B3
:108470000509DA879308C100130881004A87D68569
:108480002286EF00B00493077004AA896396F40073
:10849000137A1A00630A0A0493076004338A2901D5
:1084A0006397F40203C7090093070003631EF700F4
:1084B000014681465685A285EF20803D11C585473E
:1084C0003389274123202B0183270B003E9A014645
:1084D00081465685A285EF20A03B11E152C61307C5
:1084E0000003B24763E24703B2474257B2502254F7
:1084F000B38737411CC34E8592540259F249624AF0
:10850000D24A424B456182809386170036C623804B
:10851000E700C1BF2300C500130725009307B00281
:1085200063D60500B305B0409307D002A300F50061
:10853000A54763DAB70441119307F100BE882948C3
:1085400013033006B3E605031386F7FF938606038D
:10855000A38FD7FEB3C60503634DB300938606030E
:10856000F917A30FD6FE63E917013305A7404101B0
:108570008280B287B685F9B7850783C6F7FF0507FE
:10858000A30FD7FECDB793070003130745009385CC
:1085900005032301F500A301B5003305A740828040
:1085A00019713ACE86DEA2DCA6DA2E84CAD8CED6DF
:1085B000D2D4B689DAD0DECEE2CC3289D6D2E6CABF
:1085C000EAC8EEC6AA84EF10C02F832B05005E8593
:1085D000452B032B0400724702DC93760B102A8C88
:1085E000034A84011C43F1CA9386470014C39C4389
:1085F000081098433AD0D8433AD298473AD4DC4747
:108600003ED6EF20A04428C46CC4832CC404173782
:10861000000013072747832A8404032D0700832DB6
:10862000470093971C0085836A86EE865685BE8533
:108630003ECEEF20603741EDF2476A86EE865685E2
:10864000BE85EFD0BFAC6354A00801468146568575
:10865000E685EFD0BFAB635605009307D002A301B8
:10866000F40493077004973A0000938A2A4263F651
:108670004701973A0000938AAA41137BBBFF8D47BD
:10868000232064011CC8014B4E87CA867018A2853E
:108690002685C12EFD5C631E95157D55F6506654EA
:1086A000D6544659B659265A965A065BF64B664C2E
:1086B000D64C464DB64D096182809D07E19B93865D
:1086C000870014C39843DC4338C47CC43DBF56863E
:1086D000E6865685E685EF20202D11CD93077004A0
:1086E000973A0000938A0A3BE3F947F9973A00006A
:1086F000938A8A3A59B75C407D57137DFA0D63958A
:10870000E70899475CC0544013670B403C18D68576
:108710003EC018C09307310302C2D2881308410338
:1087200066862685EFF03FD093077004AA8AD2555B
:10873000631BFD00F55763C5F5005C4063D8B708BF
:10874000791A137AFA0F9307500663E64705FD1569
:108750005286130504052EDAEFF0DFDB62578546FB
:108760002A8BB307A7001CC863C5E6001840058B19
:1087700019C385071CC883473103E38707F09307B4
:10878000D002A301F40409B713077004E31DEDF64A
:10879000BDFB854785BF93076006631BFA025C40FB
:1087A000635BB0000CC881E71840058B09CF8507D3
:1087B000AE971CC809A889E718408546058B19C3E0
:1087C0009386270014C82CCC014B75B7130A70068A
:1087D000E25763C9F5001C400CC8858BEDD7938721
:1087E0001500C1BF05476344B00009470D8FBA9714
:1087F000C9B71C4013F7074015E314485686CA85CD
:1088000026858299E30B95E91C40898B63960724A2
:10881000F2574844E354F5E83E8549B5130750063E
:10882000637B471928446C4401468146EF2040068B
:1088300039E985461736000013064626CA8526857F
:108840008299E30C95E55257E2576345F7001C40C7
:10885000858BDDDBE2865E86CA8526858299FD579B
:10886000E30DF5E2014A930AA4017D5BE257FD178F
:10887000E35CFAF885465686CA8526858299E30E1A
:1088800065E1050AE5B7D2576346F0068546173617
:1088900000001306A620CA8526858299E30F95DF7E
:1088A000D2576257D98F81E71C40858BB1DFE286B2
:1088B0005E86CA8526858299FD57E300F5DE014A6A
:1088C000130BA401FD5BD257B307F040634BFA00D2
:1088D000E2565686CA8526858299FD57E316F5F23B
:1088E0006DBB85465A86CA8526858299E30775DB66
:1088F000050AD1BF3C4C625A63D347013E8A635A92
:108900004001D2865686CA8526858299FD57E306A0
:10891000F5D8814C130DA401FD5D09A885466A8632
:10892000CA8526858299E30AB5D7850C032B840571
:10893000D28763530A008147B307FB40E3C0FCFEC4
:108940005257E257634DF7021C40858B8DEBE2577F
:108950005257338AE7406344EB00338A6741635BD5
:108960004001D28633866A01CA8526858299FD57E1
:10897000E305F5D2814A130BA401FD5B15A0E28645
:108980005E86CA8526858299FD57E312F5FC31B3D0
:1089900085465A86CA8526858299E30075D1850A5F
:1089A0005257E257998F528763530A000147998FB4
:1089B000E3C0FAFE91BDE25605476344D700858BBC
:1089C000B5C785465686CA85268582997D5AE306AF
:1089D00045CDE2865E86CA8526858299E30F45CB22
:1089E00028446C4401468146EF10906A1DC9E25646
:1089F00013861A00CA85FD1626858299E30F45C99C
:108A0000DA8613060405F9B585465686CA85268595
:108A10008299E30475C9050AE257FD17E346FAFE99
:108A2000C5B7014A930AA401FD5BFDB7854656868A
:108A3000CA8526858299E31595FD85B185465686BA
:108A4000CA8526858299E30A65C5050A5C44725782
:108A5000998FE345FAFE6DBB014A930A94017D5B51
:108A6000F5B7797156CA9C49BA8A984522D426D25C
:108A70004ECE52CC06D64AD05AC85EC6AA892E849B
:108A8000B284368A63D3E700BA879CC003473404B4
:108A900019C385079CC01C4093F7070281C79C40FF
:108AA00089079CC00329040013796900631A09002F
:108AB000130B9401FD5B5C449840998F634CF9045F
:108AC0001C408346340493F70702B336D000A5EB6D
:108AD00013063404D2854E85829AFD576303F5044C
:108AE0001C4011469840998B544481446397C700B9
:108AF000B384E64063D3040081441C4418486354A3
:108B0000F700998FBE94014969047D5B6398240541
:108B1000014509A885465A86D2854E85829A631EEC
:108B200075017D55B250225492540259F249624A5D
:108B3000D24A424BB24B456182800509ADBF330733
:108B4000D40013060003A301C7040347540493870A
:108B50001600A2978906A381E7049DBF8546228659
:108B6000D2854E85829AE30E65FB050945B7AA8733
:108B700003C7050085078505A38FE7FE75FB828087
:108B8000AA87850703C7F7FF6DFF3385A7407D15CB
:108B90008280011122CC1C49804906CE26CA4AC8CF
:108BA0004EC652C456C263C187127D1413182400E6
:108BB00093894501338A0901130945014A9883279E
:108BC0000A00032708008507B354F7026366F70617
:108BD000C1684E834A8E814E014FFD181103032652
:108BE000C3FF110E33771601418233079702330614
:108BF0009602769793560701B3771701B307FF40A4
:108C000036968326CEFF935E06013376160133F740
:108C10001601BA97C18213D70741918EBA9613DF16
:108C20000641B3F71701C206D58F232EFEFEE37768
:108C30006AFA83270800BDCBAA8AEF10A01A6349FD
:108C4000050441668504CA8501457D16910903A87E
:108C5000C9FF98419105B376C800158DB376C7005A
:108C6000AA96935707011358080113D70641B387F3
:108C70000741BA9713D50741F18EC207D58F23AEAE
:108C8000F5FEE3753AFD93172400CA9798431DC774
:108C90002685F2406244D2444249B249224A924A6D
:108CA000056182808327080089E77D147118E36BD2
:108CB00009FF00C951B7984309E77D14F117E36C28
:108CC000F9FE23A88A00E9B70145E1B775713ED8DE
:108CD0005C5122C526C34AC1CEDED2DCE2D406C72F
:108CE000D6DADAD8DED6E6D2EAD0EECE36C23AC648
:108CF00046CAAA842E843289C2892E8A328C89EF90
:108D00004145EF00903DC8D02322050023240500F3
:108D10002320050023260500DC508C4389CDD84351
:108D200085472685B397E7009CC5D8C1EF0010445E
:108D3000DC5023A00700635309048547131C190066
:108D400023A0F900135C1C00B707F07F3377FC0009
:108D50006314F70642578967320C9387F770135CE8
:108D6000CC001CC3336C8C00E3010C30D24791EB78
:108D700097370000938747D83EC039A823A0090041
:108D8000E1B797370000938727D73EC09737000099
:108D90009387B7D652471CC3BA402A4402459A4427
:108DA0000A49F659665AD65A465BB65B265C965C0B
:108DB000065DF64D49618280014681462285E28545
:108DC00022CE62D4EF10D02C05E1425785471CC358
:108DD00097370000938787CC3EC0D247D5DF9737BF
:108DE00000009387B7CB7DB7B800F4006286A285F8
:108DF000268513594C01EF1020111379F97FAA89A8
:108E0000A64A630D0910A2577245130919C093951C
:108E1000C700B181B707F03FDD8D02DC9737000056
:108E2000938747C89043D443EFD03F8597370000DE
:108E30009387C7C79043D443EFD0AFB897370000AC
:108E4000938747C79043D443EF1080312A8B4A85DC
:108E5000AE8BEFD07FF697370000938727C69043FD
:108E6000D443EFD00FB62A86AE865A85DE85EF1042
:108E7000202F2A8BAE8BEF10F0362A8401468146D4
:108E80005A85DE85EFD08FA8635B05002285EFD081
:108E9000BFF25A86DE86EF10B01F11C17D14054760
:108EA000D9473AD663E38702131734009737000097
:108EB000938747C7BA979043D4437245A255EFD0E2
:108EC000EFA4635305007D1402D633892A41930B26
:108ED000F9FF014B63D60B00054B330B2B41814B44
:108EE000634E0406A29B22CC814A1247A54763E544
:108EF000E7149547854C63D6E7009307C7FF3EC24A
:108F0000814C12478D47630EF71063CFE704894702
:108F100002C8630DF70685473EC88DA03649930702
:108F2000000256991307294363D5E702130500048D
:108F3000198D930729413315AC003354F400418D4A
:108F4000EFD0BFEEB70710FEBE9585477D193EDC1A
:108F5000F1B53385E7403315A400DDB7330B8B4003
:108F6000B30A804002CC51B712479147630EF70015
:108F700005473AC8124795476306F70AFD573EC4AE
:108F8000FD5DC94702C619A885473EC8B247634878
:108F9000F00A854705473EC4854D3AC603A94402F9
:108FA000114723220900930647018325490063FCEA
:108FB000D7082685EF001013DC502320A9009C431E
:108FC0003EC0B94763E6B71D63840C1C635E800A2C
:108FD0009377F40013973700935C44409737000071
:108FE000938747B4BA9793F60C0198430949DC4339
:108FF00085C697360000938666B090527245D4526B
:10900000A2553AD03ED2EFC03FB50257925793FCDB
:10901000FC002A8A2E8C0D49173D0000130D0DAE61
:1090200089A802C8B247A2973EC4938D1700EE8765
:10903000E346B0F785479DB7854C02C2E9BDB2470C
:109040003EC4BE8DA1BF85052322B9000607A1BF7E
:1090500093F61C0081CE03260D0083264D003A8531
:10906000BE85EFD00F9605092A87AE8793DC1C409A
:10907000210DE39F0CFC3A86BE865285E285EFC047
:10908000BFAD2A8A2E8C81A0094915CCB30C804033
:1090900093F7FC001397370097370000938787A852
:1090A000BA979043D4437245A25593DC4C40173D88
:1090B0000000130DADA4EFD0CF902A8A2E8C8147EB
:1090C000639C0C12DDFFB25763870714173700004B
:1090D0001307479F104354435285E28552D0EFD087
:1090E000EF82635A0512638B0D12A2476350F00A98
:1090F000173700001307879D8257104354433E855E
:10910000E285EFD00F8CA247130DF4FF2A8A2E8C34
:10911000050962874A853EDE52DABA8C3AD0EFD032
:10912000BFC9525802573709C0FC4286BA86EFD0F1
:109130004F89973600009386E6999042D442528C2C
:10914000EF100002F2572A8A2E99E1EF97370000BC
:109150009387C798525802579043D4434285BA85A3
:10916000EFD0AFD15286CA862A8CAE8CEF10E07851
:10917000634FA052B7070080B3C727015286BE864F
:109180006285E685EFC09FF863400552724A225C13
:10919000B64763C607303947634387301317340037
:1091A0009737000093870798BA9703AB070083AB04
:1091B0004700B24763D207206340B02163960D4E4B
:1091C00097370000938787919043D4435A85DE8573
:1091D000EFC03FFF5286E286EF102072814A0149BC
:1091E000635F0548824702470504138A1700930707
:1091F00010032300F70041A913F71C0009CB032635
:109200000D0083264D000509EFC0BFFB854793DCA9
:109210001C40210D75B5228DEE87E5BD228D81475D
:10922000CDBD9386F7FF13963600973600009386E0
:10923000668FB2968842CC428246B6973EDAC247E3
:10924000E9C3973700009387E7892A86AE8688436B
:10925000CC434ADE52D0EFC03F90025872571739C4
:1092600000001309A9864286BA86EFD00FC1024AD0
:109270002AD02ED2E6856285EF10C0762ADEEFD0A6
:10928000BFB32A86AE866285E685EFD00FBFF25760
:109290002A8CAE8C2A86AE8602559255050A938793
:1092A0000703A30FFAFEEF1040656348A00E97373F
:1092B0000000938727818843CC436286E686EFD0FF
:1092C000CFBB2A86AE8602559255EF1000636341EC
:1092D000A018D257E30CFAEA0326090083264900B6
:1092E00002559255EFC0FFED032609008326490081
:1092F0002AD02ED26285E685EFC0BFEC2A8CAE8CD8
:1093000095BF5286CA86EFC0DFEB525A02492AD077
:109310002ED2E6856285EF10E06C2ADEEFD0DFA961
:109320002A86AE866285E685EFD02FB57257D25772
:10933000050913070703A30FE9FE2A8CAE8C6312FD
:10934000F906172900001309E97903260900832685
:10935000490002559255EF00B0602A86AE866285BC
:10936000E685EF1080596345A00E025692560325FC
:10937000090083254900EFD04FB02A86AE8662856A
:10938000E685EFC0BFD893070003E35105E003472C
:10939000FAFF9306FAFF6304F7006A8459A8368A35
:1093A000FDB797270000938767729043D443EFC0BF
:1093B0005FE12A8CAE8CB1BFE287BE8C8247528CB3
:1093C000972A0000938A8A7013891700BE9D5A86D7
:1093D000DE866285E685EFC02FF8EF10A0602A8D4B
:1093E000EFD09F9D5A86DE86EFC0BFDD2A86AE860F
:1093F0006285E685EFD06FA893070D03A30FF9FEF2
:109400002A86AE864A8A639D2D07EF0070555A86DC
:10941000DE862A8CAE8CEF10404E634AA0025A863C
:10942000DE866285E685EF10A04601E593771D0094
:1094300099EFCE8526851D2BC25723000A0005040F
:1094400080C3D247E38A079423A04701B1B2228D9B
:10945000130790038346FAFF9307FAFF639AE60027
:109460008246639DF60013070003050D2380E60086
:1094700003C7070005072380E70005B73E8AD9BF69
:1094800003A60A0083A64A000509EFC09FD3014640
:1094900081462A8CAE8CEF10A03F15F959BF424788
:1094A000630D070E924605476342D70C62579387B8
:1094B000374309E7264793076003998F568DDA8C67
:1094C000854526853E9BBE9BEF0000632A89635E2F
:1094D0009001635C7001E68763D39B01DE87330BE9
:1094E000FB40B38CFC40B38BFB40638E0A02C24747
:1094F000CDCB6352A003CA856A862685EF00C0756E
:109500004E86AA852A89268531252ACECE852685AE
:10951000B129F247BE893386AA4111C6CE85268578
:10952000EF008073AA8985452685F923E247AA8A38
:10953000635BF0063E86AA852685EF00E071124740
:109540008547AA8A014D63C8E706014D63120A06E2
:109550009317CC00528DA9EFB705F07F337CBC0088
:1095600063080C04050B850B054D99A0138DFDFFB9
:1095700063CAAA01338DAA4163DE0D00B30CBB415F
:1095800081473DBFE247B30A5D41D6973ECCEA8AA8
:10959000014DDDB7DA8CEE8725B7568DDA8C01499F
:1095A0003DB75686A5BF12478547014DE3DFE7F873
:1095B000E247054581CF83A70A018D078A07D69721
:1095C000C8435921930700023385A7405E957D89E2
:1095D00041C193070002898F11476358F706F1478D
:1095E0003385A7402A9BAA9CAA9B63586001CE851D
:1095F0005A862685EF002072AA8963587001D685A5
:109600005E862685EF002071AA8AB257A1C7D6854B
:109610004E85EF00207D635F0502CE858146294699
:1096200026857926C2477D14AA89638E0724CA85B8
:10963000814629462685AD2EA2472A896341F00836
:109640001247894763DDE70629A8E380E7FA3E85EC
:10965000710549BF6341B0071247894763DDE704DD
:109660006EC4A24789EFD685814615462685892690
:10967000AA8AAA854E85EF00E076E345A0B6B247F8
:10968000024A13C4F7FF014BD6852685C524E302A1
:1096900009DA63070B0063052B01DA852685F924B7
:1096A000CA852685E12471B3814A0149C9BF6A840C
:1096B000814A014905BEC2476EC4638D071C6358C9
:1096C0009001CA8566862685EF00E0642A894A856E
:1096D00063050D02832549002685292403260901F7
:1096E0002A8B9305C90009060A063105EFE05FC819
:1096F0000546DA852685EF000062824722474A8BBD
:10970000138C1700BA973EC693771A002A893EC475
:10971000D6854E85EFF0EFC7DA852A8D930D0503C8
:109720004E85EF00206C4A86AA8BD6852685EF00F1
:10973000806E5045930CFCFF2A8A054711E6AA85E6
:109740004E85EF00206A2A87D28526853AC8392CB3
:1097500092474247628AB3E6E700A247DD8E81EE78
:10976000130790036387ED0463547001930D1D0389
:109770002380BC0111BF63CA0B009247B3EB770192
:10978000A247B3EBFB0063940B04E353E0FECE85EA
:10979000054626854923D685AA89EF00A06463463D
:1097A000A00079F513F71D0061D713079003E39F1D
:1097B000EDFA930790032380FC0093069003834700
:1097C000FAFF1307FAFF6386D708850751A8635B82
:1097D000E00013079003E38EEDFC93871D002380C8
:1097E000FC005DB5B247A30FBCFF638D8703CE8538
:1097F0008146294626856D2AAA8981462946DA8529
:10980000268563172B016D222A8B2A89050C09B73F
:109810004522CA852A8B814629462685512A2A89CE
:10982000F5B7014BCE8505462685F521D685AA8953
:10983000552BE344A0F801E593F71D00BDFF930706
:1098400000030347FAFF9306FAFFE31FF7E2368AA5
:10985000CDBF82476399E7000247050493071003D1
:109860002300F70015B53A8A99BF524797270000A1
:109870009387C7273EC0972700009387A727631BBE
:1098800007D06FF06FD1A2476346F00012478947B7
:10989000E3C9E7DC024AD6854E85EFF08FAF8247F9
:1098A000050A930D05033307FA40A247A30FBAFF39
:1098B000E359F7F6CE85814629462685D528AA891B
:1098C000D9BF938781819C43885309E51765FF1FA2
:1098D0001305457B1305050F828093878181AA8537
:1098E000884305A75C51411122C44AC006C626C25E
:1098F0002A842E8989EF4145EFF03FFE48D023228C
:1099000005002324050023200500232605004450DC
:10991000DC4495C75850931729005847BA97884395
:109920001DED8544B3942401138654000A06854531
:1099300022856D2511CD2322250104C51DA0130606
:10994000100291452285592D5C50C8C4DC47F9F3BB
:109950000145B240224492440249410182801841AB
:1099600098C32328050023260500E5B75C510111A3
:1099700022CC06CE2A8499EF41452EC6EFF0FFF5A2
:10998000B24548D0232205002324050023200500EA
:109990002326050091C95450DC4113972700DC466B
:1099A000BA97984398C18CC3F240624405618280A3
:1099B00079714ECEAA89416522D426D22E8484495B
:1099C00006D64AD0D10501487D159C419105050870
:1099D00033F7A7003307C702C183B387C70236979F
:1099E00093560701698FB69793D60701C207BA97B6
:1099F00023AEF5FEE34B98FCA1C21C4463C7F402FE
:109A00004C404E8536C68505EFF0DFED10489305D6
:109A1000C4002A8909060A063105EFE07F95A28570
:109A20004E85EFF0BFF4B2464A84938744008A071C
:109A3000A297D4C3850404C82285B25022549254FC
:109A40000259F249456182804177698FAA870145B1
:109A500019E3C2074145370700FF7D8F19E3210550
:109A6000A207370700F07D8F19E31105920737072A
:109A700000C07D8F19E309058A0763C907001397A2
:109A800017000505634407001305000282801C418E
:109A900013F777000DC393F61700014799E613F704
:109AA000270011C785831CC105473A8582808983B9
:109AB0001CC10947DDBF93960701C182014799E2A6
:109AC000C183414793F6F70F99E22107A18393F6EB
:109AD000F70099E21107918393F6370099E209079D
:109AE000898393F6170081E68583050799C31CC116
:109AF0006DBF1307000255BF411122C42E84854556
:109B000006C6EFF03FDE40C9B2402244054718C9FF
:109B10004101828098491C4A797126D206D622D406
:109B20004AD04ECEAE846354F700B2842E8683A909
:109B30000401032906019C44CC403384290163D3EA
:109B40008700850532C6EFF0FFD93246130845017C
:109B5000131324004293C28763ED67029385440187
:109B6000939829005106131E2900C166AE98329EB3
:109B7000FD166364C60363568000711383270300D8
:109B8000F1CB00C9B250225492540259F2494561B6
:109B9000828023A007009107C1B7832F0600B3FF7F
:109BA000DF00638A0F04428FAE82814403A7020064
:109BB00083230F00110FB37ED700B38EFE03B3F7DC
:109BC000D30093D303019102BE9E93570701B3873D
:109BD000F703A69E13D70E01B3FEDE009E97BA9739
:109BE00093D40701C207B3E7D701232EFFFEE3EFAB
:109BF00012FB23209F0083522600638A02048327DE
:109C00000800C28E2E8F814F03270F0083D32E00B2
:109C1000F58F758F33075702910E110F1E977E97A0
:109C2000931F0701B3E7FF0023AEFEFE8357EFFF4C
:109C300083AF0E004183B3875702B3FFDF00FE9767
:109C4000BA9793DF0701E3611FFD23A0FE00110611
:109C5000110805B77D1405B7011126CA4AC84EC6BA
:109C600006CE22CC52C4937736002A89B284AE89BC
:109C700089CFFD1717270000130747F78A07BA9700
:109C800090438146EFF0DFD2AA898984A5CC83274F
:109C9000490291EF4145EFF05FC42322A90223223C
:109CA0000500232405002320050023260500032AA0
:109CB000490203248A0019E8930510274A85EFF02A
:109CC000BFE32324AA002A842320050093F714006D
:109CD00081CFCE8522864A85EFF0DFE32A8ACE85C2
:109CE0004A85EFF0BFC8D289858489CC084009E94C
:109CF0002286A2854A85EFF0FFE108C023200500F7
:109D00002A84E9B7F24062444E85D2444249B249BE
:109D1000224A05618280797126D2AE844ECE83A913
:109D2000040122D4CC41135456409C44A2994AD0F9
:109D300056CA06D652CCAA8A1389190063C42709C9
:109D4000568532C6EFF01FBA3246930745012A8A7C
:109D5000BE8601479106634A8706635304000144A7
:109D600094480A04338787008A06938744017D8AD2
:109D7000BE9625C2130800023308C84081458843B7
:109D8000110791073315C500C98D232EB7FE83A592
:109D9000C7FFB3D50501E3E4D7FE0CC399C113890E
:109DA00029007D1923282A015685A685EFF01FBCBE
:109DB000B2502254528592540259F249624AD24A10
:109DC000456182808505860795BF23AE06FE05079F
:109DD00051B7910703A6C7FF1107232EC7FEE3EA79
:109DE000D7FEC1B71C499849998F8DE30A075105E1
:109DF000D105B306E500BA95F116F11590429841E8
:109E00006308E600FD576363E60085473E85828070
:109E1000E364D5FEE5BF011126CAAE844EC6B28505
:109E2000AA89268522CC06CE4AC83284EFF09FFB51
:109E300005E181454E85EFF0FFAA85471CC9232A1D
:109E40000500F2406244D2444249B2490561828031
:109E5000054963460500A28701492684BE844C401B
:109E60004E85EFF03FA80323040183A804011306E5
:109E70004401131E2300138844018A08C16E23265F
:109E80002501329EC29893064501014FFD1E1842DE
:109E9000832F08009106B375D701B3F7DF01FA9558
:109EA0009D8D93DF0F0193570701B387F74113D7B8
:109EB0000541BA9713DF0741B3F5D501C207CD8F2E
:109EC000110823AEF6FE1106E36318FDC165FD150A
:109ED0006368C601F1169C4295C72328650095B7B3
:109EE0001C429106110633F7B7007A9713580741C1
:109EF000C183C29713DF07416D8FC207D98F23AE8D
:109F0000F6FEF9B77D13F9B7797122D42E84854511
:109F100026D24AD0B2844ECE52CC3A8906D6368A60
:109F2000EFF05F9C370710009307F7FFE58FD180B4
:109F300093F4F47FAA89B5E03EC62DC4280022C45C
:109F4000EFF0FFB4A24621CD324793070002898F7C
:109F5000B317F700D58F3357A70023AAF9003AC6E5
:109F6000324423AC890033348000050423A88900DF
:109F7000B9C49384D4BCAA949307500323209A00B5
:109F80003385A7402320A900B25022544E85925415
:109F90000259F249624A45618280D98F71BF23AA72
:109FA000D9007DBF6800EFF09FAEB24713050502F0
:109FB000054423AAF900854723A8F90055BF931744
:109FC00024001305E5BCCE972320AA00884B160475
:109FD000EFF09FA7098C232089007DB73386C50247
:109FE000011122CC06CEB28532C621282A8409C5A9
:109FF00032468145EF60CF9A2285F2406244056186
:10A000008280011126CA93843500F19806CE22CCB5
:10A010004AC84EC6A104B14763F1F404B14463E0F9
:10A02000B4042A89212A9387C18598433A8431E070
:10A03000938701869C4391E781454A85512823A057
:10A04000A186A6854A856920FD5963173507B14762
:10A050002320F9004A85E52029A0E3D204FCB1477A
:10A060001CC10145F2406244D2444249B2490561F3
:10A0700082801C40858F63CE0702AD4663F6F600F2
:10A080001CC03E9404C031A05C406312870223AE22
:10A09000F1844A856D201305B4009307440061994B
:10A0A0003307F54061D33A94898F1CC065BF5CC308
:10A0B000CDB722874040A5BF130435007198E30354
:10A0C00085FCB305A4404A852120E31D35FB41B73B
:10A0D000411122C42A842E859787FF1F23A8077C5D
:10A0E00006C6EF90EFC6FD576319F5009787FF1F6F
:10A0F0009387C77B9C4391C31CC0B240224441015B
:10A10000828085E141116C00014511CA795581CAEF
:10A11000834706009CC1034506003335A00041017A
:10A120008280014519CA795589CA834706009CC1B6
:10A13000034506003335A0008280828082808280C1
:10A1400091CD9307F00F63F7C7009307A0081CC1D8
:10A150007D5582802380C50005458280014582802F
:10A160003708100001117D183377B80026CA3378FC
:10A17000D80093D4450113D34601131E37004EC6B1
:10A180001357D5010E089357D60193F4F47F137338
:10A19000F37F06CE22CC4AC893D9F50193DEF601AF
:10A1A0003367C701131F350033E80701931F3600DB
:10A1B000338E64406380D9196356C0136304031C53
:10A1C000B70680009307F07F3368D800638FF436BA
:10A1D0009307800363C0C735FD4763CDC7471305A9
:10A1E00000023305C541B3D7CF01B316A800339998
:10A1F000AF00DD8E33392001B357C80133E92601A2
:10A200001D8F33092F41B3372F013306F7409317C2
:10A21000860063D40724370780007D173374E60077
:10A22000630C042C2285EFE0CF8C130785FF930786
:10A230000002998FB357F9003316E400D18F331918
:10A24000E9006341972A33059740130615007D47BF
:10A25000634DC73813070002118FB356C900331975
:10A26000E9003397E700558F33392001336927011F
:10A2700033D6C70081449377790081CF1377F900F3
:10A2800091476308F70013074900333927014A96BD
:10A290003A899317860063D6071C13851400930729
:10A2A000F07FCE856304F520B70780FFFD17F18F9F
:10A2B0009398D70113593900A607B3E82801B18351
:10A2C0001375F57F9396C7005205F2406244B18240
:10A2D000FE05C98ECD8ED2444249B2494685B68527
:10A2E00005618280631E0E0A138314001373E37FDB
:10A2F00063170322B367E701B368F801639D041A8B
:10A3000063870740638608443309FF41B307074169
:10A3100033362F013386C7409317860063D6074C28
:10A320003389EF41B307E84033B62F013386C74086
:10A33000F68991B76350C00F6300030CB706800025
:10A340009307F07F3368D800638AF43A9307800359
:10A3500063CBC713FD4763DFC73513090EFE9307B1
:10A360000002B3562801630AFE00130900043309F2
:10A37000C94133192801B3EF2F013339F001336993
:10A38000D90031A2B367F801638A071C9307FEFF67
:10A39000638C07389306F07F6309DE1A3E8E0DBD8D
:10A3A000B305934063910422B367E70163870732E3
:10A3B0009387F5FF638107449306F07F638CD52074
:10A3C000BE859307800363CCB72AFD4763CFB73CB4
:10A3D000930700028D8F3319F700B356BF00B317F0
:10A3E000FF003369D900B337F0003357B700336942
:10A3F000F9003308E84041ACB367F80163800734E3
:10A400009307FEFF638A07209306F07F6308DE2E22
:10A410003E8E2DBF631E0E149386140093F7E67FC5
:10A4200063910734B367E7016395042C6380073EAB
:10A43000B367F801638E07303309FF01B3070701E3
:10A44000333FE9013386E7019317860063D707009E
:10A45000B70780FFFD177D8E854493777900E39FD2
:10A4600007E09317D60193583900B3E8F8009357E3
:10A4700036001307F07F638DE404B207B18313F550
:10A48000F47FCE8581B53369F801333920017A999B
:10A49000B337E9013386E70093178600E3DF07FA55
:10A4A00085049307F07F6396F418CE851305F07F3B
:10A4B0008147814801BDC1EB6384083A9316360099
:10A4C0009317D8018D82B3E8D700F68993573800E7
:10A4D000B3E7F800F9DB81451305F07FB707080003
:10A4E0008148CDB3370680FF7D167D8E9377790046
:10A4F000998CE39507D8B5B74A85EFD09FDF13074E
:10A500008501FD47E3D5E7D2130685FFB317C900E0
:10A51000014905BB3369F80133392001DDB1330945
:10A52000FF413306074133342F013304864093172C
:10A53000840063CD0724B3688900E39308CE814784
:10A54000814981441DBFE39808F80E059317D70190
:10A550000D81B3E8A700935737009DBF0E059317F1
:10A56000D7010D81B3E8A700F2849357370011B7E4
:10A570003305934063820412B70680009307F07F8F
:10A58000558F630DF32E9307800363CBA720FD4700
:10A5900063C3A72A93070002898F3319F700B356C4
:10A5A000AF00B317FF003369D900B337F00033575A
:10A5B000A7003369F9003A987E99B337F9013386D9
:10A5C00007019A84D1BDB70680009307F07F558FAD
:10A5D000E319F3DE931736008D839318D801B3E89F
:10A5E0001701F68993573800E5B5130715FE930652
:10A5F000000233D7E700630AD600930600043386CF
:10A60000C6403396C7003369C90033392001336926
:10A61000E9000146814491B53309FF01B307070101
:10A620003336E9013E96931786008544E3D707E267
:10A630008944B70780FFFD17F18F1357190013796D
:10A640001900336927019398F70133E9280113D6DC
:10A65000170015B113090EFE93070002B356280127
:10A66000630AFE00130900043309C94133192801A4
:10A67000B3EF2F013339F0013369D90059B633698B
:10A68000E7013339200133892F41B3B72F01330656
:10A69000F8409A84F689A5BEB367E701638207187C
:10A6A0009307F5FF6384071C9306F07F6304D512BC
:10A6B0003E85D1BD93070002B387C741B316F800AA
:10A6C0003399FF0033D6CF01D18E33392001B357F0
:10A6D000C80133E926013E975DBB931736008D8391
:10A6E0009318D801B3E81701AE8493573800F68960
:10A6F00049B3EDC33369F801E31F09DC0E05931775
:10A70000D7010D81B368F50093573700D1B363814A
:10A71000080E931636009317D8018D82B3E8D70040
:10A72000F6899357380091BB3309FF41B3070741BE
:10A73000333F2F013386E7418544D1BC0E05931783
:10A74000D7010D81B368F500F2849357370015B334
:10A750000E059317D7010D81B3E8A7009357370073
:10A7600029BB9307F07FE382F6D43309FF01333628
:10A77000E901B3070701B2979398F701135919003C
:10A7800033E9280113D61700B684C1B93389EF41E4
:10A790003307E84033B62F013304C740F68949B484
:10A7A0003369E7013339200101BD938705FE930624
:10A7B0000002B357F700638AD50093060004B385FF
:10A7C000B6403317B700336FEF003339E001336918
:10A7D000F90055BD931736008D839318D801B3E85F
:10A7E000170193573800EDB1B368C900E39708C665
:10A7F0008147814959B13389EF41B307E84033B606
:10A800002F013386C740F689854411B4931636006C
:10A810009317D8018D82B3E8D70093573800B1B9A8
:10A82000931636009317D8018D82B3E8D700AA8417
:10A83000935738003DB9930705FE93060002B357BE
:10A84000F700630AD500930600043385A64033174A
:10A85000A700336FEF003339E0013369F900A9BB7A
:10A8600081451305F07FB7070800A9BC3309FF0134
:10A87000B30707013336F9013E9675B393163600D8
:10A880009317D8018D82B3E8D7009357380089B168
:10A8900013D74501B7071000FD1713D846011377EA
:10A8A000F77F9308F07F33FEB700AA8EF58FFD8106
:10A8B000328F1378F87FFD82630B1701054363061F
:10A8C000180163140701630DFE001A858280B368C6
:10A8D000AE000543E39B08FEE319E8FED18FF5F7D0
:10A8E0000543E394EEFF0143E381D5FE054371FF89
:10A8F0003365AE003333A000C9BF13D74501B70796
:10A900001000FD1713D846011377F77F9308F07FE7
:10A9100033F3B7002A8EF58FFD81B28E1378F87F5E
:10A92000FD8263081703630018030DEBB368A300EF
:10A93000631408005D8E29CA638508046388D50204
:10A94000054595ED8280B3E8C700E38008FE7955A0
:10A9500082803365A30065FD630CE8026314080080
:10A960005D8E79DEE39ED5FCE34CE8FC634807018D
:10A97000E3E867FC6303F302637FF30081E57D5541
:10A980008280F5DE054582800145E39B08FA8280DE
:10A990005D8E69DA6DBF01458280E3E3CEFB014540
:10A9A000E372DEFBE5F1E1BF13D74501B707100005
:10A9B000FD171347F7FF13D84601FD8DF58F93164A
:10A9C00057011378F87F99CA1307F07F0145630395
:10A9D000E8008280D18F3335F0008280C98D054533
:10A9E000E5D5828093D74501B70610001387F6FF9F
:10A9F00093F7F77F1306E03F6D8FFD81635CF600F0
:10AA00001306D041635AF600370500801345F5FF61
:10AA10002E95828001458280130630431D8E7D482D
:10AA2000558F635DC80093063041B387F640B35736
:10AA3000F7003305F040E5F13E8582809387D7BE6D
:10AA4000B317F7003355C500C98FE5B70328C50014
:10AA5000184154410C4521659307F5FF1356080131
:10AA6000139E35007D8E9358D70193D7D6011313CB
:10AA700008018E064111B3E7C701B3E6160113536F
:10AA80000301131E3700930816007915F5810E0394
:10AA90003EC436C272C033F5A8001358F801B3E5BE
:10AAA000650005C97177130707403A961307E07FE1
:10AAB000635DC7041306F07F0147814732075206E2
:10AAC00031837E08518F336707013E85BA85410186
:10AAD0008280D58FCD8FB3E7C70105E2F1CB8147E7
:10AAE000954693D53600139797009396D701B3E711
:10AAF000B60031831376F67FD1B7CDDF0148130658
:10AB0000F07F37070800814755BF6346C00A9307A7
:10AB1000C0FC634FF60E9307D0033386C7409357AC
:10AB2000564037070800D98D139527000A878146BC
:10AB30002EC6B308A10011077D8AB3E6C6016309DA
:10AB40001701032E07001107B3E6C601E31B17FF29
:10AB50000D471D8F79CA93080101AA9883A808FFA1
:10AB6000130E0002330ECE40B398C801B3E61601AF
:10AB700075CB0A070A95B30EE1008A880C410323BE
:10AB800045009108B3D5C5003313C301B3E5650093
:10AB900023AEB8FE1105E3931EFF9145B387F54040
:10ABA000B24508082A97B3D5C5002328B7FE61A887
:10ABB0000146014721B713974600139547003367B5
:10ABC000C701F182F18392053337E000C98ECD8F42
:10ABD000D98E13F7760011C713F7F6009145631C61
:10ABE000B702370780007D8FE30D07EE05061307D8
:10ABF000F07FE301E6EC370780FF7D177D8F931729
:10AC0000D7018D8226071376F67FD58F31837DB5E8
:10AC100085468147014613B7C6FF13471700BA9709
:10AC20003707800091067D8FC1B78A85B388A5005C
:10AC300083A808009105050623AE15FFE358C7FE5B
:10AC40001147B307F7408A078A97180823A007001F
:10AC50009107E39DE7FE0247B336D0009247D98EB5
:10AC6000014685BF854701472DBF0000000000C099
:10AC7000000000400000003F0000B44300003443E7
:10AC8000000034C300000038000080410000FA4496
:10AC9000523A25342E306620503A25342E30662024
:10ACA000000000005961773A25372E3166200000F8
:10ACB0005961773A202D2D2D2D2D2D2000000000DB
:10ACC000486561643A25362E316620004865616426
:10ACD0003A202D2D2D2D20004C617365723A2534BC
:10ACE000756D6D20000000004C617365723A4E4630
:10ACF000524D2020000000004C617365723A4241C1
:10AD000044202020000000004C617365723A2D2D14
:10AD10002D2D6D6D200000000000000000000000DF
:10AD20000000000000000000000000F8000000002B
:10AD3000000000333000000000100C06100C06006C
:10AD4000000000000000000040C07840C0784000D3
:10AD5000043F04043F040400007088FC0830000035
:10AD6000001820FF211E0000F008F000E01800008D
:10AD700000211C031E211E0000F008887000000046
:10AD80001E2123241927211010160E000000000098
:10AD90000000000000000000000000E018040200B5
:10ADA000000000071820400000020418E000000026
:10ADB0000040201807000000404080F08040400024
:10ADC0000202010F01020200000000F0000000007A
:10ADD0000101011F0101010000000000000000004E
:10ADE00080B07000000000000000000000000000C3
:10ADF000000101010101010100000000000000004C
:10AE000000303000000000000000000080601804E6
:10AE1000006018060100000000E010080810E000C3
:10AE2000000F102020100F00001010F8000000008C
:10AE30000020203F202000000070080808887000D3
:10AE40000030282422213000003008888848300053
:10AE50000018202020110E000000C02010F8000073
:10AE600000070424243F240000F80888880808000C
:10AE70000019212020110E0000E010888818000021
:10AE8000000F112020110E0000380808C8380800F3
:10AE90000000003F00000000007088080888700073
:10AEA000001C222121221C0000E010080810E000F4
:10AEB0000000312222110F00000000C0C00000007D
:10AEC00000000030300000000000008000000000A2
:10AED000000080600000000000008040201008009A
:10AEE0000001020408102000404040404040400063
:10AEF000040404040404040000081020408000003E
:10AF00000020100804020100007048080808F00042
:10AF10000000003036010000C030C828E810E00012
:10AF20000718272423140B000000C038E00000009D
:10AF3000203C23020227382008F888888870000007
:10AF4000203F202020110E00C030080808083800DB
:10AF5000071820202010080008F808080810E00052
:10AF6000203F202020100F0008F88888E8081000F3
:10AF7000203F20202320180008F88888E8081000C7
:10AF8000203F200003000000C030080808380000FF
:10AF900007182020221E020008F808000008F80800
:10AFA000203F210101213F20000808F80808000087
:10AFB0000020203F2020000000000808F8080800BA
:10AFC000C08080807F00000008F888C02818080032
:10AFD000203F20012638200008F80800000000006B
:10AFE000203F20202020300008F8F800F8F8080062
:10AFF000203F003F003F200008F830C00008F8085C
:10B00000203F200007183F00E01008080810E0006B
:10B010000F10202020100F0008F808080808F00082
:10B02000203F210101010000E01008080810E000A5
:10B030000F18242438504F0008F88888888870003A
:10B04000203F2000030C30200070880808083800DA
:10B050000038202121221C00180808F808081800D0
:10B060000000203F2000000008F808000008F80851
:10B07000001F202020201F000878880000C8380802
:10B08000000007380E010000F80800F80008F8007A
:10B09000033C0700073C0300081868808068180814
:10B0A00020302C03032C30200838C800C838080092
:10B0B0000000203F2000000010080808C8380800E1
:10B0C0002038262120201800000000FE0202020085
:10B0D0000000007F40404000000C30C00000000035
:10B0E000000000010638C00000020202FE0000005D
:10B0F000004040407F000000000004020202040003
:10B10000000000000000000000000000000000003F
:10B110008080808080808080000202040000000027
:10B12000000000000000000000008080808000001F
:10B130000019242222223F2008F80080800000000D
:10B14000003F112020110E000000008080800000D0
:10B15000000E112020201100000000808088F800DF
:10B16000000E112020103F20000080808080000011
:10B17000001F222222221300008080F08888881875
:10B180000020203F20200000000080808080800080
:10B19000006B94949493600008F800808080000015
:10B1A000203F210000203F200080989800000000F0
:10B1B0000020203F20200000000000809898000020
:10B1C00000C08080807F000008F800008080800040
:10B1D000203F24022D302000000808F80000000065
:10B1E0000020203F20200000808080808080800020
:10B1F000203F20003F20003F8080008080800000B2
:10B20000203F210000203F2000008080808000003F
:10B21000001F202020201F00808000808000000070
:10B2200080FFA12020110E0000000080808080009F
:10B23000000E112020A0FF80808080008080800090
:10B2400020203F21200001000000808080808000BD
:10B250000033242424241900008080E08080000032
:10B260000000001F2020000080800000008080007F
:10B27000001F202020103F208080800000808080E0
:10B2800000010E3008060100808000800080808070
:10B290000F300C030C300F00008080008080800095
:10B2A0000020312E0E3120008080800000808080C0
:10B2B00080818E7018060100008080808080800070
:10B2C0000021302C2221300000000000807C02028E
:10B2D00000000000003F404000000000FF000000B0
:10B2E00000000000FF0000000002027C800000005F
:10B2F0000040403F0000000000060101020204047B
:10B3000000000000000000000E1F00008E1F000063
:10B3100036210000B6210000E021000020BCBE4C18
:10B32000DA0F49400000A5430000A0420080894494
:10B330000000803F0000C8440000614400009643C4
:10B34000000048430000F0424750532053696D000D
:10B350004C6F6E3A000000002573256C642E25307A
:10B36000366C64004C61743A0000000073717274B2
:10B3700066000000DB0FC93FDB0F4940DB0F49C00F
:10B3800000000080DB0FC9BFE4CB1640E4CB16C041
:10B39000DB0F493FDB0F49BF2EBDBB33800FC93FD9
:10B3A000434435370044353708A3852E84F9223FBE
:10B3B00000A3852E32318D2400008043000FC93F49
:10B3C000000F494000CB9640000FC9400053FB409E
:10B3D00000CB164100ED2F41000F49410031624181
:10B3E00000537B41003A8A4100CB9641005CA34167
:10B3F00000EDAF41007EBC41000FC94100A0D54126
:10B400000031E24100C2EE410053FB4100F2034231
:10B41000003A0A420083104200CB164200141D423B
:10B42000005C234200A5294200ED2F42003636423F
:10B43000007E3C4200C74242000F4942A200000089
:10B44000F9000000830000006E0000004E000000C4
:10B45000440000001500000029000000FC0000006E
:10B460002700000057000000D1000000F500000098
:10B4700034000000DD000000C0000000DB00000020
:10B480006200000095000000990000003C000000F0
:10B49000430000009000000041000000FE0000009A
:10B4A0005100000063000000AB000000DE0000005F
:10B4B000BB000000C500000061000000B7000000F4
:10B4C000240000006E0000003A000000420000006E
:10B4D0004D000000D2000000E00000000600000067
:10B4E000490000002E000000EA00000009000000F2
:10B4F000D1000000920000001C000000FE000000CF
:10B500001D000000EB0000001C000000B100000066
:10B5100029000000A70000003E000000E800000035
:10B520008200000035000000F50000002E00000041
:10B53000BB0000004400000084000000E90000009F
:10B540009C0000007000000026000000B400000015
:10B550005F0000007E000000410000003900000094
:10B5600091000000D60000003900000083000000B8
:10B570005300000039000000F40000009C000000AF
:10B58000840000005F0000008B000000BD00000090
:10B59000F9000000280000003B0000001F00000030
:10B5A000F800000097000000FF000000DE0000002F
:10B5B00005000000980000000F000000EF000000F0
:10B5C0002F000000110000008B0000005A00000056
:10B5D0000A0000006D0000001F0000006D00000068
:10B5E000360000007E000000CF00000027000000B1
:10B5F000CB00000009000000B70000004F00000071
:10B60000460000003F000000660000009E000000B1
:10B610005F000000EA0000002D000000750000003F
:10B6200027000000BA000000C7000000EB00000087
:10B63000E5000000F10000007B0000003D0000007C
:10B640000700000039000000F70000008A00000039
:10B650005200000092000000EA0000006B000000B1
:10B66000FB0000005F000000B10000001F000000B0
:10B670008D0000005D000000080000005600000082
:10B68000030000003000000046000000FC00000045
:10B690007B0000006B000000AB000000F000000029
:10B6A000CF000000BC000000200000009A00000055
:10B6B000F4000000360000001D000000A90000009A
:10B6C000E300000091000000610000005E00000047
:10B6D000E60000001B0000000800000065000000FC
:10B6E00099000000850000005F00000014000000C9
:10B6F000A000000068000000400000008D00000075
:10B70000FF000000D8000000800000004D00000095
:10B710007300000027000000310000000600000058
:10B72000060000001500000056000000CA000000DE
:10B7300073000000A8000000C900000060000000C5
:10B74000E20000007B000000C00000008C00000050
:10B750006B0000000000383F0000903E4ED747AD20
:10B76000F6740F317CF29334010DD037610BB63A89
:10B77000ABAA2A3D0000C93F0000F0390000DA37CB
:10B780000000A2330000842E0000502B0000C227CE
:10B790000000D0220000C41F0000C61B0000441798
:10B7A0000000C93F0000803B0000003E0000004157
:10B7B000040000000700000009000000D3C92E2F7C
:10B7C000342FD7321BEF3836010D50398988083CA9
:10B7D000ABAA2A3ECAF249710000C03F000080BFF8
:10B7E000D769853C59DA4B3D356B883D6E2EBA3DA5
:10B7F0002549123EABAAAA3E21A215BD6BF16E3DB2
:10B8000095879D3D388EE33DCDCC4C3E3863ED3E73
:10B81000DA0F493F5E987B3FDA0FC93F6937AC3199
:10B8200068212233B40F14336821A2330000004C86
:10B830006042A20D00000033286E756C6C29000078
:10B840005AA5FFFFDEA3FFFFEEA4FFFFF6A4FFFF54
:10B85000EEA4FFFF0EA4FFFFEEA4FFFFF6A4FFFF80
:10B86000DEA3FFFFDEA3FFFF0EA4FFFFF6A4FFFF92
:10B8700050A5FFFF50A5FFFF50A5FFFF0EA4FFFF3F
:10B8800052ABFFFF44AAFFFF44AAFFFF42AAFFFFFB
:10B890004AAAFFFF4AAAFFFF10AAFFFF42AAFFFF22
:10B8A0004AAAFFFF10AAFFFF4AAAFFFF42AAFFFF12
:10B8B0003EABFFFF3EABFFFF3EABFFFF10AAFFFF1B
:10B8C00068BDFFFF8EBCFFFF62BDFFFF96BCFFFFA0
:10B8D00062BDFFFF5CBCFFFF62BDFFFF96BCFFFFC8
:10B8E0008EBCFFFF8EBCFFFF5CBCFFFF96BCFFFF62
:10B8F0009CBCFFFF9CBCFFFF9CBCFFFF5CBCFFFF30
:10B900004EBCFFFF4EBCFFFF22BDFFFFFEBDFFFF91
:10B9100022BDFFFF1CBCFFFF22BDFFFFFEBDFFFFDE
:10B920004EBCFFFF4EBCFFFF1CBCFFFFFEBDFFFF78
:10B930005CBCFFFF5CBCFFFF5CBCFFFF1CBCFFFFEF
:10B94000D2C0FFFF20C0FFFF20C0FFFF1EC0FFFFCF
:10B9500024C0FFFF24C0FFFFF4BFFFFF1EC0FFFF96
:10B9600024C0FFFFF4BFFFFF24C0FFFF1EC0FFFF86
:10B97000C0C0FFFFC0C0FFFFC0C0FFFFF4BFFFFF9C
:10B980000001020203030303040404040404040486
:10B990000505050505050505050505050505050557
:10B9A0000606060606060606060606060606060637
:10B9B0000606060606060606060606060606060627
:10B9C0000707070707070707070707070707070707
:10B9D00007070707070707070707070707070707F7
:10B9E00007070707070707070707070707070707E7
:10B9F00007070707070707070707070707070707D7
:10BA000008080808080808080808080808080808B6
:10BA100008080808080808080808080808080808A6
:10BA20000808080808080808080808080808080896
:10BA30000808080808080808080808080808080886
:10BA40000808080808080808080808080808080876
:10BA50000808080808080808080808080808080866
:10BA60000808080808080808080808080808080856
:10BA70000808080808080808080808080808080846
:10BA8000FFFFFFFFFFFFEF7F494E4600696E660034
:10BA90004E414E006E616E0030000000000000005C
:10BAA000000000000000F83F61436F63A787D23FAA
:10BAB000B3C8608B288AC63FFB799F501344D33F9D
:10BAC000000000000000F03F0000000000002440E3
:10BAD0000000000000001C400000000000001440B6
:10BAE000000000000000E03F496E66696E697479ED
:10BAF000000000004E614E000080E03779C34143F2
:10BB0000176E05B5B5B89346F5F93FE9034F384DC3
:10BB1000321D30F94877825A3CBF737FDD4F15756F
:10BB2000000000000000F03F000000000000244082
:10BB300000000000000059400000000000408F405D
:10BB4000000000000088C34000000000006AF840C8
:10BB50000000000080842E4100000000D0126341EC
:10BB60000000000084D797410000000065CDCD4162
:10BB7000000000205FA00242000000E87648374243
:10BB8000000000A2941A6D42000040E59C30A242E1
:10BB90000000901EC4BCD64200003426F56B0C4356
:10BBA0000080E03779C3414300A0D88557347643FD
:10BBB00000C84E676DC1AB43003D9160E458E1435E
:10BBC000408CB5781DAF154450EFE2D6E41A4B44D3
:10BBD00092D54D06CFF08044F64AE1C7022DB54418
:10BBE000B49DD9794378EA440500000019000000AB
:10BBF0007D00000043000000504F534958000000F2
:10BC00002E00000000202020202020202020282896
:10BC1000282828202020202020202020202020200C
:10BC2000202020202088101010101010101010104C
:10BC3000101010101004040404040404040404107C
:10BC4000101010101010414141414141010101010A
:10BC500001010101010101010101010101010101D4
:10BC600010101010101042424242424202020202E0
:10BC700002020202020202020202020202020202A4
:10BC80001010101020000000000000000000000054
:10BC900000000000000000000000000000000000A4
:10BCA0000000000000000000000000000000000094
:10BCB0000000000000000000000000000000000084
:10BCC0000000000000000000000000000000000074
:10BCD0000000000000000000000000000000000064
:10BCE0000000000000000000000000000000000054
:10BCF0000000000000000000000000000000000044
:08BD000000000000000000003B
:10BD08000000000000000000010203040607080903
:10BD180000000000010203040102030406070809E9
:10BD2800000000000000000000000000000000000B
:10BD380000000000000000000000000000000000FB
:10BD480000000000000000000000000000000000EB
:10BD580000000000000000000000000000000000DB
:10BD680000000000000000000000000000000000CB
:10BD780000000000000000000000000000000000BB
:10BD88004300000000000000000000000000000068
:10BD9800000000000000000000000000000000009B
:10BDA8004300000000000000000000000000000048
:10BDB800000000000000000000000000000000007B
:10BDC8004300000000000000000000000000000028
:10BDD800000000000000000000000000000000005B
:10BDE8004300000000000000000000000000000008
:10BDF800000000000000000000000000000000003B
:10BE080043000000000000000000000000000000E7
:10BE1800000000000000000000000000000000001A
:10BE280043000000000000000000000000000000C7
:10BE380000000000000000000000000000000000FA
:10BE480043000000000000000000000000000000A7
:10BE580000000000000000000000000000000000DA
:10BE680040A1000002A100000000000004BC000086
:10BE780000BC000004AD000004AD000004AD0000EB
:10BE880004AD000004AD000004AD000004AD0000E6
:10BE980004AD000004AD0000FFFFFFFFFFFFFFFF40
:10BEA800FFFFFFFFFFFF0000010041534349490026
:10BEB800000000000000000000000000000000007A
:10BEC8000000000000000000000041534349490001
:10BED800000000000000000000000000000000005A
:10BEE800000000000000000000000000000000004A
:10BEF800010000006824571300A24A04020406083F
:10BF0800AC2800200100000020000020A52000002F
:10BF1800A5250000A55A050000408100000000008A
:00000001FF
