
CH32V103C8T6.elf:     file format elf32-littleriscv
CH32V103C8T6.elf
architecture: riscv:rv32, flags 0x00000112:
EXEC_P, HAS_SYMS, D_PAGED
start address 0x00000000

Program Header:
    LOAD off    0x00001000 vaddr 0x00000000 paddr 0x00000000 align 2**12
         filesz 0x0000bd08 memsz 0x0000bd08 flags r-x
    LOAD off    0x0000d000 vaddr 0x20000000 paddr 0x0000bd08 align 2**12
         filesz 0x00000220 memsz 0x000028ac flags rw-
    LOAD off    0x0000d800 vaddr 0x20004800 paddr 0x20004800 align 2**12
         filesz 0x00000000 memsz 0x00000800 flags rw-

Sections:
Idx Name          Size      VMA       LMA       File off  Algn
  0 .init         00000038  00000000  00000000  00001000  2**1
                  CONTENTS, ALLOC, LOAD, READONLY, CODE
  1 .vector       00000108  00000038  00000038  00001038  2**1
                  CONTENTS, ALLOC, LOAD, READONLY, CODE
  2 .text         0000bbc8  00000140  00000140  00001140  2**3
                  CONTENTS, ALLOC, LOAD, READONLY, CODE
  3 .fini         00000000  0000bd08  0000bd08  0000d220  2**0
                  CONTENTS, ALLOC, LOAD, CODE
  4 .dalign       00000000  20000000  20000000  0000d220  2**0
                  CONTENTS
  5 .dlalign      00000000  0000bd08  0000bd08  0000d220  2**0
                  CONTENTS
  6 .data         00000220  20000000  0000bd08  0000d000  2**2
                  CONTENTS, ALLOC, LOAD, DATA
  7 .bss          0000268c  20000220  0000bf28  0000d220  2**2
                  ALLOC
  8 .stack        00000800  20004800  20004800  0000d800  2**0
                  ALLOC
  9 .debug_info   0001b5e7  00000000  00000000  0000d220  2**0
                  CONTENTS, READONLY, DEBUGGING
 10 .debug_abbrev 00004051  00000000  00000000  00028807  2**0
                  CONTENTS, READONLY, DEBUGGING
 11 .debug_loc    00006381  00000000  00000000  0002c858  2**0
                  CONTENTS, READONLY, DEBUGGING
 12 .debug_aranges 00000ac0  00000000  00000000  00032be0  2**3
                  CONTENTS, READONLY, DEBUGGING
 13 .debug_ranges 00001128  00000000  00000000  000336a0  2**3
                  CONTENTS, READONLY, DEBUGGING
 14 .debug_line   00012d66  00000000  00000000  000347c8  2**0
                  CONTENTS, READONLY, DEBUGGING
 15 .debug_str    00003e61  00000000  00000000  0004752e  2**0
                  CONTENTS, READONLY, DEBUGGING
 16 .comment      00000033  00000000  00000000  0004b38f  2**0
                  CONTENTS, READONLY
 17 .debug_frame  00002c78  00000000  00000000  0004b3c4  2**2
                  CONTENTS, READONLY, DEBUGGING
SYMBOL TABLE:
00000000 l    d  .init	00000000 .init
00000038 l    d  .vector	00000000 .vector
00000140 l    d  .text	00000000 .text
0000bd08 l    d  .fini	00000000 .fini
20000000 l    d  .dalign	00000000 .dalign
0000bd08 l    d  .dlalign	00000000 .dlalign
20000000 l    d  .data	00000000 .data
20000220 l    d  .bss	00000000 .bss
20004800 l    d  .stack	00000000 .stack
00000000 l    d  .debug_info	00000000 .debug_info
00000000 l    d  .debug_abbrev	00000000 .debug_abbrev
00000000 l    d  .debug_loc	00000000 .debug_loc
00000000 l    d  .debug_aranges	00000000 .debug_aranges
00000000 l    d  .debug_ranges	00000000 .debug_ranges
00000000 l    d  .debug_line	00000000 .debug_line
00000000 l    d  .debug_str	00000000 .debug_str
00000000 l    d  .comment	00000000 .comment
00000000 l    d  .debug_frame	00000000 .debug_frame
00000000 l    df *ABS*	00000000 ./Startup/startup_ch32v10x.o
00000038 l       .vector	00000000 _vector_base
00000000 l    df *ABS*	00000000 JY901.c
00000248 l     F .text	0000005a JY901_NormalizeAngle180
000002a2 l     F .text	0000002a JY901_DMA_Restart
0000036c l     F .text	0000022c JY901_ParseBuffer
200002c8 l     O .bss	000000d0 jy901_yaw_ma
20000220 l     O .bss	00000004 jy901_last_display_ms
20000224 l     O .bss	00000004 jy901_state
20000228 l     O .bss	00000001 jy901_yaw_filter_init
2000022c l     O .bss	00000004 jy901_yaw_last_raw
20000230 l     O .bss	00000004 jy901_yaw_unwrap
200001f0 l     O .data	00000001 jy901_display_enabled
00000000 l    df *ABS*	00000000 Laser.c
20000234 l     O .bss	00000001 s_laser_ever_frame
20000235 l     O .bss	00000001 s_laser_parse_error
00000000 l    df *ABS*	00000000 Motor.c
00000000 l    df *ABS*	00000000 Oled.c
00000000 l    df *ABS*	00000000 SR04.c
00000000 l    df *ABS*	00000000 Servo.c
00000000 l    df *ABS*	00000000 ch32v10x_it.c
00000000 l    df *ABS*	00000000 cone_detect.c
00001420 l     F .text	00000034 FloatToS16
00001454 l     F .text	0000002e SetSpeed
00001482 l     F .text	00000066 SetSteerRaw
000014e8 l     F .text	000000ba GetGateCarSideTarget
000015a2 l     F .text	00000038 GetGateCarSideTargetDist
000015da l     F .text	00000056 IsGateReadyToPass
00001630 l     F .text	00000604 ConeDetect_UpdateWithSide
200009e8 l     O .bss	00000dc0 detect_points
00001c34 l     F .text	00000074 CalcLineSteer.isra.4
00001ca8 l     F .text	00000062 CalcTargetSteer.isra.6
200003e8 l     O .bss	00000600 detect_clusters
200017a8 l     O .bss	000005a8 drive_frame
2000023e l     O .bss	00000002 last_angle.5422
00000000 l    df *ABS*	00000000 main.c
00002212 l     F .text	00000026 SYSTICK_ClearCounter
00002238 l     F .text	000000c2 APP_ShowFixedLocation
20001d50 l     O .bss	00000032 drive_cfg
20001d84 l     O .bss	00000054 drive_ctx
200001f4 l     O .data	00000004 gps_seed.5022
00000000 l    df *ABS*	00000000 rplidar_360.c
000024f4 l     F .text	00000046 LIDAR_DMA_RX_Reset
0000253a l     F .text	0000000c RPLIDAR_PortDelayMs
00002546 l     F .text	00000056 RPLIDAR_PortSend
0000259c l     F .text	0000002a RPLIDAR360_Stop.constprop.7
000025c6 l     F .text	00000062 RPLIDAR360_InputBytesFromISR.part.0.constprop.21
00002628 l     F .text	0000004a RPLIDAR360_StartScan.constprop.5
20001dd8 l     O .bss	00000101 g_lidar_dma
20001edc l     O .bss	000005cc g_rplidar
200024a8 l     O .bss	00000400 g_rplidar_ring_buf
2000020c l     O .data	00000002 cmd_scan.4911
20000210 l     O .data	00000002 cmd_stop.4903
20000214 l     O .data	00000007 s_rplidar_scan_desc
00000000 l    df *ABS*	00000000 system_ch32v10x.c
00000000 l    df *ABS*	00000000 ch32v10x_dma.c
00000000 l    df *ABS*	00000000 ch32v10x_gpio.c
00000000 l    df *ABS*	00000000 ch32v10x_misc.c
00000000 l    df *ABS*	00000000 ch32v10x_rcc.c
20000010 l     O .data	00000010 APBAHBPrescTable
200001fc l     O .data	00000004 ADCPrescTable
00000000 l    df *ABS*	00000000 ch32v10x_tim.c
00000000 l    df *ABS*	00000000 ch32v10x_usart.c
00000000 l    df *ABS*	00000000 debug.c
20000248 l     O .bss	00000002 p_ms
2000024a l     O .bss	00000001 p_us
20000200 l     O .data	00000004 curbrk.4779
00000000 l    df *ABS*	00000000 sf_cos.c
00000000 l    df *ABS*	00000000 sf_sin.c
00000000 l    df *ABS*	00000000 wf_atan2.c
00000000 l    df *ABS*	00000000 wf_sqrt.c
00000000 l    df *ABS*	00000000 ef_atan2.c
00000000 l    df *ABS*	00000000 ef_rem_pio2.c
0000b3bc l     O .text	00000080 npio2_hw
0000b43c l     O .text	00000318 two_over_pi
00000000 l    df *ABS*	00000000 ef_sqrt.c
00000000 l    df *ABS*	00000000 kf_cos.c
00000000 l    df *ABS*	00000000 kf_rem_pio2.c
0000b774 l     O .text	0000002c PIo2
0000b7b0 l     O .text	0000000c init_jk
00000000 l    df *ABS*	00000000 kf_sin.c
00000000 l    df *ABS*	00000000 s_matherr.c
00000000 l    df *ABS*	00000000 sf_atan.c
0000b80c l     O .text	00000010 atanhi
0000b81c l     O .text	00000010 atanlo
00000000 l    df *ABS*	00000000 sf_fabs.c
00000000 l    df *ABS*	00000000 sf_floor.c
00000000 l    df *ABS*	00000000 sf_scalbn.c
00000000 l    df *ABS*	00000000 sf_copysign.c
00000000 l    df *ABS*	00000000 printfloat.c
00000000 l    df *ABS*	00000000 libgcc2.c
00000000 l    df *ABS*	00000000 libgcc2.c
00000000 l    df *ABS*	00000000 divdf3.c
00000000 l    df *ABS*	00000000 ledf2.c
00000000 l    df *ABS*	00000000 muldf3.c
00000000 l    df *ABS*	00000000 subdf3.c
00000000 l    df *ABS*	00000000 floatsidf.c
00000000 l    df *ABS*	00000000 floatunsidf.c
00000000 l    df *ABS*	00000000 fixdfdi.c
00000000 l    df *ABS*	00000000 floatdidf.c
00000000 l    df *ABS*	00000000 addsf3.c
00000000 l    df *ABS*	00000000 divsf3.c
00000000 l    df *ABS*	00000000 eqsf2.c
00000000 l    df *ABS*	00000000 gesf2.c
00000000 l    df *ABS*	00000000 lesf2.c
00000000 l    df *ABS*	00000000 mulsf3.c
00000000 l    df *ABS*	00000000 subsf3.c
00000000 l    df *ABS*	00000000 unordsf2.c
00000000 l    df *ABS*	00000000 fixsfsi.c
00000000 l    df *ABS*	00000000 floatsisf.c
00000000 l    df *ABS*	00000000 floatunsisf.c
00000000 l    df *ABS*	00000000 extendsfdf2.c
00000000 l    df *ABS*	00000000 truncdfsf2.c
00000000 l    df *ABS*	00000000 libgcc2.c
00000000 l    df *ABS*	00000000 errno.c
00000000 l    df *ABS*	00000000 memcpy.c
00000000 l    df *ABS*	00000000 nano-vfprintf_float.c
00000000 l    df *ABS*	00000000 nano-vfprintf_i.c
00000000 l    df *ABS*	00000000 strcpy.c
00000000 l    df *ABS*	00000000 strlen.c
00000000 l    df *ABS*	00000000 dtoa.c
00008b92 l     F .text	0000013a quorem
00000000 l    df *ABS*	00000000 localeconv.c
00000000 l    df *ABS*	00000000 malloc.c
00000000 l    df *ABS*	00000000 mprec.c
0000bbe8 l     O .text	0000000c p05.3319
00000000 l    df *ABS*	00000000 nano-mallocr.c
00000000 l    df *ABS*	00000000 nano-mallocr.c
00000000 l    df *ABS*	00000000 sbrkr.c
00000000 l    df *ABS*	00000000 mbtowc_r.c
00000000 l    df *ABS*	00000000 mlock.c
00000000 l    df *ABS*	00000000 wctomb_r.c
00000000 l    df *ABS*	00000000 adddf3.c
00000000 l    df *ABS*	00000000 eqdf2.c
00000000 l    df *ABS*	00000000 gedf2.c
00000000 l    df *ABS*	00000000 unorddf2.c
00000000 l    df *ABS*	00000000 fixdfsi.c
00000000 l    df *ABS*	00000000 trunctfdf2.c
00000000 l    df *ABS*	00000000 libgcc2.c
00000000 l    df *ABS*	00000000 locale.c
00000000 l    df *ABS*	00000000 ctype_.c
00000000 l    df *ABS*	00000000 impure.c
20000020 l     O .data	00000060 impure_data
00000000 l    df *ABS*	00000000 s_lib_ver.c
00000000 l    df *ABS*	00000000 reent.c
00004fb0  w    F .text	00000100 printDouble
00008426 g     F .text	000000ee __cvt
00002d1e  w      .text	00000000 EXTI2_IRQHandler
00008b6e g     F .text	00000012 strcpy
00002ed0 g     F .text	00000014 DMA_Cmd
0000a890 g     F .text	0000006a .hidden __eqdf2
000050b0  w    F .text	00000358 print
00006f4e g     F .text	000001b6 .hidden __floatdidf
200009f0 g       .data	00000000 __global_pointer$
00000148 g     F .text	00000028 .hidden __riscv_save_8
00002f3c g     F .text	0000000c DMA_GetITStatus
00002d1e  w      .text	00000000 TIM1_CC_IRQHandler
00001410 g     F .text	00000010 HardFault_Handler
200003a8 g     O .bss	00000040 RX3_Buffer
0000ad18 g     O .text	000005f0 OLED_F8x16
00004d98  w    F .text	000000f4 printInt
0000a13e g     F .text	00000002 __malloc_unlock
00000194 g     F .text	0000000c .hidden __riscv_restore_3
0000746e g     F .text	000002b2 .hidden __divsf3
00001302 g     F .text	000000ba TIM3_PWMOut_Init
00003304 g     F .text	00000012 TIM_OC1PreloadConfig
0000237a g     F .text	00000012 SysTick_Handler
00003030 g     F .text	0000006e NVIC_Init
00002d1e  w      .text	00000000 PVD_IRQHandler
00000180 g     F .text	00000020 .hidden __riscv_restore_10
00005408 g     F .text	0000002a snprintf
0000140e g     F .text	00000002 NMI_Handler
000098e4 g     F .text	00000088 _Balloc
00000f90 g     F .text	00000060 OLED_I2C_Init
20000240 g     O .bss	00000004 g_system_ms
00007ee6 g     F .text	00000062 .hidden __fixsfsi
00002d1e  w      .text	00000000 EXTI3_IRQHandler
00000eba g     F .text	000000b0 TIM1_Motor_Init
00000148 g     F .text	00000028 .hidden __riscv_save_11
0000a8fa g     F .text	000000ae .hidden __gtdf2
00008368 g     F .text	00000008 __errno
00000ff0 g     F .text	00000044 OLED_I2C_Start
000038d0 g     F .text	00000354 __ieee754_rem_pio2f
0000346c g     F .text	0000000c USART_GetFlagStatus
200028a8 g     O .bss	00000004 errno
20000220 g       .bss	00000000 _sbss
00000800 g       *ABS*	00000000 __stack_size
00002e98 g     F .text	00000038 DMA_Init
00007b22 g     F .text	00000388 .hidden __subsf3
00002d1e  w      .text	00000000 USBFS_IRQHandler
000007bc g     F .text	00000026 JY901_Init
00002efa g     F .text	00000008 DMA_GetCurrDataCounter
00003680 g     F .text	000000b8 sqrtf
00000194 g     F .text	0000000c .hidden __riscv_restore_2
2000023c g     O .bss	00000002 startFlag
000032d0 g     F .text	00000016 TIM_CtrlPWMOutputs
00008370 g     F .text	000000b6 memcpy
000011ea g     F .text	00000098 OLED_Init
00006db8 g     F .text	00000072 .hidden __floatsidf
00004e8c  w    F .text	00000124 printLongLongInt
0000610c g     F .text	000000b6 .hidden __ltdf2
00002d1e  w      .text	00000000 EXTI0_IRQHandler
00002d1e  w      .text	00000000 I2C2_EV_IRQHandler
000032b4 g     F .text	0000001c TIM_Cmd
200001f8 g     O .data	00000004 SystemCoreClock
000098da g     F .text	0000000a malloc
0000bb20 g     O .text	000000c8 __mprec_tens
00000038 g       .init	00000000 _einit
00003344 g     F .text	0000000e TIM_ClearITPendingBit
00002ef6 g     F .text	00000004 DMA_SetCurrDataCounter
00007802 g     F .text	0000008c .hidden __lesf2
00003178 g     F .text	0000001e RCC_APB2PeriphClockCmd
00000140 g     F .text	00000030 .hidden __riscv_save_12
00002d1e  w      .text	00000000 ADC1_2_IRQHandler
00002f54 g     F .text	000000c2 GPIO_Init
000098c2 g     F .text	00000018 _localeconv_r
00009af8 g     F .text	0000001c __i2b
00000180 g     F .text	00000020 .hidden __riscv_restore_11
20000244 g     O .bss	00000004 NVIC_Priority_Group
00002d1e  w      .text	00000000 SPI1_IRQHandler
000033fa g     F .text	0000001c USART_Cmd
0000a0d0 g     F .text	00000032 _sbrk_r
0000331c g     F .text	00000006 TIM_GetCapture1
00002d1e  w      .text	00000000 TAMPER_IRQHandler
00000170 g     F .text	0000000c .hidden __riscv_save_1
00000b80 g     F .text	00000284 Laser_Task
0000065e g     F .text	00000006 JY901_IsYawValid
00000194 g     F .text	0000000c .hidden __riscv_restore_0
000013bc g     F .text	00000052 turnAngle
00004aaa g     F .text	00000006 fabsf
00000156 g     F .text	0000001a .hidden __riscv_save_7
00002f48 g     F .text	0000000c DMA_ClearITPendingBit
000080dc g     F .text	000000ac .hidden __extendsfdf2
00003196 g     F .text	0000001e RCC_APB1PeriphClockCmd
0000a160 g     F .text	00000730 .hidden __adddf3
00007720 g     F .text	0000005c .hidden __nesf2
20004800 g       .stack	00000000 _heap_end
000057ca g     F .text	0000038e .hidden __umoddi3
20000204 g     O .data	00000004 __fdlib_version
0000018a g     F .text	00000016 .hidden __riscv_restore_5
000046f2 g     F .text	0000012c __kernel_sinf
00001d0a g     F .text	0000003c ConeDetect_Init
0000315a g     F .text	0000001e RCC_AHBPeriphClockCmd
00005432 g     F .text	00000398 .hidden __udivdi3
00002d1e  w      .text	00000000 DMA1_Channel4_IRQHandler
0000baf8 g     O .text	00000028 __mprec_bigtens
00006e2a g     F .text	00000068 .hidden __floatunsidf
00003550 g     F .text	0000002a _sbrk
00009de4 g     F .text	00000032 __mcmp
0000106a g     F .text	00000066 OLED_I2C_SendByte
0000357a g     F .text	00000082 cosf
00002f02 g     F .text	00000020 DMA_GetFlagStatus
0000018a g     F .text	00000016 .hidden __riscv_restore_6
00000e04 g     F .text	0000007c USART3_IRQHandler
00002796 g     F .text	000001aa APP_RPLIDAR_Init
2000023a g     O .bss	00000002 rising_cnt
00002d1e  w      .text	00000000 RTC_IRQHandler
200028ac g       .bss	00000000 _ebss
00003478 g     F .text	00000044 USART_GetITStatus
00001034 g     F .text	00000036 OLED_I2C_Stop
00002d1e  w      .text	00000000 DMA1_Channel7_IRQHandler
0000322c g     F .text	00000088 TIM_OC1Init
00001152 g     F .text	0000006a OLED_ShowChar
00009a48 g     F .text	00000046 __hi0bits
0000a9e4 g     F .text	00000068 .hidden __fixdfsi
000034bc g     F .text	00000026 Delay_Init
00003d00 g     F .text	0000020e __kernel_cosf
000007e2 g     F .text	00000160 JY901_Task
0000777c g     F .text	00000086 .hidden __gtsf2
00002d1e  w      .text	00000000 TIM4_IRQHandler
00001e08 g     F .text	0000040a ConeDrive_Update
000002cc g     F .text	0000001e MA_Init
0000610c g     F .text	000000b6 .hidden __ledf2
000011bc g     F .text	0000002e OLED_ShowString
000032e6 g     F .text	0000001e TIM_ARRPreloadConfig
00000148 g     F .text	00000028 .hidden __riscv_save_9
00003016 g     F .text	0000000a GPIO_WriteBit
00009c58 g     F .text	000000be __pow5mult
00000156 g     F .text	0000001a .hidden __riscv_save_4
00002d1e  w      .text	00000000 I2C1_EV_IRQHandler
00003328 g     F .text	0000001c TIM_GetITStatus
0000309e g     F .text	000000bc RCC_GetClocksFreq
000009ba g     F .text	00000036 DMA1_Channel6_IRQHandler
000082f2 g     F .text	00000076 .hidden __clzsi2
00002afc g     F .text	00000096 APP_RPLIDAR_CopyUsableFrame
000085a0  w    F .text	000004c2 _printf_float
00003352 g     F .text	000000a8 USART_Init
20000398 g     O .bss	00000010 Laser_Data
00002d1e  w      .text	00000000 TIM3_IRQHandler
00002d1e  w      .text	00000000 RCC_IRQHandler
00001dea g     F .text	0000001e ConeDrive_Init
00000170 g     F .text	0000000c .hidden __riscv_save_3
00002d1e  w      .text	00000000 TIM1_TRG_COM_IRQHandler
00002d1e  w      .text	00000000 DMA1_Channel1_IRQHandler
00000000 g       .init	00000000 _start
20000000 g     O .data	00000010 AHBPrescTable
00009d16 g     F .text	000000ce __lshift
00007f48 g     F .text	000000c6 .hidden __floatsisf
00004cb8  w    F .text	000000e0 prints
00002d1e  w      .text	00000000 EXTI15_10_IRQHandler
00003416 g     F .text	00000036 USART_ITConfig
00009b14 g     F .text	00000144 __multiply
00007720 g     F .text	0000005c .hidden __eqsf2
00009f08 g     F .text	000000d4 __d2b
20000000 g       .dalign	00000000 _data_vma
00000598 g     F .text	0000003e JY901_YawFilterReset
00002d1e  w      .text	00000000 EXTI9_5_IRQHandler
00005b58 g     F .text	000005b4 .hidden __divdf3
00002adc g     F .text	00000020 APP_RPLIDAR_CopyCurrentFrame
000010ec g     F .text	0000001e OLED_WriteData
000061c2 g     F .text	000004b8 .hidden __muldf3
00000148 g     F .text	00000028 .hidden __riscv_save_10
0000a13c g     F .text	00000002 __malloc_lock
0000018a g     F .text	00000016 .hidden __riscv_restore_4
00000180 g     F .text	00000020 .hidden __riscv_restore_8
00004b7c g     F .text	000000e0 scalbnf
00000156 g     F .text	0000001a .hidden __riscv_save_6
00009fdc g     F .text	00000026 _calloc_r
0000112a g     F .text	00000028 OLED_Clear
00002d1e  w      .text	00000000 SPI2_IRQHandler
00000f6a g     F .text	00000026 Car_SetRearSpeed
000001a0 g     F .text	000000a8 memset
00003c24 g     F .text	000000dc __ieee754_sqrtf
00000180 g     F .text	00000020 .hidden __riscv_restore_9
0000018a g     F .text	00000016 .hidden __riscv_restore_7
0000238c g     F .text	00000168 main
00007802 g     F .text	0000008c .hidden __ltsf2
0000481e g     F .text	00000004 matherr
00008188 g     F .text	0000016a .hidden __truncdfsf2
00000672 g     F .text	000000ac USART2_CFG
00008ccc g     F .text	00000bf6 _dtoa_r
0000a002 g     F .text	000000ce _malloc_r
0000a140 g     F .text	00000020 __ascii_wctomb
0000271c g     F .text	0000007a DMA1_Channel5_IRQHandler
0000110a g     F .text	00000020 OLED_SetCursor
00002d1e  w      .text	00000000 EXTI4_IRQHandler
000034e2 g     F .text	00000030 Delay_Ms
000005e6 g     F .text	00000078 JY901_GetStableHeading
0000788e g     F .text	00000294 .hidden __mulsf3
00000aa4 g     F .text	000000a2 USART3_DMA1_CH3_INIT
00003322 g     F .text	00000006 TIM_GetCapture2
00000b46 g     F .text	0000003a Laser_Init
00002b92 g     F .text	00000106 SystemInit
20000236 g     O .bss	00000002 count
0000a890 g     F .text	0000006a .hidden __nedf2
00004c6c  w    F .text	0000004c printchar
000009f0 g     F .text	000000b4 USART3_CFG
0000071e g     F .text	0000009e USART2_DMA1_CH6_INIT
00004c5c g     F .text	00000010 copysignf
00000664 g     F .text	0000000e JY901_SetDisplayEnabled
0000b980 g     O .text	00000100 .hidden __clz_tab
00008514 g     F .text	0000008c __exponent
00000000 g       .init	00000000 _sinit
00006e92 g     F .text	000000bc .hidden __fixdfdi
0000777c g     F .text	00000086 .hidden __gesf2
00000e80 g     F .text	0000003a DMA1_Channel3_IRQHandler
00008a62 g     F .text	0000010c _printf_common
20000208 g     O .data	00000004 _impure_ptr
00002d1e  w      .text	00000000 TIM1_UP_IRQHandler
0000367e g     F .text	00000002 atan2f
00002d1e  w      .text	00000000 WWDG_IRQHandler
0000a102 g     F .text	0000003a __ascii_mbtowc
00002ee4 g     F .text	00000012 DMA_ITConfig
00001282 g     F .text	00000080 TIM2_IRQHandler
20005000 g       .stack	00000000 _eusrstack
000035fc g     F .text	00000082 sinf
00000170 g     F .text	0000000c .hidden __riscv_save_2
000002ea g     F .text	00000082 MA_Update
20000254 g     O .bss	00000074 JY901_data
00002d1e  w      .text	00000000 SW_Handler
000005d6 g     F .text	00000010 JY901_SetYawZero
00002d1e  w      .text	00000000 TIM1_BRK_IRQHandler
00003462 g     F .text	0000000a USART_SendData
00002d1e  w      .text	00000000 EXTI1_IRQHandler
00000156 g     F .text	0000001a .hidden __riscv_save_5
00003512 g     F .text	0000003e _write
20000220 g       .data	00000000 _edata
200028ac g       .bss	00000000 _end
00007eaa g     F .text	0000003c .hidden __unordsf2
000031b4 g     F .text	00000078 TIM_TimeBaseInit
00002d1e  w      .text	00000000 RTCAlarm_IRQHandler
0000bd08 g       .dlalign	00000000 _data_lma
00000942 g     F .text	00000078 USART2_IRQHandler
00002c98 g     F .text	00000086 SystemCoreClockUpdate
0000800e g     F .text	000000ce .hidden __floatunsisf
00009e16 g     F .text	000000f2 __mdiff
00002d1e  w      .text	00000000 I2C2_ER_IRQHandler
00002d1e  w      .text	00000000 DMA1_Channel2_IRQHandler
00002940 g     F .text	0000019c APP_RPLIDAR_Task
00004822 g     F .text	00000288 atanf
0000017c g     F .text	00000024 .hidden __riscv_restore_12
0000bc04 g     O .text	00000101 _ctype_
00002f22 g     F .text	0000001a DMA_ClearFlag
0000a9a8 g     F .text	0000003c .hidden __unorddf2
00002d20  w      .text	00000000 handle_reset
00002d1e  w      .text	00000000 FLASH_IRQHandler
00000170 g     F .text	0000000c .hidden __riscv_save_0
00003f0e g     F .text	000007e4 __kernel_rem_pio2f
00002672 g     F .text	000000aa USART1_IRQHandler
00008b80 g     F .text	00000012 strlen
0000a8fa g     F .text	000000ae .hidden __gedf2
20000250 g     O .bss	00000004 __malloc_sbrk_start
00002d1e  w      .text	00000000 I2C1_ER_IRQHandler
00004ab0 g     F .text	000000cc floorf
00003020 g     F .text	00000010 NVIC_PriorityGroupConfig
00002d9e g     F .text	000000fa DMA_DeInit
2000024c g     O .bss	00000004 __malloc_free_list
00000194 g     F .text	0000000c .hidden __riscv_restore_1
00001d46 g     F .text	000000a4 ConeDrive_ConfigDefault
0000667a g     F .text	0000073e .hidden __subdf3
00003316 g     F .text	00000006 TIM_SetCompare1
00009a8e g     F .text	0000006a __lo0bits
0000344c g     F .text	00000016 USART_DMACmd
000022fa g     F .text	00000080 SYSTICK_Init_Config
00007104 g     F .text	0000036a .hidden __addsf3
20000080 g     O .data	0000016c __global_locale
00002d1e  w      .text	00000000 USBWakeUp_IRQHandler
000010d0 g     F .text	0000001c OLED_WriteCommand
0000aa4c g     F .text	0000021e .hidden __trunctfdf2
000099b0 g     F .text	00000098 __multadd
20000238 g     O .bss	00000002 falling_cnt
0000996c g     F .text	00000044 _Bfree
00003738 g     F .text	00000198 __ieee754_atan2f



Disassembly of section .init:

00000000 <_sinit>:
   0:	5210206f          	j	2d20 <handle_reset>
   4:	00000013          	nop
   8:	00000013          	nop
   c:	00000013          	nop
  10:	00000013          	nop
  14:	00000013          	nop
  18:	00000013          	nop
  1c:	00000013          	nop
  20:	00000013          	nop
  24:	00000013          	nop
  28:	00000013          	nop
  2c:	00000013          	nop
  30:	00000013          	nop
  34:	00100073          	ebreak

Disassembly of section .vector:

00000038 <_vector_base>:
  38:	fc9ff06f          	j	0 <_sinit>
  3c:	0000                	unimp
  3e:	0000                	unimp
  40:	3ce0106f          	j	140e <NMI_Handler>
  44:	3cc0106f          	j	1410 <HardFault_Handler>
	...
  68:	3120206f          	j	237a <SysTick_Handler>
  6c:	0000                	unimp
  6e:	0000                	unimp
  70:	4af0206f          	j	2d1e <ADC1_2_IRQHandler>
  74:	0000                	unimp
  76:	0000                	unimp
  78:	4a70206f          	j	2d1e <ADC1_2_IRQHandler>
  7c:	4a30206f          	j	2d1e <ADC1_2_IRQHandler>
  80:	49f0206f          	j	2d1e <ADC1_2_IRQHandler>
  84:	49b0206f          	j	2d1e <ADC1_2_IRQHandler>
  88:	4970206f          	j	2d1e <ADC1_2_IRQHandler>
  8c:	4930206f          	j	2d1e <ADC1_2_IRQHandler>
  90:	48f0206f          	j	2d1e <ADC1_2_IRQHandler>
  94:	48b0206f          	j	2d1e <ADC1_2_IRQHandler>
  98:	4870206f          	j	2d1e <ADC1_2_IRQHandler>
  9c:	4830206f          	j	2d1e <ADC1_2_IRQHandler>
  a0:	47f0206f          	j	2d1e <ADC1_2_IRQHandler>
  a4:	47b0206f          	j	2d1e <ADC1_2_IRQHandler>
  a8:	4770206f          	j	2d1e <ADC1_2_IRQHandler>
  ac:	5d50006f          	j	e80 <DMA1_Channel3_IRQHandler>
  b0:	46f0206f          	j	2d1e <ADC1_2_IRQHandler>
  b4:	6680206f          	j	271c <DMA1_Channel5_IRQHandler>
  b8:	1030006f          	j	9ba <DMA1_Channel6_IRQHandler>
  bc:	4630206f          	j	2d1e <ADC1_2_IRQHandler>
  c0:	45f0206f          	j	2d1e <ADC1_2_IRQHandler>
	...
  d4:	44b0206f          	j	2d1e <ADC1_2_IRQHandler>
  d8:	4470206f          	j	2d1e <ADC1_2_IRQHandler>
  dc:	4430206f          	j	2d1e <ADC1_2_IRQHandler>
  e0:	43f0206f          	j	2d1e <ADC1_2_IRQHandler>
  e4:	43b0206f          	j	2d1e <ADC1_2_IRQHandler>
  e8:	19a0106f          	j	1282 <TIM2_IRQHandler>
  ec:	4330206f          	j	2d1e <ADC1_2_IRQHandler>
  f0:	42f0206f          	j	2d1e <ADC1_2_IRQHandler>
  f4:	42b0206f          	j	2d1e <ADC1_2_IRQHandler>
  f8:	4270206f          	j	2d1e <ADC1_2_IRQHandler>
  fc:	4230206f          	j	2d1e <ADC1_2_IRQHandler>
 100:	41f0206f          	j	2d1e <ADC1_2_IRQHandler>
 104:	41b0206f          	j	2d1e <ADC1_2_IRQHandler>
 108:	4170206f          	j	2d1e <ADC1_2_IRQHandler>
 10c:	5660206f          	j	2672 <USART1_IRQHandler>
 110:	0330006f          	j	942 <USART2_IRQHandler>
 114:	4f10006f          	j	e04 <USART3_IRQHandler>
 118:	4070206f          	j	2d1e <ADC1_2_IRQHandler>
 11c:	4030206f          	j	2d1e <ADC1_2_IRQHandler>
 120:	3ff0206f          	j	2d1e <ADC1_2_IRQHandler>
 124:	3fb0206f          	j	2d1e <ADC1_2_IRQHandler>
	...

Disassembly of section .text:

00000140 <__riscv_save_12>:
     140:	7139                	addi	sp,sp,-64
     142:	4301                	li	t1,0
     144:	c66e                	sw	s11,12(sp)
     146:	a019                	j	14c <__riscv_save_10+0x4>

00000148 <__riscv_save_10>:
     148:	7139                	addi	sp,sp,-64
     14a:	5341                	li	t1,-16
     14c:	c86a                	sw	s10,16(sp)
     14e:	ca66                	sw	s9,20(sp)
     150:	cc62                	sw	s8,24(sp)
     152:	ce5e                	sw	s7,28(sp)
     154:	a019                	j	15a <__riscv_save_4+0x4>

00000156 <__riscv_save_4>:
     156:	7139                	addi	sp,sp,-64
     158:	5301                	li	t1,-32
     15a:	d05a                	sw	s6,32(sp)
     15c:	d256                	sw	s5,36(sp)
     15e:	d452                	sw	s4,40(sp)
     160:	d64e                	sw	s3,44(sp)
     162:	d84a                	sw	s2,48(sp)
     164:	da26                	sw	s1,52(sp)
     166:	dc22                	sw	s0,56(sp)
     168:	de06                	sw	ra,60(sp)
     16a:	40610133          	sub	sp,sp,t1
     16e:	8282                	jr	t0

00000170 <__riscv_save_0>:
     170:	1141                	addi	sp,sp,-16
     172:	c04a                	sw	s2,0(sp)
     174:	c226                	sw	s1,4(sp)
     176:	c422                	sw	s0,8(sp)
     178:	c606                	sw	ra,12(sp)
     17a:	8282                	jr	t0

0000017c <__riscv_restore_12>:
     17c:	4db2                	lw	s11,12(sp)
     17e:	0141                	addi	sp,sp,16

00000180 <__riscv_restore_10>:
     180:	4d02                	lw	s10,0(sp)
     182:	4c92                	lw	s9,4(sp)
     184:	4c22                	lw	s8,8(sp)
     186:	4bb2                	lw	s7,12(sp)
     188:	0141                	addi	sp,sp,16

0000018a <__riscv_restore_4>:
     18a:	4b02                	lw	s6,0(sp)
     18c:	4a92                	lw	s5,4(sp)
     18e:	4a22                	lw	s4,8(sp)
     190:	49b2                	lw	s3,12(sp)
     192:	0141                	addi	sp,sp,16

00000194 <__riscv_restore_0>:
     194:	4902                	lw	s2,0(sp)
     196:	4492                	lw	s1,4(sp)
     198:	4422                	lw	s0,8(sp)
     19a:	40b2                	lw	ra,12(sp)
     19c:	0141                	addi	sp,sp,16
     19e:	8082                	ret

000001a0 <memset>:
     1a0:	433d                	li	t1,15
     1a2:	872a                	mv	a4,a0
     1a4:	02c37363          	bgeu	t1,a2,1ca <memset+0x2a>
     1a8:	00f77793          	andi	a5,a4,15
     1ac:	efbd                	bnez	a5,22a <memset+0x8a>
     1ae:	e5ad                	bnez	a1,218 <memset+0x78>
     1b0:	ff067693          	andi	a3,a2,-16
     1b4:	8a3d                	andi	a2,a2,15
     1b6:	96ba                	add	a3,a3,a4
     1b8:	c30c                	sw	a1,0(a4)
     1ba:	c34c                	sw	a1,4(a4)
     1bc:	c70c                	sw	a1,8(a4)
     1be:	c74c                	sw	a1,12(a4)
     1c0:	0741                	addi	a4,a4,16
     1c2:	fed76be3          	bltu	a4,a3,1b8 <memset+0x18>
     1c6:	e211                	bnez	a2,1ca <memset+0x2a>
     1c8:	8082                	ret
     1ca:	40c306b3          	sub	a3,t1,a2
     1ce:	068a                	slli	a3,a3,0x2
     1d0:	00000297          	auipc	t0,0x0
     1d4:	9696                	add	a3,a3,t0
     1d6:	00a68067          	jr	10(a3)
     1da:	00b70723          	sb	a1,14(a4)
     1de:	00b706a3          	sb	a1,13(a4)
     1e2:	00b70623          	sb	a1,12(a4)
     1e6:	00b705a3          	sb	a1,11(a4)
     1ea:	00b70523          	sb	a1,10(a4)
     1ee:	00b704a3          	sb	a1,9(a4)
     1f2:	00b70423          	sb	a1,8(a4)
     1f6:	00b703a3          	sb	a1,7(a4)
     1fa:	00b70323          	sb	a1,6(a4)
     1fe:	00b702a3          	sb	a1,5(a4)
     202:	00b70223          	sb	a1,4(a4)
     206:	00b701a3          	sb	a1,3(a4)
     20a:	00b70123          	sb	a1,2(a4)
     20e:	00b700a3          	sb	a1,1(a4)
     212:	00b70023          	sb	a1,0(a4)
     216:	8082                	ret
     218:	0ff5f593          	andi	a1,a1,255
     21c:	00859693          	slli	a3,a1,0x8
     220:	8dd5                	or	a1,a1,a3
     222:	01059693          	slli	a3,a1,0x10
     226:	8dd5                	or	a1,a1,a3
     228:	b761                	j	1b0 <memset+0x10>
     22a:	00279693          	slli	a3,a5,0x2
     22e:	00000297          	auipc	t0,0x0
     232:	9696                	add	a3,a3,t0
     234:	8286                	mv	t0,ra
     236:	fa8680e7          	jalr	-88(a3)
     23a:	8096                	mv	ra,t0
     23c:	17c1                	addi	a5,a5,-16
     23e:	8f1d                	sub	a4,a4,a5
     240:	963e                	add	a2,a2,a5
     242:	f8c374e3          	bgeu	t1,a2,1ca <memset+0x2a>
     246:	b7a5                	j	1ae <memset+0xe>

00000248 <JY901_NormalizeAngle180>:
     248:	f29ff2ef          	jal	t0,170 <__riscv_save_0>
     24c:	0000b7b7          	lui	a5,0xb
     250:	c7c7a483          	lw	s1,-900(a5) # ac7c <__trunctfdf2+0x230>
     254:	0000b7b7          	lui	a5,0xb
     258:	c787a903          	lw	s2,-904(a5) # ac78 <__trunctfdf2+0x22c>
     25c:	842a                	mv	s0,a0
     25e:	85a6                	mv	a1,s1
     260:	8522                	mv	a0,s0
     262:	51a070ef          	jal	ra,777c <__gesf2>
     266:	02a04263          	bgtz	a0,28a <JY901_NormalizeAngle180+0x42>
     26a:	0000b7b7          	lui	a5,0xb
     26e:	c807a483          	lw	s1,-896(a5) # ac80 <__trunctfdf2+0x234>
     272:	0000b7b7          	lui	a5,0xb
     276:	c787a903          	lw	s2,-904(a5) # ac78 <__trunctfdf2+0x22c>
     27a:	85a6                	mv	a1,s1
     27c:	8522                	mv	a0,s0
     27e:	584070ef          	jal	ra,7802 <__lesf2>
     282:	00054a63          	bltz	a0,296 <JY901_NormalizeAngle180+0x4e>
     286:	8522                	mv	a0,s0
     288:	b731                	j	194 <__riscv_restore_0>
     28a:	8522                	mv	a0,s0
     28c:	85ca                	mv	a1,s2
     28e:	095070ef          	jal	ra,7b22 <__subsf3>
     292:	842a                	mv	s0,a0
     294:	b7e9                	j	25e <JY901_NormalizeAngle180+0x16>
     296:	8522                	mv	a0,s0
     298:	85ca                	mv	a1,s2
     29a:	66b060ef          	jal	ra,7104 <__addsf3>
     29e:	842a                	mv	s0,a0
     2a0:	bfe9                	j	27a <JY901_NormalizeAngle180+0x32>

000002a2 <JY901_DMA_Restart>:
     2a2:	ecfff2ef          	jal	t0,170 <__riscv_save_0>
     2a6:	40020437          	lui	s0,0x40020
     2aa:	06c40513          	addi	a0,s0,108 # 4002006c <_eusrstack+0x2001b06c>
     2ae:	4581                	li	a1,0
     2b0:	421020ef          	jal	ra,2ed0 <DMA_Cmd>
     2b4:	06c40513          	addi	a0,s0,108
     2b8:	02c00593          	li	a1,44
     2bc:	43b020ef          	jal	ra,2ef6 <DMA_SetCurrDataCounter>
     2c0:	4585                	li	a1,1
     2c2:	06c40513          	addi	a0,s0,108
     2c6:	40b020ef          	jal	ra,2ed0 <DMA_Cmd>
     2ca:	b5e9                	j	194 <__riscv_restore_0>

000002cc <MA_Init>:
     2cc:	cd11                	beqz	a0,2e8 <MA_Init+0x1c>
     2ce:	87aa                	mv	a5,a0
     2d0:	0c850713          	addi	a4,a0,200
     2d4:	00000693          	li	a3,0
     2d8:	c394                	sw	a3,0(a5)
     2da:	0791                	addi	a5,a5,4
     2dc:	fee79ce3          	bne	a5,a4,2d4 <MA_Init+0x8>
     2e0:	0c051423          	sh	zero,200(a0)
     2e4:	0cd52623          	sw	a3,204(a0)
     2e8:	8082                	ret

000002ea <MA_Update>:
     2ea:	e6dff2ef          	jal	t0,156 <__riscv_save_4>
     2ee:	89ae                	mv	s3,a1
     2f0:	cd29                	beqz	a0,34a <MA_Update+0x60>
     2f2:	842a                	mv	s0,a0
     2f4:	0c844483          	lbu	s1,200(s0)
     2f8:	0c954a03          	lbu	s4,201(a0)
     2fc:	03100793          	li	a5,49
     300:	00249913          	slli	s2,s1,0x2
     304:	0cc52503          	lw	a0,204(a0)
     308:	9922                	add	s2,s2,s0
     30a:	0547e263          	bltu	a5,s4,34e <MA_Update+0x64>
     30e:	00b92023          	sw	a1,0(s2)
     312:	85aa                	mv	a1,a0
     314:	854e                	mv	a0,s3
     316:	5ef060ef          	jal	ra,7104 <__addsf3>
     31a:	0a05                	addi	s4,s4,1
     31c:	0ca42623          	sw	a0,204(s0)
     320:	0d4404a3          	sb	s4,201(s0)
     324:	0485                	addi	s1,s1,1
     326:	0ff4f493          	andi	s1,s1,255
     32a:	03100793          	li	a5,49
     32e:	0297ec63          	bltu	a5,s1,366 <MA_Update+0x7c>
     332:	0c940423          	sb	s1,200(s0)
     336:	0c944503          	lbu	a0,201(s0)
     33a:	4d5070ef          	jal	ra,800e <__floatunsisf>
     33e:	85aa                	mv	a1,a0
     340:	0cc42503          	lw	a0,204(s0)
     344:	12a070ef          	jal	ra,746e <__divsf3>
     348:	89aa                	mv	s3,a0
     34a:	854e                	mv	a0,s3
     34c:	bd3d                	j	18a <__riscv_restore_4>
     34e:	00092583          	lw	a1,0(s2)
     352:	7d0070ef          	jal	ra,7b22 <__subsf3>
     356:	85ce                	mv	a1,s3
     358:	01392023          	sw	s3,0(s2)
     35c:	5a9060ef          	jal	ra,7104 <__addsf3>
     360:	0ca42623          	sw	a0,204(s0)
     364:	b7c1                	j	324 <MA_Update+0x3a>
     366:	0c040423          	sb	zero,200(s0)
     36a:	b7f1                	j	336 <MA_Update+0x4c>

0000036c <JY901_ParseBuffer>:
     36c:	dd5ff2ef          	jal	t0,140 <__riscv_save_12>
     370:	0000ba37          	lui	s4,0xb
     374:	0000bab7          	lui	s5,0xb
     378:	0000bb37          	lui	s6,0xb
     37c:	c8ca2c83          	lw	s9,-884(s4) # ac8c <__trunctfdf2+0x240>
     380:	c7caad03          	lw	s10,-900(s5) # ac7c <__trunctfdf2+0x230>
     384:	c88b2d83          	lw	s11,-888(s6) # ac88 <__trunctfdf2+0x23c>
     388:	86418b93          	addi	s7,gp,-1948 # 20000254 <JY901_data>
     38c:	0000b9b7          	lui	s3,0xb
     390:	86418413          	addi	s0,gp,-1948 # 20000254 <JY901_data>
     394:	002bc683          	lbu	a3,2(s7)
     398:	05500713          	li	a4,85
     39c:	06e69b63          	bne	a3,a4,412 <JY901_ParseBuffer+0xa6>
     3a0:	002b8513          	addi	a0,s7,2
     3a4:	4681                	li	a3,0
     3a6:	4701                	li	a4,0
     3a8:	4629                	li	a2,10
     3aa:	00d505b3          	add	a1,a0,a3
     3ae:	0005c583          	lbu	a1,0(a1)
     3b2:	0685                	addi	a3,a3,1
     3b4:	972e                	add	a4,a4,a1
     3b6:	0ff77713          	andi	a4,a4,255
     3ba:	fec698e3          	bne	a3,a2,3aa <JY901_ParseBuffer+0x3e>
     3be:	00cbc683          	lbu	a3,12(s7)
     3c2:	04e69863          	bne	a3,a4,412 <JY901_ParseBuffer+0xa6>
     3c6:	005bc503          	lbu	a0,5(s7)
     3ca:	004bc683          	lbu	a3,4(s7)
     3ce:	007bc903          	lbu	s2,7(s7)
     3d2:	0522                	slli	a0,a0,0x8
     3d4:	8d55                	or	a0,a0,a3
     3d6:	006bc683          	lbu	a3,6(s7)
     3da:	0922                	slli	s2,s2,0x8
     3dc:	009bc483          	lbu	s1,9(s7)
     3e0:	00d96933          	or	s2,s2,a3
     3e4:	008bc683          	lbu	a3,8(s7)
     3e8:	04a2                	slli	s1,s1,0x8
     3ea:	003bc703          	lbu	a4,3(s7)
     3ee:	8cd5                	or	s1,s1,a3
     3f0:	0542                	slli	a0,a0,0x10
     3f2:	0942                	slli	s2,s2,0x10
     3f4:	04c2                	slli	s1,s1,0x10
     3f6:	05200693          	li	a3,82
     3fa:	8541                	srai	a0,a0,0x10
     3fc:	41095913          	srai	s2,s2,0x10
     400:	84c1                	srai	s1,s1,0x10
     402:	08d70563          	beq	a4,a3,48c <JY901_ParseBuffer+0x120>
     406:	00e6ec63          	bltu	a3,a4,41e <JY901_ParseBuffer+0xb2>
     40a:	05100693          	li	a3,81
     40e:	02d70c63          	beq	a4,a3,446 <JY901_ParseBuffer+0xda>
     412:	0bad                	addi	s7,s7,11
     414:	89018793          	addi	a5,gp,-1904 # 20000280 <JY901_data+0x2c>
     418:	f6fb9ee3          	bne	s7,a5,394 <JY901_ParseBuffer+0x28>
     41c:	b385                	j	17c <__riscv_restore_12>
     41e:	05300693          	li	a3,83
     422:	0ad70a63          	beq	a4,a3,4d6 <JY901_ParseBuffer+0x16a>
     426:	05400693          	li	a3,84
     42a:	fed714e3          	bne	a4,a3,412 <JY901_ParseBuffer+0xa6>
     42e:	31b070ef          	jal	ra,7f48 <__floatsisf>
     432:	c868                	sw	a0,84(s0)
     434:	854a                	mv	a0,s2
     436:	313070ef          	jal	ra,7f48 <__floatsisf>
     43a:	cc28                	sw	a0,88(s0)
     43c:	8526                	mv	a0,s1
     43e:	30b070ef          	jal	ra,7f48 <__floatsisf>
     442:	cc68                	sw	a0,92(s0)
     444:	b7f9                	j	412 <JY901_ParseBuffer+0xa6>
     446:	303070ef          	jal	ra,7f48 <__floatsisf>
     44a:	c849a583          	lw	a1,-892(s3) # ac84 <__trunctfdf2+0x238>
     44e:	440070ef          	jal	ra,788e <__mulsf3>
     452:	85ee                	mv	a1,s11
     454:	43a070ef          	jal	ra,788e <__mulsf3>
     458:	dc48                	sw	a0,60(s0)
     45a:	854a                	mv	a0,s2
     45c:	2ed070ef          	jal	ra,7f48 <__floatsisf>
     460:	c849a583          	lw	a1,-892(s3)
     464:	42a070ef          	jal	ra,788e <__mulsf3>
     468:	c88b2583          	lw	a1,-888(s6)
     46c:	422070ef          	jal	ra,788e <__mulsf3>
     470:	c028                	sw	a0,64(s0)
     472:	8526                	mv	a0,s1
     474:	2d5070ef          	jal	ra,7f48 <__floatsisf>
     478:	c849a583          	lw	a1,-892(s3)
     47c:	412070ef          	jal	ra,788e <__mulsf3>
     480:	c88b2583          	lw	a1,-888(s6)
     484:	40a070ef          	jal	ra,788e <__mulsf3>
     488:	c068                	sw	a0,68(s0)
     48a:	b761                	j	412 <JY901_ParseBuffer+0xa6>
     48c:	2bd070ef          	jal	ra,7f48 <__floatsisf>
     490:	0000b7b7          	lui	a5,0xb
     494:	c847a583          	lw	a1,-892(a5) # ac84 <__trunctfdf2+0x238>
     498:	3f6070ef          	jal	ra,788e <__mulsf3>
     49c:	85e6                	mv	a1,s9
     49e:	3f0070ef          	jal	ra,788e <__mulsf3>
     4a2:	c428                	sw	a0,72(s0)
     4a4:	854a                	mv	a0,s2
     4a6:	2a3070ef          	jal	ra,7f48 <__floatsisf>
     4aa:	c849a583          	lw	a1,-892(s3)
     4ae:	3e0070ef          	jal	ra,788e <__mulsf3>
     4b2:	c8ca2583          	lw	a1,-884(s4)
     4b6:	3d8070ef          	jal	ra,788e <__mulsf3>
     4ba:	c468                	sw	a0,76(s0)
     4bc:	8526                	mv	a0,s1
     4be:	28b070ef          	jal	ra,7f48 <__floatsisf>
     4c2:	c849a583          	lw	a1,-892(s3)
     4c6:	3c8070ef          	jal	ra,788e <__mulsf3>
     4ca:	c8ca2583          	lw	a1,-884(s4)
     4ce:	3c0070ef          	jal	ra,788e <__mulsf3>
     4d2:	c828                	sw	a0,80(s0)
     4d4:	bf3d                	j	412 <JY901_ParseBuffer+0xa6>
     4d6:	273070ef          	jal	ra,7f48 <__floatsisf>
     4da:	c849a583          	lw	a1,-892(s3)
     4de:	3b0070ef          	jal	ra,788e <__mulsf3>
     4e2:	85ea                	mv	a1,s10
     4e4:	3aa070ef          	jal	ra,788e <__mulsf3>
     4e8:	d808                	sw	a0,48(s0)
     4ea:	854a                	mv	a0,s2
     4ec:	25d070ef          	jal	ra,7f48 <__floatsisf>
     4f0:	c849a583          	lw	a1,-892(s3)
     4f4:	39a070ef          	jal	ra,788e <__mulsf3>
     4f8:	c7caa583          	lw	a1,-900(s5)
     4fc:	392070ef          	jal	ra,788e <__mulsf3>
     500:	d848                	sw	a0,52(s0)
     502:	8526                	mv	a0,s1
     504:	245070ef          	jal	ra,7f48 <__floatsisf>
     508:	c849a583          	lw	a1,-892(s3)
     50c:	83c18493          	addi	s1,gp,-1988 # 2000022c <jy901_yaw_last_raw>
     510:	37e070ef          	jal	ra,788e <__mulsf3>
     514:	c7caa583          	lw	a1,-900(s5)
     518:	376070ef          	jal	ra,788e <__mulsf3>
     51c:	dc08                	sw	a0,56(s0)
     51e:	332d                	jal	248 <JY901_NormalizeAngle180>
     520:	83818613          	addi	a2,gp,-1992 # 20000228 <jy901_yaw_filter_init>
     524:	00064583          	lbu	a1,0(a2)
     528:	d028                	sw	a0,96(s0)
     52a:	892a                	mv	s2,a0
     52c:	84018c13          	addi	s8,gp,-1984 # 20000230 <jy901_yaw_unwrap>
     530:	e5b1                	bnez	a1,57c <JY901_ParseBuffer+0x210>
     532:	4585                	li	a1,1
     534:	8d818713          	addi	a4,gp,-1832 # 200002c8 <jy901_yaw_ma>
     538:	00b60023          	sb	a1,0(a2)
     53c:	c088                	sw	a0,0(s1)
     53e:	00ac2023          	sw	a0,0(s8)
     542:	0c870593          	addi	a1,a4,200
     546:	8d818613          	addi	a2,gp,-1832 # 200002c8 <jy901_yaw_ma>
     54a:	00000793          	li	a5,0
     54e:	c31c                	sw	a5,0(a4)
     550:	0711                	addi	a4,a4,4
     552:	fee59ce3          	bne	a1,a4,54a <JY901_ParseBuffer+0x1de>
     556:	0c061423          	sh	zero,200(a2)
     55a:	0cf62623          	sw	a5,204(a2)
     55e:	85ca                	mv	a1,s2
     560:	8d818513          	addi	a0,gp,-1832 # 200002c8 <jy901_yaw_ma>
     564:	3359                	jal	2ea <MA_Update>
     566:	31cd                	jal	248 <JY901_NormalizeAngle180>
     568:	542c                	lw	a1,104(s0)
     56a:	d068                	sw	a0,100(s0)
     56c:	5b6070ef          	jal	ra,7b22 <__subsf3>
     570:	39e1                	jal	248 <JY901_NormalizeAngle180>
     572:	4705                	li	a4,1
     574:	d468                	sw	a0,108(s0)
     576:	06e40823          	sb	a4,112(s0)
     57a:	bd61                	j	412 <JY901_ParseBuffer+0xa6>
     57c:	408c                	lw	a1,0(s1)
     57e:	5a4070ef          	jal	ra,7b22 <__subsf3>
     582:	31d9                	jal	248 <JY901_NormalizeAngle180>
     584:	000c2583          	lw	a1,0(s8)
     588:	37d060ef          	jal	ra,7104 <__addsf3>
     58c:	85aa                	mv	a1,a0
     58e:	00ac2023          	sw	a0,0(s8)
     592:	0124a023          	sw	s2,0(s1)
     596:	b7e9                	j	560 <JY901_ParseBuffer+0x1f4>

00000598 <JY901_YawFilterReset>:
     598:	8d818713          	addi	a4,gp,-1832 # 200002c8 <jy901_yaw_ma>
     59c:	0c870693          	addi	a3,a4,200
     5a0:	8d818793          	addi	a5,gp,-1832 # 200002c8 <jy901_yaw_ma>
     5a4:	00000613          	li	a2,0
     5a8:	c310                	sw	a2,0(a4)
     5aa:	0711                	addi	a4,a4,4
     5ac:	fed71ce3          	bne	a4,a3,5a4 <JY901_YawFilterReset+0xc>
     5b0:	0c079423          	sh	zero,200(a5)
     5b4:	0cc7a623          	sw	a2,204(a5)
     5b8:	82018c23          	sb	zero,-1992(gp) # 20000228 <jy901_yaw_filter_init>
     5bc:	82c1ae23          	sw	a2,-1988(gp) # 2000022c <jy901_yaw_last_raw>
     5c0:	84c1a023          	sw	a2,-1984(gp) # 20000230 <jy901_yaw_unwrap>
     5c4:	86418793          	addi	a5,gp,-1948 # 20000254 <JY901_data>
     5c8:	d3b0                	sw	a2,96(a5)
     5ca:	d3f0                	sw	a2,100(a5)
     5cc:	d7b0                	sw	a2,104(a5)
     5ce:	d7f0                	sw	a2,108(a5)
     5d0:	06078823          	sb	zero,112(a5)
     5d4:	8082                	ret

000005d6 <JY901_SetYawZero>:
     5d6:	86418793          	addi	a5,gp,-1948 # 20000254 <JY901_data>
     5da:	53f8                	lw	a4,100(a5)
     5dc:	d7b8                	sw	a4,104(a5)
     5de:	00000713          	li	a4,0
     5e2:	d7f8                	sw	a4,108(a5)
     5e4:	8082                	ret

000005e6 <JY901_GetStableHeading>:
     5e6:	b8bff2ef          	jal	t0,170 <__riscv_save_0>
     5ea:	8d01a403          	lw	s0,-1840(gp) # 200002c0 <JY901_data+0x6c>
     5ee:	0000b7b7          	lui	a5,0xb
     5f2:	c6c7a583          	lw	a1,-916(a5) # ac6c <__trunctfdf2+0x220>
     5f6:	8522                	mv	a0,s0
     5f8:	184070ef          	jal	ra,777c <__gesf2>
     5fc:	00a05d63          	blez	a0,616 <JY901_GetStableHeading+0x30>
     600:	0000b7b7          	lui	a5,0xb
     604:	c707a583          	lw	a1,-912(a5) # ac70 <__trunctfdf2+0x224>
     608:	8522                	mv	a0,s0
     60a:	1f8070ef          	jal	ra,7802 <__lesf2>
     60e:	00000793          	li	a5,0
     612:	04054063          	bltz	a0,652 <JY901_GetStableHeading+0x6c>
     616:	85a2                	mv	a1,s0
     618:	8522                	mv	a0,s0
     61a:	2eb060ef          	jal	ra,7104 <__addsf3>
     61e:	00000593          	li	a1,0
     622:	84aa                	mv	s1,a0
     624:	8522                	mv	a0,s0
     626:	156070ef          	jal	ra,777c <__gesf2>
     62a:	0000b437          	lui	s0,0xb
     62e:	c7442583          	lw	a1,-908(s0) # ac74 <__trunctfdf2+0x228>
     632:	02054263          	bltz	a0,656 <JY901_GetStableHeading+0x70>
     636:	8526                	mv	a0,s1
     638:	2cd060ef          	jal	ra,7104 <__addsf3>
     63c:	0ab070ef          	jal	ra,7ee6 <__fixsfsi>
     640:	0542                	slli	a0,a0,0x10
     642:	8541                	srai	a0,a0,0x10
     644:	105070ef          	jal	ra,7f48 <__floatsisf>
     648:	c7442583          	lw	a1,-908(s0)
     64c:	242070ef          	jal	ra,788e <__mulsf3>
     650:	87aa                	mv	a5,a0
     652:	853e                	mv	a0,a5
     654:	b681                	j	194 <__riscv_restore_0>
     656:	8526                	mv	a0,s1
     658:	4ca070ef          	jal	ra,7b22 <__subsf3>
     65c:	b7c5                	j	63c <JY901_GetStableHeading+0x56>

0000065e <JY901_IsYawValid>:
     65e:	8d41c503          	lbu	a0,-1836(gp) # 200002c4 <JY901_data+0x70>
     662:	8082                	ret

00000664 <JY901_SetDisplayEnabled>:
     664:	00a03533          	snez	a0,a0
     668:	200007b7          	lui	a5,0x20000
     66c:	1ea78823          	sb	a0,496(a5) # 200001f0 <jy901_display_enabled>
     670:	8082                	ret

00000672 <USART2_CFG>:
     672:	affff2ef          	jal	t0,170 <__riscv_save_0>
     676:	7179                	addi	sp,sp,-48
     678:	84aa                	mv	s1,a0
     67a:	4585                	li	a1,1
     67c:	4511                	li	a0,4
     67e:	ca02                	sw	zero,20(sp)
     680:	cc02                	sw	zero,24(sp)
     682:	ce02                	sw	zero,28(sp)
     684:	d002                	sw	zero,32(sp)
     686:	d202                	sw	zero,36(sp)
     688:	d402                	sw	zero,40(sp)
     68a:	d602                	sw	zero,44(sp)
     68c:	c602                	sw	zero,12(sp)
     68e:	c802                	sw	zero,16(sp)
     690:	2e9020ef          	jal	ra,3178 <RCC_APB2PeriphClockCmd>
     694:	4585                	li	a1,1
     696:	00020537          	lui	a0,0x20
     69a:	2fd020ef          	jal	ra,3196 <RCC_APB1PeriphClockCmd>
     69e:	4791                	li	a5,4
     6a0:	00f11a23          	sh	a5,20(sp)
     6a4:	40011437          	lui	s0,0x40011
     6a8:	478d                	li	a5,3
     6aa:	cc3e                	sw	a5,24(sp)
     6ac:	084c                	addi	a1,sp,20
     6ae:	47e1                	li	a5,24
     6b0:	80040513          	addi	a0,s0,-2048 # 40010800 <_eusrstack+0x2000b800>
     6b4:	ce3e                	sw	a5,28(sp)
     6b6:	09f020ef          	jal	ra,2f54 <GPIO_Init>
     6ba:	47a1                	li	a5,8
     6bc:	00f11a23          	sh	a5,20(sp)
     6c0:	084c                	addi	a1,sp,20
     6c2:	4791                	li	a5,4
     6c4:	80040513          	addi	a0,s0,-2048
     6c8:	ce3e                	sw	a5,28(sp)
     6ca:	40004437          	lui	s0,0x40004
     6ce:	087020ef          	jal	ra,2f54 <GPIO_Init>
     6d2:	100c                	addi	a1,sp,32
     6d4:	000c07b7          	lui	a5,0xc0
     6d8:	40040513          	addi	a0,s0,1024 # 40004400 <_eusrstack+0x1ffff400>
     6dc:	d026                	sw	s1,32(sp)
     6de:	d43e                	sw	a5,40(sp)
     6e0:	d202                	sw	zero,36(sp)
     6e2:	02011623          	sh	zero,44(sp)
     6e6:	46d020ef          	jal	ra,3352 <USART_Init>
     6ea:	13600793          	li	a5,310
     6ee:	00f11623          	sh	a5,12(sp)
     6f2:	4785                	li	a5,1
     6f4:	00f10723          	sb	a5,14(sp)
     6f8:	0068                	addi	a0,sp,12
     6fa:	4785                	li	a5,1
     6fc:	c83e                	sw	a5,16(sp)
     6fe:	133020ef          	jal	ra,3030 <NVIC_Init>
     702:	4605                	li	a2,1
     704:	40040513          	addi	a0,s0,1024
     708:	42400593          	li	a1,1060
     70c:	50b020ef          	jal	ra,3416 <USART_ITConfig>
     710:	4585                	li	a1,1
     712:	40040513          	addi	a0,s0,1024
     716:	4e5020ef          	jal	ra,33fa <USART_Cmd>
     71a:	6145                	addi	sp,sp,48
     71c:	bca5                	j	194 <__riscv_restore_0>

0000071e <USART2_DMA1_CH6_INIT>:
     71e:	a53ff2ef          	jal	t0,170 <__riscv_save_0>
     722:	7139                	addi	sp,sp,-64
     724:	02c00613          	li	a2,44
     728:	4581                	li	a1,0
     72a:	0848                	addi	a0,sp,20
     72c:	3c95                	jal	1a0 <memset>
     72e:	4585                	li	a1,1
     730:	4505                	li	a0,1
     732:	40020437          	lui	s0,0x40020
     736:	c602                	sw	zero,12(sp)
     738:	c802                	sw	zero,16(sp)
     73a:	221020ef          	jal	ra,315a <RCC_AHBPeriphClockCmd>
     73e:	06c40513          	addi	a0,s0,108 # 4002006c <_eusrstack+0x2001b06c>
     742:	65c020ef          	jal	ra,2d9e <DMA_DeInit>
     746:	400044b7          	lui	s1,0x40004
     74a:	40448793          	addi	a5,s1,1028 # 40004404 <_eusrstack+0x1ffff404>
     74e:	ca3e                	sw	a5,20(sp)
     750:	86618793          	addi	a5,gp,-1946 # 20000256 <JY901_data+0x2>
     754:	cc3e                	sw	a5,24(sp)
     756:	02c00793          	li	a5,44
     75a:	d03e                	sw	a5,32(sp)
     75c:	08000793          	li	a5,128
     760:	d43e                	sw	a5,40(sp)
     762:	084c                	addi	a1,sp,20
     764:	678d                	lui	a5,0x3
     766:	06c40513          	addi	a0,s0,108
     76a:	dc3e                	sw	a5,56(sp)
     76c:	ce02                	sw	zero,28(sp)
     76e:	d202                	sw	zero,36(sp)
     770:	d602                	sw	zero,44(sp)
     772:	d802                	sw	zero,48(sp)
     774:	da02                	sw	zero,52(sp)
     776:	de02                	sw	zero,60(sp)
     778:	720020ef          	jal	ra,2e98 <DMA_Init>
     77c:	4605                	li	a2,1
     77e:	4589                	li	a1,2
     780:	06c40513          	addi	a0,s0,108
     784:	760020ef          	jal	ra,2ee4 <DMA_ITConfig>
     788:	12000793          	li	a5,288
     78c:	00f11623          	sh	a5,12(sp)
     790:	4789                	li	a5,2
     792:	00f10723          	sb	a5,14(sp)
     796:	0068                	addi	a0,sp,12
     798:	4785                	li	a5,1
     79a:	c83e                	sw	a5,16(sp)
     79c:	095020ef          	jal	ra,3030 <NVIC_Init>
     7a0:	06c40513          	addi	a0,s0,108
     7a4:	4585                	li	a1,1
     7a6:	72a020ef          	jal	ra,2ed0 <DMA_Cmd>
     7aa:	4605                	li	a2,1
     7ac:	04000593          	li	a1,64
     7b0:	40048513          	addi	a0,s1,1024
     7b4:	499020ef          	jal	ra,344c <USART_DMACmd>
     7b8:	6121                	addi	sp,sp,64
     7ba:	bae9                	j	194 <__riscv_restore_0>

000007bc <JY901_Init>:
     7bc:	9b5ff2ef          	jal	t0,170 <__riscv_save_0>
     7c0:	842a                	mv	s0,a0
     7c2:	07400613          	li	a2,116
     7c6:	4581                	li	a1,0
     7c8:	86418513          	addi	a0,gp,-1948 # 20000254 <JY901_data>
     7cc:	3ad1                	jal	1a0 <memset>
     7ce:	8201aa23          	sw	zero,-1996(gp) # 20000224 <jy901_state>
     7d2:	8201a823          	sw	zero,-2000(gp) # 20000220 <_edata>
     7d6:	33c9                	jal	598 <JY901_YawFilterReset>
     7d8:	8522                	mv	a0,s0
     7da:	3d61                	jal	672 <USART2_CFG>
     7dc:	3789                	jal	71e <USART2_DMA1_CH6_INIT>
     7de:	9b7ff06f          	j	194 <__riscv_restore_0>

000007e2 <JY901_Task>:
     7e2:	98fff2ef          	jal	t0,170 <__riscv_save_0>
     7e6:	83418793          	addi	a5,gp,-1996 # 20000224 <jy901_state>
     7ea:	4398                	lw	a4,0(a5)
     7ec:	4685                	li	a3,1
     7ee:	7179                	addi	sp,sp,-48
     7f0:	83418493          	addi	s1,gp,-1996 # 20000224 <jy901_state>
     7f4:	02d70263          	beq	a4,a3,818 <__stack_size+0x18>
     7f8:	c719                	beqz	a4,806 <__stack_size+0x6>
     7fa:	4689                	li	a3,2
     7fc:	04d70863          	beq	a4,a3,84c <__stack_size+0x4c>
     800:	0007a023          	sw	zero,0(a5) # 3000 <GPIO_Init+0xac>
     804:	a039                	j	812 <__stack_size+0x12>
     806:	8641c703          	lbu	a4,-1948(gp) # 20000254 <JY901_data>
     80a:	0ff77713          	andi	a4,a4,255
     80e:	c311                	beqz	a4,812 <__stack_size+0x12>
     810:	c394                	sw	a3,0(a5)
     812:	6145                	addi	sp,sp,48
     814:	981ff06f          	j	194 <__riscv_restore_0>
     818:	86418793          	addi	a5,gp,-1948 # 20000254 <JY901_data>
     81c:	0017c783          	lbu	a5,1(a5)
     820:	02b00713          	li	a4,43
     824:	86418413          	addi	s0,gp,-1948 # 20000254 <JY901_data>
     828:	00f77363          	bgeu	a4,a5,82e <__stack_size+0x2e>
     82c:	3681                	jal	36c <JY901_ParseBuffer>
     82e:	00040023          	sb	zero,0(s0)
     832:	02c00613          	li	a2,44
     836:	4581                	li	a1,0
     838:	00240513          	addi	a0,s0,2
     83c:	000400a3          	sb	zero,1(s0)
     840:	961ff0ef          	jal	ra,1a0 <memset>
     844:	3cb9                	jal	2a2 <JY901_DMA_Restart>
     846:	4789                	li	a5,2
     848:	c09c                	sw	a5,0(s1)
     84a:	b7e1                	j	812 <__stack_size+0x12>
     84c:	200007b7          	lui	a5,0x20000
     850:	1f07c783          	lbu	a5,496(a5) # 200001f0 <jy901_display_enabled>
     854:	0c078463          	beqz	a5,91c <__stack_size+0x11c>
     858:	83018793          	addi	a5,gp,-2000 # 20000220 <_edata>
     85c:	4398                	lw	a4,0(a5)
     85e:	0c700693          	li	a3,199
     862:	40e50733          	sub	a4,a0,a4
     866:	0ae6fb63          	bgeu	a3,a4,91c <__stack_size+0x11c>
     86a:	c388                	sw	a0,0(a5)
     86c:	4661                	li	a2,24
     86e:	4581                	li	a1,0
     870:	0828                	addi	a0,sp,24
     872:	92fff0ef          	jal	ra,1a0 <memset>
     876:	86418913          	addi	s2,gp,-1948 # 20000254 <JY901_data>
     87a:	03492503          	lw	a0,52(s2)
     87e:	86418413          	addi	s0,gp,-1948 # 20000254 <JY901_data>
     882:	05b070ef          	jal	ra,80dc <__extendsfdf2>
     886:	c42a                	sw	a0,8(sp)
     888:	03092503          	lw	a0,48(s2)
     88c:	c62e                	sw	a1,12(sp)
     88e:	04f070ef          	jal	ra,80dc <__extendsfdf2>
     892:	4822                	lw	a6,8(sp)
     894:	48b2                	lw	a7,12(sp)
     896:	0000b637          	lui	a2,0xb
     89a:	87ae                	mv	a5,a1
     89c:	872a                	mv	a4,a0
     89e:	c9060613          	addi	a2,a2,-880 # ac90 <__trunctfdf2+0x244>
     8a2:	45e1                	li	a1,24
     8a4:	0828                	addi	a0,sp,24
     8a6:	363040ef          	jal	ra,5408 <snprintf>
     8aa:	0830                	addi	a2,sp,24
     8ac:	4589                	li	a1,2
     8ae:	4509                	li	a0,2
     8b0:	10d000ef          	jal	ra,11bc <OLED_ShowString>
     8b4:	4661                	li	a2,24
     8b6:	4581                	li	a1,0
     8b8:	0828                	addi	a0,sp,24
     8ba:	8e7ff0ef          	jal	ra,1a0 <memset>
     8be:	07094783          	lbu	a5,112(s2)
     8c2:	c3a5                	beqz	a5,922 <__stack_size+0x122>
     8c4:	5068                	lw	a0,100(s0)
     8c6:	017070ef          	jal	ra,80dc <__extendsfdf2>
     8ca:	0000b637          	lui	a2,0xb
     8ce:	872a                	mv	a4,a0
     8d0:	87ae                	mv	a5,a1
     8d2:	ca460613          	addi	a2,a2,-860 # aca4 <__trunctfdf2+0x258>
     8d6:	45e1                	li	a1,24
     8d8:	0828                	addi	a0,sp,24
     8da:	32f040ef          	jal	ra,5408 <snprintf>
     8de:	0830                	addi	a2,sp,24
     8e0:	4585                	li	a1,1
     8e2:	450d                	li	a0,3
     8e4:	0d9000ef          	jal	ra,11bc <OLED_ShowString>
     8e8:	4661                	li	a2,24
     8ea:	4581                	li	a1,0
     8ec:	0828                	addi	a0,sp,24
     8ee:	8b3ff0ef          	jal	ra,1a0 <memset>
     8f2:	07044783          	lbu	a5,112(s0)
     8f6:	cf95                	beqz	a5,932 <__stack_size+0x132>
     8f8:	31fd                	jal	5e6 <JY901_GetStableHeading>
     8fa:	7e2070ef          	jal	ra,80dc <__extendsfdf2>
     8fe:	0000b637          	lui	a2,0xb
     902:	872a                	mv	a4,a0
     904:	87ae                	mv	a5,a1
     906:	cc060613          	addi	a2,a2,-832 # acc0 <__trunctfdf2+0x274>
     90a:	45e1                	li	a1,24
     90c:	0828                	addi	a0,sp,24
     90e:	2fb040ef          	jal	ra,5408 <snprintf>
     912:	0830                	addi	a2,sp,24
     914:	4585                	li	a1,1
     916:	4511                	li	a0,4
     918:	0a5000ef          	jal	ra,11bc <OLED_ShowString>
     91c:	0004a023          	sw	zero,0(s1)
     920:	bdcd                	j	812 <__stack_size+0x12>
     922:	0000b5b7          	lui	a1,0xb
     926:	cb058593          	addi	a1,a1,-848 # acb0 <__trunctfdf2+0x264>
     92a:	0828                	addi	a0,sp,24
     92c:	242080ef          	jal	ra,8b6e <strcpy>
     930:	b77d                	j	8de <__stack_size+0xde>
     932:	0000b5b7          	lui	a1,0xb
     936:	ccc58593          	addi	a1,a1,-820 # accc <__trunctfdf2+0x280>
     93a:	0828                	addi	a0,sp,24
     93c:	232080ef          	jal	ra,8b6e <strcpy>
     940:	bfc9                	j	912 <__stack_size+0x112>

00000942 <USART2_IRQHandler>:
     942:	1101                	addi	sp,sp,-32
     944:	ce22                	sw	s0,28(sp)
     946:	40004437          	lui	s0,0x40004
     94a:	42400593          	li	a1,1060
     94e:	40040513          	addi	a0,s0,1024 # 40004400 <_eusrstack+0x1ffff400>
     952:	327020ef          	jal	ra,3478 <USART_GetITStatus>
     956:	cd31                	beqz	a0,9b2 <USART2_IRQHandler+0x70>
     958:	40045783          	lhu	a5,1024(s0)
     95c:	4581                	li	a1,0
     95e:	07c2                	slli	a5,a5,0x10
     960:	83c1                	srli	a5,a5,0x10
     962:	c63e                	sw	a5,12(sp)
     964:	40445783          	lhu	a5,1028(s0)
     968:	40020437          	lui	s0,0x40020
     96c:	06c40513          	addi	a0,s0,108 # 4002006c <_eusrstack+0x2001b06c>
     970:	07c2                	slli	a5,a5,0x10
     972:	83c1                	srli	a5,a5,0x10
     974:	c63e                	sw	a5,12(sp)
     976:	47b2                	lw	a5,12(sp)
     978:	558020ef          	jal	ra,2ed0 <DMA_Cmd>
     97c:	06c40513          	addi	a0,s0,108
     980:	57a020ef          	jal	ra,2efa <DMA_GetCurrDataCounter>
     984:	02c00793          	li	a5,44
     988:	40a78533          	sub	a0,a5,a0
     98c:	86418713          	addi	a4,gp,-1948 # 20000254 <JY901_data>
     990:	0ff57513          	andi	a0,a0,255
     994:	00a700a3          	sb	a0,1(a4)
     998:	00174703          	lbu	a4,1(a4)
     99c:	02c00693          	li	a3,44
     9a0:	86418793          	addi	a5,gp,-1948 # 20000254 <JY901_data>
     9a4:	00e6f463          	bgeu	a3,a4,9ac <USART2_IRQHandler+0x6a>
     9a8:	000780a3          	sb	zero,1(a5)
     9ac:	4705                	li	a4,1
     9ae:	00e78023          	sb	a4,0(a5)
     9b2:	4472                	lw	s0,28(sp)
     9b4:	6105                	addi	sp,sp,32
     9b6:	30200073          	mret

000009ba <DMA1_Channel6_IRQHandler>:
     9ba:	00200537          	lui	a0,0x200
     9be:	57e020ef          	jal	ra,2f3c <DMA_GetITStatus>
     9c2:	c50d                	beqz	a0,9ec <DMA1_Channel6_IRQHandler+0x32>
     9c4:	00200537          	lui	a0,0x200
     9c8:	580020ef          	jal	ra,2f48 <DMA_ClearITPendingBit>
     9cc:	40020537          	lui	a0,0x40020
     9d0:	4581                	li	a1,0
     9d2:	06c50513          	addi	a0,a0,108 # 4002006c <_eusrstack+0x2001b06c>
     9d6:	4fa020ef          	jal	ra,2ed0 <DMA_Cmd>
     9da:	86418793          	addi	a5,gp,-1948 # 20000254 <JY901_data>
     9de:	02c00713          	li	a4,44
     9e2:	00e780a3          	sb	a4,1(a5)
     9e6:	4705                	li	a4,1
     9e8:	00e78023          	sb	a4,0(a5)
     9ec:	30200073          	mret

000009f0 <USART3_CFG>:
     9f0:	f80ff2ef          	jal	t0,170 <__riscv_save_0>
     9f4:	7179                	addi	sp,sp,-48
     9f6:	84aa                	mv	s1,a0
     9f8:	4585                	li	a1,1
     9fa:	4521                	li	a0,8
     9fc:	ca02                	sw	zero,20(sp)
     9fe:	cc02                	sw	zero,24(sp)
     a00:	ce02                	sw	zero,28(sp)
     a02:	d002                	sw	zero,32(sp)
     a04:	d202                	sw	zero,36(sp)
     a06:	d402                	sw	zero,40(sp)
     a08:	d602                	sw	zero,44(sp)
     a0a:	c602                	sw	zero,12(sp)
     a0c:	c802                	sw	zero,16(sp)
     a0e:	76a020ef          	jal	ra,3178 <RCC_APB2PeriphClockCmd>
     a12:	4585                	li	a1,1
     a14:	00040537          	lui	a0,0x40
     a18:	77e020ef          	jal	ra,3196 <RCC_APB1PeriphClockCmd>
     a1c:	40000793          	li	a5,1024
     a20:	00f11a23          	sh	a5,20(sp)
     a24:	40011437          	lui	s0,0x40011
     a28:	478d                	li	a5,3
     a2a:	cc3e                	sw	a5,24(sp)
     a2c:	084c                	addi	a1,sp,20
     a2e:	47e1                	li	a5,24
     a30:	c0040513          	addi	a0,s0,-1024 # 40010c00 <_eusrstack+0x2000bc00>
     a34:	ce3e                	sw	a5,28(sp)
     a36:	51e020ef          	jal	ra,2f54 <GPIO_Init>
     a3a:	6785                	lui	a5,0x1
     a3c:	80078793          	addi	a5,a5,-2048 # 800 <__stack_size>
     a40:	00f11a23          	sh	a5,20(sp)
     a44:	084c                	addi	a1,sp,20
     a46:	4791                	li	a5,4
     a48:	c0040513          	addi	a0,s0,-1024
     a4c:	ce3e                	sw	a5,28(sp)
     a4e:	40005437          	lui	s0,0x40005
     a52:	502020ef          	jal	ra,2f54 <GPIO_Init>
     a56:	100c                	addi	a1,sp,32
     a58:	000c07b7          	lui	a5,0xc0
     a5c:	80040513          	addi	a0,s0,-2048 # 40004800 <_eusrstack+0x1ffff800>
     a60:	d026                	sw	s1,32(sp)
     a62:	d43e                	sw	a5,40(sp)
     a64:	d202                	sw	zero,36(sp)
     a66:	02011623          	sh	zero,44(sp)
     a6a:	0e9020ef          	jal	ra,3352 <USART_Init>
     a6e:	13700793          	li	a5,311
     a72:	00f11623          	sh	a5,12(sp)
     a76:	4785                	li	a5,1
     a78:	00f10723          	sb	a5,14(sp)
     a7c:	0068                	addi	a0,sp,12
     a7e:	4785                	li	a5,1
     a80:	c83e                	sw	a5,16(sp)
     a82:	5ae020ef          	jal	ra,3030 <NVIC_Init>
     a86:	4605                	li	a2,1
     a88:	80040513          	addi	a0,s0,-2048
     a8c:	42400593          	li	a1,1060
     a90:	187020ef          	jal	ra,3416 <USART_ITConfig>
     a94:	4585                	li	a1,1
     a96:	80040513          	addi	a0,s0,-2048
     a9a:	161020ef          	jal	ra,33fa <USART_Cmd>
     a9e:	6145                	addi	sp,sp,48
     aa0:	ef4ff06f          	j	194 <__riscv_restore_0>

00000aa4 <USART3_DMA1_CH3_INIT>:
     aa4:	eccff2ef          	jal	t0,170 <__riscv_save_0>
     aa8:	7139                	addi	sp,sp,-64
     aaa:	02c00613          	li	a2,44
     aae:	4581                	li	a1,0
     ab0:	0848                	addi	a0,sp,20
     ab2:	eeeff0ef          	jal	ra,1a0 <memset>
     ab6:	4585                	li	a1,1
     ab8:	4505                	li	a0,1
     aba:	40020437          	lui	s0,0x40020
     abe:	c602                	sw	zero,12(sp)
     ac0:	c802                	sw	zero,16(sp)
     ac2:	698020ef          	jal	ra,315a <RCC_AHBPeriphClockCmd>
     ac6:	03040513          	addi	a0,s0,48 # 40020030 <_eusrstack+0x2001b030>
     aca:	2d4020ef          	jal	ra,2d9e <DMA_DeInit>
     ace:	400054b7          	lui	s1,0x40005
     ad2:	80448793          	addi	a5,s1,-2044 # 40004804 <_eusrstack+0x1ffff804>
     ad6:	ca3e                	sw	a5,20(sp)
     ad8:	9b818793          	addi	a5,gp,-1608 # 200003a8 <RX3_Buffer>
     adc:	cc3e                	sw	a5,24(sp)
     ade:	04000793          	li	a5,64
     ae2:	d03e                	sw	a5,32(sp)
     ae4:	08000793          	li	a5,128
     ae8:	d43e                	sw	a5,40(sp)
     aea:	084c                	addi	a1,sp,20
     aec:	678d                	lui	a5,0x3
     aee:	03040513          	addi	a0,s0,48
     af2:	dc3e                	sw	a5,56(sp)
     af4:	ce02                	sw	zero,28(sp)
     af6:	d202                	sw	zero,36(sp)
     af8:	d602                	sw	zero,44(sp)
     afa:	d802                	sw	zero,48(sp)
     afc:	da02                	sw	zero,52(sp)
     afe:	de02                	sw	zero,60(sp)
     b00:	398020ef          	jal	ra,2e98 <DMA_Init>
     b04:	4605                	li	a2,1
     b06:	4589                	li	a1,2
     b08:	03040513          	addi	a0,s0,48
     b0c:	3d8020ef          	jal	ra,2ee4 <DMA_ITConfig>
     b10:	11d00793          	li	a5,285
     b14:	00f11623          	sh	a5,12(sp)
     b18:	4789                	li	a5,2
     b1a:	00f10723          	sb	a5,14(sp)
     b1e:	0068                	addi	a0,sp,12
     b20:	4785                	li	a5,1
     b22:	c83e                	sw	a5,16(sp)
     b24:	50c020ef          	jal	ra,3030 <NVIC_Init>
     b28:	03040513          	addi	a0,s0,48
     b2c:	4585                	li	a1,1
     b2e:	3a2020ef          	jal	ra,2ed0 <DMA_Cmd>
     b32:	4605                	li	a2,1
     b34:	04000593          	li	a1,64
     b38:	80048513          	addi	a0,s1,-2048
     b3c:	111020ef          	jal	ra,344c <USART_DMACmd>
     b40:	6121                	addi	sp,sp,64
     b42:	e52ff06f          	j	194 <__riscv_restore_0>

00000b46 <Laser_Init>:
     b46:	e2aff2ef          	jal	t0,170 <__riscv_save_0>
     b4a:	842a                	mv	s0,a0
     b4c:	04000613          	li	a2,64
     b50:	4581                	li	a1,0
     b52:	9b818513          	addi	a0,gp,-1608 # 200003a8 <RX3_Buffer>
     b56:	e4aff0ef          	jal	ra,1a0 <memset>
     b5a:	9a818793          	addi	a5,gp,-1624 # 20000398 <Laser_Data>
     b5e:	00078023          	sb	zero,0(a5) # 3000 <GPIO_Init+0xac>
     b62:	8522                	mv	a0,s0
     b64:	00079123          	sh	zero,2(a5)
     b68:	00079223          	sh	zero,4(a5)
     b6c:	00078323          	sb	zero,6(a5)
     b70:	0007a423          	sw	zero,8(a5)
     b74:	0007a623          	sw	zero,12(a5)
     b78:	3da5                	jal	9f0 <USART3_CFG>
     b7a:	372d                	jal	aa4 <USART3_DMA1_CH3_INIT>
     b7c:	e18ff06f          	j	194 <__riscv_restore_0>

00000b80 <Laser_Task>:
     b80:	df0ff2ef          	jal	t0,170 <__riscv_save_0>
     b84:	9a818793          	addi	a5,gp,-1624 # 20000398 <Laser_Data>
     b88:	47dc                	lw	a5,12(a5)
     b8a:	0c700713          	li	a4,199
     b8e:	1101                	addi	sp,sp,-32
     b90:	40f507b3          	sub	a5,a0,a5
     b94:	9a818413          	addi	s0,gp,-1624 # 20000398 <Laser_Data>
     b98:	02f77963          	bgeu	a4,a5,bca <Laser_Task+0x4a>
     b9c:	00644783          	lbu	a5,6(s0)
     ba0:	c448                	sw	a0,12(s0)
     ba2:	c602                	sw	zero,12(sp)
     ba4:	c802                	sw	zero,16(sp)
     ba6:	ca02                	sw	zero,20(sp)
     ba8:	cc02                	sw	zero,24(sp)
     baa:	ce02                	sw	zero,28(sp)
     bac:	cf95                	beqz	a5,be8 <Laser_Task+0x68>
     bae:	00445683          	lhu	a3,4(s0)
     bb2:	0000b637          	lui	a2,0xb
     bb6:	cd860613          	addi	a2,a2,-808 # acd8 <__trunctfdf2+0x28c>
     bba:	45d1                	li	a1,20
     bbc:	0068                	addi	a0,sp,12
     bbe:	04b040ef          	jal	ra,5408 <snprintf>
     bc2:	0070                	addi	a2,sp,12
     bc4:	4585                	li	a1,1
     bc6:	4505                	li	a0,1
     bc8:	2bd5                	jal	11bc <OLED_ShowString>
     bca:	441c                	lw	a5,8(s0)
     bcc:	4705                	li	a4,1
     bce:	04e78963          	beq	a5,a4,c20 <Laser_Task+0xa0>
     bd2:	22079663          	bnez	a5,dfe <Laser_Task+0x27e>
     bd6:	00044783          	lbu	a5,0(s0)
     bda:	0ff7f793          	andi	a5,a5,255
     bde:	c391                	beqz	a5,be2 <Laser_Task+0x62>
     be0:	c418                	sw	a4,8(s0)
     be2:	6105                	addi	sp,sp,32
     be4:	db0ff06f          	j	194 <__riscv_restore_0>
     be8:	8441c783          	lbu	a5,-1980(gp) # 20000234 <s_laser_ever_frame>
     bec:	0ff7f793          	andi	a5,a5,255
     bf0:	eb89                	bnez	a5,c02 <Laser_Task+0x82>
     bf2:	0000b5b7          	lui	a1,0xb
     bf6:	ce858593          	addi	a1,a1,-792 # ace8 <__trunctfdf2+0x29c>
     bfa:	0068                	addi	a0,sp,12
     bfc:	773070ef          	jal	ra,8b6e <strcpy>
     c00:	b7c9                	j	bc2 <Laser_Task+0x42>
     c02:	8451c783          	lbu	a5,-1979(gp) # 20000235 <s_laser_parse_error>
     c06:	0ff7f793          	andi	a5,a5,255
     c0a:	c791                	beqz	a5,c16 <Laser_Task+0x96>
     c0c:	0000b5b7          	lui	a1,0xb
     c10:	cf858593          	addi	a1,a1,-776 # acf8 <__trunctfdf2+0x2ac>
     c14:	b7dd                	j	bfa <Laser_Task+0x7a>
     c16:	0000b5b7          	lui	a1,0xb
     c1a:	d0858593          	addi	a1,a1,-760 # ad08 <__trunctfdf2+0x2bc>
     c1e:	bff1                	j	bfa <Laser_Task+0x7a>
     c20:	00245683          	lhu	a3,2(s0)
     c24:	4789                	li	a5,2
     c26:	06c2                	slli	a3,a3,0x10
     c28:	82c1                	srli	a3,a3,0x10
     c2a:	14d7fb63          	bgeu	a5,a3,d80 <Laser_Task+0x200>
     c2e:	9b818593          	addi	a1,gp,-1608 # 200003a8 <RX3_Buffer>
     c32:	9b818793          	addi	a5,gp,-1608 # 200003a8 <RX3_Buffer>
     c36:	4601                	li	a2,0
     c38:	9b818813          	addi	a6,gp,-1608 # 200003a8 <RX3_Buffer>
     c3c:	05300313          	li	t1,83
     c40:	07400893          	li	a7,116
     c44:	06100e13          	li	t3,97
     c48:	06500e93          	li	t4,101
     c4c:	03b00f13          	li	t5,59
     c50:	01061713          	slli	a4,a2,0x10
     c54:	00660f93          	addi	t6,a2,6
     c58:	8341                	srli	a4,a4,0x10
     c5a:	08dff763          	bgeu	t6,a3,ce8 <Laser_Task+0x168>
     c5e:	0007cf83          	lbu	t6,0(a5)
     c62:	086f9363          	bne	t6,t1,ce8 <Laser_Task+0x168>
     c66:	0017cf83          	lbu	t6,1(a5)
     c6a:	071f9f63          	bne	t6,a7,ce8 <Laser_Task+0x168>
     c6e:	0027cf83          	lbu	t6,2(a5)
     c72:	07cf9b63          	bne	t6,t3,ce8 <Laser_Task+0x168>
     c76:	0037cf83          	lbu	t6,3(a5)
     c7a:	071f9763          	bne	t6,a7,ce8 <Laser_Task+0x168>
     c7e:	0047cf83          	lbu	t6,4(a5)
     c82:	07df9363          	bne	t6,t4,ce8 <Laser_Task+0x168>
     c86:	0057cf83          	lbu	t6,5(a5)
     c8a:	05ef9f63          	bne	t6,t5,ce8 <Laser_Task+0x168>
     c8e:	0719                	addi	a4,a4,6
     c90:	0742                	slli	a4,a4,0x10
     c92:	8341                	srli	a4,a4,0x10
     c94:	00e807b3          	add	a5,a6,a4
     c98:	02000613          	li	a2,32
     c9c:	00d77763          	bgeu	a4,a3,caa <Laser_Task+0x12a>
     ca0:	0785                	addi	a5,a5,1
     ca2:	fff7c883          	lbu	a7,-1(a5)
     ca6:	02c88d63          	beq	a7,a2,ce0 <Laser_Task+0x160>
     caa:	00e808b3          	add	a7,a6,a4
     cae:	4301                	li	t1,0
     cb0:	4781                	li	a5,0
     cb2:	4ea5                	li	t4,9
     cb4:	4e29                	li	t3,10
     cb6:	0ad77f63          	bgeu	a4,a3,d74 <Laser_Task+0x1f4>
     cba:	0008c603          	lbu	a2,0(a7)
     cbe:	0885                	addi	a7,a7,1
     cc0:	fd060613          	addi	a2,a2,-48
     cc4:	0ff67613          	andi	a2,a2,255
     cc8:	0acee663          	bltu	t4,a2,d74 <Laser_Task+0x1f4>
     ccc:	03c787b3          	mul	a5,a5,t3
     cd0:	0705                	addi	a4,a4,1
     cd2:	0742                	slli	a4,a4,0x10
     cd4:	8341                	srli	a4,a4,0x10
     cd6:	4305                	li	t1,1
     cd8:	97b2                	add	a5,a5,a2
     cda:	07c2                	slli	a5,a5,0x10
     cdc:	83c1                	srli	a5,a5,0x10
     cde:	bfe1                	j	cb6 <Laser_Task+0x136>
     ce0:	0705                	addi	a4,a4,1
     ce2:	0742                	slli	a4,a4,0x10
     ce4:	8341                	srli	a4,a4,0x10
     ce6:	bf5d                	j	c9c <Laser_Task+0x11c>
     ce8:	0605                	addi	a2,a2,1
     cea:	01061713          	slli	a4,a2,0x10
     cee:	8341                	srli	a4,a4,0x10
     cf0:	0785                	addi	a5,a5,1
     cf2:	f4d76fe3          	bltu	a4,a3,c50 <Laser_Task+0xd0>
     cf6:	4781                	li	a5,0
     cf8:	fff68713          	addi	a4,a3,-1
     cfc:	0742                	slli	a4,a4,0x10
     cfe:	06400613          	li	a2,100
     d02:	03a00893          	li	a7,58
     d06:	8341                	srli	a4,a4,0x10
     d08:	0005c303          	lbu	t1,0(a1)
     d0c:	08c31063          	bne	t1,a2,d8c <Laser_Task+0x20c>
     d10:	0015c303          	lbu	t1,1(a1)
     d14:	07131c63          	bne	t1,a7,d8c <Laser_Task+0x20c>
     d18:	0789                	addi	a5,a5,2
     d1a:	07c2                	slli	a5,a5,0x10
     d1c:	83c1                	srli	a5,a5,0x10
     d1e:	00f80733          	add	a4,a6,a5
     d22:	02000613          	li	a2,32
     d26:	00d7f763          	bgeu	a5,a3,d34 <Laser_Task+0x1b4>
     d2a:	0705                	addi	a4,a4,1
     d2c:	fff74583          	lbu	a1,-1(a4)
     d30:	06c58563          	beq	a1,a2,d9a <Laser_Task+0x21a>
     d34:	68c1                	lui	a7,0x10
     d36:	4581                	li	a1,0
     d38:	4701                	li	a4,0
     d3a:	4ea5                	li	t4,9
     d3c:	4e29                	li	t3,10
     d3e:	18f9                	addi	a7,a7,-2
     d40:	00b78633          	add	a2,a5,a1
     d44:	01061f13          	slli	t5,a2,0x10
     d48:	010f5f13          	srli	t5,t5,0x10
     d4c:	0ff5f313          	andi	t1,a1,255
     d50:	04df7963          	bgeu	t5,a3,da2 <Laser_Task+0x222>
     d54:	9642                	add	a2,a2,a6
     d56:	00064603          	lbu	a2,0(a2)
     d5a:	fd060613          	addi	a2,a2,-48
     d5e:	0ff67613          	andi	a2,a2,255
     d62:	04cee063          	bltu	t4,a2,da2 <Laser_Task+0x222>
     d66:	03c70733          	mul	a4,a4,t3
     d6a:	0585                	addi	a1,a1,1
     d6c:	9732                	add	a4,a4,a2
     d6e:	fce8f9e3          	bgeu	a7,a4,d40 <Laser_Task+0x1c0>
     d72:	a039                	j	d80 <Laser_Task+0x200>
     d74:	f80301e3          	beqz	t1,cf6 <Laser_Task+0x176>
     d78:	4709                	li	a4,2
     d7a:	06e78f63          	beq	a5,a4,df8 <Laser_Task+0x278>
     d7e:	dfad                	beqz	a5,cf8 <Laser_Task+0x178>
     d80:	4705                	li	a4,1
     d82:	00040323          	sb	zero,6(s0)
     d86:	84e182a3          	sb	a4,-1979(gp) # 20000235 <s_laser_parse_error>
     d8a:	a03d                	j	db8 <Laser_Task+0x238>
     d8c:	0785                	addi	a5,a5,1
     d8e:	07c2                	slli	a5,a5,0x10
     d90:	83c1                	srli	a5,a5,0x10
     d92:	0585                	addi	a1,a1,1
     d94:	f6e7eae3          	bltu	a5,a4,d08 <Laser_Task+0x188>
     d98:	b7e5                	j	d80 <Laser_Task+0x200>
     d9a:	0785                	addi	a5,a5,1
     d9c:	07c2                	slli	a5,a5,0x10
     d9e:	83c1                	srli	a5,a5,0x10
     da0:	b759                	j	d26 <Laser_Task+0x1a6>
     da2:	fc030fe3          	beqz	t1,d80 <Laser_Task+0x200>
     da6:	0742                	slli	a4,a4,0x10
     da8:	8341                	srli	a4,a4,0x10
     daa:	4785                	li	a5,1
     dac:	00f40323          	sb	a5,6(s0)
     db0:	00e41223          	sh	a4,4(s0)
     db4:	840182a3          	sb	zero,-1979(gp) # 20000235 <s_laser_parse_error>
     db8:	04000613          	li	a2,64
     dbc:	4581                	li	a1,0
     dbe:	9b818513          	addi	a0,gp,-1608 # 200003a8 <RX3_Buffer>
     dc2:	bdeff0ef          	jal	ra,1a0 <memset>
     dc6:	400204b7          	lui	s1,0x40020
     dca:	00041123          	sh	zero,2(s0)
     dce:	4581                	li	a1,0
     dd0:	03048513          	addi	a0,s1,48 # 40020030 <_eusrstack+0x2001b030>
     dd4:	00040023          	sb	zero,0(s0)
     dd8:	0f8020ef          	jal	ra,2ed0 <DMA_Cmd>
     ddc:	04000593          	li	a1,64
     de0:	03048513          	addi	a0,s1,48
     de4:	112020ef          	jal	ra,2ef6 <DMA_SetCurrDataCounter>
     de8:	4585                	li	a1,1
     dea:	03048513          	addi	a0,s1,48
     dee:	0e2020ef          	jal	ra,2ed0 <DMA_Cmd>
     df2:	4789                	li	a5,2
     df4:	c41c                	sw	a5,8(s0)
     df6:	b3f5                	j	be2 <Laser_Task+0x62>
     df8:	6741                	lui	a4,0x10
     dfa:	177d                	addi	a4,a4,-1
     dfc:	b77d                	j	daa <Laser_Task+0x22a>
     dfe:	00042423          	sw	zero,8(s0)
     e02:	b3c5                	j	be2 <Laser_Task+0x62>

00000e04 <USART3_IRQHandler>:
     e04:	1101                	addi	sp,sp,-32
     e06:	ce22                	sw	s0,28(sp)
     e08:	40005437          	lui	s0,0x40005
     e0c:	42400593          	li	a1,1060
     e10:	80040513          	addi	a0,s0,-2048 # 40004800 <_eusrstack+0x1ffff800>
     e14:	664020ef          	jal	ra,3478 <USART_GetITStatus>
     e18:	c125                	beqz	a0,e78 <USART3_IRQHandler+0x74>
     e1a:	80045783          	lhu	a5,-2048(s0)
     e1e:	4581                	li	a1,0
     e20:	07c2                	slli	a5,a5,0x10
     e22:	83c1                	srli	a5,a5,0x10
     e24:	c63e                	sw	a5,12(sp)
     e26:	80445783          	lhu	a5,-2044(s0)
     e2a:	40020437          	lui	s0,0x40020
     e2e:	03040513          	addi	a0,s0,48 # 40020030 <_eusrstack+0x2001b030>
     e32:	07c2                	slli	a5,a5,0x10
     e34:	83c1                	srli	a5,a5,0x10
     e36:	c63e                	sw	a5,12(sp)
     e38:	47b2                	lw	a5,12(sp)
     e3a:	096020ef          	jal	ra,2ed0 <DMA_Cmd>
     e3e:	03040513          	addi	a0,s0,48
     e42:	0b8020ef          	jal	ra,2efa <DMA_GetCurrDataCounter>
     e46:	04000793          	li	a5,64
     e4a:	40a78533          	sub	a0,a5,a0
     e4e:	0542                	slli	a0,a0,0x10
     e50:	9a818713          	addi	a4,gp,-1624 # 20000398 <Laser_Data>
     e54:	8141                	srli	a0,a0,0x10
     e56:	00a71123          	sh	a0,2(a4) # 10002 <_data_lma+0x42fa>
     e5a:	00275703          	lhu	a4,2(a4)
     e5e:	04000693          	li	a3,64
     e62:	9a818793          	addi	a5,gp,-1624 # 20000398 <Laser_Data>
     e66:	00e6f463          	bgeu	a3,a4,e6e <USART3_IRQHandler+0x6a>
     e6a:	00079123          	sh	zero,2(a5)
     e6e:	4705                	li	a4,1
     e70:	84e18223          	sb	a4,-1980(gp) # 20000234 <s_laser_ever_frame>
     e74:	00e78023          	sb	a4,0(a5)
     e78:	4472                	lw	s0,28(sp)
     e7a:	6105                	addi	sp,sp,32
     e7c:	30200073          	mret

00000e80 <DMA1_Channel3_IRQHandler>:
     e80:	20000513          	li	a0,512
     e84:	0b8020ef          	jal	ra,2f3c <DMA_GetITStatus>
     e88:	c51d                	beqz	a0,eb6 <DMA1_Channel3_IRQHandler+0x36>
     e8a:	20000513          	li	a0,512
     e8e:	0ba020ef          	jal	ra,2f48 <DMA_ClearITPendingBit>
     e92:	40020537          	lui	a0,0x40020
     e96:	4581                	li	a1,0
     e98:	03050513          	addi	a0,a0,48 # 40020030 <_eusrstack+0x2001b030>
     e9c:	034020ef          	jal	ra,2ed0 <DMA_Cmd>
     ea0:	9a818793          	addi	a5,gp,-1624 # 20000398 <Laser_Data>
     ea4:	04000713          	li	a4,64
     ea8:	00e79123          	sh	a4,2(a5)
     eac:	4705                	li	a4,1
     eae:	84e18223          	sb	a4,-1980(gp) # 20000234 <s_laser_ever_frame>
     eb2:	00e78023          	sb	a4,0(a5)
     eb6:	30200073          	mret

00000eba <TIM1_Motor_Init>:
     eba:	ab6ff2ef          	jal	t0,170 <__riscv_save_0>
     ebe:	6505                	lui	a0,0x1
     ec0:	7179                	addi	sp,sp,-48
     ec2:	4585                	li	a1,1
     ec4:	80450513          	addi	a0,a0,-2044 # 804 <__stack_size+0x4>
     ec8:	ca02                	sw	zero,20(sp)
     eca:	cc02                	sw	zero,24(sp)
     ecc:	ce02                	sw	zero,28(sp)
     ece:	d002                	sw	zero,32(sp)
     ed0:	d202                	sw	zero,36(sp)
     ed2:	d402                	sw	zero,40(sp)
     ed4:	d602                	sw	zero,44(sp)
     ed6:	c402                	sw	zero,8(sp)
     ed8:	c602                	sw	zero,12(sp)
     eda:	00011823          	sh	zero,16(sp)
     ede:	29a020ef          	jal	ra,3178 <RCC_APB2PeriphClockCmd>
     ee2:	4585                	li	a1,1
     ee4:	4505                	li	a0,1
     ee6:	292020ef          	jal	ra,3178 <RCC_APB2PeriphClockCmd>
     eea:	10000793          	li	a5,256
     eee:	00f11a23          	sh	a5,20(sp)
     ef2:	40011537          	lui	a0,0x40011
     ef6:	47e1                	li	a5,24
     ef8:	ce3e                	sw	a5,28(sp)
     efa:	084c                	addi	a1,sp,20
     efc:	478d                	li	a5,3
     efe:	80050513          	addi	a0,a0,-2048 # 40010800 <_eusrstack+0x2000b800>
     f02:	cc3e                	sw	a5,24(sp)
     f04:	050020ef          	jal	ra,2f54 <GPIO_Init>
     f08:	40013437          	lui	s0,0x40013
     f0c:	04700793          	li	a5,71
     f10:	c43e                	sw	a5,8(sp)
     f12:	002c                	addi	a1,sp,8
     f14:	06300793          	li	a5,99
     f18:	c0040513          	addi	a0,s0,-1024 # 40012c00 <_eusrstack+0x2000dc00>
     f1c:	c63e                	sw	a5,12(sp)
     f1e:	296020ef          	jal	ra,31b4 <TIM_TimeBaseInit>
     f22:	67c1                	lui	a5,0x10
     f24:	07078793          	addi	a5,a5,112 # 10070 <_data_lma+0x4368>
     f28:	100c                	addi	a1,sp,32
     f2a:	c0040513          	addi	a0,s0,-1024
     f2e:	d03e                	sw	a5,32(sp)
     f30:	02011323          	sh	zero,38(sp)
     f34:	02011423          	sh	zero,40(sp)
     f38:	2f4020ef          	jal	ra,322c <TIM_OC1Init>
     f3c:	c0040513          	addi	a0,s0,-1024
     f40:	4585                	li	a1,1
     f42:	38e020ef          	jal	ra,32d0 <TIM_CtrlPWMOutputs>
     f46:	c0040513          	addi	a0,s0,-1024
     f4a:	4581                	li	a1,0
     f4c:	3b8020ef          	jal	ra,3304 <TIM_OC1PreloadConfig>
     f50:	c0040513          	addi	a0,s0,-1024
     f54:	4585                	li	a1,1
     f56:	390020ef          	jal	ra,32e6 <TIM_ARRPreloadConfig>
     f5a:	4585                	li	a1,1
     f5c:	c0040513          	addi	a0,s0,-1024
     f60:	354020ef          	jal	ra,32b4 <TIM_Cmd>
     f64:	6145                	addi	sp,sp,48
     f66:	a2eff06f          	j	194 <__riscv_restore_0>

00000f6a <Car_SetRearSpeed>:
     f6a:	a06ff2ef          	jal	t0,170 <__riscv_save_0>
     f6e:	06400793          	li	a5,100
     f72:	06400593          	li	a1,100
     f76:	00a7e363          	bltu	a5,a0,f7c <Car_SetRearSpeed+0x12>
     f7a:	85aa                	mv	a1,a0
     f7c:	05c2                	slli	a1,a1,0x10
     f7e:	40013537          	lui	a0,0x40013
     f82:	81c1                	srli	a1,a1,0x10
     f84:	c0050513          	addi	a0,a0,-1024 # 40012c00 <_eusrstack+0x2000dc00>
     f88:	38e020ef          	jal	ra,3316 <TIM_SetCompare1>
     f8c:	a08ff06f          	j	194 <__riscv_restore_0>

00000f90 <OLED_I2C_Init>:
     f90:	9e0ff2ef          	jal	t0,170 <__riscv_save_0>
     f94:	1141                	addi	sp,sp,-16
     f96:	4585                	li	a1,1
     f98:	4521                	li	a0,8
     f9a:	1de020ef          	jal	ra,3178 <RCC_APB2PeriphClockCmd>
     f9e:	47d1                	li	a5,20
     fa0:	40011437          	lui	s0,0x40011
     fa4:	c63e                	sw	a5,12(sp)
     fa6:	478d                	li	a5,3
     fa8:	c43e                	sw	a5,8(sp)
     faa:	004c                	addi	a1,sp,4
     fac:	04000793          	li	a5,64
     fb0:	c0040513          	addi	a0,s0,-1024 # 40010c00 <_eusrstack+0x2000bc00>
     fb4:	00f11223          	sh	a5,4(sp)
     fb8:	79d010ef          	jal	ra,2f54 <GPIO_Init>
     fbc:	08000793          	li	a5,128
     fc0:	004c                	addi	a1,sp,4
     fc2:	c0040513          	addi	a0,s0,-1024
     fc6:	00f11223          	sh	a5,4(sp)
     fca:	78b010ef          	jal	ra,2f54 <GPIO_Init>
     fce:	c0040513          	addi	a0,s0,-1024
     fd2:	4605                	li	a2,1
     fd4:	04000593          	li	a1,64
     fd8:	03e020ef          	jal	ra,3016 <GPIO_WriteBit>
     fdc:	4605                	li	a2,1
     fde:	08000593          	li	a1,128
     fe2:	c0040513          	addi	a0,s0,-1024
     fe6:	030020ef          	jal	ra,3016 <GPIO_WriteBit>
     fea:	0141                	addi	sp,sp,16
     fec:	9a8ff06f          	j	194 <__riscv_restore_0>

00000ff0 <OLED_I2C_Start>:
     ff0:	980ff2ef          	jal	t0,170 <__riscv_save_0>
     ff4:	40011437          	lui	s0,0x40011
     ff8:	c0040513          	addi	a0,s0,-1024 # 40010c00 <_eusrstack+0x2000bc00>
     ffc:	4605                	li	a2,1
     ffe:	08000593          	li	a1,128
    1002:	014020ef          	jal	ra,3016 <GPIO_WriteBit>
    1006:	c0040513          	addi	a0,s0,-1024
    100a:	4605                	li	a2,1
    100c:	04000593          	li	a1,64
    1010:	006020ef          	jal	ra,3016 <GPIO_WriteBit>
    1014:	c0040513          	addi	a0,s0,-1024
    1018:	4601                	li	a2,0
    101a:	08000593          	li	a1,128
    101e:	7f9010ef          	jal	ra,3016 <GPIO_WriteBit>
    1022:	4601                	li	a2,0
    1024:	04000593          	li	a1,64
    1028:	c0040513          	addi	a0,s0,-1024
    102c:	7eb010ef          	jal	ra,3016 <GPIO_WriteBit>
    1030:	964ff06f          	j	194 <__riscv_restore_0>

00001034 <OLED_I2C_Stop>:
    1034:	93cff2ef          	jal	t0,170 <__riscv_save_0>
    1038:	40011437          	lui	s0,0x40011
    103c:	c0040513          	addi	a0,s0,-1024 # 40010c00 <_eusrstack+0x2000bc00>
    1040:	4601                	li	a2,0
    1042:	08000593          	li	a1,128
    1046:	7d1010ef          	jal	ra,3016 <GPIO_WriteBit>
    104a:	c0040513          	addi	a0,s0,-1024
    104e:	4605                	li	a2,1
    1050:	04000593          	li	a1,64
    1054:	7c3010ef          	jal	ra,3016 <GPIO_WriteBit>
    1058:	4605                	li	a2,1
    105a:	08000593          	li	a1,128
    105e:	c0040513          	addi	a0,s0,-1024
    1062:	7b5010ef          	jal	ra,3016 <GPIO_WriteBit>
    1066:	92eff06f          	j	194 <__riscv_restore_0>

0000106a <OLED_I2C_SendByte>:
    106a:	8ecff2ef          	jal	t0,156 <__riscv_save_4>
    106e:	400114b7          	lui	s1,0x40011
    1072:	8a2a                	mv	s4,a0
    1074:	4401                	li	s0,0
    1076:	08000a93          	li	s5,128
    107a:	c0048913          	addi	s2,s1,-1024 # 40010c00 <_eusrstack+0x2000bc00>
    107e:	49a1                	li	s3,8
    1080:	408ad633          	sra	a2,s5,s0
    1084:	01467633          	and	a2,a2,s4
    1088:	08000593          	li	a1,128
    108c:	854a                	mv	a0,s2
    108e:	789010ef          	jal	ra,3016 <GPIO_WriteBit>
    1092:	4605                	li	a2,1
    1094:	04000593          	li	a1,64
    1098:	854a                	mv	a0,s2
    109a:	77d010ef          	jal	ra,3016 <GPIO_WriteBit>
    109e:	4601                	li	a2,0
    10a0:	04000593          	li	a1,64
    10a4:	854a                	mv	a0,s2
    10a6:	0405                	addi	s0,s0,1
    10a8:	76f010ef          	jal	ra,3016 <GPIO_WriteBit>
    10ac:	fd341ae3          	bne	s0,s3,1080 <OLED_I2C_SendByte+0x16>
    10b0:	c0048513          	addi	a0,s1,-1024
    10b4:	4605                	li	a2,1
    10b6:	04000593          	li	a1,64
    10ba:	75d010ef          	jal	ra,3016 <GPIO_WriteBit>
    10be:	4601                	li	a2,0
    10c0:	04000593          	li	a1,64
    10c4:	c0048513          	addi	a0,s1,-1024
    10c8:	74f010ef          	jal	ra,3016 <GPIO_WriteBit>
    10cc:	8beff06f          	j	18a <__riscv_restore_4>

000010d0 <OLED_WriteCommand>:
    10d0:	8a0ff2ef          	jal	t0,170 <__riscv_save_0>
    10d4:	842a                	mv	s0,a0
    10d6:	3f29                	jal	ff0 <OLED_I2C_Start>
    10d8:	07800513          	li	a0,120
    10dc:	3779                	jal	106a <OLED_I2C_SendByte>
    10de:	4501                	li	a0,0
    10e0:	3769                	jal	106a <OLED_I2C_SendByte>
    10e2:	8522                	mv	a0,s0
    10e4:	3759                	jal	106a <OLED_I2C_SendByte>
    10e6:	37b9                	jal	1034 <OLED_I2C_Stop>
    10e8:	8acff06f          	j	194 <__riscv_restore_0>

000010ec <OLED_WriteData>:
    10ec:	884ff2ef          	jal	t0,170 <__riscv_save_0>
    10f0:	842a                	mv	s0,a0
    10f2:	3dfd                	jal	ff0 <OLED_I2C_Start>
    10f4:	07800513          	li	a0,120
    10f8:	3f8d                	jal	106a <OLED_I2C_SendByte>
    10fa:	04000513          	li	a0,64
    10fe:	37b5                	jal	106a <OLED_I2C_SendByte>
    1100:	8522                	mv	a0,s0
    1102:	37a5                	jal	106a <OLED_I2C_SendByte>
    1104:	3f05                	jal	1034 <OLED_I2C_Stop>
    1106:	88eff06f          	j	194 <__riscv_restore_0>

0000110a <OLED_SetCursor>:
    110a:	866ff2ef          	jal	t0,170 <__riscv_save_0>
    110e:	0b056513          	ori	a0,a0,176
    1112:	842e                	mv	s0,a1
    1114:	3f75                	jal	10d0 <OLED_WriteCommand>
    1116:	00445513          	srli	a0,s0,0x4
    111a:	01056513          	ori	a0,a0,16
    111e:	3f4d                	jal	10d0 <OLED_WriteCommand>
    1120:	00f47513          	andi	a0,s0,15
    1124:	3775                	jal	10d0 <OLED_WriteCommand>
    1126:	86eff06f          	j	194 <__riscv_restore_0>

0000112a <OLED_Clear>:
    112a:	846ff2ef          	jal	t0,170 <__riscv_save_0>
    112e:	4401                	li	s0,0
    1130:	4921                	li	s2,8
    1132:	4581                	li	a1,0
    1134:	8522                	mv	a0,s0
    1136:	3fd1                	jal	110a <OLED_SetCursor>
    1138:	08000493          	li	s1,128
    113c:	4501                	li	a0,0
    113e:	14fd                	addi	s1,s1,-1
    1140:	3775                	jal	10ec <OLED_WriteData>
    1142:	fced                	bnez	s1,113c <OLED_Clear+0x12>
    1144:	0405                	addi	s0,s0,1
    1146:	0ff47413          	andi	s0,s0,255
    114a:	ff2414e3          	bne	s0,s2,1132 <OLED_Clear+0x8>
    114e:	846ff06f          	j	194 <__riscv_restore_0>

00001152 <OLED_ShowChar>:
    1152:	804ff2ef          	jal	t0,156 <__riscv_save_4>
    1156:	07f50493          	addi	s1,a0,127
    115a:	01f58993          	addi	s3,a1,31
    115e:	0486                	slli	s1,s1,0x1
    1160:	098e                	slli	s3,s3,0x3
    1162:	8932                	mv	s2,a2
    1164:	642d                	lui	s0,0xb
    1166:	0ff4f493          	andi	s1,s1,255
    116a:	0ff9f993          	andi	s3,s3,255
    116e:	d1840a93          	addi	s5,s0,-744 # ad18 <OLED_F8x16>
    1172:	85ce                	mv	a1,s3
    1174:	8526                	mv	a0,s1
    1176:	0912                	slli	s2,s2,0x4
    1178:	3f49                	jal	110a <OLED_SetCursor>
    117a:	9aca                	add	s5,s5,s2
    117c:	4a21                	li	s4,8
    117e:	d1840413          	addi	s0,s0,-744
    1182:	e00ac503          	lbu	a0,-512(s5)
    1186:	1a7d                	addi	s4,s4,-1
    1188:	0ffa7a13          	andi	s4,s4,255
    118c:	3785                	jal	10ec <OLED_WriteData>
    118e:	0a85                	addi	s5,s5,1
    1190:	fe0a19e3          	bnez	s4,1182 <OLED_ShowChar+0x30>
    1194:	00148513          	addi	a0,s1,1
    1198:	85ce                	mv	a1,s3
    119a:	0ff57513          	andi	a0,a0,255
    119e:	e0090913          	addi	s2,s2,-512
    11a2:	37a5                	jal	110a <OLED_SetCursor>
    11a4:	944a                	add	s0,s0,s2
    11a6:	44a1                	li	s1,8
    11a8:	00844503          	lbu	a0,8(s0)
    11ac:	14fd                	addi	s1,s1,-1
    11ae:	0ff4f493          	andi	s1,s1,255
    11b2:	3f2d                	jal	10ec <OLED_WriteData>
    11b4:	0405                	addi	s0,s0,1
    11b6:	f8ed                	bnez	s1,11a8 <OLED_ShowChar+0x56>
    11b8:	fd3fe06f          	j	18a <__riscv_restore_4>

000011bc <OLED_ShowString>:
    11bc:	f9bfe2ef          	jal	t0,156 <__riscv_save_4>
    11c0:	892a                	mv	s2,a0
    11c2:	89ae                	mv	s3,a1
    11c4:	84b2                	mv	s1,a2
    11c6:	4401                	li	s0,0
    11c8:	008487b3          	add	a5,s1,s0
    11cc:	00078603          	lb	a2,0(a5)
    11d0:	e219                	bnez	a2,11d6 <OLED_ShowString+0x1a>
    11d2:	fb9fe06f          	j	18a <__riscv_restore_4>
    11d6:	013405b3          	add	a1,s0,s3
    11da:	0ff5f593          	andi	a1,a1,255
    11de:	854a                	mv	a0,s2
    11e0:	0405                	addi	s0,s0,1
    11e2:	3f85                	jal	1152 <OLED_ShowChar>
    11e4:	0ff47413          	andi	s0,s0,255
    11e8:	b7c5                	j	11c8 <OLED_ShowString+0xc>

000011ea <OLED_Init>:
    11ea:	f87fe2ef          	jal	t0,170 <__riscv_save_0>
    11ee:	03200513          	li	a0,50
    11f2:	2f0020ef          	jal	ra,34e2 <Delay_Ms>
    11f6:	3b69                	jal	f90 <OLED_I2C_Init>
    11f8:	0ae00513          	li	a0,174
    11fc:	3dd1                	jal	10d0 <OLED_WriteCommand>
    11fe:	0d500513          	li	a0,213
    1202:	35f9                	jal	10d0 <OLED_WriteCommand>
    1204:	08000513          	li	a0,128
    1208:	35e1                	jal	10d0 <OLED_WriteCommand>
    120a:	0a800513          	li	a0,168
    120e:	35c9                	jal	10d0 <OLED_WriteCommand>
    1210:	03f00513          	li	a0,63
    1214:	3d75                	jal	10d0 <OLED_WriteCommand>
    1216:	0d300513          	li	a0,211
    121a:	3d5d                	jal	10d0 <OLED_WriteCommand>
    121c:	4501                	li	a0,0
    121e:	3d4d                	jal	10d0 <OLED_WriteCommand>
    1220:	04000513          	li	a0,64
    1224:	3575                	jal	10d0 <OLED_WriteCommand>
    1226:	0a100513          	li	a0,161
    122a:	355d                	jal	10d0 <OLED_WriteCommand>
    122c:	0c800513          	li	a0,200
    1230:	3545                	jal	10d0 <OLED_WriteCommand>
    1232:	0da00513          	li	a0,218
    1236:	3d69                	jal	10d0 <OLED_WriteCommand>
    1238:	4549                	li	a0,18
    123a:	3d59                	jal	10d0 <OLED_WriteCommand>
    123c:	08100513          	li	a0,129
    1240:	3d41                	jal	10d0 <OLED_WriteCommand>
    1242:	0cf00513          	li	a0,207
    1246:	3569                	jal	10d0 <OLED_WriteCommand>
    1248:	0d900513          	li	a0,217
    124c:	3551                	jal	10d0 <OLED_WriteCommand>
    124e:	0f100513          	li	a0,241
    1252:	3dbd                	jal	10d0 <OLED_WriteCommand>
    1254:	0db00513          	li	a0,219
    1258:	3da5                	jal	10d0 <OLED_WriteCommand>
    125a:	03000513          	li	a0,48
    125e:	3d8d                	jal	10d0 <OLED_WriteCommand>
    1260:	0a400513          	li	a0,164
    1264:	35b5                	jal	10d0 <OLED_WriteCommand>
    1266:	0a600513          	li	a0,166
    126a:	359d                	jal	10d0 <OLED_WriteCommand>
    126c:	08d00513          	li	a0,141
    1270:	3585                	jal	10d0 <OLED_WriteCommand>
    1272:	4551                	li	a0,20
    1274:	3db1                	jal	10d0 <OLED_WriteCommand>
    1276:	0af00513          	li	a0,175
    127a:	3d99                	jal	10d0 <OLED_WriteCommand>
    127c:	357d                	jal	112a <OLED_Clear>
    127e:	f17fe06f          	j	194 <__riscv_restore_0>

00001282 <TIM2_IRQHandler>:
    1282:	4589                	li	a1,2
    1284:	40000537          	lui	a0,0x40000
    1288:	0a0020ef          	jal	ra,3328 <TIM_GetITStatus>
    128c:	cd19                	beqz	a0,12aa <TIM2_IRQHandler+0x28>
    128e:	40000537          	lui	a0,0x40000
    1292:	08a020ef          	jal	ra,331c <TIM_GetCapture1>
    1296:	84a19523          	sh	a0,-1974(gp) # 2000023a <rising_cnt>
    129a:	4705                	li	a4,1
    129c:	4589                	li	a1,2
    129e:	40000537          	lui	a0,0x40000
    12a2:	84e19623          	sh	a4,-1972(gp) # 2000023c <startFlag>
    12a6:	09e020ef          	jal	ra,3344 <TIM_ClearITPendingBit>
    12aa:	4591                	li	a1,4
    12ac:	40000537          	lui	a0,0x40000
    12b0:	078020ef          	jal	ra,3328 <TIM_GetITStatus>
    12b4:	cd11                	beqz	a0,12d0 <TIM2_IRQHandler+0x4e>
    12b6:	40000537          	lui	a0,0x40000
    12ba:	068020ef          	jal	ra,3322 <TIM_GetCapture2>
    12be:	84a19423          	sh	a0,-1976(gp) # 20000238 <falling_cnt>
    12c2:	4591                	li	a1,4
    12c4:	40000537          	lui	a0,0x40000
    12c8:	84019623          	sh	zero,-1972(gp) # 2000023c <startFlag>
    12cc:	078020ef          	jal	ra,3344 <TIM_ClearITPendingBit>
    12d0:	4585                	li	a1,1
    12d2:	40000537          	lui	a0,0x40000
    12d6:	052020ef          	jal	ra,3328 <TIM_GetITStatus>
    12da:	c115                	beqz	a0,12fe <TIM2_IRQHandler+0x7c>
    12dc:	84c1d703          	lhu	a4,-1972(gp) # 2000023c <startFlag>
    12e0:	4785                	li	a5,1
    12e2:	00f71963          	bne	a4,a5,12f4 <TIM2_IRQHandler+0x72>
    12e6:	84618793          	addi	a5,gp,-1978 # 20000236 <count>
    12ea:	0007d703          	lhu	a4,0(a5)
    12ee:	0705                	addi	a4,a4,1
    12f0:	00e79023          	sh	a4,0(a5)
    12f4:	4585                	li	a1,1
    12f6:	40000537          	lui	a0,0x40000
    12fa:	04a020ef          	jal	ra,3344 <TIM_ClearITPendingBit>
    12fe:	30200073          	mret

00001302 <TIM3_PWMOut_Init>:
    1302:	e6ffe2ef          	jal	t0,170 <__riscv_save_0>
    1306:	7179                	addi	sp,sp,-48
    1308:	4585                	li	a1,1
    130a:	4511                	li	a0,4
    130c:	ca02                	sw	zero,20(sp)
    130e:	cc02                	sw	zero,24(sp)
    1310:	ce02                	sw	zero,28(sp)
    1312:	d002                	sw	zero,32(sp)
    1314:	d202                	sw	zero,36(sp)
    1316:	d402                	sw	zero,40(sp)
    1318:	d602                	sw	zero,44(sp)
    131a:	c402                	sw	zero,8(sp)
    131c:	c602                	sw	zero,12(sp)
    131e:	00011823          	sh	zero,16(sp)
    1322:	657010ef          	jal	ra,3178 <RCC_APB2PeriphClockCmd>
    1326:	4585                	li	a1,1
    1328:	4509                	li	a0,2
    132a:	66d010ef          	jal	ra,3196 <RCC_APB1PeriphClockCmd>
    132e:	4585                	li	a1,1
    1330:	4505                	li	a0,1
    1332:	647010ef          	jal	ra,3178 <RCC_APB2PeriphClockCmd>
    1336:	04000793          	li	a5,64
    133a:	00f11a23          	sh	a5,20(sp)
    133e:	40011537          	lui	a0,0x40011
    1342:	47e1                	li	a5,24
    1344:	ce3e                	sw	a5,28(sp)
    1346:	084c                	addi	a1,sp,20
    1348:	478d                	li	a5,3
    134a:	80050513          	addi	a0,a0,-2048 # 40010800 <_eusrstack+0x2000b800>
    134e:	cc3e                	sw	a5,24(sp)
    1350:	405010ef          	jal	ra,2f54 <GPIO_Init>
    1354:	04700793          	li	a5,71
    1358:	40000437          	lui	s0,0x40000
    135c:	c43e                	sw	a5,8(sp)
    135e:	6795                	lui	a5,0x5
    1360:	e1f78793          	addi	a5,a5,-481 # 4e1f <printInt+0x87>
    1364:	002c                	addi	a1,sp,8
    1366:	40040513          	addi	a0,s0,1024 # 40000400 <_eusrstack+0x1fffb400>
    136a:	c63e                	sw	a5,12(sp)
    136c:	649010ef          	jal	ra,31b4 <TIM_TimeBaseInit>
    1370:	67c1                	lui	a5,0x10
    1372:	06078793          	addi	a5,a5,96 # 10060 <_data_lma+0x4358>
    1376:	d03e                	sw	a5,32(sp)
    1378:	100c                	addi	a1,sp,32
    137a:	5dc00793          	li	a5,1500
    137e:	40040513          	addi	a0,s0,1024
    1382:	02f11323          	sh	a5,38(sp)
    1386:	02011423          	sh	zero,40(sp)
    138a:	6a3010ef          	jal	ra,322c <TIM_OC1Init>
    138e:	40040513          	addi	a0,s0,1024
    1392:	4585                	li	a1,1
    1394:	73d010ef          	jal	ra,32d0 <TIM_CtrlPWMOutputs>
    1398:	40040513          	addi	a0,s0,1024
    139c:	4581                	li	a1,0
    139e:	767010ef          	jal	ra,3304 <TIM_OC1PreloadConfig>
    13a2:	40040513          	addi	a0,s0,1024
    13a6:	4585                	li	a1,1
    13a8:	73f010ef          	jal	ra,32e6 <TIM_ARRPreloadConfig>
    13ac:	4585                	li	a1,1
    13ae:	40040513          	addi	a0,s0,1024
    13b2:	703010ef          	jal	ra,32b4 <TIM_Cmd>
    13b6:	6145                	addi	sp,sp,48
    13b8:	dddfe06f          	j	194 <__riscv_restore_0>

000013bc <turnAngle>:
    13bc:	db5fe2ef          	jal	t0,170 <__riscv_save_0>
    13c0:	fd300713          	li	a4,-45
    13c4:	fd300793          	li	a5,-45
    13c8:	00e54363          	blt	a0,a4,13ce <turnAngle+0x12>
    13cc:	87aa                	mv	a5,a0
    13ce:	01079693          	slli	a3,a5,0x10
    13d2:	86c1                	srai	a3,a3,0x10
    13d4:	02d00713          	li	a4,45
    13d8:	00d75463          	bge	a4,a3,13e0 <turnAngle+0x24>
    13dc:	02d00793          	li	a5,45
    13e0:	01079593          	slli	a1,a5,0x10
    13e4:	85c1                	srai	a1,a1,0x10
    13e6:	1f400793          	li	a5,500
    13ea:	02f585b3          	mul	a1,a1,a5
    13ee:	02d00793          	li	a5,45
    13f2:	40000537          	lui	a0,0x40000
    13f6:	40050513          	addi	a0,a0,1024 # 40000400 <_eusrstack+0x1fffb400>
    13fa:	02f5c5b3          	div	a1,a1,a5
    13fe:	5dc58593          	addi	a1,a1,1500
    1402:	05c2                	slli	a1,a1,0x10
    1404:	81c1                	srli	a1,a1,0x10
    1406:	711010ef          	jal	ra,3316 <TIM_SetCompare1>
    140a:	d8bfe06f          	j	194 <__riscv_restore_0>

0000140e <NMI_Handler>:
    140e:	a001                	j	140e <NMI_Handler>

00001410 <HardFault_Handler>:
    1410:	beef07b7          	lui	a5,0xbeef0
    1414:	e000e737          	lui	a4,0xe000e
    1418:	08078793          	addi	a5,a5,128 # beef0080 <_eusrstack+0x9eeeb080>
    141c:	c73c                	sw	a5,72(a4)
    141e:	a001                	j	141e <HardFault_Handler+0xe>

00001420 <FloatToS16>:
    1420:	d51fe2ef          	jal	t0,170 <__riscv_save_0>
    1424:	00000593          	li	a1,0
    1428:	842a                	mv	s0,a0
    142a:	352060ef          	jal	ra,777c <__gesf2>
    142e:	0000b7b7          	lui	a5,0xb
    1432:	c747a583          	lw	a1,-908(a5) # ac74 <__trunctfdf2+0x228>
    1436:	00054b63          	bltz	a0,144c <FloatToS16+0x2c>
    143a:	8522                	mv	a0,s0
    143c:	4c9050ef          	jal	ra,7104 <__addsf3>
    1440:	2a7060ef          	jal	ra,7ee6 <__fixsfsi>
    1444:	0542                	slli	a0,a0,0x10
    1446:	8541                	srai	a0,a0,0x10
    1448:	d4dfe06f          	j	194 <__riscv_restore_0>
    144c:	8522                	mv	a0,s0
    144e:	6d4060ef          	jal	ra,7b22 <__subsf3>
    1452:	b7fd                	j	1440 <FloatToS16+0x20>

00001454 <SetSpeed>:
    1454:	d1dfe2ef          	jal	t0,170 <__riscv_save_0>
    1458:	06400793          	li	a5,100
    145c:	02a7e063          	bltu	a5,a0,147c <SetSpeed+0x28>
    1460:	fff50793          	addi	a5,a0,-1
    1464:	0ff7f793          	andi	a5,a5,255
    1468:	02400713          	li	a4,36
    146c:	00f76463          	bltu	a4,a5,1474 <SetSpeed+0x20>
    1470:	02600513          	li	a0,38
    1474:	af7ff0ef          	jal	ra,f6a <Car_SetRearSpeed>
    1478:	d1dfe06f          	j	194 <__riscv_restore_0>
    147c:	06400513          	li	a0,100
    1480:	bfd5                	j	1474 <SetSpeed+0x20>

00001482 <SetSteerRaw>:
    1482:	ceffe2ef          	jal	t0,170 <__riscv_save_0>
    1486:	c591                	beqz	a1,1492 <SetSteerRaw+0x10>
    1488:	02e5d783          	lhu	a5,46(a1)
    148c:	953e                	add	a0,a0,a5
    148e:	0542                	slli	a0,a0,0x10
    1490:	8541                	srai	a0,a0,0x10
    1492:	fd300613          	li	a2,-45
    1496:	84e1d703          	lhu	a4,-1970(gp) # 2000023e <last_angle.5422>
    149a:	87aa                	mv	a5,a0
    149c:	84e18693          	addi	a3,gp,-1970 # 2000023e <last_angle.5422>
    14a0:	00c55463          	bge	a0,a2,14a8 <SetSteerRaw+0x26>
    14a4:	fd300793          	li	a5,-45
    14a8:	01079613          	slli	a2,a5,0x10
    14ac:	8641                	srai	a2,a2,0x10
    14ae:	02d00593          	li	a1,45
    14b2:	00c5d463          	bge	a1,a2,14ba <SetSteerRaw+0x38>
    14b6:	02d00793          	li	a5,45
    14ba:	8f99                	sub	a5,a5,a4
    14bc:	853e                	mv	a0,a5
    14be:	07c2                	slli	a5,a5,0x10
    14c0:	87c1                	srai	a5,a5,0x10
    14c2:	5661                	li	a2,-8
    14c4:	00c7d363          	bge	a5,a2,14ca <SetSteerRaw+0x48>
    14c8:	5561                	li	a0,-8
    14ca:	01051613          	slli	a2,a0,0x10
    14ce:	8641                	srai	a2,a2,0x10
    14d0:	47a1                	li	a5,8
    14d2:	00c7d363          	bge	a5,a2,14d8 <SetSteerRaw+0x56>
    14d6:	4521                	li	a0,8
    14d8:	953a                	add	a0,a0,a4
    14da:	0542                	slli	a0,a0,0x10
    14dc:	8541                	srai	a0,a0,0x10
    14de:	00a69023          	sh	a0,0(a3)
    14e2:	3de9                	jal	13bc <turnAngle>
    14e4:	cb1fe06f          	j	194 <__riscv_restore_0>

000014e8 <GetGateCarSideTarget>:
    14e8:	c61fe2ef          	jal	t0,148 <__riscv_save_10>
    14ec:	00154783          	lbu	a5,1(a0)
    14f0:	01452983          	lw	s3,20(a0)
    14f4:	e799                	bnez	a5,1502 <GetGateCarSideTarget+0x1a>
    14f6:	0135a023          	sw	s3,0(a1)
    14fa:	4d1c                	lw	a5,24(a0)
    14fc:	c21c                	sw	a5,0(a2)
    14fe:	c83fe06f          	j	180 <__riscv_restore_10>
    1502:	0000ba37          	lui	s4,0xb
    1506:	842a                	mv	s0,a0
    1508:	892e                	mv	s2,a1
    150a:	5508                	lw	a0,40(a0)
    150c:	33ca2583          	lw	a1,828(s4) # b33c <OLED_F8x16+0x624>
    1510:	84b2                	mv	s1,a2
    1512:	37c060ef          	jal	ra,788e <__mulsf3>
    1516:	85ce                	mv	a1,s3
    1518:	8baa                	mv	s7,a0
    151a:	3eb050ef          	jal	ra,7104 <__addsf3>
    151e:	8aaa                	mv	s5,a0
    1520:	33ca2583          	lw	a1,828(s4)
    1524:	5448                	lw	a0,44(s0)
    1526:	01842b03          	lw	s6,24(s0)
    152a:	364060ef          	jal	ra,788e <__mulsf3>
    152e:	842a                	mv	s0,a0
    1530:	85aa                	mv	a1,a0
    1532:	855a                	mv	a0,s6
    1534:	3d1050ef          	jal	ra,7104 <__addsf3>
    1538:	8a2a                	mv	s4,a0
    153a:	85de                	mv	a1,s7
    153c:	854e                	mv	a0,s3
    153e:	5e4060ef          	jal	ra,7b22 <__subsf3>
    1542:	89aa                	mv	s3,a0
    1544:	85a2                	mv	a1,s0
    1546:	855a                	mv	a0,s6
    1548:	5da060ef          	jal	ra,7b22 <__subsf3>
    154c:	842a                	mv	s0,a0
    154e:	85d6                	mv	a1,s5
    1550:	8556                	mv	a0,s5
    1552:	33c060ef          	jal	ra,788e <__mulsf3>
    1556:	8b2a                	mv	s6,a0
    1558:	85d2                	mv	a1,s4
    155a:	8552                	mv	a0,s4
    155c:	332060ef          	jal	ra,788e <__mulsf3>
    1560:	85aa                	mv	a1,a0
    1562:	855a                	mv	a0,s6
    1564:	3a1050ef          	jal	ra,7104 <__addsf3>
    1568:	8b2a                	mv	s6,a0
    156a:	85ce                	mv	a1,s3
    156c:	854e                	mv	a0,s3
    156e:	320060ef          	jal	ra,788e <__mulsf3>
    1572:	8baa                	mv	s7,a0
    1574:	85a2                	mv	a1,s0
    1576:	8522                	mv	a0,s0
    1578:	316060ef          	jal	ra,788e <__mulsf3>
    157c:	85aa                	mv	a1,a0
    157e:	855e                	mv	a0,s7
    1580:	385050ef          	jal	ra,7104 <__addsf3>
    1584:	85aa                	mv	a1,a0
    1586:	855a                	mv	a0,s6
    1588:	27a060ef          	jal	ra,7802 <__lesf2>
    158c:	00055763          	bgez	a0,159a <GetGateCarSideTarget+0xb2>
    1590:	01592023          	sw	s5,0(s2)
    1594:	0144a023          	sw	s4,0(s1)
    1598:	b79d                	j	14fe <GetGateCarSideTarget+0x16>
    159a:	01392023          	sw	s3,0(s2)
    159e:	c080                	sw	s0,0(s1)
    15a0:	bfb9                	j	14fe <GetGateCarSideTarget+0x16>

000015a2 <GetGateCarSideTargetDist>:
    15a2:	bcffe2ef          	jal	t0,170 <__riscv_save_0>
    15a6:	1141                	addi	sp,sp,-16
    15a8:	00000793          	li	a5,0
    15ac:	0070                	addi	a2,sp,12
    15ae:	002c                	addi	a1,sp,8
    15b0:	c43e                	sw	a5,8(sp)
    15b2:	c63e                	sw	a5,12(sp)
    15b4:	3f15                	jal	14e8 <GetGateCarSideTarget>
    15b6:	45a2                	lw	a1,8(sp)
    15b8:	852e                	mv	a0,a1
    15ba:	2d4060ef          	jal	ra,788e <__mulsf3>
    15be:	45b2                	lw	a1,12(sp)
    15c0:	842a                	mv	s0,a0
    15c2:	852e                	mv	a0,a1
    15c4:	2ca060ef          	jal	ra,788e <__mulsf3>
    15c8:	85aa                	mv	a1,a0
    15ca:	8522                	mv	a0,s0
    15cc:	339050ef          	jal	ra,7104 <__addsf3>
    15d0:	0b0020ef          	jal	ra,3680 <sqrtf>
    15d4:	0141                	addi	sp,sp,16
    15d6:	bbffe06f          	j	194 <__riscv_restore_0>

000015da <IsGateReadyToPass>:
    15da:	00154783          	lbu	a5,1(a0)
    15de:	e791                	bnez	a5,15ea <IsGateReadyToPass+0x10>
    15e0:	4501                	li	a0,0
    15e2:	8082                	ret
    15e4:	4501                	li	a0,0
    15e6:	baffe06f          	j	194 <__riscv_restore_0>
    15ea:	b87fe2ef          	jal	t0,170 <__riscv_save_0>
    15ee:	842a                	mv	s0,a0
    15f0:	3f4d                	jal	15a2 <GetGateCarSideTargetDist>
    15f2:	0000b7b7          	lui	a5,0xb
    15f6:	3407a583          	lw	a1,832(a5) # b340 <OLED_F8x16+0x628>
    15fa:	182060ef          	jal	ra,777c <__gesf2>
    15fe:	fea043e3          	bgtz	a0,15e4 <IsGateReadyToPass+0xa>
    1602:	5848                	lw	a0,52(s0)
    1604:	0000b7b7          	lui	a5,0xb
    1608:	3447a583          	lw	a1,836(a5) # b344 <OLED_F8x16+0x62c>
    160c:	0506                	slli	a0,a0,0x1
    160e:	8105                	srli	a0,a0,0x1
    1610:	16c060ef          	jal	ra,777c <__gesf2>
    1614:	fca048e3          	bgtz	a0,15e4 <IsGateReadyToPass+0xa>
    1618:	5808                	lw	a0,48(s0)
    161a:	e07ff0ef          	jal	ra,1420 <FloatToS16>
    161e:	00055663          	bgez	a0,162a <IsGateReadyToPass+0x50>
    1622:	40a00533          	neg	a0,a0
    1626:	0542                	slli	a0,a0,0x10
    1628:	8541                	srai	a0,a0,0x10
    162a:	00b52513          	slti	a0,a0,11
    162e:	bf65                	j	15e6 <IsGateReadyToPass+0xc>

00001630 <ConeDetect_UpdateWithSide>:
    1630:	e519                	bnez	a0,163e <ConeDetect_UpdateWithSide+0xe>
    1632:	4501                	li	a0,0
    1634:	8082                	ret
    1636:	4501                	li	a0,0
    1638:	0141                	addi	sp,sp,16
    163a:	b43fe06f          	j	17c <__riscv_restore_12>
    163e:	d9f5                	beqz	a1,1632 <ConeDetect_UpdateWithSide+0x2>
    1640:	b01fe2ef          	jal	t0,140 <__riscv_save_12>
    1644:	1141                	addi	sp,sp,-16
    1646:	842e                	mv	s0,a1
    1648:	c232                	sw	a2,4(sp)
    164a:	892a                	mv	s2,a0
    164c:	03800613          	li	a2,56
    1650:	4581                	li	a1,0
    1652:	8522                	mv	a0,s0
    1654:	b4dfe0ef          	jal	ra,1a0 <memset>
    1658:	0000b7b7          	lui	a5,0xb
    165c:	3207aa83          	lw	s5,800(a5) # b320 <OLED_F8x16+0x608>
    1660:	0000b7b7          	lui	a5,0xb
    1664:	c7c7ab03          	lw	s6,-900(a5) # ac7c <__trunctfdf2+0x230>
    1668:	6d85                	lui	s11,0x1
    166a:	20001a37          	lui	s4,0x20001
    166e:	4981                	li	s3,0
    1670:	f9700493          	li	s1,-105
    1674:	c80d8d93          	addi	s11,s11,-896 # c80 <Laser_Task+0x100>
    1678:	0db00b93          	li	s7,219
    167c:	9e8a0a13          	addi	s4,s4,-1560 # 200009e8 <detect_points>
    1680:	06a00693          	li	a3,106
    1684:	87a6                	mv	a5,s1
    1686:	0004d663          	bgez	s1,1692 <ConeDetect_UpdateWithSide+0x62>
    168a:	16848793          	addi	a5,s1,360
    168e:	07c2                	slli	a5,a5,0x10
    1690:	87c1                	srai	a5,a5,0x10
    1692:	078a                	slli	a5,a5,0x2
    1694:	97ca                	add	a5,a5,s2
    1696:	0037c603          	lbu	a2,3(a5)
    169a:	ca35                	beqz	a2,170e <ConeDetect_UpdateWithSide+0xde>
    169c:	0007dc83          	lhu	s9,0(a5)
    16a0:	f9cc8793          	addi	a5,s9,-100
    16a4:	07c2                	slli	a5,a5,0x10
    16a6:	83c1                	srli	a5,a5,0x10
    16a8:	06fde363          	bltu	s11,a5,170e <ConeDetect_UpdateWithSide+0xde>
    16ac:	073be963          	bltu	s7,s3,171e <ConeDetect_UpdateWithSide+0xee>
    16b0:	8526                	mv	a0,s1
    16b2:	097060ef          	jal	ra,7f48 <__floatsisf>
    16b6:	85d6                	mv	a1,s5
    16b8:	c02a                	sw	a0,0(sp)
    16ba:	1d4060ef          	jal	ra,788e <__mulsf3>
    16be:	85da                	mv	a1,s6
    16c0:	5af050ef          	jal	ra,746e <__divsf3>
    16c4:	4782                	lw	a5,0(sp)
    16c6:	00499c13          	slli	s8,s3,0x4
    16ca:	9c52                	add	s8,s8,s4
    16cc:	00fc2423          	sw	a5,8(s8)
    16d0:	8d2a                	mv	s10,a0
    16d2:	019c1623          	sh	s9,12(s8)
    16d6:	8566                	mv	a0,s9
    16d8:	137060ef          	jal	ra,800e <__floatunsisf>
    16dc:	8caa                	mv	s9,a0
    16de:	856a                	mv	a0,s10
    16e0:	71d010ef          	jal	ra,35fc <sinf>
    16e4:	85aa                	mv	a1,a0
    16e6:	8566                	mv	a0,s9
    16e8:	1a6060ef          	jal	ra,788e <__mulsf3>
    16ec:	00ac2023          	sw	a0,0(s8)
    16f0:	856a                	mv	a0,s10
    16f2:	689010ef          	jal	ra,357a <cosf>
    16f6:	85aa                	mv	a1,a0
    16f8:	0985                	addi	s3,s3,1
    16fa:	8566                	mv	a0,s9
    16fc:	192060ef          	jal	ra,788e <__mulsf3>
    1700:	09c2                	slli	s3,s3,0x10
    1702:	00ac2223          	sw	a0,4(s8)
    1706:	0109d993          	srli	s3,s3,0x10
    170a:	06a00693          	li	a3,106
    170e:	0485                	addi	s1,s1,1
    1710:	04c2                	slli	s1,s1,0x10
    1712:	84c1                	srai	s1,s1,0x10
    1714:	f6d498e3          	bne	s1,a3,1684 <ConeDetect_UpdateWithSide+0x54>
    1718:	4785                	li	a5,1
    171a:	f137fee3          	bgeu	a5,s3,1636 <ConeDetect_UpdateWithSide+0x6>
    171e:	9f818513          	addi	a0,gp,-1544 # 200003e8 <detect_clusters>
    1722:	60000613          	li	a2,1536
    1726:	4581                	li	a1,0
    1728:	a79fe0ef          	jal	ra,1a0 <memset>
    172c:	0000b737          	lui	a4,0xb
    1730:	32472783          	lw	a5,804(a4) # b324 <OLED_F8x16+0x60c>
    1734:	0000b737          	lui	a4,0xb
    1738:	20001c37          	lui	s8,0x20001
    173c:	c03e                	sw	a5,0(sp)
    173e:	32c72783          	lw	a5,812(a4) # b32c <OLED_F8x16+0x614>
    1742:	9f818a93          	addi	s5,gp,-1544 # 200003e8 <detect_clusters>
    1746:	9f818d13          	addi	s10,gp,-1544 # 200003e8 <detect_clusters>
    174a:	4481                	li	s1,0
    174c:	4a01                	li	s4,0
    174e:	9f818b13          	addi	s6,gp,-1544 # 200003e8 <detect_clusters>
    1752:	9e8c0c13          	addi	s8,s8,-1560 # 200009e8 <detect_points>
    1756:	0000bcb7          	lui	s9,0xb
    175a:	c43e                	sw	a5,8(sp)
    175c:	00148713          	addi	a4,s1,1
    1760:	0492                	slli	s1,s1,0x4
    1762:	94e2                	add	s1,s1,s8
    1764:	4685                	li	a3,1
    1766:	4090                	lw	a2,0(s1)
    1768:	0742                	slli	a4,a4,0x10
    176a:	00dd1123          	sh	a3,2(s10)
    176e:	40d4                	lw	a3,4(s1)
    1770:	8341                	srli	a4,a4,0x10
    1772:	00471913          	slli	s2,a4,0x4
    1776:	00cd2223          	sw	a2,4(s10)
    177a:	00dd2423          	sw	a3,8(s10)
    177e:	00cd2a23          	sw	a2,20(s10)
    1782:	00cd2c23          	sw	a2,24(s10)
    1786:	00dd2e23          	sw	a3,28(s10)
    178a:	02dd2023          	sw	a3,32(s10)
    178e:	9962                	add	s2,s2,s8
    1790:	84ba                	mv	s1,a4
    1792:	0534f463          	bgeu	s1,s3,17da <ConeDetect_UpdateWithSide+0x1aa>
    1796:	ff092583          	lw	a1,-16(s2)
    179a:	00092503          	lw	a0,0(s2)
    179e:	384060ef          	jal	ra,7b22 <__subsf3>
    17a2:	8daa                	mv	s11,a0
    17a4:	ff492583          	lw	a1,-12(s2)
    17a8:	00492503          	lw	a0,4(s2)
    17ac:	376060ef          	jal	ra,7b22 <__subsf3>
    17b0:	8baa                	mv	s7,a0
    17b2:	85ee                	mv	a1,s11
    17b4:	856e                	mv	a0,s11
    17b6:	0d8060ef          	jal	ra,788e <__mulsf3>
    17ba:	8daa                	mv	s11,a0
    17bc:	85de                	mv	a1,s7
    17be:	855e                	mv	a0,s7
    17c0:	0ce060ef          	jal	ra,788e <__mulsf3>
    17c4:	85aa                	mv	a1,a0
    17c6:	856e                	mv	a0,s11
    17c8:	13d050ef          	jal	ra,7104 <__addsf3>
    17cc:	6b5010ef          	jal	ra,3680 <sqrtf>
    17d0:	4582                	lw	a1,0(sp)
    17d2:	7ab050ef          	jal	ra,777c <__gesf2>
    17d6:	22a05c63          	blez	a0,1a0e <ConeDetect_UpdateWithSide+0x3de>
    17da:	002d5503          	lhu	a0,2(s10)
    17de:	031060ef          	jal	ra,800e <__floatunsisf>
    17e2:	892a                	mv	s2,a0
    17e4:	85aa                	mv	a1,a0
    17e6:	004d2503          	lw	a0,4(s10)
    17ea:	485050ef          	jal	ra,746e <__divsf3>
    17ee:	8daa                	mv	s11,a0
    17f0:	00ad2623          	sw	a0,12(s10)
    17f4:	008d2503          	lw	a0,8(s10)
    17f8:	85ca                	mv	a1,s2
    17fa:	475050ef          	jal	ra,746e <__divsf3>
    17fe:	892a                	mv	s2,a0
    1800:	85ee                	mv	a1,s11
    1802:	00ad2823          	sw	a0,16(s10)
    1806:	856e                	mv	a0,s11
    1808:	086060ef          	jal	ra,788e <__mulsf3>
    180c:	8daa                	mv	s11,a0
    180e:	85ca                	mv	a1,s2
    1810:	854a                	mv	a0,s2
    1812:	07c060ef          	jal	ra,788e <__mulsf3>
    1816:	85aa                	mv	a1,a0
    1818:	856e                	mv	a0,s11
    181a:	0eb050ef          	jal	ra,7104 <__addsf3>
    181e:	663010ef          	jal	ra,3680 <sqrtf>
    1822:	02ad2423          	sw	a0,40(s10)
    1826:	010d2583          	lw	a1,16(s10)
    182a:	00cd2503          	lw	a0,12(s10)
    182e:	0000bdb7          	lui	s11,0xb
    1832:	0000b937          	lui	s2,0xb
    1836:	649010ef          	jal	ra,367e <atan2f>
    183a:	c7cda583          	lw	a1,-900(s11) # ac7c <__trunctfdf2+0x230>
    183e:	050060ef          	jal	ra,788e <__mulsf3>
    1842:	32092583          	lw	a1,800(s2) # b320 <OLED_F8x16+0x608>
    1846:	429050ef          	jal	ra,746e <__divsf3>
    184a:	014d2583          	lw	a1,20(s10)
    184e:	02ad2623          	sw	a0,44(s10)
    1852:	018d2503          	lw	a0,24(s10)
    1856:	2cc060ef          	jal	ra,7b22 <__subsf3>
    185a:	8baa                	mv	s7,a0
    185c:	01cd2583          	lw	a1,28(s10)
    1860:	020d2503          	lw	a0,32(s10)
    1864:	2be060ef          	jal	ra,7b22 <__subsf3>
    1868:	85de                	mv	a1,s7
    186a:	c62a                	sw	a0,12(sp)
    186c:	855e                	mv	a0,s7
    186e:	020060ef          	jal	ra,788e <__mulsf3>
    1872:	46b2                	lw	a3,12(sp)
    1874:	8baa                	mv	s7,a0
    1876:	85b6                	mv	a1,a3
    1878:	8536                	mv	a0,a3
    187a:	014060ef          	jal	ra,788e <__mulsf3>
    187e:	85aa                	mv	a1,a0
    1880:	855e                	mv	a0,s7
    1882:	083050ef          	jal	ra,7104 <__addsf3>
    1886:	5fb010ef          	jal	ra,3680 <sqrtf>
    188a:	0000b7b7          	lui	a5,0xb
    188e:	02ad2223          	sw	a0,36(s10)
    1892:	c62a                	sw	a0,12(sp)
    1894:	3287a583          	lw	a1,808(a5) # b328 <OLED_F8x16+0x610>
    1898:	010d2503          	lw	a0,16(s10)
    189c:	6e1050ef          	jal	ra,777c <__gesf2>
    18a0:	4732                	lw	a4,12(sp)
    18a2:	1ea04663          	bgtz	a0,1a8e <ConeDetect_UpdateWithSide+0x45e>
    18a6:	0a05                	addi	s4,s4,1
    18a8:	0ffa7a13          	andi	s4,s4,255
    18ac:	0134f863          	bgeu	s1,s3,18bc <ConeDetect_UpdateWithSide+0x28c>
    18b0:	02000713          	li	a4,32
    18b4:	030d0d13          	addi	s10,s10,48
    18b8:	eaea12e3          	bne	s4,a4,175c <ConeDetect_UpdateWithSide+0x12c>
    18bc:	0000bc37          	lui	s8,0xb
    18c0:	31cc2783          	lw	a5,796(s8) # b31c <OLED_F8x16+0x604>
    18c4:	328cac83          	lw	s9,808(s9) # b328 <OLED_F8x16+0x610>
    18c8:	84d6                	mv	s1,s5
    18ca:	4d01                	li	s10,0
    18cc:	59fd                	li	s3,-1
    18ce:	c03e                	sw	a5,0(sp)
    18d0:	5bfd                	li	s7,-1
    18d2:	0004c683          	lbu	a3,0(s1)
    18d6:	c68d                	beqz	a3,1900 <ConeDetect_UpdateWithSide+0x2d0>
    18d8:	4792                	lw	a5,4(sp)
    18da:	01779863          	bne	a5,s7,18ea <ConeDetect_UpdateWithSide+0x2ba>
    18de:	44c8                	lw	a0,12(s1)
    18e0:	85e6                	mv	a1,s9
    18e2:	69b050ef          	jal	ra,777c <__gesf2>
    18e6:	00a04d63          	bgtz	a0,1900 <ConeDetect_UpdateWithSide+0x2d0>
    18ea:	5494                	lw	a3,40(s1)
    18ec:	4582                	lw	a1,0(sp)
    18ee:	8536                	mv	a0,a3
    18f0:	c436                	sw	a3,8(sp)
    18f2:	711050ef          	jal	ra,7802 <__lesf2>
    18f6:	00055563          	bgez	a0,1900 <ConeDetect_UpdateWithSide+0x2d0>
    18fa:	46a2                	lw	a3,8(sp)
    18fc:	89ea                	mv	s3,s10
    18fe:	c036                	sw	a3,0(sp)
    1900:	0d05                	addi	s10,s10,1
    1902:	0ffd7693          	andi	a3,s10,255
    1906:	03048493          	addi	s1,s1,48
    190a:	fd46e4e3          	bltu	a3,s4,18d2 <ConeDetect_UpdateWithSide+0x2a2>
    190e:	57fd                	li	a5,-1
    1910:	04f99063          	bne	s3,a5,1950 <ConeDetect_UpdateWithSide+0x320>
    1914:	4792                	lw	a5,4(sp)
    1916:	d20780e3          	beqz	a5,1636 <ConeDetect_UpdateWithSide+0x6>
    191a:	31cc2c83          	lw	s9,796(s8)
    191e:	8bd6                	mv	s7,s5
    1920:	4481                	li	s1,0
    1922:	000bc783          	lbu	a5,0(s7)
    1926:	cb99                	beqz	a5,193c <ConeDetect_UpdateWithSide+0x30c>
    1928:	028bad03          	lw	s10,40(s7)
    192c:	85e6                	mv	a1,s9
    192e:	856a                	mv	a0,s10
    1930:	6d3050ef          	jal	ra,7802 <__lesf2>
    1934:	00055463          	bgez	a0,193c <ConeDetect_UpdateWithSide+0x30c>
    1938:	89a6                	mv	s3,s1
    193a:	8cea                	mv	s9,s10
    193c:	0485                	addi	s1,s1,1
    193e:	0ff4f793          	andi	a5,s1,255
    1942:	030b8b93          	addi	s7,s7,48
    1946:	fd47eee3          	bltu	a5,s4,1922 <ConeDetect_UpdateWithSide+0x2f2>
    194a:	57fd                	li	a5,-1
    194c:	cef985e3          	beq	s3,a5,1636 <ConeDetect_UpdateWithSide+0x6>
    1950:	03000493          	li	s1,48
    1954:	029984b3          	mul	s1,s3,s1
    1958:	94da                	add	s1,s1,s6
    195a:	c0b1                	beqz	s1,199e <ConeDetect_UpdateWithSide+0x36e>
    195c:	03600613          	li	a2,54
    1960:	4581                	li	a1,0
    1962:	00240513          	addi	a0,s0,2
    1966:	83bfe0ef          	jal	ra,1a0 <memset>
    196a:	4785                	li	a5,1
    196c:	00f41023          	sh	a5,0(s0)
    1970:	4898                	lw	a4,16(s1)
    1972:	44dc                	lw	a5,12(s1)
    1974:	00000693          	li	a3,0
    1978:	c418                	sw	a4,8(s0)
    197a:	c818                	sw	a4,16(s0)
    197c:	cc18                	sw	a4,24(s0)
    197e:	5498                	lw	a4,40(s1)
    1980:	c05c                	sw	a5,4(s0)
    1982:	c45c                	sw	a5,12(s0)
    1984:	cc58                	sw	a4,28(s0)
    1986:	54d8                	lw	a4,44(s1)
    1988:	c85c                	sw	a5,20(s0)
    198a:	d054                	sw	a3,36(s0)
    198c:	d018                	sw	a4,32(s0)
    198e:	0000b737          	lui	a4,0xb
    1992:	33072703          	lw	a4,816(a4) # b330 <OLED_F8x16+0x618>
    1996:	d414                	sw	a3,40(s0)
    1998:	d814                	sw	a3,48(s0)
    199a:	d458                	sw	a4,44(s0)
    199c:	d85c                	sw	a5,52(s0)
    199e:	31cc2c03          	lw	s8,796(s8)
    19a2:	4c81                	li	s9,0
    19a4:	5bfd                	li	s7,-1
    19a6:	053c8963          	beq	s9,s3,19f8 <ConeDetect_UpdateWithSide+0x3c8>
    19aa:	000ac783          	lbu	a5,0(s5)
    19ae:	c7a9                	beqz	a5,19f8 <ConeDetect_UpdateWithSide+0x3c8>
    19b0:	44cc                	lw	a1,12(s1)
    19b2:	00caa503          	lw	a0,12(s5)
    19b6:	16c060ef          	jal	ra,7b22 <__subsf3>
    19ba:	8d2a                	mv	s10,a0
    19bc:	488c                	lw	a1,16(s1)
    19be:	010aa503          	lw	a0,16(s5)
    19c2:	160060ef          	jal	ra,7b22 <__subsf3>
    19c6:	85ea                	mv	a1,s10
    19c8:	c02a                	sw	a0,0(sp)
    19ca:	856a                	mv	a0,s10
    19cc:	6c3050ef          	jal	ra,788e <__mulsf3>
    19d0:	4782                	lw	a5,0(sp)
    19d2:	8d2a                	mv	s10,a0
    19d4:	85be                	mv	a1,a5
    19d6:	853e                	mv	a0,a5
    19d8:	6b7050ef          	jal	ra,788e <__mulsf3>
    19dc:	85aa                	mv	a1,a0
    19de:	856a                	mv	a0,s10
    19e0:	724050ef          	jal	ra,7104 <__addsf3>
    19e4:	49d010ef          	jal	ra,3680 <sqrtf>
    19e8:	85e2                	mv	a1,s8
    19ea:	8d2a                	mv	s10,a0
    19ec:	617050ef          	jal	ra,7802 <__lesf2>
    19f0:	00055463          	bgez	a0,19f8 <ConeDetect_UpdateWithSide+0x3c8>
    19f4:	8c6a                	mv	s8,s10
    19f6:	8be6                	mv	s7,s9
    19f8:	0c85                	addi	s9,s9,1
    19fa:	0ffcf793          	andi	a5,s9,255
    19fe:	030a8a93          	addi	s5,s5,48
    1a02:	fb47e2e3          	bltu	a5,s4,19a6 <ConeDetect_UpdateWithSide+0x376>
    1a06:	080bde63          	bgez	s7,1aa2 <ConeDetect_UpdateWithSide+0x472>
    1a0a:	4505                	li	a0,1
    1a0c:	b135                	j	1638 <ConeDetect_UpdateWithSide+0x8>
    1a0e:	002d5703          	lhu	a4,2(s10)
    1a12:	00092b83          	lw	s7,0(s2)
    1a16:	004d2503          	lw	a0,4(s10)
    1a1a:	0705                	addi	a4,a4,1
    1a1c:	00ed1123          	sh	a4,2(s10)
    1a20:	85de                	mv	a1,s7
    1a22:	6e2050ef          	jal	ra,7104 <__addsf3>
    1a26:	00492d83          	lw	s11,4(s2)
    1a2a:	00ad2223          	sw	a0,4(s10)
    1a2e:	008d2503          	lw	a0,8(s10)
    1a32:	85ee                	mv	a1,s11
    1a34:	6d0050ef          	jal	ra,7104 <__addsf3>
    1a38:	014d2583          	lw	a1,20(s10)
    1a3c:	00ad2423          	sw	a0,8(s10)
    1a40:	855e                	mv	a0,s7
    1a42:	5c1050ef          	jal	ra,7802 <__lesf2>
    1a46:	00055463          	bgez	a0,1a4e <ConeDetect_UpdateWithSide+0x41e>
    1a4a:	017d2a23          	sw	s7,20(s10)
    1a4e:	018d2583          	lw	a1,24(s10)
    1a52:	855e                	mv	a0,s7
    1a54:	529050ef          	jal	ra,777c <__gesf2>
    1a58:	00a05463          	blez	a0,1a60 <ConeDetect_UpdateWithSide+0x430>
    1a5c:	017d2c23          	sw	s7,24(s10)
    1a60:	01cd2583          	lw	a1,28(s10)
    1a64:	856e                	mv	a0,s11
    1a66:	59d050ef          	jal	ra,7802 <__lesf2>
    1a6a:	00055463          	bgez	a0,1a72 <ConeDetect_UpdateWithSide+0x442>
    1a6e:	01bd2e23          	sw	s11,28(s10)
    1a72:	020d2583          	lw	a1,32(s10)
    1a76:	856e                	mv	a0,s11
    1a78:	505050ef          	jal	ra,777c <__gesf2>
    1a7c:	00a05463          	blez	a0,1a84 <ConeDetect_UpdateWithSide+0x454>
    1a80:	03bd2023          	sw	s11,32(s10)
    1a84:	0485                	addi	s1,s1,1
    1a86:	04c2                	slli	s1,s1,0x10
    1a88:	80c1                	srli	s1,s1,0x10
    1a8a:	0941                	addi	s2,s2,16
    1a8c:	b319                	j	1792 <ConeDetect_UpdateWithSide+0x162>
    1a8e:	45a2                	lw	a1,8(sp)
    1a90:	853a                	mv	a0,a4
    1a92:	571050ef          	jal	ra,7802 <__lesf2>
    1a96:	e0a048e3          	bgtz	a0,18a6 <ConeDetect_UpdateWithSide+0x276>
    1a9a:	4705                	li	a4,1
    1a9c:	00ed0023          	sb	a4,0(s10)
    1aa0:	b519                	j	18a6 <ConeDetect_UpdateWithSide+0x276>
    1aa2:	0000b7b7          	lui	a5,0xb
    1aa6:	3347aa83          	lw	s5,820(a5) # b334 <OLED_F8x16+0x61c>
    1aaa:	8562                	mv	a0,s8
    1aac:	85d6                	mv	a1,s5
    1aae:	555050ef          	jal	ra,7802 <__lesf2>
    1ab2:	f4a04ce3          	bgtz	a0,1a0a <ConeDetect_UpdateWithSide+0x3da>
    1ab6:	03000793          	li	a5,48
    1aba:	02fb8bb3          	mul	s7,s7,a5
    1abe:	44cc                	lw	a1,12(s1)
    1ac0:	9b5e                	add	s6,s6,s7
    1ac2:	00cb2503          	lw	a0,12(s6)
    1ac6:	05c060ef          	jal	ra,7b22 <__subsf3>
    1aca:	8c2a                	mv	s8,a0
    1acc:	488c                	lw	a1,16(s1)
    1ace:	010b2503          	lw	a0,16(s6)
    1ad2:	050060ef          	jal	ra,7b22 <__subsf3>
    1ad6:	8d2a                	mv	s10,a0
    1ad8:	85e2                	mv	a1,s8
    1ada:	8562                	mv	a0,s8
    1adc:	5b3050ef          	jal	ra,788e <__mulsf3>
    1ae0:	89aa                	mv	s3,a0
    1ae2:	85ea                	mv	a1,s10
    1ae4:	856a                	mv	a0,s10
    1ae6:	5a9050ef          	jal	ra,788e <__mulsf3>
    1aea:	85aa                	mv	a1,a0
    1aec:	854e                	mv	a0,s3
    1aee:	616050ef          	jal	ra,7104 <__addsf3>
    1af2:	38f010ef          	jal	ra,3680 <sqrtf>
    1af6:	00cb2583          	lw	a1,12(s6)
    1afa:	8baa                	mv	s7,a0
    1afc:	44c8                	lw	a0,12(s1)
    1afe:	0000b9b7          	lui	s3,0xb
    1b02:	602050ef          	jal	ra,7104 <__addsf3>
    1b06:	c749a583          	lw	a1,-908(s3) # ac74 <__trunctfdf2+0x228>
    1b0a:	585050ef          	jal	ra,788e <__mulsf3>
    1b0e:	8a2a                	mv	s4,a0
    1b10:	010b2583          	lw	a1,16(s6)
    1b14:	4888                	lw	a0,16(s1)
    1b16:	5ee050ef          	jal	ra,7104 <__addsf3>
    1b1a:	c749a583          	lw	a1,-908(s3)
    1b1e:	571050ef          	jal	ra,788e <__mulsf3>
    1b22:	89aa                	mv	s3,a0
    1b24:	85d2                	mv	a1,s4
    1b26:	8552                	mv	a0,s4
    1b28:	567050ef          	jal	ra,788e <__mulsf3>
    1b2c:	8caa                	mv	s9,a0
    1b2e:	85ce                	mv	a1,s3
    1b30:	854e                	mv	a0,s3
    1b32:	55d050ef          	jal	ra,788e <__mulsf3>
    1b36:	85aa                	mv	a1,a0
    1b38:	8566                	mv	a0,s9
    1b3a:	5ca050ef          	jal	ra,7104 <__addsf3>
    1b3e:	343010ef          	jal	ra,3680 <sqrtf>
    1b42:	0000b7b7          	lui	a5,0xb
    1b46:	3307a583          	lw	a1,816(a5) # b330 <OLED_F8x16+0x618>
    1b4a:	c02a                	sw	a0,0(sp)
    1b4c:	855e                	mv	a0,s7
    1b4e:	4b5050ef          	jal	ra,7802 <__lesf2>
    1b52:	ea054ce3          	bltz	a0,1a0a <ConeDetect_UpdateWithSide+0x3da>
    1b56:	85d6                	mv	a1,s5
    1b58:	855e                	mv	a0,s7
    1b5a:	423050ef          	jal	ra,777c <__gesf2>
    1b5e:	eaa046e3          	bgtz	a0,1a0a <ConeDetect_UpdateWithSide+0x3da>
    1b62:	85de                	mv	a1,s7
    1b64:	8562                	mv	a0,s8
    1b66:	109050ef          	jal	ra,746e <__divsf3>
    1b6a:	8c2a                	mv	s8,a0
    1b6c:	85de                	mv	a1,s7
    1b6e:	856a                	mv	a0,s10
    1b70:	0ff050ef          	jal	ra,746e <__divsf3>
    1b74:	8caa                	mv	s9,a0
    1b76:	00000593          	li	a1,0
    1b7a:	8562                	mv	a0,s8
    1b7c:	487050ef          	jal	ra,7802 <__lesf2>
    1b80:	0a054463          	bltz	a0,1c28 <ConeDetect_UpdateWithSide+0x5f8>
    1b84:	80000ab7          	lui	s5,0x80000
    1b88:	019acab3          	xor	s5,s5,s9
    1b8c:	8d62                	mv	s10,s8
    1b8e:	03600613          	li	a2,54
    1b92:	4581                	li	a1,0
    1b94:	00240513          	addi	a0,s0,2
    1b98:	e08fe0ef          	jal	ra,1a0 <memset>
    1b9c:	10100713          	li	a4,257
    1ba0:	00e41023          	sh	a4,0(s0)
    1ba4:	44d8                	lw	a4,12(s1)
    1ba6:	4782                	lw	a5,0(sp)
    1ba8:	85ce                	mv	a1,s3
    1baa:	c058                	sw	a4,4(s0)
    1bac:	4898                	lw	a4,16(s1)
    1bae:	8552                	mv	a0,s4
    1bb0:	c418                	sw	a4,8(s0)
    1bb2:	00cb2703          	lw	a4,12(s6)
    1bb6:	c458                	sw	a4,12(s0)
    1bb8:	010b2703          	lw	a4,16(s6)
    1bbc:	cc5c                	sw	a5,28(s0)
    1bbe:	01442a23          	sw	s4,20(s0)
    1bc2:	c818                	sw	a4,16(s0)
    1bc4:	01342c23          	sw	s3,24(s0)
    1bc8:	2b7010ef          	jal	ra,367e <atan2f>
    1bcc:	c7cda583          	lw	a1,-900(s11)
    1bd0:	4bf050ef          	jal	ra,788e <__mulsf3>
    1bd4:	32092583          	lw	a1,800(s2)
    1bd8:	097050ef          	jal	ra,746e <__divsf3>
    1bdc:	d008                	sw	a0,32(s0)
    1bde:	85ea                	mv	a1,s10
    1be0:	03742223          	sw	s7,36(s0)
    1be4:	03542423          	sw	s5,40(s0)
    1be8:	03a42623          	sw	s10,44(s0)
    1bec:	8556                	mv	a0,s5
    1bee:	291010ef          	jal	ra,367e <atan2f>
    1bf2:	c7cda583          	lw	a1,-900(s11)
    1bf6:	499050ef          	jal	ra,788e <__mulsf3>
    1bfa:	32092583          	lw	a1,800(s2)
    1bfe:	071050ef          	jal	ra,746e <__divsf3>
    1c02:	d808                	sw	a0,48(s0)
    1c04:	85e2                	mv	a1,s8
    1c06:	8552                	mv	a0,s4
    1c08:	487050ef          	jal	ra,788e <__mulsf3>
    1c0c:	84aa                	mv	s1,a0
    1c0e:	85e6                	mv	a1,s9
    1c10:	854e                	mv	a0,s3
    1c12:	47d050ef          	jal	ra,788e <__mulsf3>
    1c16:	85aa                	mv	a1,a0
    1c18:	8526                	mv	a0,s1
    1c1a:	4ea050ef          	jal	ra,7104 <__addsf3>
    1c1e:	800007b7          	lui	a5,0x80000
    1c22:	8d3d                	xor	a0,a0,a5
    1c24:	d848                	sw	a0,52(s0)
    1c26:	b3d5                	j	1a0a <ConeDetect_UpdateWithSide+0x3da>
    1c28:	80000d37          	lui	s10,0x80000
    1c2c:	018d4d33          	xor	s10,s10,s8
    1c30:	8ae6                	mv	s5,s9
    1c32:	bfb1                	j	1b8e <ConeDetect_UpdateWithSide+0x55e>

00001c34 <CalcLineSteer.isra.4>:
    1c34:	d3cfe2ef          	jal	t0,170 <__riscv_save_0>
    1c38:	842a                	mv	s0,a0
    1c3a:	5108                	lw	a0,32(a0)
    1c3c:	fe4ff0ef          	jal	ra,1420 <FloatToS16>
    1c40:	84aa                	mv	s1,a0
    1c42:	5808                	lw	a0,48(s0)
    1c44:	fdcff0ef          	jal	ra,1420 <FloatToS16>
    1c48:	478d                	li	a5,3
    1c4a:	02f54533          	div	a0,a0,a5
    1c4e:	9526                	add	a0,a0,s1
    1c50:	0542                	slli	a0,a0,0x10
    1c52:	8141                	srli	a0,a0,0x10
    1c54:	01051713          	slli	a4,a0,0x10
    1c58:	8741                	srai	a4,a4,0x10
    1c5a:	04075263          	bgez	a4,1c9e <CalcLineSteer.isra.4+0x6a>
    1c5e:	40a00533          	neg	a0,a0
    1c62:	01051793          	slli	a5,a0,0x10
    1c66:	87c1                	srai	a5,a5,0x10
    1c68:	4691                	li	a3,4
    1c6a:	4501                	li	a0,0
    1c6c:	02f6d763          	bge	a3,a5,1c9a <CalcLineSteer.isra.4+0x66>
    1c70:	0706                	slli	a4,a4,0x1
    1c72:	853a                	mv	a0,a4
    1c74:	0742                	slli	a4,a4,0x10
    1c76:	8741                	srai	a4,a4,0x10
    1c78:	fdc00793          	li	a5,-36
    1c7c:	00f75463          	bge	a4,a5,1c84 <CalcLineSteer.isra.4+0x50>
    1c80:	fdc00513          	li	a0,-36
    1c84:	01051793          	slli	a5,a0,0x10
    1c88:	87c1                	srai	a5,a5,0x10
    1c8a:	02400713          	li	a4,36
    1c8e:	00f75463          	bge	a4,a5,1c96 <CalcLineSteer.isra.4+0x62>
    1c92:	02400513          	li	a0,36
    1c96:	0542                	slli	a0,a0,0x10
    1c98:	8541                	srai	a0,a0,0x10
    1c9a:	cfafe06f          	j	194 <__riscv_restore_0>
    1c9e:	4791                	li	a5,4
    1ca0:	4501                	li	a0,0
    1ca2:	fce7c7e3          	blt	a5,a4,1c70 <CalcLineSteer.isra.4+0x3c>
    1ca6:	bfd5                	j	1c9a <CalcLineSteer.isra.4+0x66>

00001ca8 <CalcTargetSteer.isra.6>:
    1ca8:	cc8fe2ef          	jal	t0,170 <__riscv_save_0>
    1cac:	1141                	addi	sp,sp,-16
    1cae:	0070                	addi	a2,sp,12
    1cb0:	842e                	mv	s0,a1
    1cb2:	002c                	addi	a1,sp,8
    1cb4:	835ff0ef          	jal	ra,14e8 <GetGateCarSideTarget>
    1cb8:	45b2                	lw	a1,12(sp)
    1cba:	4522                	lw	a0,8(sp)
    1cbc:	1c3010ef          	jal	ra,367e <atan2f>
    1cc0:	0000b7b7          	lui	a5,0xb
    1cc4:	c7c7a583          	lw	a1,-900(a5) # ac7c <__trunctfdf2+0x230>
    1cc8:	3c7050ef          	jal	ra,788e <__mulsf3>
    1ccc:	0000b7b7          	lui	a5,0xb
    1cd0:	3207a583          	lw	a1,800(a5) # b320 <OLED_F8x16+0x608>
    1cd4:	79a050ef          	jal	ra,746e <__divsf3>
    1cd8:	f48ff0ef          	jal	ra,1420 <FloatToS16>
    1cdc:	470d                	li	a4,3
    1cde:	02e50533          	mul	a0,a0,a4
    1ce2:	00041783          	lh	a5,0(s0)
    1ce6:	0542                	slli	a0,a0,0x10
    1ce8:	8541                	srai	a0,a0,0x10
    1cea:	00a7cc63          	blt	a5,a0,1d02 <CalcTargetSteer.isra.6+0x5a>
    1cee:	40f00733          	neg	a4,a5
    1cf2:	87ba                	mv	a5,a4
    1cf4:	0742                	slli	a4,a4,0x10
    1cf6:	8741                	srai	a4,a4,0x10
    1cf8:	00a75363          	bge	a4,a0,1cfe <CalcTargetSteer.isra.6+0x56>
    1cfc:	87aa                	mv	a5,a0
    1cfe:	07c2                	slli	a5,a5,0x10
    1d00:	87c1                	srai	a5,a5,0x10
    1d02:	853e                	mv	a0,a5
    1d04:	0141                	addi	sp,sp,16
    1d06:	c8efe06f          	j	194 <__riscv_restore_0>

00001d0a <ConeDetect_Init>:
    1d0a:	c66fe2ef          	jal	t0,170 <__riscv_save_0>
    1d0e:	6605                	lui	a2,0x1
    1d10:	20001537          	lui	a0,0x20001
    1d14:	dc060613          	addi	a2,a2,-576 # dc0 <Laser_Task+0x240>
    1d18:	4581                	li	a1,0
    1d1a:	9e850513          	addi	a0,a0,-1560 # 200009e8 <detect_points>
    1d1e:	c82fe0ef          	jal	ra,1a0 <memset>
    1d22:	60000613          	li	a2,1536
    1d26:	4581                	li	a1,0
    1d28:	9f818513          	addi	a0,gp,-1544 # 200003e8 <detect_clusters>
    1d2c:	c74fe0ef          	jal	ra,1a0 <memset>
    1d30:	20001537          	lui	a0,0x20001
    1d34:	5a800613          	li	a2,1448
    1d38:	4581                	li	a1,0
    1d3a:	7a850513          	addi	a0,a0,1960 # 200017a8 <drive_frame>
    1d3e:	c62fe0ef          	jal	ra,1a0 <memset>
    1d42:	c52fe06f          	j	194 <__riscv_restore_0>

00001d46 <ConeDrive_ConfigDefault>:
    1d46:	c14d                	beqz	a0,1de8 <ConeDrive_ConfigDefault+0xa2>
    1d48:	6785                	lui	a5,0x1
    1d4a:	96078713          	addi	a4,a5,-1696 # 960 <USART2_IRQHandler+0x1e>
    1d4e:	bb878793          	addi	a5,a5,-1096
    1d52:	00f51223          	sh	a5,4(a0)
    1d56:	5dc00793          	li	a5,1500
    1d5a:	00f51323          	sh	a5,6(a0)
    1d5e:	6789                	lui	a5,0x2
    1d60:	62678793          	addi	a5,a5,1574 # 2626 <RPLIDAR360_InputBytesFromISR.part.0.constprop.21+0x60>
    1d64:	00f51623          	sh	a5,12(a0)
    1d68:	00f51723          	sh	a5,14(a0)
    1d6c:	02d00793          	li	a5,45
    1d70:	00f50823          	sb	a5,16(a0)
    1d74:	47a1                	li	a5,8
    1d76:	00f50a23          	sb	a5,20(a0)
    1d7a:	05000793          	li	a5,80
    1d7e:	00f51c23          	sh	a5,24(a0)
    1d82:	02300793          	li	a5,35
    1d86:	00f51d23          	sh	a5,26(a0)
    1d8a:	02f51023          	sh	a5,32(a0)
    1d8e:	47c9                	li	a5,18
    1d90:	00e51023          	sh	a4,0(a0)
    1d94:	02f51123          	sh	a5,34(a0)
    1d98:	64000713          	li	a4,1600
    1d9c:	4795                	li	a5,5
    1d9e:	00e51123          	sh	a4,2(a0)
    1da2:	02f51223          	sh	a5,36(a0)
    1da6:	2bc00713          	li	a4,700
    1daa:	4791                	li	a5,4
    1dac:	00e51423          	sh	a4,8(a0)
    1db0:	00e51b23          	sh	a4,22(a0)
    1db4:	02f51323          	sh	a5,38(a0)
    1db8:	04600713          	li	a4,70
    1dbc:	4785                	li	a5,1
    1dbe:	00e51e23          	sh	a4,28(a0)
    1dc2:	02f51423          	sh	a5,40(a0)
    1dc6:	4779                	li	a4,30
    1dc8:	02a00793          	li	a5,42
    1dcc:	00051523          	sh	zero,10(a0)
    1dd0:	00051923          	sh	zero,18(a0)
    1dd4:	00e51f23          	sh	a4,30(a0)
    1dd8:	02051523          	sh	zero,42(a0)
    1ddc:	02f51623          	sh	a5,44(a0)
    1de0:	02051723          	sh	zero,46(a0)
    1de4:	02050823          	sb	zero,48(a0)
    1de8:	8082                	ret

00001dea <ConeDrive_Init>:
    1dea:	cd11                	beqz	a0,1e06 <ConeDrive_Init+0x1c>
    1dec:	b84fe2ef          	jal	t0,170 <__riscv_save_0>
    1df0:	842a                	mv	s0,a0
    1df2:	05000613          	li	a2,80
    1df6:	4581                	li	a1,0
    1df8:	0511                	addi	a0,a0,4
    1dfa:	ba6fe0ef          	jal	ra,1a0 <memset>
    1dfe:	00042023          	sw	zero,0(s0)
    1e02:	b92fe06f          	j	194 <__riscv_restore_0>
    1e06:	8082                	ret

00001e08 <ConeDrive_Update>:
    1e08:	40050463          	beqz	a0,2210 <ConeDrive_Update+0x408>
    1e0c:	40058263          	beqz	a1,2210 <ConeDrive_Update+0x408>
    1e10:	b46fe2ef          	jal	t0,156 <__riscv_save_4>
    1e14:	7139                	addi	sp,sp,-64
    1e16:	8932                	mv	s2,a2
    1e18:	84ae                	mv	s1,a1
    1e1a:	03800613          	li	a2,56
    1e1e:	4581                	li	a1,0
    1e20:	842a                	mv	s0,a0
    1e22:	0028                	addi	a0,sp,8
    1e24:	b7cfe0ef          	jal	ra,1a0 <memset>
    1e28:	200019b7          	lui	s3,0x20001
    1e2c:	7a898513          	addi	a0,s3,1960 # 200017a8 <drive_frame>
    1e30:	4ad000ef          	jal	ra,2adc <APP_RPLIDAR_CopyCurrentFrame>
    1e34:	8aaa                	mv	s5,a0
    1e36:	cd15                	beqz	a0,1e72 <ConeDrive_Update+0x6a>
    1e38:	00a4d683          	lhu	a3,10(s1)
    1e3c:	ca9d                	beqz	a3,1e72 <ConeDrive_Update+0x6a>
    1e3e:	5739                	li	a4,-18
    1e40:	7a898613          	addi	a2,s3,1960
    1e44:	45cd                	li	a1,19
    1e46:	87ba                	mv	a5,a4
    1e48:	00075663          	bgez	a4,1e54 <ConeDrive_Update+0x4c>
    1e4c:	16870793          	addi	a5,a4,360
    1e50:	07c2                	slli	a5,a5,0x10
    1e52:	87c1                	srai	a5,a5,0x10
    1e54:	078a                	slli	a5,a5,0x2
    1e56:	97b2                	add	a5,a5,a2
    1e58:	0037c503          	lbu	a0,3(a5)
    1e5c:	c511                	beqz	a0,1e68 <ConeDrive_Update+0x60>
    1e5e:	0007d783          	lhu	a5,0(a5)
    1e62:	c399                	beqz	a5,1e68 <ConeDrive_Update+0x60>
    1e64:	38f6f763          	bgeu	a3,a5,21f2 <ConeDrive_Update+0x3ea>
    1e68:	0705                	addi	a4,a4,1
    1e6a:	0742                	slli	a4,a4,0x10
    1e6c:	8741                	srai	a4,a4,0x10
    1e6e:	fcb71ce3          	bne	a4,a1,1e46 <ConeDrive_Update+0x3e>
    1e72:	7a898513          	addi	a0,s3,1960
    1e76:	487000ef          	jal	ra,2afc <APP_RPLIDAR_CopyUsableFrame>
    1e7a:	8b2a                	mv	s6,a0
    1e7c:	cd09                	beqz	a0,1e96 <ConeDrive_Update+0x8e>
    1e7e:	567d                	li	a2,-1
    1e80:	002c                	addi	a1,sp,8
    1e82:	7a898513          	addi	a0,s3,1960
    1e86:	faaff0ef          	jal	ra,1630 <ConeDetect_UpdateWithSide>
    1e8a:	8a2a                	mv	s4,a0
    1e8c:	e139                	bnez	a0,1ed2 <ConeDrive_Update+0xca>
    1e8e:	4a05                	li	s4,1
    1e90:	000a9e63          	bnez	s5,1eac <ConeDrive_Update+0xa4>
    1e94:	a095                	j	1ef8 <ConeDrive_Update+0xf0>
    1e96:	4a01                	li	s4,0
    1e98:	060a8063          	beqz	s5,1ef8 <ConeDrive_Update+0xf0>
    1e9c:	567d                	li	a2,-1
    1e9e:	002c                	addi	a1,sp,8
    1ea0:	7a898513          	addi	a0,s3,1960
    1ea4:	f8cff0ef          	jal	ra,1630 <ConeDetect_UpdateWithSide>
    1ea8:	8a2a                	mv	s4,a0
    1eaa:	e50d                	bnez	a0,1ed4 <ConeDrive_Update+0xcc>
    1eac:	7a898993          	addi	s3,s3,1960
    1eb0:	5a49a783          	lw	a5,1444(s3)
    1eb4:	4858                	lw	a4,20(s0)
    1eb6:	4a81                	li	s5,0
    1eb8:	04e78063          	beq	a5,a4,1ef8 <ConeDrive_Update+0xf0>
    1ebc:	c85c                	sw	a5,20(s0)
    1ebe:	01844783          	lbu	a5,24(s0)
    1ec2:	0ff00713          	li	a4,255
    1ec6:	02e78963          	beq	a5,a4,1ef8 <ConeDrive_Update+0xf0>
    1eca:	0785                	addi	a5,a5,1
    1ecc:	00f40c23          	sb	a5,24(s0)
    1ed0:	a025                	j	1ef8 <ConeDrive_Update+0xf0>
    1ed2:	4b05                	li	s6,1
    1ed4:	03800613          	li	a2,56
    1ed8:	002c                	addi	a1,sp,8
    1eda:	01c40513          	addi	a0,s0,28
    1ede:	492060ef          	jal	ra,8370 <memcpy>
    1ee2:	7a898993          	addi	s3,s3,1960
    1ee6:	00040c23          	sb	zero,24(s0)
    1eea:	5a49a783          	lw	a5,1444(s3)
    1eee:	8ad2                	mv	s5,s4
    1ef0:	01242823          	sw	s2,16(s0)
    1ef4:	c85c                	sw	a5,20(s0)
    1ef6:	8a5a                	mv	s4,s6
    1ef8:	401c                	lw	a5,0(s0)
    1efa:	4711                	li	a4,4
    1efc:	14f76a63          	bltu	a4,a5,2050 <ConeDrive_Update+0x248>
    1f00:	672d                	lui	a4,0xb
    1f02:	078a                	slli	a5,a5,0x2
    1f04:	30870713          	addi	a4,a4,776 # b308 <OLED_F8x16+0x5f0>
    1f08:	97ba                	add	a5,a5,a4
    1f0a:	439c                	lw	a5,0(a5)
    1f0c:	8782                	jr	a5
    1f0e:	00c4c503          	lbu	a0,12(s1)
    1f12:	d42ff0ef          	jal	ra,1454 <SetSpeed>
    1f16:	060a8763          	beqz	s5,1f84 <ConeDrive_Update+0x17c>
    1f1a:	00914783          	lbu	a5,9(sp)
    1f1e:	efa1                	bnez	a5,1f76 <ConeDrive_Update+0x16e>
    1f20:	0000b7b7          	lui	a5,0xb
    1f24:	3387a583          	lw	a1,824(a5) # b338 <OLED_F8x16+0x620>
    1f28:	5512                	lw	a0,36(sp)
    1f2a:	0d9050ef          	jal	ra,7802 <__lesf2>
    1f2e:	04055463          	bgez	a0,1f76 <ConeDrive_Update+0x16e>
    1f32:	4572                	lw	a0,28(sp)
    1f34:	00000593          	li	a1,0
    1f38:	02c49983          	lh	s3,44(s1)
    1f3c:	041050ef          	jal	ra,777c <__gesf2>
    1f40:	00054763          	bltz	a0,1f4e <ConeDrive_Update+0x146>
    1f44:	413009b3          	neg	s3,s3
    1f48:	09c2                	slli	s3,s3,0x10
    1f4a:	4109d993          	srai	s3,s3,0x10
    1f4e:	85a6                	mv	a1,s1
    1f50:	854e                	mv	a0,s3
    1f52:	d30ff0ef          	jal	ra,1482 <SetSteerRaw>
    1f56:	00914783          	lbu	a5,9(sp)
    1f5a:	01341d23          	sh	s3,26(s0)
    1f5e:	cfe1                	beqz	a5,2036 <ConeDrive_Update+0x22e>
    1f60:	01242623          	sw	s2,12(s0)
    1f64:	00040c23          	sb	zero,24(s0)
    1f68:	4785                	li	a5,1
    1f6a:	c01c                	sw	a5,0(s0)
    1f6c:	00042223          	sw	zero,4(s0)
    1f70:	00041423          	sh	zero,8(s0)
    1f74:	a0c9                	j	2036 <ConeDrive_Update+0x22e>
    1f76:	02c48593          	addi	a1,s1,44
    1f7a:	0028                	addi	a0,sp,8
    1f7c:	d2dff0ef          	jal	ra,1ca8 <CalcTargetSteer.isra.6>
    1f80:	89aa                	mv	s3,a0
    1f82:	b7f1                	j	1f4e <ConeDrive_Update+0x146>
    1f84:	85a6                	mv	a1,s1
    1f86:	4501                	li	a0,0
    1f88:	cfaff0ef          	jal	ra,1482 <SetSteerRaw>
    1f8c:	a06d                	j	2036 <ConeDrive_Update+0x22e>
    1f8e:	060a8c63          	beqz	s5,2006 <ConeDrive_Update+0x1fe>
    1f92:	00914783          	lbu	a5,9(sp)
    1f96:	0c079c63          	bnez	a5,206e <ConeDrive_Update+0x266>
    1f9a:	01c40513          	addi	a0,s0,28
    1f9e:	e3cff0ef          	jal	ra,15da <IsGateReadyToPass>
    1fa2:	c11d                	beqz	a0,1fc8 <ConeDrive_Update+0x1c0>
    1fa4:	01a41783          	lh	a5,26(s0)
    1fa8:	4709                	li	a4,2
    1faa:	01242623          	sw	s2,12(s0)
    1fae:	00040c23          	sb	zero,24(s0)
    1fb2:	c018                	sw	a4,0(s0)
    1fb4:	00042223          	sw	zero,4(s0)
    1fb8:	00f41423          	sh	a5,8(s0)
    1fbc:	4901                	li	s2,0
    1fbe:	00c4c503          	lbu	a0,12(s1)
    1fc2:	c92ff0ef          	jal	ra,1454 <SetSpeed>
    1fc6:	aa99                	j	211c <ConeDrive_Update+0x314>
    1fc8:	0000b7b7          	lui	a5,0xb
    1fcc:	3387a583          	lw	a1,824(a5) # b338 <OLED_F8x16+0x620>
    1fd0:	5512                	lw	a0,36(sp)
    1fd2:	031050ef          	jal	ra,7802 <__lesf2>
    1fd6:	02055163          	bgez	a0,1ff8 <ConeDrive_Update+0x1f0>
    1fda:	4572                	lw	a0,28(sp)
    1fdc:	00000593          	li	a1,0
    1fe0:	02c49903          	lh	s2,44(s1)
    1fe4:	798050ef          	jal	ra,777c <__gesf2>
    1fe8:	fc054be3          	bltz	a0,1fbe <ConeDrive_Update+0x1b6>
    1fec:	41200933          	neg	s2,s2
    1ff0:	0942                	slli	s2,s2,0x10
    1ff2:	41095913          	srai	s2,s2,0x10
    1ff6:	b7e1                	j	1fbe <ConeDrive_Update+0x1b6>
    1ff8:	02c48593          	addi	a1,s1,44
    1ffc:	0028                	addi	a0,sp,8
    1ffe:	cabff0ef          	jal	ra,1ca8 <CalcTargetSteer.isra.6>
    2002:	892a                	mv	s2,a0
    2004:	bf6d                	j	1fbe <ConeDrive_Update+0x1b6>
    2006:	481c                	lw	a5,16(s0)
    2008:	0164d703          	lhu	a4,22(s1)
    200c:	40f907b3          	sub	a5,s2,a5
    2010:	04e7e763          	bltu	a5,a4,205e <ConeDrive_Update+0x256>
    2014:	01c40513          	addi	a0,s0,28
    2018:	dc2ff0ef          	jal	ra,15da <IsGateReadyToPass>
    201c:	c105                	beqz	a0,203c <ConeDrive_Update+0x234>
    201e:	01a41783          	lh	a5,26(s0)
    2022:	4709                	li	a4,2
    2024:	01242623          	sw	s2,12(s0)
    2028:	00040c23          	sb	zero,24(s0)
    202c:	c018                	sw	a4,0(s0)
    202e:	00042223          	sw	zero,4(s0)
    2032:	00f41423          	sh	a5,8(s0)
    2036:	6121                	addi	sp,sp,64
    2038:	952fe06f          	j	18a <__riscv_restore_4>
    203c:	00c4c503          	lbu	a0,12(s1)
    2040:	c14ff0ef          	jal	ra,1454 <SetSpeed>
    2044:	85a6                	mv	a1,s1
    2046:	4501                	li	a0,0
    2048:	c3aff0ef          	jal	ra,1482 <SetSteerRaw>
    204c:	00041d23          	sh	zero,26(s0)
    2050:	01242623          	sw	s2,12(s0)
    2054:	00040c23          	sb	zero,24(s0)
    2058:	00042023          	sw	zero,0(s0)
    205c:	bf01                	j	1f6c <ConeDrive_Update+0x164>
    205e:	00e4c503          	lbu	a0,14(s1)
    2062:	bf2ff0ef          	jal	ra,1454 <SetSpeed>
    2066:	85a6                	mv	a1,s1
    2068:	01a41503          	lh	a0,26(s0)
    206c:	bf31                	j	1f88 <ConeDrive_Update+0x180>
    206e:	0028                	addi	a0,sp,8
    2070:	d32ff0ef          	jal	ra,15a2 <GetGateCarSideTargetDist>
    2074:	0000b7b7          	lui	a5,0xb
    2078:	3407a583          	lw	a1,832(a5) # b340 <OLED_F8x16+0x628>
    207c:	700050ef          	jal	ra,777c <__gesf2>
    2080:	06a05863          	blez	a0,20f0 <ConeDrive_Update+0x2e8>
    2084:	0050                	addi	a2,sp,4
    2086:	858a                	mv	a1,sp
    2088:	0028                	addi	a0,sp,8
    208a:	c5eff0ef          	jal	ra,14e8 <GetGateCarSideTarget>
    208e:	4592                	lw	a1,4(sp)
    2090:	4502                	lw	a0,0(sp)
    2092:	5ec010ef          	jal	ra,367e <atan2f>
    2096:	0000b7b7          	lui	a5,0xb
    209a:	c7c7a583          	lw	a1,-900(a5) # ac7c <__trunctfdf2+0x230>
    209e:	7f0050ef          	jal	ra,788e <__mulsf3>
    20a2:	0000b7b7          	lui	a5,0xb
    20a6:	3207a583          	lw	a1,800(a5) # b320 <OLED_F8x16+0x608>
    20aa:	3c4050ef          	jal	ra,746e <__divsf3>
    20ae:	b72ff0ef          	jal	ra,1420 <FloatToS16>
    20b2:	89aa                	mv	s3,a0
    20b4:	5562                	lw	a0,56(sp)
    20b6:	b6aff0ef          	jal	ra,1420 <FloatToS16>
    20ba:	4789                	li	a5,2
    20bc:	02f547b3          	div	a5,a0,a5
    20c0:	450d                	li	a0,3
    20c2:	02c49903          	lh	s2,44(s1)
    20c6:	97ce                	add	a5,a5,s3
    20c8:	02a787b3          	mul	a5,a5,a0
    20cc:	07c2                	slli	a5,a5,0x10
    20ce:	87c1                	srai	a5,a5,0x10
    20d0:	00f94d63          	blt	s2,a5,20ea <ConeDrive_Update+0x2e2>
    20d4:	41200733          	neg	a4,s2
    20d8:	893a                	mv	s2,a4
    20da:	0742                	slli	a4,a4,0x10
    20dc:	8741                	srai	a4,a4,0x10
    20de:	00f75363          	bge	a4,a5,20e4 <ConeDrive_Update+0x2dc>
    20e2:	893e                	mv	s2,a5
    20e4:	0942                	slli	s2,s2,0x10
    20e6:	41095913          	srai	s2,s2,0x10
    20ea:	00e4c503          	lbu	a0,14(s1)
    20ee:	bdd1                	j	1fc2 <ConeDrive_Update+0x1ba>
    20f0:	0028                	addi	a0,sp,8
    20f2:	ce8ff0ef          	jal	ra,15da <IsGateReadyToPass>
    20f6:	00f4c983          	lbu	s3,15(s1)
    20fa:	c905                	beqz	a0,212a <ConeDrive_Update+0x322>
    20fc:	854e                	mv	a0,s3
    20fe:	b56ff0ef          	jal	ra,1454 <SetSpeed>
    2102:	01a41783          	lh	a5,26(s0)
    2106:	4709                	li	a4,2
    2108:	01242623          	sw	s2,12(s0)
    210c:	00040c23          	sb	zero,24(s0)
    2110:	c018                	sw	a4,0(s0)
    2112:	00042223          	sw	zero,4(s0)
    2116:	00f41423          	sh	a5,8(s0)
    211a:	4901                	li	s2,0
    211c:	85a6                	mv	a1,s1
    211e:	854a                	mv	a0,s2
    2120:	b62ff0ef          	jal	ra,1482 <SetSteerRaw>
    2124:	01241d23          	sh	s2,26(s0)
    2128:	b739                	j	2036 <ConeDrive_Update+0x22e>
    212a:	0028                	addi	a0,sp,8
    212c:	b09ff0ef          	jal	ra,1c34 <CalcLineSteer.isra.4>
    2130:	892a                	mv	s2,a0
    2132:	854e                	mv	a0,s3
    2134:	b579                	j	1fc2 <ConeDrive_Update+0x1ba>
    2136:	0104c503          	lbu	a0,16(s1)
    213a:	00c42983          	lw	s3,12(s0)
    213e:	4a01                	li	s4,0
    2140:	b14ff0ef          	jal	ra,1454 <SetSpeed>
    2144:	413909b3          	sub	s3,s2,s3
    2148:	2bb00793          	li	a5,699
    214c:	0137eb63          	bltu	a5,s3,2162 <ConeDrive_Update+0x35a>
    2150:	000a8963          	beqz	s5,2162 <ConeDrive_Update+0x35a>
    2154:	00914783          	lbu	a5,9(sp)
    2158:	c789                	beqz	a5,2162 <ConeDrive_Update+0x35a>
    215a:	0028                	addi	a0,sp,8
    215c:	ad9ff0ef          	jal	ra,1c34 <CalcLineSteer.isra.4>
    2160:	8a2a                	mv	s4,a0
    2162:	85a6                	mv	a1,s1
    2164:	8552                	mv	a0,s4
    2166:	b1cff0ef          	jal	ra,1482 <SetSteerRaw>
    216a:	0044d783          	lhu	a5,4(s1)
    216e:	01441d23          	sh	s4,26(s0)
    2172:	ecf9e2e3          	bltu	s3,a5,2036 <ConeDrive_Update+0x22e>
    2176:	01944783          	lbu	a5,25(s0)
    217a:	0ff00713          	li	a4,255
    217e:	00e78563          	beq	a5,a4,2188 <ConeDrive_Update+0x380>
    2182:	0785                	addi	a5,a5,1
    2184:	00f40ca3          	sb	a5,25(s0)
    2188:	0304c783          	lbu	a5,48(s1)
    218c:	cb99                	beqz	a5,21a2 <ConeDrive_Update+0x39a>
    218e:	01944703          	lbu	a4,25(s0)
    2192:	00f76863          	bltu	a4,a5,21a2 <ConeDrive_Update+0x39a>
    2196:	01242623          	sw	s2,12(s0)
    219a:	00040c23          	sb	zero,24(s0)
    219e:	4791                	li	a5,4
    21a0:	b3e9                	j	1f6a <ConeDrive_Update+0x162>
    21a2:	0064d783          	lhu	a5,6(s1)
    21a6:	ea0785e3          	beqz	a5,2050 <ConeDrive_Update+0x248>
    21aa:	01242623          	sw	s2,12(s0)
    21ae:	00040c23          	sb	zero,24(s0)
    21b2:	478d                	li	a5,3
    21b4:	bb5d                	j	1f6a <ConeDrive_Update+0x162>
    21b6:	445c                	lw	a5,12(s0)
    21b8:	0064d703          	lhu	a4,6(s1)
    21bc:	00c4c503          	lbu	a0,12(s1)
    21c0:	40f907b3          	sub	a5,s2,a5
    21c4:	00e7e563          	bltu	a5,a4,21ce <ConeDrive_Update+0x3c6>
    21c8:	a8cff0ef          	jal	ra,1454 <SetSpeed>
    21cc:	b551                	j	2050 <ConeDrive_Update+0x248>
    21ce:	a86ff0ef          	jal	ra,1454 <SetSpeed>
    21d2:	85a6                	mv	a1,s1
    21d4:	4501                	li	a0,0
    21d6:	aacff0ef          	jal	ra,1482 <SetSteerRaw>
    21da:	00041d23          	sh	zero,26(s0)
    21de:	bda1                	j	2036 <ConeDrive_Update+0x22e>
    21e0:	00c4c503          	lbu	a0,12(s1)
    21e4:	a70ff0ef          	jal	ra,1454 <SetSpeed>
    21e8:	85a6                	mv	a1,s1
    21ea:	4501                	li	a0,0
    21ec:	a96ff0ef          	jal	ra,1482 <SetSteerRaw>
    21f0:	b585                	j	2050 <ConeDrive_Update+0x248>
    21f2:	00c4c503          	lbu	a0,12(s1)
    21f6:	a5eff0ef          	jal	ra,1454 <SetSpeed>
    21fa:	85a6                	mv	a1,s1
    21fc:	4501                	li	a0,0
    21fe:	a84ff0ef          	jal	ra,1482 <SetSteerRaw>
    2202:	4018                	lw	a4,0(s0)
    2204:	00041d23          	sh	zero,26(s0)
    2208:	4791                	li	a5,4
    220a:	e4f713e3          	bne	a4,a5,2050 <ConeDrive_Update+0x248>
    220e:	b525                	j	2036 <ConeDrive_Update+0x22e>
    2210:	8082                	ret

00002212 <SYSTICK_ClearCounter>:
    2212:	e000f7b7          	lui	a5,0xe000f
    2216:	00078223          	sb	zero,4(a5) # e000f004 <_eusrstack+0xc000a004>
    221a:	000782a3          	sb	zero,5(a5)
    221e:	00078323          	sb	zero,6(a5)
    2222:	000783a3          	sb	zero,7(a5)
    2226:	00078423          	sb	zero,8(a5)
    222a:	000784a3          	sb	zero,9(a5)
    222e:	00078523          	sb	zero,10(a5)
    2232:	000785a3          	sb	zero,11(a5)
    2236:	8082                	ret

00002238 <APP_ShowFixedLocation>:
    2238:	f1ffd2ef          	jal	t0,156 <__riscv_save_4>
    223c:	80418713          	addi	a4,gp,-2044 # 200001f4 <gps_seed.5022>
    2240:	4304                	lw	s1,0(a4)
    2242:	41c657b7          	lui	a5,0x41c65
    2246:	e6d78793          	addi	a5,a5,-403 # 41c64e6d <_eusrstack+0x21c5fe6d>
    224a:	02f484b3          	mul	s1,s1,a5
    224e:	640d                	lui	s0,0x3
    2250:	03940413          	addi	s0,s0,57 # 3039 <NVIC_Init+0x9>
    2254:	1101                	addi	sp,sp,-32
    2256:	02500993          	li	s3,37
    225a:	0000b937          	lui	s2,0xb
    225e:	94a2                	add	s1,s1,s0
    2260:	02f487b3          	mul	a5,s1,a5
    2264:	943e                	add	s0,s0,a5
    2266:	c300                	sw	s0,0(a4)
    2268:	ec3fe0ef          	jal	ra,112a <OLED_Clear>
    226c:	0000b637          	lui	a2,0xb
    2270:	34860613          	addi	a2,a2,840 # b348 <OLED_F8x16+0x630>
    2274:	4585                	li	a1,1
    2276:	4505                	li	a0,1
    2278:	f45fe0ef          	jal	ra,11bc <OLED_ShowString>
    227c:	0104d793          	srli	a5,s1,0x10
    2280:	0337f7b3          	remu	a5,a5,s3
    2284:	06ec94b7          	lui	s1,0x6ec9
    2288:	43b48493          	addi	s1,s1,1083 # 6ec943b <_data_lma+0x6ebd733>
    228c:	0000b6b7          	lui	a3,0xb
    2290:	07400713          	li	a4,116
    2294:	35068693          	addi	a3,a3,848 # b350 <OLED_F8x16+0x638>
    2298:	35890613          	addi	a2,s2,856 # b358 <OLED_F8x16+0x640>
    229c:	45d1                	li	a1,20
    229e:	0068                	addi	a0,sp,12
    22a0:	97a6                	add	a5,a5,s1
    22a2:	000f44b7          	lui	s1,0xf4
    22a6:	24048493          	addi	s1,s1,576 # f4240 <_data_lma+0xe8538>
    22aa:	0297e7b3          	rem	a5,a5,s1
    22ae:	15a030ef          	jal	ra,5408 <snprintf>
    22b2:	0070                	addi	a2,sp,12
    22b4:	4585                	li	a1,1
    22b6:	4509                	li	a0,2
    22b8:	f05fe0ef          	jal	ra,11bc <OLED_ShowString>
    22bc:	01045793          	srli	a5,s0,0x10
    22c0:	0337f7b3          	remu	a5,a5,s3
    22c4:	025e3437          	lui	s0,0x25e3
    22c8:	82e40413          	addi	s0,s0,-2002 # 25e282e <_data_lma+0x25d6b26>
    22cc:	0000b6b7          	lui	a3,0xb
    22d0:	02700713          	li	a4,39
    22d4:	36468693          	addi	a3,a3,868 # b364 <OLED_F8x16+0x64c>
    22d8:	35890613          	addi	a2,s2,856
    22dc:	45d1                	li	a1,20
    22de:	0068                	addi	a0,sp,12
    22e0:	97a2                	add	a5,a5,s0
    22e2:	0297e7b3          	rem	a5,a5,s1
    22e6:	122030ef          	jal	ra,5408 <snprintf>
    22ea:	0070                	addi	a2,sp,12
    22ec:	4585                	li	a1,1
    22ee:	450d                	li	a0,3
    22f0:	ecdfe0ef          	jal	ra,11bc <OLED_ShowString>
    22f4:	6105                	addi	sp,sp,32
    22f6:	e95fd06f          	j	18a <__riscv_restore_4>

000022fa <SYSTICK_Init_Config>:
    22fa:	e77fd2ef          	jal	t0,170 <__riscv_save_0>
    22fe:	1141                	addi	sp,sp,-16
    2300:	e000f437          	lui	s0,0xe000f
    2304:	c62a                	sw	a0,12(sp)
    2306:	c42e                	sw	a1,8(sp)
    2308:	00042023          	sw	zero,0(s0) # e000f000 <_eusrstack+0xc000a000>
    230c:	f07ff0ef          	jal	ra,2212 <SYSTICK_ClearCounter>
    2310:	4532                	lw	a0,12(sp)
    2312:	473d                	li	a4,15
    2314:	0ff57793          	andi	a5,a0,255
    2318:	00f40623          	sb	a5,12(s0)
    231c:	00855793          	srli	a5,a0,0x8
    2320:	0ff7f793          	andi	a5,a5,255
    2324:	00f406a3          	sb	a5,13(s0)
    2328:	01055793          	srli	a5,a0,0x10
    232c:	0ff7f793          	andi	a5,a5,255
    2330:	00f40723          	sb	a5,14(s0)
    2334:	8161                	srli	a0,a0,0x18
    2336:	00a407a3          	sb	a0,15(s0)
    233a:	45a2                	lw	a1,8(sp)
    233c:	0ff5f793          	andi	a5,a1,255
    2340:	00f40823          	sb	a5,16(s0)
    2344:	0085d793          	srli	a5,a1,0x8
    2348:	0ff7f793          	andi	a5,a5,255
    234c:	00f408a3          	sb	a5,17(s0)
    2350:	0105d793          	srli	a5,a1,0x10
    2354:	0ff7f793          	andi	a5,a5,255
    2358:	00f40923          	sb	a5,18(s0)
    235c:	81e1                	srli	a1,a1,0x18
    235e:	00b409a3          	sb	a1,19(s0)
    2362:	e000e7b7          	lui	a5,0xe000e
    2366:	40e78623          	sb	a4,1036(a5) # e000e40c <_eusrstack+0xc000940c>
    236a:	6705                	lui	a4,0x1
    236c:	10e7a023          	sw	a4,256(a5)
    2370:	47ad                	li	a5,11
    2372:	c01c                	sw	a5,0(s0)
    2374:	0141                	addi	sp,sp,16
    2376:	e1ffd06f          	j	194 <__riscv_restore_0>

0000237a <SysTick_Handler>:
    237a:	e99ff0ef          	jal	ra,2212 <SYSTICK_ClearCounter>
    237e:	85018793          	addi	a5,gp,-1968 # 20000240 <g_system_ms>
    2382:	4398                	lw	a4,0(a5)
    2384:	0705                	addi	a4,a4,1
    2386:	c398                	sw	a4,0(a5)
    2388:	30200073          	mret

0000238c <main>:
    238c:	dbdfd2ef          	jal	t0,148 <__riscv_save_10>
    2390:	7155                	addi	sp,sp,-208
    2392:	4505                	li	a0,1
    2394:	48d000ef          	jal	ra,3020 <NVIC_PriorityGroupConfig>
    2398:	101000ef          	jal	ra,2c98 <SystemCoreClockUpdate>
    239c:	120010ef          	jal	ra,34bc <Delay_Init>
    23a0:	f63fe0ef          	jal	ra,1302 <TIM3_PWMOut_Init>
    23a4:	4501                	li	a0,0
    23a6:	816ff0ef          	jal	ra,13bc <turnAngle>
    23aa:	b11fe0ef          	jal	ra,eba <TIM1_Motor_Init>
    23ae:	4501                	li	a0,0
    23b0:	bbbfe0ef          	jal	ra,f6a <Car_SetRearSpeed>
    23b4:	e37fe0ef          	jal	ra,11ea <OLED_Init>
    23b8:	e81ff0ef          	jal	ra,2238 <APP_ShowFixedLocation>
    23bc:	850a                	mv	a0,sp
    23be:	f0ffd0ef          	jal	ra,2cc <MA_Init>
    23c2:	6571                	lui	a0,0x1c
    23c4:	20050513          	addi	a0,a0,512 # 1c200 <_data_lma+0x104f8>
    23c8:	f7efe0ef          	jal	ra,b46 <Laser_Init>
    23cc:	6489                	lui	s1,0x2
    23ce:	58048513          	addi	a0,s1,1408 # 2580 <RPLIDAR_PortSend+0x3a>
    23d2:	beafe0ef          	jal	ra,7bc <JY901_Init>
    23d6:	12c00513          	li	a0,300
    23da:	108010ef          	jal	ra,34e2 <Delay_Ms>
    23de:	2e65                	jal	2796 <APP_RPLIDAR_Init>
    23e0:	06400513          	li	a0,100
    23e4:	85018b13          	addi	s6,gp,-1968 # 20000240 <g_system_ms>
    23e8:	0fa010ef          	jal	ra,34e2 <Delay_Ms>
    23ec:	20002937          	lui	s2,0x20002
    23f0:	000b2a03          	lw	s4,0(s6)
    23f4:	917ff0ef          	jal	ra,1d0a <ConeDetect_Init>
    23f8:	d5090513          	addi	a0,s2,-688 # 20001d50 <drive_cfg>
    23fc:	94bff0ef          	jal	ra,1d46 <ConeDrive_ConfigDefault>
    2400:	d5090413          	addi	s0,s2,-688
    2404:	02600793          	li	a5,38
    2408:	00f406a3          	sb	a5,13(s0)
    240c:	6789                	lui	a5,0x2
    240e:	62678713          	addi	a4,a5,1574 # 2626 <RPLIDAR360_InputBytesFromISR.part.0.constprop.21+0x60>
    2412:	f4078793          	addi	a5,a5,-192
    2416:	00f41223          	sh	a5,4(s0)
    241a:	4789                	li	a5,2
    241c:	02f41323          	sh	a5,38(s0)
    2420:	6785                	lui	a5,0x1
    2422:	96078793          	addi	a5,a5,-1696 # 960 <USART2_IRQHandler+0x1e>
    2426:	00f41023          	sh	a5,0(s0)
    242a:	20002ab7          	lui	s5,0x20002
    242e:	02a00793          	li	a5,42
    2432:	00e41723          	sh	a4,14(s0)
    2436:	02f41623          	sh	a5,44(s0)
    243a:	02d00713          	li	a4,45
    243e:	4785                	li	a5,1
    2440:	d84a8513          	addi	a0,s5,-636 # 20001d84 <drive_ctx>
    2444:	02f41423          	sh	a5,40(s0)
    2448:	00e40823          	sb	a4,16(s0)
    244c:	02040823          	sb	zero,48(s0)
    2450:	99bff0ef          	jal	ra,1dea <ConeDrive_Init>
    2454:	8081a583          	lw	a1,-2040(gp) # 200001f8 <SystemCoreClock>
    2458:	000b2023          	sw	zero,0(s6)
    245c:	f3f48793          	addi	a5,s1,-193
    2460:	85018993          	addi	s3,gp,-1968 # 20000240 <g_system_ms>
    2464:	06b7fb63          	bgeu	a5,a1,24da <main+0x14e>
    2468:	f4048493          	addi	s1,s1,-192
    246c:	0295d5b3          	divu	a1,a1,s1
    2470:	fff58513          	addi	a0,a1,-1
    2474:	00b535b3          	sltu	a1,a0,a1
    2478:	15fd                	addi	a1,a1,-1
    247a:	6b09                	lui	s6,0x2
    247c:	e7fff0ef          	jal	ra,22fa <SYSTICK_Init_Config>
    2480:	4b81                	li	s7,0
    2482:	4485                	li	s1,1
    2484:	7cf00c13          	li	s8,1999
    2488:	70fb0b13          	addi	s6,s6,1807 # 270f <USART1_IRQHandler+0x9d>
    248c:	5db00c93          	li	s9,1499
    2490:	0009a403          	lw	s0,0(s3)
    2494:	2175                	jal	2940 <APP_RPLIDAR_Task>
    2496:	d5090593          	addi	a1,s2,-688
    249a:	8622                	mv	a2,s0
    249c:	d84a8513          	addi	a0,s5,-636
    24a0:	969ff0ef          	jal	ra,1e08 <ConeDrive_Update>
    24a4:	414407b3          	sub	a5,s0,s4
    24a8:	ec85                	bnez	s1,24e0 <main+0x154>
    24aa:	04fb6063          	bltu	s6,a5,24ea <main+0x15e>
    24ae:	0014c513          	xori	a0,s1,1
    24b2:	9b2fe0ef          	jal	ra,664 <JY901_SetDisplayEnabled>
    24b6:	8522                	mv	a0,s0
    24b8:	b2afe0ef          	jal	ra,7e2 <JY901_Task>
    24bc:	000b9a63          	bnez	s7,24d0 <main+0x144>
    24c0:	99efe0ef          	jal	ra,65e <JY901_IsYawValid>
    24c4:	c511                	beqz	a0,24d0 <main+0x144>
    24c6:	008cf563          	bgeu	s9,s0,24d0 <main+0x144>
    24ca:	90cfe0ef          	jal	ra,5d6 <JY901_SetYawZero>
    24ce:	4b85                	li	s7,1
    24d0:	f0e1                	bnez	s1,2490 <main+0x104>
    24d2:	8522                	mv	a0,s0
    24d4:	eacfe0ef          	jal	ra,b80 <Laser_Task>
    24d8:	bf65                	j	2490 <main+0x104>
    24da:	4501                	li	a0,0
    24dc:	4581                	li	a1,0
    24de:	bf71                	j	247a <main+0xee>
    24e0:	fcfc77e3          	bgeu	s8,a5,24ae <main+0x122>
    24e4:	8a22                	mv	s4,s0
    24e6:	4481                	li	s1,0
    24e8:	b7d9                	j	24ae <main+0x122>
    24ea:	d4fff0ef          	jal	ra,2238 <APP_ShowFixedLocation>
    24ee:	8a22                	mv	s4,s0
    24f0:	4485                	li	s1,1
    24f2:	bf75                	j	24ae <main+0x122>

000024f4 <LIDAR_DMA_RX_Reset>:
    24f4:	c7dfd2ef          	jal	t0,170 <__riscv_save_0>
    24f8:	40020437          	lui	s0,0x40020
    24fc:	05840513          	addi	a0,s0,88 # 40020058 <_eusrstack+0x2001b058>
    2500:	4581                	li	a1,0
    2502:	1cf000ef          	jal	ra,2ed0 <DMA_Cmd>
    2506:	200024b7          	lui	s1,0x20002
    250a:	08000593          	li	a1,128
    250e:	05840513          	addi	a0,s0,88
    2512:	dd848493          	addi	s1,s1,-552 # 20001dd8 <g_lidar_dma>
    2516:	00048023          	sb	zero,0(s1)
    251a:	1dd000ef          	jal	ra,2ef6 <DMA_SetCurrDataCounter>
    251e:	0485                	addi	s1,s1,1
    2520:	d064                	sw	s1,100(s0)
    2522:	00020537          	lui	a0,0x20
    2526:	223000ef          	jal	ra,2f48 <DMA_ClearITPendingBit>
    252a:	05840413          	addi	s0,s0,88
    252e:	4585                	li	a1,1
    2530:	8522                	mv	a0,s0
    2532:	19f000ef          	jal	ra,2ed0 <DMA_Cmd>
    2536:	c5ffd06f          	j	194 <__riscv_restore_0>

0000253a <RPLIDAR_PortDelayMs>:
    253a:	c37fd2ef          	jal	t0,170 <__riscv_save_0>
    253e:	7a5000ef          	jal	ra,34e2 <Delay_Ms>
    2542:	c53fd06f          	j	194 <__riscv_restore_0>

00002546 <RPLIDAR_PortSend>:
    2546:	c931                	beqz	a0,259a <RPLIDAR_PortSend+0x54>
    2548:	c0ffd2ef          	jal	t0,156 <__riscv_save_4>
    254c:	400144b7          	lui	s1,0x40014
    2550:	89ae                	mv	s3,a1
    2552:	892a                	mv	s2,a0
    2554:	4401                	li	s0,0
    2556:	80048493          	addi	s1,s1,-2048 # 40013800 <_eusrstack+0x2000e800>
    255a:	01041793          	slli	a5,s0,0x10
    255e:	83c1                	srli	a5,a5,0x10
    2560:	0137ee63          	bltu	a5,s3,257c <RPLIDAR_PortSend+0x36>
    2564:	40014437          	lui	s0,0x40014
    2568:	80040413          	addi	s0,s0,-2048 # 40013800 <_eusrstack+0x2000e800>
    256c:	04000593          	li	a1,64
    2570:	8522                	mv	a0,s0
    2572:	6fb000ef          	jal	ra,346c <USART_GetFlagStatus>
    2576:	d97d                	beqz	a0,256c <RPLIDAR_PortSend+0x26>
    2578:	c13fd06f          	j	18a <__riscv_restore_4>
    257c:	08000593          	li	a1,128
    2580:	8526                	mv	a0,s1
    2582:	6eb000ef          	jal	ra,346c <USART_GetFlagStatus>
    2586:	d97d                	beqz	a0,257c <RPLIDAR_PortSend+0x36>
    2588:	008907b3          	add	a5,s2,s0
    258c:	0007c583          	lbu	a1,0(a5)
    2590:	8526                	mv	a0,s1
    2592:	0405                	addi	s0,s0,1
    2594:	6cf000ef          	jal	ra,3462 <USART_SendData>
    2598:	b7c9                	j	255a <RPLIDAR_PortSend+0x14>
    259a:	8082                	ret

0000259c <RPLIDAR360_Stop.constprop.7>:
    259c:	bd5fd2ef          	jal	t0,170 <__riscv_save_0>
    25a0:	20002437          	lui	s0,0x20002
    25a4:	edc40413          	addi	s0,s0,-292 # 20001edc <g_rplidar>
    25a8:	485c                	lw	a5,20(s0)
    25aa:	557d                	li	a0,-1
    25ac:	cb99                	beqz	a5,25c2 <RPLIDAR360_Stop.constprop.7+0x26>
    25ae:	82018513          	addi	a0,gp,-2016 # 20000210 <cmd_stop.4903>
    25b2:	4589                	li	a1,2
    25b4:	9782                	jalr	a5
    25b6:	4c1c                	lw	a5,24(s0)
    25b8:	4501                	li	a0,0
    25ba:	c781                	beqz	a5,25c2 <RPLIDAR360_Stop.constprop.7+0x26>
    25bc:	4509                	li	a0,2
    25be:	9782                	jalr	a5
    25c0:	4501                	li	a0,0
    25c2:	bd3fd06f          	j	194 <__riscv_restore_0>

000025c6 <RPLIDAR360_InputBytesFromISR.part.0.constprop.21>:
    25c6:	200027b7          	lui	a5,0x20002
    25ca:	4601                	li	a2,0
    25cc:	4681                	li	a3,0
    25ce:	edc78793          	addi	a5,a5,-292 # 20001edc <g_rplidar>
    25d2:	4305                	li	t1,1
    25d4:	01061713          	slli	a4,a2,0x10
    25d8:	8341                	srli	a4,a4,0x10
    25da:	00b76463          	bltu	a4,a1,25e2 <RPLIDAR360_InputBytesFromISR.part.0.constprop.21+0x1c>
    25de:	8536                	mv	a0,a3
    25e0:	8082                	ret
    25e2:	0007a803          	lw	a6,0(a5)
    25e6:	00c50733          	add	a4,a0,a2
    25ea:	00074e03          	lbu	t3,0(a4) # 1000 <OLED_I2C_Start+0x10>
    25ee:	02080b63          	beqz	a6,2624 <RPLIDAR360_InputBytesFromISR.part.0.constprop.21+0x5e>
    25f2:	0047d883          	lhu	a7,4(a5)
    25f6:	03137763          	bgeu	t1,a7,2624 <RPLIDAR360_InputBytesFromISR.part.0.constprop.21+0x5e>
    25fa:	0067d703          	lhu	a4,6(a5)
    25fe:	0705                	addi	a4,a4,1
    2600:	0742                	slli	a4,a4,0x10
    2602:	8341                	srli	a4,a4,0x10
    2604:	01176363          	bltu	a4,a7,260a <RPLIDAR360_InputBytesFromISR.part.0.constprop.21+0x44>
    2608:	4701                	li	a4,0
    260a:	0087d883          	lhu	a7,8(a5)
    260e:	01170b63          	beq	a4,a7,2624 <RPLIDAR360_InputBytesFromISR.part.0.constprop.21+0x5e>
    2612:	0067d883          	lhu	a7,6(a5)
    2616:	9846                	add	a6,a6,a7
    2618:	01c80023          	sb	t3,0(a6)
    261c:	00e79323          	sh	a4,6(a5)
    2620:	0605                	addi	a2,a2,1
    2622:	bf4d                	j	25d4 <RPLIDAR360_InputBytesFromISR.part.0.constprop.21+0xe>
    2624:	56f9                	li	a3,-2
    2626:	bfed                	j	2620 <RPLIDAR360_InputBytesFromISR.part.0.constprop.21+0x5a>

00002628 <RPLIDAR360_StartScan.constprop.5>:
    2628:	b49fd2ef          	jal	t0,170 <__riscv_save_0>
    262c:	20002437          	lui	s0,0x20002
    2630:	edc40413          	addi	s0,s0,-292 # 20001edc <g_rplidar>
    2634:	485c                	lw	a5,20(s0)
    2636:	557d                	li	a0,-1
    2638:	cb9d                	beqz	a5,266e <RPLIDAR360_StartScan.constprop.5+0x46>
    263a:	f63ff0ef          	jal	ra,259c <RPLIDAR360_Stop.constprop.7>
    263e:	5b000613          	li	a2,1456
    2642:	00041323          	sh	zero,6(s0)
    2646:	4581                	li	a1,0
    2648:	01c40513          	addi	a0,s0,28
    264c:	00041423          	sh	zero,8(s0)
    2650:	00041523          	sh	zero,10(s0)
    2654:	00040623          	sb	zero,12(s0)
    2658:	b49fd0ef          	jal	ra,1a0 <memset>
    265c:	4785                	li	a5,1
    265e:	5cf42423          	sw	a5,1480(s0)
    2662:	485c                	lw	a5,20(s0)
    2664:	81c18513          	addi	a0,gp,-2020 # 2000020c <cmd_scan.4911>
    2668:	4589                	li	a1,2
    266a:	9782                	jalr	a5
    266c:	4501                	li	a0,0
    266e:	b27fd06f          	j	194 <__riscv_restore_0>

00002672 <USART1_IRQHandler>:
    2672:	7179                	addi	sp,sp,-48
    2674:	ce52                	sw	s4,28(sp)
    2676:	40014a37          	lui	s4,0x40014
    267a:	42400593          	li	a1,1060
    267e:	800a0513          	addi	a0,s4,-2048 # 40013800 <_eusrstack+0x2000e800>
    2682:	d622                	sw	s0,44(sp)
    2684:	d426                	sw	s1,40(sp)
    2686:	d24a                	sw	s2,36(sp)
    2688:	d04e                	sw	s3,32(sp)
    268a:	5ef000ef          	jal	ra,3478 <USART_GetITStatus>
    268e:	cd3d                	beqz	a0,270c <USART1_IRQHandler+0x9a>
    2690:	400204b7          	lui	s1,0x40020
    2694:	05848513          	addi	a0,s1,88 # 40020058 <_eusrstack+0x2001b058>
    2698:	4581                	li	a1,0
    269a:	20002437          	lui	s0,0x20002
    269e:	033000ef          	jal	ra,2ed0 <DMA_Cmd>
    26a2:	dd840413          	addi	s0,s0,-552 # 20001dd8 <g_lidar_dma>
    26a6:	4cfc                	lw	a5,92(s1)
    26a8:	00044903          	lbu	s2,0(s0)
    26ac:	05848493          	addi	s1,s1,88
    26b0:	08000993          	li	s3,128
    26b4:	40f989b3          	sub	s3,s3,a5
    26b8:	08000593          	li	a1,128
    26bc:	00194793          	xori	a5,s2,1
    26c0:	8526                	mv	a0,s1
    26c2:	00f40023          	sb	a5,0(s0)
    26c6:	031000ef          	jal	ra,2ef6 <DMA_SetCurrDataCounter>
    26ca:	00044783          	lbu	a5,0(s0)
    26ce:	09c2                	slli	s3,s3,0x10
    26d0:	0109d993          	srli	s3,s3,0x10
    26d4:	079e                	slli	a5,a5,0x7
    26d6:	0785                	addi	a5,a5,1
    26d8:	97a2                	add	a5,a5,s0
    26da:	c4dc                	sw	a5,12(s1)
    26dc:	800a5783          	lhu	a5,-2048(s4)
    26e0:	4585                	li	a1,1
    26e2:	8526                	mv	a0,s1
    26e4:	07c2                	slli	a5,a5,0x10
    26e6:	83c1                	srli	a5,a5,0x10
    26e8:	c63e                	sw	a5,12(sp)
    26ea:	804a5783          	lhu	a5,-2044(s4)
    26ee:	07c2                	slli	a5,a5,0x10
    26f0:	83c1                	srli	a5,a5,0x10
    26f2:	c63e                	sw	a5,12(sp)
    26f4:	47b2                	lw	a5,12(sp)
    26f6:	7da000ef          	jal	ra,2ed0 <DMA_Cmd>
    26fa:	00098963          	beqz	s3,270c <USART1_IRQHandler+0x9a>
    26fe:	00791513          	slli	a0,s2,0x7
    2702:	0505                	addi	a0,a0,1
    2704:	85ce                	mv	a1,s3
    2706:	9522                	add	a0,a0,s0
    2708:	ebfff0ef          	jal	ra,25c6 <RPLIDAR360_InputBytesFromISR.part.0.constprop.21>
    270c:	5432                	lw	s0,44(sp)
    270e:	54a2                	lw	s1,40(sp)
    2710:	5912                	lw	s2,36(sp)
    2712:	5982                	lw	s3,32(sp)
    2714:	4a72                	lw	s4,28(sp)
    2716:	6145                	addi	sp,sp,48
    2718:	30200073          	mret

0000271c <DMA1_Channel5_IRQHandler>:
    271c:	1141                	addi	sp,sp,-16
    271e:	00020537          	lui	a0,0x20
    2722:	c622                	sw	s0,12(sp)
    2724:	c426                	sw	s1,8(sp)
    2726:	c24a                	sw	s2,4(sp)
    2728:	015000ef          	jal	ra,2f3c <DMA_GetITStatus>
    272c:	cd39                	beqz	a0,278a <DMA1_Channel5_IRQHandler+0x6e>
    272e:	20002437          	lui	s0,0x20002
    2732:	dd840413          	addi	s0,s0,-552 # 20001dd8 <g_lidar_dma>
    2736:	00020537          	lui	a0,0x20
    273a:	00f000ef          	jal	ra,2f48 <DMA_ClearITPendingBit>
    273e:	00044483          	lbu	s1,0(s0)
    2742:	40020937          	lui	s2,0x40020
    2746:	4581                	li	a1,0
    2748:	0014c793          	xori	a5,s1,1
    274c:	05890513          	addi	a0,s2,88 # 40020058 <_eusrstack+0x2001b058>
    2750:	00f40023          	sb	a5,0(s0)
    2754:	77c000ef          	jal	ra,2ed0 <DMA_Cmd>
    2758:	05890513          	addi	a0,s2,88
    275c:	08000593          	li	a1,128
    2760:	796000ef          	jal	ra,2ef6 <DMA_SetCurrDataCounter>
    2764:	00044783          	lbu	a5,0(s0)
    2768:	05890513          	addi	a0,s2,88
    276c:	4585                	li	a1,1
    276e:	079e                	slli	a5,a5,0x7
    2770:	0785                	addi	a5,a5,1
    2772:	97a2                	add	a5,a5,s0
    2774:	c55c                	sw	a5,12(a0)
    2776:	75a000ef          	jal	ra,2ed0 <DMA_Cmd>
    277a:	00749513          	slli	a0,s1,0x7
    277e:	0505                	addi	a0,a0,1
    2780:	08000593          	li	a1,128
    2784:	9522                	add	a0,a0,s0
    2786:	e41ff0ef          	jal	ra,25c6 <RPLIDAR360_InputBytesFromISR.part.0.constprop.21>
    278a:	4432                	lw	s0,12(sp)
    278c:	44a2                	lw	s1,8(sp)
    278e:	4912                	lw	s2,4(sp)
    2790:	0141                	addi	sp,sp,16
    2792:	30200073          	mret

00002796 <APP_RPLIDAR_Init>:
    2796:	9c1fd2ef          	jal	t0,156 <__riscv_save_4>
    279a:	20002537          	lui	a0,0x20002
    279e:	7139                	addi	sp,sp,-64
    27a0:	10100613          	li	a2,257
    27a4:	dd850a13          	addi	s4,a0,-552 # 20001dd8 <g_lidar_dma>
    27a8:	4581                	li	a1,0
    27aa:	dd850513          	addi	a0,a0,-552
    27ae:	9f3fd0ef          	jal	ra,1a0 <memset>
    27b2:	6511                	lui	a0,0x4
    27b4:	4585                	li	a1,1
    27b6:	0511                	addi	a0,a0,4
    27b8:	c402                	sw	zero,8(sp)
    27ba:	c602                	sw	zero,12(sp)
    27bc:	c802                	sw	zero,16(sp)
    27be:	ca02                	sw	zero,20(sp)
    27c0:	cc02                	sw	zero,24(sp)
    27c2:	ce02                	sw	zero,28(sp)
    27c4:	d002                	sw	zero,32(sp)
    27c6:	c002                	sw	zero,0(sp)
    27c8:	c202                	sw	zero,4(sp)
    27ca:	1af000ef          	jal	ra,3178 <RCC_APB2PeriphClockCmd>
    27ce:	20000793          	li	a5,512
    27d2:	00f11423          	sh	a5,8(sp)
    27d6:	40011437          	lui	s0,0x40011
    27da:	478d                	li	a5,3
    27dc:	c63e                	sw	a5,12(sp)
    27de:	002c                	addi	a1,sp,8
    27e0:	47e1                	li	a5,24
    27e2:	80040513          	addi	a0,s0,-2048 # 40010800 <_eusrstack+0x2000b800>
    27e6:	c83e                	sw	a5,16(sp)
    27e8:	76c000ef          	jal	ra,2f54 <GPIO_Init>
    27ec:	40000993          	li	s3,1024
    27f0:	4791                	li	a5,4
    27f2:	002c                	addi	a1,sp,8
    27f4:	80040513          	addi	a0,s0,-2048
    27f8:	01311423          	sh	s3,8(sp)
    27fc:	c83e                	sw	a5,16(sp)
    27fe:	756000ef          	jal	ra,2f54 <GPIO_Init>
    2802:	67f1                	lui	a5,0x1c
    2804:	40014437          	lui	s0,0x40014
    2808:	20078793          	addi	a5,a5,512 # 1c200 <_data_lma+0x104f8>
    280c:	ca3e                	sw	a5,20(sp)
    280e:	084c                	addi	a1,sp,20
    2810:	000c07b7          	lui	a5,0xc0
    2814:	80040513          	addi	a0,s0,-2048 # 40013800 <_eusrstack+0x2000e800>
    2818:	ce3e                	sw	a5,28(sp)
    281a:	cc02                	sw	zero,24(sp)
    281c:	02011023          	sh	zero,32(sp)
    2820:	333000ef          	jal	ra,3352 <USART_Init>
    2824:	4605                	li	a2,1
    2826:	42400593          	li	a1,1060
    282a:	80040513          	addi	a0,s0,-2048
    282e:	3e9000ef          	jal	ra,3416 <USART_ITConfig>
    2832:	13500793          	li	a5,309
    2836:	4905                	li	s2,1
    2838:	00f11023          	sh	a5,0(sp)
    283c:	850a                	mv	a0,sp
    283e:	4785                	li	a5,1
    2840:	00f10123          	sb	a5,2(sp)
    2844:	c24a                	sw	s2,4(sp)
    2846:	7ea000ef          	jal	ra,3030 <NVIC_Init>
    284a:	80040513          	addi	a0,s0,-2048
    284e:	4585                	li	a1,1
    2850:	3ab000ef          	jal	ra,33fa <USART_Cmd>
    2854:	02c00613          	li	a2,44
    2858:	4581                	li	a1,0
    285a:	0848                	addi	a0,sp,20
    285c:	945fd0ef          	jal	ra,1a0 <memset>
    2860:	4585                	li	a1,1
    2862:	4505                	li	a0,1
    2864:	400204b7          	lui	s1,0x40020
    2868:	c402                	sw	zero,8(sp)
    286a:	c602                	sw	zero,12(sp)
    286c:	0ef000ef          	jal	ra,315a <RCC_AHBPeriphClockCmd>
    2870:	05848513          	addi	a0,s1,88 # 40020058 <_eusrstack+0x2001b058>
    2874:	232d                	jal	2d9e <DMA_DeInit>
    2876:	80440793          	addi	a5,s0,-2044
    287a:	ca3e                	sw	a5,20(sp)
    287c:	001a0793          	addi	a5,s4,1
    2880:	cc3e                	sw	a5,24(sp)
    2882:	08000793          	li	a5,128
    2886:	d03e                	sw	a5,32(sp)
    2888:	d43e                	sw	a5,40(sp)
    288a:	084c                	addi	a1,sp,20
    288c:	678d                	lui	a5,0x3
    288e:	05848513          	addi	a0,s1,88
    2892:	dc3e                	sw	a5,56(sp)
    2894:	ce02                	sw	zero,28(sp)
    2896:	d202                	sw	zero,36(sp)
    2898:	d602                	sw	zero,44(sp)
    289a:	d802                	sw	zero,48(sp)
    289c:	da02                	sw	zero,52(sp)
    289e:	de02                	sw	zero,60(sp)
    28a0:	2be5                	jal	2e98 <DMA_Init>
    28a2:	4605                	li	a2,1
    28a4:	4589                	li	a1,2
    28a6:	05848513          	addi	a0,s1,88
    28aa:	2d2d                	jal	2ee4 <DMA_ITConfig>
    28ac:	11f00793          	li	a5,287
    28b0:	0028                	addi	a0,sp,8
    28b2:	00f11423          	sh	a5,8(sp)
    28b6:	c64a                	sw	s2,12(sp)
    28b8:	00010523          	sb	zero,10(sp)
    28bc:	774000ef          	jal	ra,3030 <NVIC_Init>
    28c0:	00020537          	lui	a0,0x20
    28c4:	000a0023          	sb	zero,0(s4)
    28c8:	2541                	jal	2f48 <DMA_ClearITPendingBit>
    28ca:	05848513          	addi	a0,s1,88
    28ce:	4585                	li	a1,1
    28d0:	2501                	jal	2ed0 <DMA_Cmd>
    28d2:	80040513          	addi	a0,s0,-2048
    28d6:	4605                	li	a2,1
    28d8:	04000593          	li	a1,64
    28dc:	371000ef          	jal	ra,344c <USART_DMACmd>
    28e0:	20002537          	lui	a0,0x20002
    28e4:	edc50413          	addi	s0,a0,-292 # 20001edc <g_rplidar>
    28e8:	5cc00613          	li	a2,1484
    28ec:	4581                	li	a1,0
    28ee:	edc50513          	addi	a0,a0,-292
    28f2:	8affd0ef          	jal	ra,1a0 <memset>
    28f6:	200027b7          	lui	a5,0x20002
    28fa:	4a878793          	addi	a5,a5,1192 # 200024a8 <g_rplidar_ring_buf>
    28fe:	c01c                	sw	a5,0(s0)
    2900:	000027b7          	lui	a5,0x2
    2904:	54678793          	addi	a5,a5,1350 # 2546 <RPLIDAR_PortSend>
    2908:	c85c                	sw	a5,20(s0)
    290a:	000027b7          	lui	a5,0x2
    290e:	53a78793          	addi	a5,a5,1338 # 253a <RPLIDAR_PortDelayMs>
    2912:	5b000613          	li	a2,1456
    2916:	4581                	li	a1,0
    2918:	01c40513          	addi	a0,s0,28
    291c:	cc1c                	sw	a5,24(s0)
    291e:	01341223          	sh	s3,4(s0)
    2922:	87ffd0ef          	jal	ra,1a0 <memset>
    2926:	32000513          	li	a0,800
    292a:	5d242423          	sw	s2,1480(s0)
    292e:	3b5000ef          	jal	ra,34e2 <Delay_Ms>
    2932:	bc3ff0ef          	jal	ra,24f4 <LIDAR_DMA_RX_Reset>
    2936:	cf3ff0ef          	jal	ra,2628 <RPLIDAR360_StartScan.constprop.5>
    293a:	6121                	addi	sp,sp,64
    293c:	84ffd06f          	j	18a <__riscv_restore_4>

00002940 <APP_RPLIDAR_Task>:
    2940:	809fd2ef          	jal	t0,148 <__riscv_save_10>
    2944:	20002437          	lui	s0,0x20002
    2948:	edc40413          	addi	s0,s0,-292 # 20001edc <g_rplidar>
    294c:	6499                	lui	s1,0x6
    294e:	4991                	li	s3,4
    2950:	9ff48493          	addi	s1,s1,-1537 # 59ff <__umoddi3+0x235>
    2954:	01c40693          	addi	a3,s0,28
    2958:	82418913          	addi	s2,gp,-2012 # 20000214 <s_rplidar_scan_desc>
    295c:	00845703          	lhu	a4,8(s0)
    2960:	00645783          	lhu	a5,6(s0)
    2964:	07c2                	slli	a5,a5,0x10
    2966:	83c1                	srli	a5,a5,0x10
    2968:	16e78863          	beq	a5,a4,2ad8 <APP_RPLIDAR_Task+0x198>
    296c:	00845703          	lhu	a4,8(s0)
    2970:	401c                	lw	a5,0(s0)
    2972:	00445603          	lhu	a2,4(s0)
    2976:	97ba                	add	a5,a5,a4
    2978:	0007c703          	lbu	a4,0(a5)
    297c:	00845783          	lhu	a5,8(s0)
    2980:	0785                	addi	a5,a5,1
    2982:	07c2                	slli	a5,a5,0x10
    2984:	83c1                	srli	a5,a5,0x10
    2986:	00f41423          	sh	a5,8(s0)
    298a:	00845783          	lhu	a5,8(s0)
    298e:	00c7e463          	bltu	a5,a2,2996 <APP_RPLIDAR_Task+0x56>
    2992:	00041423          	sh	zero,8(s0)
    2996:	00a44783          	lbu	a5,10(s0)
    299a:	e3a1                	bnez	a5,29da <APP_RPLIDAR_Task+0x9a>
    299c:	00b44783          	lbu	a5,11(s0)
    29a0:	00f90633          	add	a2,s2,a5
    29a4:	00064603          	lbu	a2,0(a2)
    29a8:	00e61e63          	bne	a2,a4,29c4 <APP_RPLIDAR_Task+0x84>
    29ac:	0785                	addi	a5,a5,1
    29ae:	0ff7f793          	andi	a5,a5,255
    29b2:	4719                	li	a4,6
    29b4:	00f77d63          	bgeu	a4,a5,29ce <APP_RPLIDAR_Task+0x8e>
    29b8:	4785                	li	a5,1
    29ba:	00f41523          	sh	a5,10(s0)
    29be:	00040623          	sb	zero,12(s0)
    29c2:	bf69                	j	295c <APP_RPLIDAR_Task+0x1c>
    29c4:	0a500793          	li	a5,165
    29c8:	00f71663          	bne	a4,a5,29d4 <APP_RPLIDAR_Task+0x94>
    29cc:	4785                	li	a5,1
    29ce:	00f405a3          	sb	a5,11(s0)
    29d2:	b769                	j	295c <APP_RPLIDAR_Task+0x1c>
    29d4:	000405a3          	sb	zero,11(s0)
    29d8:	b751                	j	295c <APP_RPLIDAR_Task+0x1c>
    29da:	00c44783          	lbu	a5,12(s0)
    29de:	00f40633          	add	a2,s0,a5
    29e2:	0785                	addi	a5,a5,1
    29e4:	00e606a3          	sb	a4,13(a2)
    29e8:	0ff7f793          	andi	a5,a5,255
    29ec:	00f9e563          	bltu	s3,a5,29f6 <APP_RPLIDAR_Task+0xb6>
    29f0:	00f40623          	sb	a5,12(s0)
    29f4:	b7a5                	j	295c <APP_RPLIDAR_Task+0x1c>
    29f6:	00d44b03          	lbu	s6,13(s0)
    29fa:	00040623          	sb	zero,12(s0)
    29fe:	001b5793          	srli	a5,s6,0x1
    2a02:	00fb47b3          	xor	a5,s6,a5
    2a06:	8b85                	andi	a5,a5,1
    2a08:	c3f1                	beqz	a5,2acc <APP_RPLIDAR_Task+0x18c>
    2a0a:	00e44703          	lbu	a4,14(s0)
    2a0e:	00177793          	andi	a5,a4,1
    2a12:	cfcd                	beqz	a5,2acc <APP_RPLIDAR_Task+0x18c>
    2a14:	00f44783          	lbu	a5,15(s0)
    2a18:	8305                	srli	a4,a4,0x1
    2a1a:	079e                	slli	a5,a5,0x7
    2a1c:	8fd9                	or	a5,a5,a4
    2a1e:	0af4c763          	blt	s1,a5,2acc <APP_RPLIDAR_Task+0x18c>
    2a22:	01079a13          	slli	s4,a5,0x10
    2a26:	5c444783          	lbu	a5,1476(s0)
    2a2a:	010a5a13          	srli	s4,s4,0x10
    2a2e:	01044b83          	lbu	s7,16(s0)
    2a32:	01144a83          	lbu	s5,17(s0)
    2a36:	ebb5                	bnez	a5,2aaa <APP_RPLIDAR_Task+0x16a>
    2a38:	4785                	li	a5,1
    2a3a:	8536                	mv	a0,a3
    2a3c:	5a800613          	li	a2,1448
    2a40:	4581                	li	a1,0
    2a42:	5cf40223          	sb	a5,1476(s0)
    2a46:	f5afd0ef          	jal	ra,1a0 <memset>
    2a4a:	5c842783          	lw	a5,1480(s0)
    2a4e:	86aa                	mv	a3,a0
    2a50:	00278713          	addi	a4,a5,2
    2a54:	5ce42423          	sw	a4,1480(s0)
    2a58:	0785                	addi	a5,a5,1
    2a5a:	5cf42023          	sw	a5,1472(s0)
    2a5e:	008a9713          	slli	a4,s5,0x8
    2a62:	01776733          	or	a4,a4,s7
    2a66:	006a5793          	srli	a5,s4,0x6
    2a6a:	ee0709e3          	beqz	a4,295c <APP_RPLIDAR_Task+0x1c>
    2a6e:	8309                	srli	a4,a4,0x2
    2a70:	ee0706e3          	beqz	a4,295c <APP_RPLIDAR_Task+0x1c>
    2a74:	5bc45603          	lhu	a2,1468(s0)
    2a78:	078a                	slli	a5,a5,0x2
    2a7a:	0605                	addi	a2,a2,1
    2a7c:	5ac41e23          	sh	a2,1468(s0)
    2a80:	00f40633          	add	a2,s0,a5
    2a84:	01f64603          	lbu	a2,31(a2)
    2a88:	e611                	bnez	a2,2a94 <APP_RPLIDAR_Task+0x154>
    2a8a:	5be45603          	lhu	a2,1470(s0)
    2a8e:	0605                	addi	a2,a2,1
    2a90:	5ac41f23          	sh	a2,1470(s0)
    2a94:	97a2                	add	a5,a5,s0
    2a96:	00e79e23          	sh	a4,28(a5)
    2a9a:	002b5713          	srli	a4,s6,0x2
    2a9e:	00e78f23          	sb	a4,30(a5)
    2aa2:	4705                	li	a4,1
    2aa4:	00e78fa3          	sb	a4,31(a5)
    2aa8:	bd55                	j	295c <APP_RPLIDAR_Task+0x1c>
    2aaa:	001b7793          	andi	a5,s6,1
    2aae:	dbc5                	beqz	a5,2a5e <APP_RPLIDAR_Task+0x11e>
    2ab0:	8536                	mv	a0,a3
    2ab2:	5a800613          	li	a2,1448
    2ab6:	4581                	li	a1,0
    2ab8:	ee8fd0ef          	jal	ra,1a0 <memset>
    2abc:	5c842783          	lw	a5,1480(s0)
    2ac0:	86aa                	mv	a3,a0
    2ac2:	00178713          	addi	a4,a5,1
    2ac6:	5ce42423          	sw	a4,1480(s0)
    2aca:	bf41                	j	2a5a <APP_RPLIDAR_Task+0x11a>
    2acc:	00645783          	lhu	a5,6(s0)
    2ad0:	07c2                	slli	a5,a5,0x10
    2ad2:	83c1                	srli	a5,a5,0x10
    2ad4:	00f41423          	sh	a5,8(s0)
    2ad8:	ea8fd06f          	j	180 <__riscv_restore_10>

00002adc <APP_RPLIDAR_CopyCurrentFrame>:
    2adc:	cd11                	beqz	a0,2af8 <APP_RPLIDAR_CopyCurrentFrame+0x1c>
    2ade:	e92fd2ef          	jal	t0,170 <__riscv_save_0>
    2ae2:	200025b7          	lui	a1,0x20002
    2ae6:	5a800613          	li	a2,1448
    2aea:	ef858593          	addi	a1,a1,-264 # 20001ef8 <g_rplidar+0x1c>
    2aee:	083050ef          	jal	ra,8370 <memcpy>
    2af2:	4505                	li	a0,1
    2af4:	ea0fd06f          	j	194 <__riscv_restore_0>
    2af8:	4501                	li	a0,0
    2afa:	8082                	ret

00002afc <APP_RPLIDAR_CopyUsableFrame>:
    2afc:	e901                	bnez	a0,2b0c <APP_RPLIDAR_CopyUsableFrame+0x10>
    2afe:	4501                	li	a0,0
    2b00:	8082                	ret
    2b02:	4501                	li	a0,0
    2b04:	5b010113          	addi	sp,sp,1456
    2b08:	e8cfd06f          	j	194 <__riscv_restore_0>
    2b0c:	e64fd2ef          	jal	t0,170 <__riscv_save_0>
    2b10:	a5010113          	addi	sp,sp,-1456
    2b14:	200025b7          	lui	a1,0x20002
    2b18:	842a                	mv	s0,a0
    2b1a:	5a800613          	li	a2,1448
    2b1e:	ef858593          	addi	a1,a1,-264 # 20001ef8 <g_rplidar+0x1c>
    2b22:	0028                	addi	a0,sp,8
    2b24:	04d050ef          	jal	ra,8370 <memcpy>
    2b28:	5a815703          	lhu	a4,1448(sp)
    2b2c:	02f00793          	li	a5,47
    2b30:	fce7f9e3          	bgeu	a5,a4,2b02 <APP_RPLIDAR_CopyUsableFrame+0x6>
    2b34:	5aa15703          	lhu	a4,1450(sp)
    2b38:	47dd                	li	a5,23
    2b3a:	fce7f4e3          	bgeu	a5,a4,2b02 <APP_RPLIDAR_CopyUsableFrame+0x6>
    2b3e:	4701                	li	a4,0
    2b40:	f9700613          	li	a2,-105
    2b44:	06a00593          	li	a1,106
    2b48:	01061693          	slli	a3,a2,0x10
    2b4c:	82c1                	srli	a3,a3,0x10
    2b4e:	87b6                	mv	a5,a3
    2b50:	00065663          	bgez	a2,2b5c <APP_RPLIDAR_CopyUsableFrame+0x60>
    2b54:	16868793          	addi	a5,a3,360
    2b58:	07c2                	slli	a5,a5,0x10
    2b5a:	83c1                	srli	a5,a5,0x10
    2b5c:	078a                	slli	a5,a5,0x2
    2b5e:	5b010613          	addi	a2,sp,1456
    2b62:	97b2                	add	a5,a5,a2
    2b64:	a5b7c783          	lbu	a5,-1445(a5)
    2b68:	c781                	beqz	a5,2b70 <APP_RPLIDAR_CopyUsableFrame+0x74>
    2b6a:	0705                	addi	a4,a4,1
    2b6c:	0742                	slli	a4,a4,0x10
    2b6e:	8341                	srli	a4,a4,0x10
    2b70:	0685                	addi	a3,a3,1
    2b72:	01069613          	slli	a2,a3,0x10
    2b76:	8641                	srai	a2,a2,0x10
    2b78:	fcb618e3          	bne	a2,a1,2b48 <APP_RPLIDAR_CopyUsableFrame+0x4c>
    2b7c:	47dd                	li	a5,23
    2b7e:	f8e7f2e3          	bgeu	a5,a4,2b02 <APP_RPLIDAR_CopyUsableFrame+0x6>
    2b82:	5a800613          	li	a2,1448
    2b86:	002c                	addi	a1,sp,8
    2b88:	8522                	mv	a0,s0
    2b8a:	7e6050ef          	jal	ra,8370 <memcpy>
    2b8e:	4505                	li	a0,1
    2b90:	bf95                	j	2b04 <APP_RPLIDAR_CopyUsableFrame+0x8>

00002b92 <SystemInit>:
    2b92:	400217b7          	lui	a5,0x40021
    2b96:	4398                	lw	a4,0(a5)
    2b98:	f8ff06b7          	lui	a3,0xf8ff0
    2b9c:	1141                	addi	sp,sp,-16
    2b9e:	00176713          	ori	a4,a4,1
    2ba2:	c398                	sw	a4,0(a5)
    2ba4:	43d8                	lw	a4,4(a5)
    2ba6:	00020637          	lui	a2,0x20
    2baa:	8f75                	and	a4,a4,a3
    2bac:	c3d8                	sw	a4,4(a5)
    2bae:	4398                	lw	a4,0(a5)
    2bb0:	fef706b7          	lui	a3,0xfef70
    2bb4:	16fd                	addi	a3,a3,-1
    2bb6:	8f75                	and	a4,a4,a3
    2bb8:	c398                	sw	a4,0(a5)
    2bba:	4398                	lw	a4,0(a5)
    2bbc:	fffc06b7          	lui	a3,0xfffc0
    2bc0:	16fd                	addi	a3,a3,-1
    2bc2:	8f75                	and	a4,a4,a3
    2bc4:	c398                	sw	a4,0(a5)
    2bc6:	43d8                	lw	a4,4(a5)
    2bc8:	ff8106b7          	lui	a3,0xff810
    2bcc:	16fd                	addi	a3,a3,-1
    2bce:	8f75                	and	a4,a4,a3
    2bd0:	c3d8                	sw	a4,4(a5)
    2bd2:	009f0737          	lui	a4,0x9f0
    2bd6:	c798                	sw	a4,8(a5)
    2bd8:	c402                	sw	zero,8(sp)
    2bda:	c602                	sw	zero,12(sp)
    2bdc:	4398                	lw	a4,0(a5)
    2bde:	66c1                	lui	a3,0x10
    2be0:	8f55                	or	a4,a4,a3
    2be2:	c398                	sw	a4,0(a5)
    2be4:	400216b7          	lui	a3,0x40021
    2be8:	50000713          	li	a4,1280
    2bec:	429c                	lw	a5,0(a3)
    2bee:	8ff1                	and	a5,a5,a2
    2bf0:	c63e                	sw	a5,12(sp)
    2bf2:	47a2                	lw	a5,8(sp)
    2bf4:	0785                	addi	a5,a5,1
    2bf6:	c43e                	sw	a5,8(sp)
    2bf8:	47b2                	lw	a5,12(sp)
    2bfa:	e781                	bnez	a5,2c02 <SystemInit+0x70>
    2bfc:	47a2                	lw	a5,8(sp)
    2bfe:	fee797e3          	bne	a5,a4,2bec <SystemInit+0x5a>
    2c02:	400217b7          	lui	a5,0x40021
    2c06:	439c                	lw	a5,0(a5)
    2c08:	00e79713          	slli	a4,a5,0xe
    2c0c:	08075463          	bgez	a4,2c94 <SystemInit+0x102>
    2c10:	4785                	li	a5,1
    2c12:	c63e                	sw	a5,12(sp)
    2c14:	4732                	lw	a4,12(sp)
    2c16:	4785                	li	a5,1
    2c18:	06f71c63          	bne	a4,a5,2c90 <SystemInit+0xfe>
    2c1c:	400227b7          	lui	a5,0x40022
    2c20:	4398                	lw	a4,0(a5)
    2c22:	ffc106b7          	lui	a3,0xffc10
    2c26:	16fd                	addi	a3,a3,-1
    2c28:	01076713          	ori	a4,a4,16
    2c2c:	c398                	sw	a4,0(a5)
    2c2e:	4398                	lw	a4,0(a5)
    2c30:	9b71                	andi	a4,a4,-4
    2c32:	c398                	sw	a4,0(a5)
    2c34:	4398                	lw	a4,0(a5)
    2c36:	00276713          	ori	a4,a4,2
    2c3a:	c398                	sw	a4,0(a5)
    2c3c:	400217b7          	lui	a5,0x40021
    2c40:	43d8                	lw	a4,4(a5)
    2c42:	c3d8                	sw	a4,4(a5)
    2c44:	43d8                	lw	a4,4(a5)
    2c46:	c3d8                	sw	a4,4(a5)
    2c48:	43d8                	lw	a4,4(a5)
    2c4a:	40076713          	ori	a4,a4,1024
    2c4e:	c3d8                	sw	a4,4(a5)
    2c50:	43d8                	lw	a4,4(a5)
    2c52:	8f75                	and	a4,a4,a3
    2c54:	c3d8                	sw	a4,4(a5)
    2c56:	43d8                	lw	a4,4(a5)
    2c58:	001d06b7          	lui	a3,0x1d0
    2c5c:	8f55                	or	a4,a4,a3
    2c5e:	c3d8                	sw	a4,4(a5)
    2c60:	4398                	lw	a4,0(a5)
    2c62:	010006b7          	lui	a3,0x1000
    2c66:	8f55                	or	a4,a4,a3
    2c68:	c398                	sw	a4,0(a5)
    2c6a:	4398                	lw	a4,0(a5)
    2c6c:	00671693          	slli	a3,a4,0x6
    2c70:	fe06dde3          	bgez	a3,2c6a <SystemInit+0xd8>
    2c74:	43d8                	lw	a4,4(a5)
    2c76:	400216b7          	lui	a3,0x40021
    2c7a:	9b71                	andi	a4,a4,-4
    2c7c:	c3d8                	sw	a4,4(a5)
    2c7e:	43d8                	lw	a4,4(a5)
    2c80:	00276713          	ori	a4,a4,2
    2c84:	c3d8                	sw	a4,4(a5)
    2c86:	4721                	li	a4,8
    2c88:	42dc                	lw	a5,4(a3)
    2c8a:	8bb1                	andi	a5,a5,12
    2c8c:	fee79ee3          	bne	a5,a4,2c88 <SystemInit+0xf6>
    2c90:	0141                	addi	sp,sp,16
    2c92:	8082                	ret
    2c94:	c602                	sw	zero,12(sp)
    2c96:	bfbd                	j	2c14 <SystemInit+0x82>

00002c98 <SystemCoreClockUpdate>:
    2c98:	400216b7          	lui	a3,0x40021
    2c9c:	42dc                	lw	a5,4(a3)
    2c9e:	4611                	li	a2,4
    2ca0:	8bb1                	andi	a5,a5,12
    2ca2:	80818713          	addi	a4,gp,-2040 # 200001f8 <SystemCoreClock>
    2ca6:	00c78563          	beq	a5,a2,2cb0 <SystemCoreClockUpdate+0x18>
    2caa:	4621                	li	a2,8
    2cac:	02c78963          	beq	a5,a2,2cde <SystemCoreClockUpdate+0x46>
    2cb0:	007a17b7          	lui	a5,0x7a1
    2cb4:	20078793          	addi	a5,a5,512 # 7a1200 <_data_lma+0x7954f8>
    2cb8:	c31c                	sw	a5,0(a4)
    2cba:	400217b7          	lui	a5,0x40021
    2cbe:	43dc                	lw	a5,4(a5)
    2cc0:	8391                	srli	a5,a5,0x4
    2cc2:	00f7f693          	andi	a3,a5,15
    2cc6:	200007b7          	lui	a5,0x20000
    2cca:	00078793          	mv	a5,a5
    2cce:	97b6                	add	a5,a5,a3
    2cd0:	0007c683          	lbu	a3,0(a5) # 20000000 <_data_vma>
    2cd4:	431c                	lw	a5,0(a4)
    2cd6:	00d7d7b3          	srl	a5,a5,a3
    2cda:	c31c                	sw	a5,0(a4)
    2cdc:	8082                	ret
    2cde:	42dc                	lw	a5,4(a3)
    2ce0:	42d0                	lw	a2,4(a3)
    2ce2:	83c9                	srli	a5,a5,0x12
    2ce4:	8bbd                	andi	a5,a5,15
    2ce6:	00f61593          	slli	a1,a2,0xf
    2cea:	0789                	addi	a5,a5,2
    2cec:	0005cd63          	bltz	a1,2d06 <SystemCoreClockUpdate+0x6e>
    2cf0:	400246b7          	lui	a3,0x40024
    2cf4:	8006a683          	lw	a3,-2048(a3) # 40023800 <_eusrstack+0x2001e800>
    2cf8:	8ac1                	andi	a3,a3,16
    2cfa:	ca99                	beqz	a3,2d10 <SystemCoreClockUpdate+0x78>
    2cfc:	007a16b7          	lui	a3,0x7a1
    2d00:	20068693          	addi	a3,a3,512 # 7a1200 <_data_lma+0x7954f8>
    2d04:	a811                	j	2d18 <SystemCoreClockUpdate+0x80>
    2d06:	42d4                	lw	a3,4(a3)
    2d08:	00e69613          	slli	a2,a3,0xe
    2d0c:	fe0658e3          	bgez	a2,2cfc <SystemCoreClockUpdate+0x64>
    2d10:	003d16b7          	lui	a3,0x3d1
    2d14:	90068693          	addi	a3,a3,-1792 # 3d0900 <_data_lma+0x3c4bf8>
    2d18:	02d787b3          	mul	a5,a5,a3
    2d1c:	bf71                	j	2cb8 <SystemCoreClockUpdate+0x20>

00002d1e <ADC1_2_IRQHandler>:
    2d1e:	a001                	j	2d1e <ADC1_2_IRQHandler>

00002d20 <handle_reset>:
    2d20:	1fffe197          	auipc	gp,0x1fffe
    2d24:	cd018193          	addi	gp,gp,-816 # 200009f0 <__global_pointer$>
    2d28:	20002117          	auipc	sp,0x20002
    2d2c:	2d810113          	addi	sp,sp,728 # 20005000 <_eusrstack>
    2d30:	00009517          	auipc	a0,0x9
    2d34:	fd850513          	addi	a0,a0,-40 # bd08 <_data_lma>
    2d38:	1fffd597          	auipc	a1,0x1fffd
    2d3c:	2c858593          	addi	a1,a1,712 # 20000000 <_data_vma>
    2d40:	83018613          	addi	a2,gp,-2000 # 20000220 <_edata>
    2d44:	00c5fa63          	bgeu	a1,a2,2d58 <handle_reset+0x38>
    2d48:	00052283          	lw	t0,0(a0)
    2d4c:	0055a023          	sw	t0,0(a1)
    2d50:	0511                	addi	a0,a0,4
    2d52:	0591                	addi	a1,a1,4
    2d54:	fec5eae3          	bltu	a1,a2,2d48 <handle_reset+0x28>
    2d58:	83018513          	addi	a0,gp,-2000 # 20000220 <_edata>
    2d5c:	20000597          	auipc	a1,0x20000
    2d60:	b5058593          	addi	a1,a1,-1200 # 200028ac <_ebss>
    2d64:	00b57763          	bgeu	a0,a1,2d72 <handle_reset+0x52>
    2d68:	00052023          	sw	zero,0(a0)
    2d6c:	0511                	addi	a0,a0,4
    2d6e:	feb56de3          	bltu	a0,a1,2d68 <handle_reset+0x48>
    2d72:	08800293          	li	t0,136
    2d76:	30029073          	csrw	mstatus,t0
    2d7a:	ffffd297          	auipc	t0,0xffffd
    2d7e:	2be28293          	addi	t0,t0,702 # 38 <_einit>
    2d82:	0012e293          	ori	t0,t0,1
    2d86:	30529073          	csrw	mtvec,t0
    2d8a:	e09ff0ef          	jal	ra,2b92 <SystemInit>
    2d8e:	fffff297          	auipc	t0,0xfffff
    2d92:	5fe28293          	addi	t0,t0,1534 # 238c <main>
    2d96:	34129073          	csrw	mepc,t0
    2d9a:	30200073          	mret

00002d9e <DMA_DeInit>:
    2d9e:	411c                	lw	a5,0(a0)
    2da0:	6741                	lui	a4,0x10
    2da2:	1779                	addi	a4,a4,-2
    2da4:	8ff9                	and	a5,a5,a4
    2da6:	c11c                	sw	a5,0(a0)
    2da8:	00052023          	sw	zero,0(a0)
    2dac:	00052223          	sw	zero,4(a0)
    2db0:	00052423          	sw	zero,8(a0)
    2db4:	400207b7          	lui	a5,0x40020
    2db8:	00052623          	sw	zero,12(a0)
    2dbc:	00878713          	addi	a4,a5,8 # 40020008 <_eusrstack+0x2001b008>
    2dc0:	00e51763          	bne	a0,a4,2dce <DMA_DeInit+0x30>
    2dc4:	43d8                	lw	a4,4(a5)
    2dc6:	00f76713          	ori	a4,a4,15
    2dca:	c3d8                	sw	a4,4(a5)
    2dcc:	8082                	ret
    2dce:	01c78713          	addi	a4,a5,28
    2dd2:	00e51663          	bne	a0,a4,2dde <DMA_DeInit+0x40>
    2dd6:	43d8                	lw	a4,4(a5)
    2dd8:	0f076713          	ori	a4,a4,240
    2ddc:	b7fd                	j	2dca <DMA_DeInit+0x2c>
    2dde:	03078713          	addi	a4,a5,48
    2de2:	00e51863          	bne	a0,a4,2df2 <DMA_DeInit+0x54>
    2de6:	43d8                	lw	a4,4(a5)
    2de8:	6685                	lui	a3,0x1
    2dea:	f0068693          	addi	a3,a3,-256 # f00 <TIM1_Motor_Init+0x46>
    2dee:	8f55                	or	a4,a4,a3
    2df0:	bfe9                	j	2dca <DMA_DeInit+0x2c>
    2df2:	04478713          	addi	a4,a5,68
    2df6:	00e51563          	bne	a0,a4,2e00 <DMA_DeInit+0x62>
    2dfa:	43d8                	lw	a4,4(a5)
    2dfc:	66bd                	lui	a3,0xf
    2dfe:	bfc5                	j	2dee <DMA_DeInit+0x50>
    2e00:	05878713          	addi	a4,a5,88
    2e04:	00e51663          	bne	a0,a4,2e10 <DMA_DeInit+0x72>
    2e08:	43d8                	lw	a4,4(a5)
    2e0a:	000f06b7          	lui	a3,0xf0
    2e0e:	b7c5                	j	2dee <DMA_DeInit+0x50>
    2e10:	06c78713          	addi	a4,a5,108
    2e14:	00e51663          	bne	a0,a4,2e20 <DMA_DeInit+0x82>
    2e18:	43d8                	lw	a4,4(a5)
    2e1a:	00f006b7          	lui	a3,0xf00
    2e1e:	bfc1                	j	2dee <DMA_DeInit+0x50>
    2e20:	08078713          	addi	a4,a5,128
    2e24:	00e51663          	bne	a0,a4,2e30 <DMA_DeInit+0x92>
    2e28:	43d8                	lw	a4,4(a5)
    2e2a:	0f0006b7          	lui	a3,0xf000
    2e2e:	b7c1                	j	2dee <DMA_DeInit+0x50>
    2e30:	40878713          	addi	a4,a5,1032
    2e34:	00e51963          	bne	a0,a4,2e46 <DMA_DeInit+0xa8>
    2e38:	4047a703          	lw	a4,1028(a5)
    2e3c:	00f76713          	ori	a4,a4,15
    2e40:	40e7a223          	sw	a4,1028(a5)
    2e44:	8082                	ret
    2e46:	41c78713          	addi	a4,a5,1052
    2e4a:	00e51763          	bne	a0,a4,2e58 <DMA_DeInit+0xba>
    2e4e:	4047a703          	lw	a4,1028(a5)
    2e52:	0f076713          	ori	a4,a4,240
    2e56:	b7ed                	j	2e40 <DMA_DeInit+0xa2>
    2e58:	43078793          	addi	a5,a5,1072
    2e5c:	00f51b63          	bne	a0,a5,2e72 <DMA_DeInit+0xd4>
    2e60:	400207b7          	lui	a5,0x40020
    2e64:	4047a703          	lw	a4,1028(a5) # 40020404 <_eusrstack+0x2001b404>
    2e68:	6685                	lui	a3,0x1
    2e6a:	f0068693          	addi	a3,a3,-256 # f00 <TIM1_Motor_Init+0x46>
    2e6e:	8f55                	or	a4,a4,a3
    2e70:	bfc1                	j	2e40 <DMA_DeInit+0xa2>
    2e72:	400207b7          	lui	a5,0x40020
    2e76:	44478713          	addi	a4,a5,1092 # 40020444 <_eusrstack+0x2001b444>
    2e7a:	00e51663          	bne	a0,a4,2e86 <DMA_DeInit+0xe8>
    2e7e:	4047a703          	lw	a4,1028(a5)
    2e82:	66bd                	lui	a3,0xf
    2e84:	b7ed                	j	2e6e <DMA_DeInit+0xd0>
    2e86:	45878713          	addi	a4,a5,1112
    2e8a:	fae51de3          	bne	a0,a4,2e44 <DMA_DeInit+0xa6>
    2e8e:	4047a703          	lw	a4,1028(a5)
    2e92:	000f06b7          	lui	a3,0xf0
    2e96:	bfe1                	j	2e6e <DMA_DeInit+0xd0>

00002e98 <DMA_Init>:
    2e98:	411c                	lw	a5,0(a0)
    2e9a:	7761                	lui	a4,0xffff8
    2e9c:	073d                	addi	a4,a4,15
    2e9e:	5194                	lw	a3,32(a1)
    2ea0:	8f7d                	and	a4,a4,a5
    2ea2:	459c                	lw	a5,8(a1)
    2ea4:	8fd5                	or	a5,a5,a3
    2ea6:	4994                	lw	a3,16(a1)
    2ea8:	8fd5                	or	a5,a5,a3
    2eaa:	49d4                	lw	a3,20(a1)
    2eac:	8fd5                	or	a5,a5,a3
    2eae:	4d94                	lw	a3,24(a1)
    2eb0:	8fd5                	or	a5,a5,a3
    2eb2:	4dd4                	lw	a3,28(a1)
    2eb4:	8fd5                	or	a5,a5,a3
    2eb6:	51d4                	lw	a3,36(a1)
    2eb8:	8fd5                	or	a5,a5,a3
    2eba:	5594                	lw	a3,40(a1)
    2ebc:	8fd5                	or	a5,a5,a3
    2ebe:	8fd9                	or	a5,a5,a4
    2ec0:	c11c                	sw	a5,0(a0)
    2ec2:	45dc                	lw	a5,12(a1)
    2ec4:	c15c                	sw	a5,4(a0)
    2ec6:	419c                	lw	a5,0(a1)
    2ec8:	c51c                	sw	a5,8(a0)
    2eca:	41dc                	lw	a5,4(a1)
    2ecc:	c55c                	sw	a5,12(a0)
    2ece:	8082                	ret

00002ed0 <DMA_Cmd>:
    2ed0:	411c                	lw	a5,0(a0)
    2ed2:	c589                	beqz	a1,2edc <DMA_Cmd+0xc>
    2ed4:	0017e793          	ori	a5,a5,1
    2ed8:	c11c                	sw	a5,0(a0)
    2eda:	8082                	ret
    2edc:	6741                	lui	a4,0x10
    2ede:	1779                	addi	a4,a4,-2
    2ee0:	8ff9                	and	a5,a5,a4
    2ee2:	bfdd                	j	2ed8 <DMA_Cmd+0x8>

00002ee4 <DMA_ITConfig>:
    2ee4:	411c                	lw	a5,0(a0)
    2ee6:	c601                	beqz	a2,2eee <DMA_ITConfig+0xa>
    2ee8:	8ddd                	or	a1,a1,a5
    2eea:	c10c                	sw	a1,0(a0)
    2eec:	8082                	ret
    2eee:	fff5c593          	not	a1,a1
    2ef2:	8dfd                	and	a1,a1,a5
    2ef4:	bfdd                	j	2eea <DMA_ITConfig+0x6>

00002ef6 <DMA_SetCurrDataCounter>:
    2ef6:	c14c                	sw	a1,4(a0)
    2ef8:	8082                	ret

00002efa <DMA_GetCurrDataCounter>:
    2efa:	4148                	lw	a0,4(a0)
    2efc:	0542                	slli	a0,a0,0x10
    2efe:	8141                	srli	a0,a0,0x10
    2f00:	8082                	ret

00002f02 <DMA_GetFlagStatus>:
    2f02:	00351793          	slli	a5,a0,0x3
    2f06:	0007da63          	bgez	a5,2f1a <DMA_GetFlagStatus+0x18>
    2f0a:	400207b7          	lui	a5,0x40020
    2f0e:	4007a783          	lw	a5,1024(a5) # 40020400 <_eusrstack+0x2001b400>
    2f12:	8d7d                	and	a0,a0,a5
    2f14:	00a03533          	snez	a0,a0
    2f18:	8082                	ret
    2f1a:	400207b7          	lui	a5,0x40020
    2f1e:	439c                	lw	a5,0(a5)
    2f20:	bfcd                	j	2f12 <DMA_GetFlagStatus+0x10>

00002f22 <DMA_ClearFlag>:
    2f22:	00351793          	slli	a5,a0,0x3
    2f26:	0007d763          	bgez	a5,2f34 <DMA_ClearFlag+0x12>
    2f2a:	400207b7          	lui	a5,0x40020
    2f2e:	40a7a223          	sw	a0,1028(a5) # 40020404 <_eusrstack+0x2001b404>
    2f32:	8082                	ret
    2f34:	400207b7          	lui	a5,0x40020
    2f38:	c3c8                	sw	a0,4(a5)
    2f3a:	8082                	ret

00002f3c <DMA_GetITStatus>:
    2f3c:	a34fd2ef          	jal	t0,170 <__riscv_save_0>
    2f40:	fc3ff0ef          	jal	ra,2f02 <DMA_GetFlagStatus>
    2f44:	a50fd06f          	j	194 <__riscv_restore_0>

00002f48 <DMA_ClearITPendingBit>:
    2f48:	a28fd2ef          	jal	t0,170 <__riscv_save_0>
    2f4c:	fd7ff0ef          	jal	ra,2f22 <DMA_ClearFlag>
    2f50:	a44fd06f          	j	194 <__riscv_restore_0>

00002f54 <GPIO_Init>:
    2f54:	459c                	lw	a5,8(a1)
    2f56:	0107f713          	andi	a4,a5,16
    2f5a:	00f7f813          	andi	a6,a5,15
    2f5e:	c701                	beqz	a4,2f66 <GPIO_Init+0x12>
    2f60:	41d8                	lw	a4,4(a1)
    2f62:	00e86833          	or	a6,a6,a4
    2f66:	0005d583          	lhu	a1,0(a1)
    2f6a:	0ff5f713          	andi	a4,a1,255
    2f6e:	c339                	beqz	a4,2fb4 <GPIO_Init+0x60>
    2f70:	4118                	lw	a4,0(a0)
    2f72:	4681                	li	a3,0
    2f74:	4e85                	li	t4,1
    2f76:	4f3d                	li	t5,15
    2f78:	02800f93          	li	t6,40
    2f7c:	04800293          	li	t0,72
    2f80:	4e21                	li	t3,8
    2f82:	00de9633          	sll	a2,t4,a3
    2f86:	00c5f8b3          	and	a7,a1,a2
    2f8a:	03161163          	bne	a2,a7,2fac <GPIO_Init+0x58>
    2f8e:	00269893          	slli	a7,a3,0x2
    2f92:	011f1333          	sll	t1,t5,a7
    2f96:	fff34313          	not	t1,t1
    2f9a:	00e37733          	and	a4,t1,a4
    2f9e:	011818b3          	sll	a7,a6,a7
    2fa2:	00e8e733          	or	a4,a7,a4
    2fa6:	05f79f63          	bne	a5,t6,3004 <GPIO_Init+0xb0>
    2faa:	c950                	sw	a2,20(a0)
    2fac:	0685                	addi	a3,a3,1
    2fae:	fdc69ae3          	bne	a3,t3,2f82 <GPIO_Init+0x2e>
    2fb2:	c118                	sw	a4,0(a0)
    2fb4:	0ff00713          	li	a4,255
    2fb8:	04b77563          	bgeu	a4,a1,3002 <GPIO_Init+0xae>
    2fbc:	4154                	lw	a3,4(a0)
    2fbe:	4621                	li	a2,8
    2fc0:	4e85                	li	t4,1
    2fc2:	4f3d                	li	t5,15
    2fc4:	02800f93          	li	t6,40
    2fc8:	04800293          	li	t0,72
    2fcc:	4e41                	li	t3,16
    2fce:	00ce98b3          	sll	a7,t4,a2
    2fd2:	0115f733          	and	a4,a1,a7
    2fd6:	02e89263          	bne	a7,a4,2ffa <GPIO_Init+0xa6>
    2fda:	00261713          	slli	a4,a2,0x2
    2fde:	1701                	addi	a4,a4,-32
    2fe0:	00ef1333          	sll	t1,t5,a4
    2fe4:	fff34313          	not	t1,t1
    2fe8:	00d376b3          	and	a3,t1,a3
    2fec:	00e81733          	sll	a4,a6,a4
    2ff0:	8ed9                	or	a3,a3,a4
    2ff2:	01f79d63          	bne	a5,t6,300c <GPIO_Init+0xb8>
    2ff6:	01152a23          	sw	a7,20(a0)
    2ffa:	0605                	addi	a2,a2,1
    2ffc:	fdc619e3          	bne	a2,t3,2fce <GPIO_Init+0x7a>
    3000:	c154                	sw	a3,4(a0)
    3002:	8082                	ret
    3004:	fa5794e3          	bne	a5,t0,2fac <GPIO_Init+0x58>
    3008:	c910                	sw	a2,16(a0)
    300a:	b74d                	j	2fac <GPIO_Init+0x58>
    300c:	fe5797e3          	bne	a5,t0,2ffa <GPIO_Init+0xa6>
    3010:	01152823          	sw	a7,16(a0)
    3014:	b7dd                	j	2ffa <GPIO_Init+0xa6>

00003016 <GPIO_WriteBit>:
    3016:	c219                	beqz	a2,301c <GPIO_WriteBit+0x6>
    3018:	c90c                	sw	a1,16(a0)
    301a:	8082                	ret
    301c:	c94c                	sw	a1,20(a0)
    301e:	8082                	ret

00003020 <NVIC_PriorityGroupConfig>:
    3020:	e000e7b7          	lui	a5,0xe000e
    3024:	fa050737          	lui	a4,0xfa050
    3028:	c7b8                	sw	a4,72(a5)
    302a:	84a1aa23          	sw	a0,-1964(gp) # 20000244 <NVIC_Priority_Group>
    302e:	8082                	ret

00003030 <NVIC_Init>:
    3030:	8541a683          	lw	a3,-1964(gp) # 20000244 <NVIC_Priority_Group>
    3034:	4785                	li	a5,1
    3036:	00054703          	lbu	a4,0(a0)
    303a:	02f69263          	bne	a3,a5,305e <NVIC_Init+0x2e>
    303e:	00154783          	lbu	a5,1(a0)
    3042:	02d79d63          	bne	a5,a3,307c <NVIC_Init+0x4c>
    3046:	00254783          	lbu	a5,2(a0)
    304a:	0792                	slli	a5,a5,0x4
    304c:	f807e793          	ori	a5,a5,-128
    3050:	e000e6b7          	lui	a3,0xe000e
    3054:	0ff7f793          	andi	a5,a5,255
    3058:	96ba                	add	a3,a3,a4
    305a:	40f68023          	sb	a5,1024(a3) # e000e400 <_eusrstack+0xc0009400>
    305e:	4685                	li	a3,1
    3060:	00575793          	srli	a5,a4,0x5
    3064:	00e696b3          	sll	a3,a3,a4
    3068:	4158                	lw	a4,4(a0)
    306a:	cf11                	beqz	a4,3086 <NVIC_Init+0x56>
    306c:	04078793          	addi	a5,a5,64 # e000e040 <_eusrstack+0xc0009040>
    3070:	078a                	slli	a5,a5,0x2
    3072:	e000e737          	lui	a4,0xe000e
    3076:	97ba                	add	a5,a5,a4
    3078:	c394                	sw	a3,0(a5)
    307a:	8082                	ret
    307c:	f3ed                	bnez	a5,305e <NVIC_Init+0x2e>
    307e:	00254783          	lbu	a5,2(a0)
    3082:	0792                	slli	a5,a5,0x4
    3084:	b7f1                	j	3050 <NVIC_Init+0x20>
    3086:	e000e737          	lui	a4,0xe000e
    308a:	06078793          	addi	a5,a5,96
    308e:	4330                	lw	a2,64(a4)
    3090:	45c1                	li	a1,16
    3092:	078a                	slli	a5,a5,0x2
    3094:	c32c                	sw	a1,64(a4)
    3096:	97ba                	add	a5,a5,a4
    3098:	c394                	sw	a3,0(a5)
    309a:	c330                	sw	a2,64(a4)
    309c:	8082                	ret

0000309e <RCC_GetClocksFreq>:
    309e:	40021737          	lui	a4,0x40021
    30a2:	435c                	lw	a5,4(a4)
    30a4:	4691                	li	a3,4
    30a6:	8bb1                	andi	a5,a5,12
    30a8:	00d78563          	beq	a5,a3,30b2 <RCC_GetClocksFreq+0x14>
    30ac:	46a1                	li	a3,8
    30ae:	06d78663          	beq	a5,a3,311a <RCC_GetClocksFreq+0x7c>
    30b2:	007a17b7          	lui	a5,0x7a1
    30b6:	20078793          	addi	a5,a5,512 # 7a1200 <_data_lma+0x7954f8>
    30ba:	c11c                	sw	a5,0(a0)
    30bc:	40021637          	lui	a2,0x40021
    30c0:	425c                	lw	a5,4(a2)
    30c2:	20000737          	lui	a4,0x20000
    30c6:	01070713          	addi	a4,a4,16 # 20000010 <APBAHBPrescTable>
    30ca:	8391                	srli	a5,a5,0x4
    30cc:	8bbd                	andi	a5,a5,15
    30ce:	97ba                	add	a5,a5,a4
    30d0:	0007c683          	lbu	a3,0(a5)
    30d4:	411c                	lw	a5,0(a0)
    30d6:	00d7d7b3          	srl	a5,a5,a3
    30da:	c15c                	sw	a5,4(a0)
    30dc:	4254                	lw	a3,4(a2)
    30de:	82a1                	srli	a3,a3,0x8
    30e0:	8a9d                	andi	a3,a3,7
    30e2:	96ba                	add	a3,a3,a4
    30e4:	0006c683          	lbu	a3,0(a3)
    30e8:	00d7d6b3          	srl	a3,a5,a3
    30ec:	c514                	sw	a3,8(a0)
    30ee:	4254                	lw	a3,4(a2)
    30f0:	82ad                	srli	a3,a3,0xb
    30f2:	8a9d                	andi	a3,a3,7
    30f4:	9736                	add	a4,a4,a3
    30f6:	00074703          	lbu	a4,0(a4)
    30fa:	00e7d7b3          	srl	a5,a5,a4
    30fe:	c55c                	sw	a5,12(a0)
    3100:	4258                	lw	a4,4(a2)
    3102:	8339                	srli	a4,a4,0xe
    3104:	00377693          	andi	a3,a4,3
    3108:	80c18713          	addi	a4,gp,-2036 # 200001fc <ADCPrescTable>
    310c:	9736                	add	a4,a4,a3
    310e:	00074703          	lbu	a4,0(a4)
    3112:	02e7d7b3          	divu	a5,a5,a4
    3116:	c91c                	sw	a5,16(a0)
    3118:	8082                	ret
    311a:	435c                	lw	a5,4(a4)
    311c:	4354                	lw	a3,4(a4)
    311e:	83c9                	srli	a5,a5,0x12
    3120:	8bbd                	andi	a5,a5,15
    3122:	00f69613          	slli	a2,a3,0xf
    3126:	0789                	addi	a5,a5,2
    3128:	00064d63          	bltz	a2,3142 <RCC_GetClocksFreq+0xa4>
    312c:	40024737          	lui	a4,0x40024
    3130:	80072703          	lw	a4,-2048(a4) # 40023800 <_eusrstack+0x2001e800>
    3134:	8b41                	andi	a4,a4,16
    3136:	cb19                	beqz	a4,314c <RCC_GetClocksFreq+0xae>
    3138:	007a1737          	lui	a4,0x7a1
    313c:	20070713          	addi	a4,a4,512 # 7a1200 <_data_lma+0x7954f8>
    3140:	a811                	j	3154 <RCC_GetClocksFreq+0xb6>
    3142:	4358                	lw	a4,4(a4)
    3144:	00e71693          	slli	a3,a4,0xe
    3148:	fe06d8e3          	bgez	a3,3138 <RCC_GetClocksFreq+0x9a>
    314c:	003d1737          	lui	a4,0x3d1
    3150:	90070713          	addi	a4,a4,-1792 # 3d0900 <_data_lma+0x3c4bf8>
    3154:	02e787b3          	mul	a5,a5,a4
    3158:	b78d                	j	30ba <RCC_GetClocksFreq+0x1c>

0000315a <RCC_AHBPeriphClockCmd>:
    315a:	c599                	beqz	a1,3168 <RCC_AHBPeriphClockCmd+0xe>
    315c:	40021737          	lui	a4,0x40021
    3160:	4b5c                	lw	a5,20(a4)
    3162:	8d5d                	or	a0,a0,a5
    3164:	cb48                	sw	a0,20(a4)
    3166:	8082                	ret
    3168:	400217b7          	lui	a5,0x40021
    316c:	4bd8                	lw	a4,20(a5)
    316e:	fff54513          	not	a0,a0
    3172:	8d79                	and	a0,a0,a4
    3174:	cbc8                	sw	a0,20(a5)
    3176:	8082                	ret

00003178 <RCC_APB2PeriphClockCmd>:
    3178:	c599                	beqz	a1,3186 <RCC_APB2PeriphClockCmd+0xe>
    317a:	40021737          	lui	a4,0x40021
    317e:	4f1c                	lw	a5,24(a4)
    3180:	8d5d                	or	a0,a0,a5
    3182:	cf08                	sw	a0,24(a4)
    3184:	8082                	ret
    3186:	400217b7          	lui	a5,0x40021
    318a:	4f98                	lw	a4,24(a5)
    318c:	fff54513          	not	a0,a0
    3190:	8d79                	and	a0,a0,a4
    3192:	cf88                	sw	a0,24(a5)
    3194:	8082                	ret

00003196 <RCC_APB1PeriphClockCmd>:
    3196:	c599                	beqz	a1,31a4 <RCC_APB1PeriphClockCmd+0xe>
    3198:	40021737          	lui	a4,0x40021
    319c:	4f5c                	lw	a5,28(a4)
    319e:	8d5d                	or	a0,a0,a5
    31a0:	cf48                	sw	a0,28(a4)
    31a2:	8082                	ret
    31a4:	400217b7          	lui	a5,0x40021
    31a8:	4fd8                	lw	a4,28(a5)
    31aa:	fff54513          	not	a0,a0
    31ae:	8d79                	and	a0,a0,a4
    31b0:	cfc8                	sw	a0,28(a5)
    31b2:	8082                	ret

000031b4 <TIM_TimeBaseInit>:
    31b4:	00055783          	lhu	a5,0(a0)
    31b8:	40013737          	lui	a4,0x40013
    31bc:	c0070713          	addi	a4,a4,-1024 # 40012c00 <_eusrstack+0x2000dc00>
    31c0:	07c2                	slli	a5,a5,0x10
    31c2:	83c1                	srli	a5,a5,0x10
    31c4:	02e50063          	beq	a0,a4,31e4 <TIM_TimeBaseInit+0x30>
    31c8:	40000737          	lui	a4,0x40000
    31cc:	00e50c63          	beq	a0,a4,31e4 <TIM_TimeBaseInit+0x30>
    31d0:	40070713          	addi	a4,a4,1024 # 40000400 <_eusrstack+0x1fffb400>
    31d4:	00e50863          	beq	a0,a4,31e4 <TIM_TimeBaseInit+0x30>
    31d8:	40001737          	lui	a4,0x40001
    31dc:	80070713          	addi	a4,a4,-2048 # 40000800 <_eusrstack+0x1fffb800>
    31e0:	00e51763          	bne	a0,a4,31ee <TIM_TimeBaseInit+0x3a>
    31e4:	0025d703          	lhu	a4,2(a1)
    31e8:	f8f7f793          	andi	a5,a5,-113
    31ec:	8fd9                	or	a5,a5,a4
    31ee:	0065d703          	lhu	a4,6(a1)
    31f2:	cff7f793          	andi	a5,a5,-769
    31f6:	07c2                	slli	a5,a5,0x10
    31f8:	83c1                	srli	a5,a5,0x10
    31fa:	8fd9                	or	a5,a5,a4
    31fc:	00f51023          	sh	a5,0(a0)
    3200:	0045d783          	lhu	a5,4(a1)
    3204:	02f51623          	sh	a5,44(a0)
    3208:	0005d783          	lhu	a5,0(a1)
    320c:	02f51423          	sh	a5,40(a0)
    3210:	400137b7          	lui	a5,0x40013
    3214:	c0078793          	addi	a5,a5,-1024 # 40012c00 <_eusrstack+0x2000dc00>
    3218:	00f51663          	bne	a0,a5,3224 <TIM_TimeBaseInit+0x70>
    321c:	0085c783          	lbu	a5,8(a1)
    3220:	02f51823          	sh	a5,48(a0)
    3224:	4785                	li	a5,1
    3226:	00f51a23          	sh	a5,20(a0)
    322a:	8082                	ret

0000322c <TIM_OC1Init>:
    322c:	02055783          	lhu	a5,32(a0)
    3230:	0005d603          	lhu	a2,0(a1)
    3234:	0025d803          	lhu	a6,2(a1)
    3238:	07c2                	slli	a5,a5,0x10
    323a:	83c1                	srli	a5,a5,0x10
    323c:	9bf9                	andi	a5,a5,-2
    323e:	07c2                	slli	a5,a5,0x10
    3240:	83c1                	srli	a5,a5,0x10
    3242:	02f51023          	sh	a5,32(a0)
    3246:	02055783          	lhu	a5,32(a0)
    324a:	00455683          	lhu	a3,4(a0)
    324e:	01855703          	lhu	a4,24(a0)
    3252:	07c2                	slli	a5,a5,0x10
    3254:	83c1                	srli	a5,a5,0x10
    3256:	0742                	slli	a4,a4,0x10
    3258:	8341                	srli	a4,a4,0x10
    325a:	f8c77713          	andi	a4,a4,-116
    325e:	8f51                	or	a4,a4,a2
    3260:	0085d603          	lhu	a2,8(a1)
    3264:	9bf5                	andi	a5,a5,-3
    3266:	06c2                	slli	a3,a3,0x10
    3268:	01066633          	or	a2,a2,a6
    326c:	8fd1                	or	a5,a5,a2
    326e:	40013637          	lui	a2,0x40013
    3272:	c0060613          	addi	a2,a2,-1024 # 40012c00 <_eusrstack+0x2000dc00>
    3276:	82c1                	srli	a3,a3,0x10
    3278:	02c51363          	bne	a0,a2,329e <TIM_OC1Init+0x72>
    327c:	00a5d603          	lhu	a2,10(a1)
    3280:	9bdd                	andi	a5,a5,-9
    3282:	00e5d803          	lhu	a6,14(a1)
    3286:	8fd1                	or	a5,a5,a2
    3288:	0045d603          	lhu	a2,4(a1)
    328c:	9bed                	andi	a5,a5,-5
    328e:	cff6f693          	andi	a3,a3,-769
    3292:	8fd1                	or	a5,a5,a2
    3294:	00c5d603          	lhu	a2,12(a1)
    3298:	01066633          	or	a2,a2,a6
    329c:	8ed1                	or	a3,a3,a2
    329e:	00d51223          	sh	a3,4(a0)
    32a2:	00e51c23          	sh	a4,24(a0)
    32a6:	0065d703          	lhu	a4,6(a1)
    32aa:	02e51a23          	sh	a4,52(a0)
    32ae:	02f51023          	sh	a5,32(a0)
    32b2:	8082                	ret

000032b4 <TIM_Cmd>:
    32b4:	00055783          	lhu	a5,0(a0)
    32b8:	c591                	beqz	a1,32c4 <TIM_Cmd+0x10>
    32ba:	0017e793          	ori	a5,a5,1
    32be:	00f51023          	sh	a5,0(a0)
    32c2:	8082                	ret
    32c4:	07c2                	slli	a5,a5,0x10
    32c6:	83c1                	srli	a5,a5,0x10
    32c8:	9bf9                	andi	a5,a5,-2
    32ca:	07c2                	slli	a5,a5,0x10
    32cc:	83c1                	srli	a5,a5,0x10
    32ce:	bfc5                	j	32be <TIM_Cmd+0xa>

000032d0 <TIM_CtrlPWMOutputs>:
    32d0:	04455783          	lhu	a5,68(a0)
    32d4:	c591                	beqz	a1,32e0 <TIM_CtrlPWMOutputs+0x10>
    32d6:	6721                	lui	a4,0x8
    32d8:	8fd9                	or	a5,a5,a4
    32da:	04f51223          	sh	a5,68(a0)
    32de:	8082                	ret
    32e0:	07c6                	slli	a5,a5,0x11
    32e2:	83c5                	srli	a5,a5,0x11
    32e4:	bfdd                	j	32da <TIM_CtrlPWMOutputs+0xa>

000032e6 <TIM_ARRPreloadConfig>:
    32e6:	00055783          	lhu	a5,0(a0)
    32ea:	c591                	beqz	a1,32f6 <TIM_ARRPreloadConfig+0x10>
    32ec:	0807e793          	ori	a5,a5,128
    32f0:	00f51023          	sh	a5,0(a0)
    32f4:	8082                	ret
    32f6:	07c2                	slli	a5,a5,0x10
    32f8:	83c1                	srli	a5,a5,0x10
    32fa:	f7f7f793          	andi	a5,a5,-129
    32fe:	07c2                	slli	a5,a5,0x10
    3300:	83c1                	srli	a5,a5,0x10
    3302:	b7fd                	j	32f0 <TIM_ARRPreloadConfig+0xa>

00003304 <TIM_OC1PreloadConfig>:
    3304:	01855783          	lhu	a5,24(a0)
    3308:	07c2                	slli	a5,a5,0x10
    330a:	83c1                	srli	a5,a5,0x10
    330c:	9bdd                	andi	a5,a5,-9
    330e:	8ddd                	or	a1,a1,a5
    3310:	00b51c23          	sh	a1,24(a0)
    3314:	8082                	ret

00003316 <TIM_SetCompare1>:
    3316:	02b51a23          	sh	a1,52(a0)
    331a:	8082                	ret

0000331c <TIM_GetCapture1>:
    331c:	03455503          	lhu	a0,52(a0)
    3320:	8082                	ret

00003322 <TIM_GetCapture2>:
    3322:	03855503          	lhu	a0,56(a0)
    3326:	8082                	ret

00003328 <TIM_GetITStatus>:
    3328:	01055783          	lhu	a5,16(a0)
    332c:	00c55503          	lhu	a0,12(a0)
    3330:	8fed                	and	a5,a5,a1
    3332:	0542                	slli	a0,a0,0x10
    3334:	8141                	srli	a0,a0,0x10
    3336:	c789                	beqz	a5,3340 <TIM_GetITStatus+0x18>
    3338:	8d6d                	and	a0,a0,a1
    333a:	00a03533          	snez	a0,a0
    333e:	8082                	ret
    3340:	4501                	li	a0,0
    3342:	8082                	ret

00003344 <TIM_ClearITPendingBit>:
    3344:	fff5c593          	not	a1,a1
    3348:	05c2                	slli	a1,a1,0x10
    334a:	81c1                	srli	a1,a1,0x10
    334c:	00b51823          	sh	a1,16(a0)
    3350:	8082                	ret

00003352 <USART_Init>:
    3352:	e1ffc2ef          	jal	t0,170 <__riscv_save_0>
    3356:	01055683          	lhu	a3,16(a0)
    335a:	77f5                	lui	a5,0xffffd
    335c:	17fd                	addi	a5,a5,-1
    335e:	8ff5                	and	a5,a5,a3
    3360:	0065d683          	lhu	a3,6(a1)
    3364:	00c5d703          	lhu	a4,12(a1)
    3368:	7179                	addi	sp,sp,-48
    336a:	8fd5                	or	a5,a5,a3
    336c:	00f51823          	sh	a5,16(a0)
    3370:	00c55683          	lhu	a3,12(a0)
    3374:	77fd                	lui	a5,0xfffff
    3376:	9f378793          	addi	a5,a5,-1549 # ffffe9f3 <_eusrstack+0xdfff99f3>
    337a:	8ff5                	and	a5,a5,a3
    337c:	0045d683          	lhu	a3,4(a1)
    3380:	842a                	mv	s0,a0
    3382:	c62e                	sw	a1,12(sp)
    3384:	8fd5                	or	a5,a5,a3
    3386:	0085d683          	lhu	a3,8(a1)
    338a:	8fd5                	or	a5,a5,a3
    338c:	00a5d683          	lhu	a3,10(a1)
    3390:	8fd5                	or	a5,a5,a3
    3392:	00f51623          	sh	a5,12(a0)
    3396:	01455783          	lhu	a5,20(a0)
    339a:	07c2                	slli	a5,a5,0x10
    339c:	83c1                	srli	a5,a5,0x10
    339e:	cff7f793          	andi	a5,a5,-769
    33a2:	8fd9                	or	a5,a5,a4
    33a4:	00f51a23          	sh	a5,20(a0)
    33a8:	0868                	addi	a0,sp,28
    33aa:	cf5ff0ef          	jal	ra,309e <RCC_GetClocksFreq>
    33ae:	400147b7          	lui	a5,0x40014
    33b2:	80078793          	addi	a5,a5,-2048 # 40013800 <_eusrstack+0x2000e800>
    33b6:	45b2                	lw	a1,12(sp)
    33b8:	02f41f63          	bne	s0,a5,33f6 <USART_Init+0xa4>
    33bc:	57a2                	lw	a5,40(sp)
    33be:	4765                	li	a4,25
    33c0:	02e787b3          	mul	a5,a5,a4
    33c4:	4198                	lw	a4,0(a1)
    33c6:	06400693          	li	a3,100
    33ca:	070a                	slli	a4,a4,0x2
    33cc:	02e7d7b3          	divu	a5,a5,a4
    33d0:	02d7d733          	divu	a4,a5,a3
    33d4:	02d7f7b3          	remu	a5,a5,a3
    33d8:	0712                	slli	a4,a4,0x4
    33da:	0792                	slli	a5,a5,0x4
    33dc:	03278793          	addi	a5,a5,50
    33e0:	02d7d7b3          	divu	a5,a5,a3
    33e4:	8bbd                	andi	a5,a5,15
    33e6:	8fd9                	or	a5,a5,a4
    33e8:	07c2                	slli	a5,a5,0x10
    33ea:	83c1                	srli	a5,a5,0x10
    33ec:	00f41423          	sh	a5,8(s0)
    33f0:	6145                	addi	sp,sp,48
    33f2:	da3fc06f          	j	194 <__riscv_restore_0>
    33f6:	5792                	lw	a5,36(sp)
    33f8:	b7d9                	j	33be <USART_Init+0x6c>

000033fa <USART_Cmd>:
    33fa:	c981                	beqz	a1,340a <USART_Cmd+0x10>
    33fc:	00c55783          	lhu	a5,12(a0)
    3400:	6709                	lui	a4,0x2
    3402:	8fd9                	or	a5,a5,a4
    3404:	00f51623          	sh	a5,12(a0)
    3408:	8082                	ret
    340a:	00c55703          	lhu	a4,12(a0)
    340e:	77f9                	lui	a5,0xffffe
    3410:	17fd                	addi	a5,a5,-1
    3412:	8ff9                	and	a5,a5,a4
    3414:	bfc5                	j	3404 <USART_Cmd+0xa>

00003416 <USART_ITConfig>:
    3416:	0ff5f713          	andi	a4,a1,255
    341a:	4785                	li	a5,1
    341c:	8315                	srli	a4,a4,0x5
    341e:	00b795b3          	sll	a1,a5,a1
    3422:	00f71963          	bne	a4,a5,3434 <USART_ITConfig+0x1e>
    3426:	00c50793          	addi	a5,a0,12
    342a:	4398                	lw	a4,0(a5)
    342c:	ce01                	beqz	a2,3444 <USART_ITConfig+0x2e>
    342e:	8dd9                	or	a1,a1,a4
    3430:	c38c                	sw	a1,0(a5)
    3432:	8082                	ret
    3434:	4689                	li	a3,2
    3436:	01450793          	addi	a5,a0,20
    343a:	fed718e3          	bne	a4,a3,342a <USART_ITConfig+0x14>
    343e:	01050793          	addi	a5,a0,16
    3442:	b7e5                	j	342a <USART_ITConfig+0x14>
    3444:	fff5c593          	not	a1,a1
    3448:	8df9                	and	a1,a1,a4
    344a:	b7dd                	j	3430 <USART_ITConfig+0x1a>

0000344c <USART_DMACmd>:
    344c:	01455783          	lhu	a5,20(a0)
    3450:	c609                	beqz	a2,345a <USART_DMACmd+0xe>
    3452:	8ddd                	or	a1,a1,a5
    3454:	00b51a23          	sh	a1,20(a0)
    3458:	8082                	ret
    345a:	fff5c593          	not	a1,a1
    345e:	8dfd                	and	a1,a1,a5
    3460:	bfd5                	j	3454 <USART_DMACmd+0x8>

00003462 <USART_SendData>:
    3462:	1ff5f593          	andi	a1,a1,511
    3466:	00b51223          	sh	a1,4(a0)
    346a:	8082                	ret

0000346c <USART_GetFlagStatus>:
    346c:	00055503          	lhu	a0,0(a0)
    3470:	8d6d                	and	a0,a0,a1
    3472:	00a03533          	snez	a0,a0
    3476:	8082                	ret

00003478 <USART_GetITStatus>:
    3478:	0ff5f713          	andi	a4,a1,255
    347c:	4685                	li	a3,1
    347e:	8315                	srli	a4,a4,0x5
    3480:	00b697b3          	sll	a5,a3,a1
    3484:	02d71363          	bne	a4,a3,34aa <USART_GetITStatus+0x32>
    3488:	00c55703          	lhu	a4,12(a0)
    348c:	8ff9                	and	a5,a5,a4
    348e:	00055703          	lhu	a4,0(a0)
    3492:	4501                	li	a0,0
    3494:	0742                	slli	a4,a4,0x10
    3496:	8341                	srli	a4,a4,0x10
    3498:	cb81                	beqz	a5,34a8 <USART_GetITStatus+0x30>
    349a:	4505                	li	a0,1
    349c:	81a1                	srli	a1,a1,0x8
    349e:	00b515b3          	sll	a1,a0,a1
    34a2:	8f6d                	and	a4,a4,a1
    34a4:	00e03533          	snez	a0,a4
    34a8:	8082                	ret
    34aa:	4689                	li	a3,2
    34ac:	00d71563          	bne	a4,a3,34b6 <USART_GetITStatus+0x3e>
    34b0:	01055703          	lhu	a4,16(a0)
    34b4:	bfe1                	j	348c <USART_GetITStatus+0x14>
    34b6:	01455703          	lhu	a4,20(a0)
    34ba:	bfc9                	j	348c <USART_GetITStatus+0x14>

000034bc <Delay_Init>:
    34bc:	8081a783          	lw	a5,-2040(gp) # 200001f8 <SystemCoreClock>
    34c0:	007a1737          	lui	a4,0x7a1
    34c4:	20070713          	addi	a4,a4,512 # 7a1200 <_data_lma+0x7954f8>
    34c8:	02e7d7b3          	divu	a5,a5,a4
    34cc:	0ff7f793          	andi	a5,a5,255
    34d0:	84f18d23          	sb	a5,-1958(gp) # 2000024a <p_us>
    34d4:	3e800713          	li	a4,1000
    34d8:	02e787b3          	mul	a5,a5,a4
    34dc:	84f19c23          	sh	a5,-1960(gp) # 20000248 <p_ms>
    34e0:	8082                	ret

000034e2 <Delay_Ms>:
    34e2:	e000f7b7          	lui	a5,0xe000f
    34e6:	0007a023          	sw	zero,0(a5) # e000f000 <_eusrstack+0xc000a000>
    34ea:	8581d703          	lhu	a4,-1960(gp) # 20000248 <p_ms>
    34ee:	00078223          	sb	zero,4(a5)
    34f2:	000782a3          	sb	zero,5(a5)
    34f6:	00078323          	sb	zero,6(a5)
    34fa:	02a70533          	mul	a0,a4,a0
    34fe:	000783a3          	sb	zero,7(a5)
    3502:	4705                	li	a4,1
    3504:	c398                	sw	a4,0(a5)
    3506:	e000f737          	lui	a4,0xe000f
    350a:	435c                	lw	a5,4(a4)
    350c:	fef57fe3          	bgeu	a0,a5,350a <Delay_Ms+0x28>
    3510:	8082                	ret

00003512 <_write>:
    3512:	c45fc2ef          	jal	t0,156 <__riscv_save_4>
    3516:	400054b7          	lui	s1,0x40005
    351a:	89ae                	mv	s3,a1
    351c:	8932                	mv	s2,a2
    351e:	4401                	li	s0,0
    3520:	80048493          	addi	s1,s1,-2048 # 40004800 <_eusrstack+0x1ffff800>
    3524:	01244563          	blt	s0,s2,352e <_write+0x1c>
    3528:	854a                	mv	a0,s2
    352a:	c61fc06f          	j	18a <__riscv_restore_4>
    352e:	04000593          	li	a1,64
    3532:	8526                	mv	a0,s1
    3534:	f39ff0ef          	jal	ra,346c <USART_GetFlagStatus>
    3538:	d97d                	beqz	a0,352e <_write+0x1c>
    353a:	008987b3          	add	a5,s3,s0
    353e:	00078583          	lb	a1,0(a5)
    3542:	8526                	mv	a0,s1
    3544:	0405                	addi	s0,s0,1
    3546:	05c2                	slli	a1,a1,0x10
    3548:	81c1                	srli	a1,a1,0x10
    354a:	f19ff0ef          	jal	ra,3462 <USART_SendData>
    354e:	bfd9                	j	3524 <_write+0x12>

00003550 <_sbrk>:
    3550:	81018713          	addi	a4,gp,-2032 # 20000200 <curbrk.4779>
    3554:	431c                	lw	a5,0(a4)
    3556:	200036b7          	lui	a3,0x20003
    355a:	8ac68693          	addi	a3,a3,-1876 # 200028ac <_ebss>
    355e:	953e                	add	a0,a0,a5
    3560:	00d56b63          	bltu	a0,a3,3576 <_sbrk+0x26>
    3564:	200056b7          	lui	a3,0x20005
    3568:	80068693          	addi	a3,a3,-2048 # 20004800 <_heap_end>
    356c:	00a6e563          	bltu	a3,a0,3576 <_sbrk+0x26>
    3570:	c308                	sw	a0,0(a4)
    3572:	853e                	mv	a0,a5
    3574:	8082                	ret
    3576:	57fd                	li	a5,-1
    3578:	bfed                	j	3572 <_sbrk+0x22>

0000357a <cosf>:
    357a:	1101                	addi	sp,sp,-32
    357c:	cc22                	sw	s0,24(sp)
    357e:	80000437          	lui	s0,0x80000
    3582:	fff44793          	not	a5,s0
    3586:	3f491737          	lui	a4,0x3f491
    358a:	ce06                	sw	ra,28(sp)
    358c:	8fe9                	and	a5,a5,a0
    358e:	fd870713          	addi	a4,a4,-40 # 3f490fd8 <_eusrstack+0x1f48bfd8>
    3592:	02f75d63          	bge	a4,a5,35cc <cosf+0x52>
    3596:	7f800737          	lui	a4,0x7f800
    359a:	00e7c963          	blt	a5,a4,35ac <cosf+0x32>
    359e:	85aa                	mv	a1,a0
    35a0:	582040ef          	jal	ra,7b22 <__subsf3>
    35a4:	40f2                	lw	ra,28(sp)
    35a6:	4462                	lw	s0,24(sp)
    35a8:	6105                	addi	sp,sp,32
    35aa:	8082                	ret
    35ac:	002c                	addi	a1,sp,8
    35ae:	260d                	jal	38d0 <__ieee754_rem_pio2f>
    35b0:	890d                	andi	a0,a0,3
    35b2:	4785                	li	a5,1
    35b4:	02f50463          	beq	a0,a5,35dc <cosf+0x62>
    35b8:	4789                	li	a5,2
    35ba:	45b2                	lw	a1,12(sp)
    35bc:	02f50b63          	beq	a0,a5,35f2 <cosf+0x78>
    35c0:	c50d                	beqz	a0,35ea <cosf+0x70>
    35c2:	4522                	lw	a0,8(sp)
    35c4:	4605                	li	a2,1
    35c6:	12c010ef          	jal	ra,46f2 <__kernel_sinf>
    35ca:	bfe9                	j	35a4 <cosf+0x2a>
    35cc:	00000593          	li	a1,0
    35d0:	730000ef          	jal	ra,3d00 <__kernel_cosf>
    35d4:	40f2                	lw	ra,28(sp)
    35d6:	4462                	lw	s0,24(sp)
    35d8:	6105                	addi	sp,sp,32
    35da:	8082                	ret
    35dc:	45b2                	lw	a1,12(sp)
    35de:	4522                	lw	a0,8(sp)
    35e0:	4605                	li	a2,1
    35e2:	110010ef          	jal	ra,46f2 <__kernel_sinf>
    35e6:	8d21                	xor	a0,a0,s0
    35e8:	bf75                	j	35a4 <cosf+0x2a>
    35ea:	4522                	lw	a0,8(sp)
    35ec:	714000ef          	jal	ra,3d00 <__kernel_cosf>
    35f0:	bf55                	j	35a4 <cosf+0x2a>
    35f2:	4522                	lw	a0,8(sp)
    35f4:	70c000ef          	jal	ra,3d00 <__kernel_cosf>
    35f8:	8d21                	xor	a0,a0,s0
    35fa:	b76d                	j	35a4 <cosf+0x2a>

000035fc <sinf>:
    35fc:	1101                	addi	sp,sp,-32
    35fe:	cc22                	sw	s0,24(sp)
    3600:	80000437          	lui	s0,0x80000
    3604:	fff44793          	not	a5,s0
    3608:	3f491737          	lui	a4,0x3f491
    360c:	ce06                	sw	ra,28(sp)
    360e:	8fe9                	and	a5,a5,a0
    3610:	fd870713          	addi	a4,a4,-40 # 3f490fd8 <_eusrstack+0x1f48bfd8>
    3614:	02f75d63          	bge	a4,a5,364e <sinf+0x52>
    3618:	7f800737          	lui	a4,0x7f800
    361c:	00e7c963          	blt	a5,a4,362e <sinf+0x32>
    3620:	85aa                	mv	a1,a0
    3622:	500040ef          	jal	ra,7b22 <__subsf3>
    3626:	40f2                	lw	ra,28(sp)
    3628:	4462                	lw	s0,24(sp)
    362a:	6105                	addi	sp,sp,32
    362c:	8082                	ret
    362e:	002c                	addi	a1,sp,8
    3630:	2445                	jal	38d0 <__ieee754_rem_pio2f>
    3632:	890d                	andi	a0,a0,3
    3634:	4785                	li	a5,1
    3636:	02f50563          	beq	a0,a5,3660 <sinf+0x64>
    363a:	4789                	li	a5,2
    363c:	45b2                	lw	a1,12(sp)
    363e:	02f50a63          	beq	a0,a5,3672 <sinf+0x76>
    3642:	c11d                	beqz	a0,3668 <sinf+0x6c>
    3644:	4522                	lw	a0,8(sp)
    3646:	6ba000ef          	jal	ra,3d00 <__kernel_cosf>
    364a:	8d21                	xor	a0,a0,s0
    364c:	bfe9                	j	3626 <sinf+0x2a>
    364e:	4601                	li	a2,0
    3650:	00000593          	li	a1,0
    3654:	09e010ef          	jal	ra,46f2 <__kernel_sinf>
    3658:	40f2                	lw	ra,28(sp)
    365a:	4462                	lw	s0,24(sp)
    365c:	6105                	addi	sp,sp,32
    365e:	8082                	ret
    3660:	45b2                	lw	a1,12(sp)
    3662:	4522                	lw	a0,8(sp)
    3664:	2d71                	jal	3d00 <__kernel_cosf>
    3666:	b7c1                	j	3626 <sinf+0x2a>
    3668:	4522                	lw	a0,8(sp)
    366a:	4605                	li	a2,1
    366c:	086010ef          	jal	ra,46f2 <__kernel_sinf>
    3670:	bf5d                	j	3626 <sinf+0x2a>
    3672:	4522                	lw	a0,8(sp)
    3674:	4605                	li	a2,1
    3676:	07c010ef          	jal	ra,46f2 <__kernel_sinf>
    367a:	8d21                	xor	a0,a0,s0
    367c:	b76d                	j	3626 <sinf+0x2a>

0000367e <atan2f>:
    367e:	a86d                	j	3738 <__ieee754_atan2f>

00003680 <sqrtf>:
    3680:	7139                	addi	sp,sp,-64
    3682:	dc22                	sw	s0,56(sp)
    3684:	da26                	sw	s1,52(sp)
    3686:	d84a                	sw	s2,48(sp)
    3688:	de06                	sw	ra,60(sp)
    368a:	842a                	mv	s0,a0
    368c:	2b61                	jal	3c24 <__ieee754_sqrtf>
    368e:	81418793          	addi	a5,gp,-2028 # 20000204 <__fdlib_version>
    3692:	4384                	lw	s1,0(a5)
    3694:	57fd                	li	a5,-1
    3696:	892a                	mv	s2,a0
    3698:	00f48e63          	beq	s1,a5,36b4 <sqrtf+0x34>
    369c:	85a2                	mv	a1,s0
    369e:	8522                	mv	a0,s0
    36a0:	00b040ef          	jal	ra,7eaa <__unordsf2>
    36a4:	e901                	bnez	a0,36b4 <sqrtf+0x34>
    36a6:	00000593          	li	a1,0
    36aa:	8522                	mv	a0,s0
    36ac:	156040ef          	jal	ra,7802 <__lesf2>
    36b0:	00054963          	bltz	a0,36c2 <sqrtf+0x42>
    36b4:	50f2                	lw	ra,60(sp)
    36b6:	5462                	lw	s0,56(sp)
    36b8:	854a                	mv	a0,s2
    36ba:	54d2                	lw	s1,52(sp)
    36bc:	5942                	lw	s2,48(sp)
    36be:	6121                	addi	sp,sp,64
    36c0:	8082                	ret
    36c2:	4785                	li	a5,1
    36c4:	c43e                	sw	a5,8(sp)
    36c6:	8522                	mv	a0,s0
    36c8:	00008797          	auipc	a5,0x8
    36cc:	ca478793          	addi	a5,a5,-860 # b36c <OLED_F8x16+0x654>
    36d0:	c63e                	sw	a5,12(sp)
    36d2:	d402                	sw	zero,40(sp)
    36d4:	209040ef          	jal	ra,80dc <__extendsfdf2>
    36d8:	cc2a                	sw	a0,24(sp)
    36da:	ce2e                	sw	a1,28(sp)
    36dc:	c82a                	sw	a0,16(sp)
    36de:	ca2e                	sw	a1,20(sp)
    36e0:	cc9d                	beqz	s1,371e <sqrtf+0x9e>
    36e2:	4601                	li	a2,0
    36e4:	4681                	li	a3,0
    36e6:	8532                	mv	a0,a2
    36e8:	85b6                	mv	a1,a3
    36ea:	46e020ef          	jal	ra,5b58 <__divdf3>
    36ee:	d02a                	sw	a0,32(sp)
    36f0:	d22e                	sw	a1,36(sp)
    36f2:	4789                	li	a5,2
    36f4:	02f49763          	bne	s1,a5,3722 <sqrtf+0xa2>
    36f8:	471040ef          	jal	ra,8368 <__errno>
    36fc:	02100793          	li	a5,33
    3700:	c11c                	sw	a5,0(a0)
    3702:	57a2                	lw	a5,40(sp)
    3704:	e78d                	bnez	a5,372e <sqrtf+0xae>
    3706:	5502                	lw	a0,32(sp)
    3708:	5592                	lw	a1,36(sp)
    370a:	27f040ef          	jal	ra,8188 <__truncdfsf2>
    370e:	50f2                	lw	ra,60(sp)
    3710:	5462                	lw	s0,56(sp)
    3712:	892a                	mv	s2,a0
    3714:	854a                	mv	a0,s2
    3716:	54d2                	lw	s1,52(sp)
    3718:	5942                	lw	s2,48(sp)
    371a:	6121                	addi	sp,sp,64
    371c:	8082                	ret
    371e:	d002                	sw	zero,32(sp)
    3720:	d202                	sw	zero,36(sp)
    3722:	0028                	addi	a0,sp,8
    3724:	0fa010ef          	jal	ra,481e <matherr>
    3728:	d961                	beqz	a0,36f8 <sqrtf+0x78>
    372a:	57a2                	lw	a5,40(sp)
    372c:	dfe9                	beqz	a5,3706 <sqrtf+0x86>
    372e:	43b040ef          	jal	ra,8368 <__errno>
    3732:	57a2                	lw	a5,40(sp)
    3734:	c11c                	sw	a5,0(a0)
    3736:	bfc1                	j	3706 <sqrtf+0x86>

00003738 <__ieee754_atan2f>:
    3738:	800007b7          	lui	a5,0x80000
    373c:	1141                	addi	sp,sp,-16
    373e:	fff7c793          	not	a5,a5
    3742:	872e                	mv	a4,a1
    3744:	c606                	sw	ra,12(sp)
    3746:	c422                	sw	s0,8(sp)
    3748:	8dfd                	and	a1,a1,a5
    374a:	7f800637          	lui	a2,0x7f800
    374e:	86aa                	mv	a3,a0
    3750:	04b64063          	blt	a2,a1,3790 <__ieee754_atan2f+0x58>
    3754:	8fe9                	and	a5,a5,a0
    3756:	832a                	mv	t1,a0
    3758:	02f64c63          	blt	a2,a5,3790 <__ieee754_atan2f+0x58>
    375c:	3f8008b7          	lui	a7,0x3f800
    3760:	0f170263          	beq	a4,a7,3844 <__ieee754_atan2f+0x10c>
    3764:	41e75413          	srai	s0,a4,0x1e
    3768:	8809                	andi	s0,s0,2
    376a:	817d                	srli	a0,a0,0x1f
    376c:	8c49                	or	s0,s0,a0
    376e:	eb8d                	bnez	a5,37a0 <__ieee754_atan2f+0x68>
    3770:	4789                	li	a5,2
    3772:	0af40063          	beq	s0,a5,3812 <__ieee754_atan2f+0xda>
    3776:	478d                	li	a5,3
    3778:	8536                	mv	a0,a3
    377a:	00f41f63          	bne	s0,a5,3798 <__ieee754_atan2f+0x60>
    377e:	40b2                	lw	ra,12(sp)
    3780:	4422                	lw	s0,8(sp)
    3782:	00008797          	auipc	a5,0x8
    3786:	bfa78793          	addi	a5,a5,-1030 # b37c <OLED_F8x16+0x664>
    378a:	4388                	lw	a0,0(a5)
    378c:	0141                	addi	sp,sp,16
    378e:	8082                	ret
    3790:	85b6                	mv	a1,a3
    3792:	853a                	mv	a0,a4
    3794:	171030ef          	jal	ra,7104 <__addsf3>
    3798:	40b2                	lw	ra,12(sp)
    379a:	4422                	lw	s0,8(sp)
    379c:	0141                	addi	sp,sp,16
    379e:	8082                	ret
    37a0:	c1ad                	beqz	a1,3802 <__ieee754_atan2f+0xca>
    37a2:	06c58e63          	beq	a1,a2,381e <__ieee754_atan2f+0xe6>
    37a6:	04c78e63          	beq	a5,a2,3802 <__ieee754_atan2f+0xca>
    37aa:	8f8d                	sub	a5,a5,a1
    37ac:	87dd                	srai	a5,a5,0x17
    37ae:	03c00613          	li	a2,60
    37b2:	08f64e63          	blt	a2,a5,384e <__ieee754_atan2f+0x116>
    37b6:	00075863          	bgez	a4,37c6 <__ieee754_atan2f+0x8e>
    37ba:	fc400613          	li	a2,-60
    37be:	00000513          	li	a0,0
    37c2:	00c7ca63          	blt	a5,a2,37d6 <__ieee754_atan2f+0x9e>
    37c6:	85ba                	mv	a1,a4
    37c8:	8536                	mv	a0,a3
    37ca:	4a5030ef          	jal	ra,746e <__divsf3>
    37ce:	2dc010ef          	jal	ra,4aaa <fabsf>
    37d2:	050010ef          	jal	ra,4822 <atanf>
    37d6:	4785                	li	a5,1
    37d8:	0cf40663          	beq	s0,a5,38a4 <__ieee754_atan2f+0x16c>
    37dc:	4789                	li	a5,2
    37de:	0af40363          	beq	s0,a5,3884 <__ieee754_atan2f+0x14c>
    37e2:	d85d                	beqz	s0,3798 <__ieee754_atan2f+0x60>
    37e4:	00008797          	auipc	a5,0x8
    37e8:	bb478793          	addi	a5,a5,-1100 # b398 <OLED_F8x16+0x680>
    37ec:	438c                	lw	a1,0(a5)
    37ee:	117030ef          	jal	ra,7104 <__addsf3>
    37f2:	00008797          	auipc	a5,0x8
    37f6:	b8678793          	addi	a5,a5,-1146 # b378 <OLED_F8x16+0x660>
    37fa:	438c                	lw	a1,0(a5)
    37fc:	326040ef          	jal	ra,7b22 <__subsf3>
    3800:	bf61                	j	3798 <__ieee754_atan2f+0x60>
    3802:	06034b63          	bltz	t1,3878 <__ieee754_atan2f+0x140>
    3806:	00008797          	auipc	a5,0x8
    380a:	b6e78793          	addi	a5,a5,-1170 # b374 <OLED_F8x16+0x65c>
    380e:	4388                	lw	a0,0(a5)
    3810:	b761                	j	3798 <__ieee754_atan2f+0x60>
    3812:	00008797          	auipc	a5,0x8
    3816:	b6678793          	addi	a5,a5,-1178 # b378 <OLED_F8x16+0x660>
    381a:	4388                	lw	a0,0(a5)
    381c:	bfb5                	j	3798 <__ieee754_atan2f+0x60>
    381e:	02b78e63          	beq	a5,a1,385a <__ieee754_atan2f+0x122>
    3822:	4789                	li	a5,2
    3824:	fef407e3          	beq	s0,a5,3812 <__ieee754_atan2f+0xda>
    3828:	478d                	li	a5,3
    382a:	f4f40ae3          	beq	s0,a5,377e <__ieee754_atan2f+0x46>
    382e:	4785                	li	a5,1
    3830:	00000513          	li	a0,0
    3834:	f6f412e3          	bne	s0,a5,3798 <__ieee754_atan2f+0x60>
    3838:	00008797          	auipc	a5,0x8
    383c:	b4878793          	addi	a5,a5,-1208 # b380 <OLED_F8x16+0x668>
    3840:	4388                	lw	a0,0(a5)
    3842:	bf99                	j	3798 <__ieee754_atan2f+0x60>
    3844:	4422                	lw	s0,8(sp)
    3846:	40b2                	lw	ra,12(sp)
    3848:	0141                	addi	sp,sp,16
    384a:	7d90006f          	j	4822 <atanf>
    384e:	00008797          	auipc	a5,0x8
    3852:	b2678793          	addi	a5,a5,-1242 # b374 <OLED_F8x16+0x65c>
    3856:	4388                	lw	a0,0(a5)
    3858:	bfbd                	j	37d6 <__ieee754_atan2f+0x9e>
    385a:	4789                	li	a5,2
    385c:	06f40463          	beq	s0,a5,38c4 <__ieee754_atan2f+0x18c>
    3860:	478d                	li	a5,3
    3862:	04f40b63          	beq	s0,a5,38b8 <__ieee754_atan2f+0x180>
    3866:	4785                	li	a5,1
    3868:	04f40263          	beq	s0,a5,38ac <__ieee754_atan2f+0x174>
    386c:	00008797          	auipc	a5,0x8
    3870:	b2478793          	addi	a5,a5,-1244 # b390 <OLED_F8x16+0x678>
    3874:	4388                	lw	a0,0(a5)
    3876:	b70d                	j	3798 <__ieee754_atan2f+0x60>
    3878:	00008797          	auipc	a5,0x8
    387c:	b0c78793          	addi	a5,a5,-1268 # b384 <OLED_F8x16+0x66c>
    3880:	4388                	lw	a0,0(a5)
    3882:	bf19                	j	3798 <__ieee754_atan2f+0x60>
    3884:	00008797          	auipc	a5,0x8
    3888:	b1478793          	addi	a5,a5,-1260 # b398 <OLED_F8x16+0x680>
    388c:	438c                	lw	a1,0(a5)
    388e:	077030ef          	jal	ra,7104 <__addsf3>
    3892:	00008797          	auipc	a5,0x8
    3896:	ae678793          	addi	a5,a5,-1306 # b378 <OLED_F8x16+0x660>
    389a:	85aa                	mv	a1,a0
    389c:	4388                	lw	a0,0(a5)
    389e:	284040ef          	jal	ra,7b22 <__subsf3>
    38a2:	bddd                	j	3798 <__ieee754_atan2f+0x60>
    38a4:	800007b7          	lui	a5,0x80000
    38a8:	8d3d                	xor	a0,a0,a5
    38aa:	b5fd                	j	3798 <__ieee754_atan2f+0x60>
    38ac:	00008797          	auipc	a5,0x8
    38b0:	ae878793          	addi	a5,a5,-1304 # b394 <OLED_F8x16+0x67c>
    38b4:	4388                	lw	a0,0(a5)
    38b6:	b5cd                	j	3798 <__ieee754_atan2f+0x60>
    38b8:	00008797          	auipc	a5,0x8
    38bc:	ad478793          	addi	a5,a5,-1324 # b38c <OLED_F8x16+0x674>
    38c0:	4388                	lw	a0,0(a5)
    38c2:	bdd9                	j	3798 <__ieee754_atan2f+0x60>
    38c4:	00008797          	auipc	a5,0x8
    38c8:	ac478793          	addi	a5,a5,-1340 # b388 <OLED_F8x16+0x670>
    38cc:	4388                	lw	a0,0(a5)
    38ce:	b5e9                	j	3798 <__ieee754_atan2f+0x60>

000038d0 <__ieee754_rem_pio2f>:
    38d0:	7139                	addi	sp,sp,-64
    38d2:	dc22                	sw	s0,56(sp)
    38d4:	3f491737          	lui	a4,0x3f491
    38d8:	00151413          	slli	s0,a0,0x1
    38dc:	de06                	sw	ra,60(sp)
    38de:	da26                	sw	s1,52(sp)
    38e0:	d84a                	sw	s2,48(sp)
    38e2:	d64e                	sw	s3,44(sp)
    38e4:	d452                	sw	s4,40(sp)
    38e6:	d256                	sw	s5,36(sp)
    38e8:	d05a                	sw	s6,32(sp)
    38ea:	ce5e                	sw	s7,28(sp)
    38ec:	cc62                	sw	s8,24(sp)
    38ee:	8005                	srli	s0,s0,0x1
    38f0:	fd870713          	addi	a4,a4,-40 # 3f490fd8 <_eusrstack+0x1f48bfd8>
    38f4:	12875263          	bge	a4,s0,3a18 <__ieee754_rem_pio2f+0x148>
    38f8:	4016d737          	lui	a4,0x4016d
    38fc:	be370713          	addi	a4,a4,-1053 # 4016cbe3 <_eusrstack+0x20167be3>
    3900:	89aa                	mv	s3,a0
    3902:	84ae                	mv	s1,a1
    3904:	06874163          	blt	a4,s0,3966 <__ieee754_rem_pio2f+0x96>
    3908:	00008797          	auipc	a5,0x8
    390c:	a9478793          	addi	a5,a5,-1388 # b39c <OLED_F8x16+0x684>
    3910:	9841                	andi	s0,s0,-16
    3912:	438c                	lw	a1,0(a5)
    3914:	2aa05e63          	blez	a0,3bd0 <__ieee754_rem_pio2f+0x300>
    3918:	20a040ef          	jal	ra,7b22 <__subsf3>
    391c:	3fc917b7          	lui	a5,0x3fc91
    3920:	fd078793          	addi	a5,a5,-48 # 3fc90fd0 <_eusrstack+0x1fc8bfd0>
    3924:	892a                	mv	s2,a0
    3926:	10f40663          	beq	s0,a5,3a32 <__ieee754_rem_pio2f+0x162>
    392a:	00008417          	auipc	s0,0x8
    392e:	a7640413          	addi	s0,s0,-1418 # b3a0 <OLED_F8x16+0x688>
    3932:	400c                	lw	a1,0(s0)
    3934:	4b85                	li	s7,1
    3936:	1ec040ef          	jal	ra,7b22 <__subsf3>
    393a:	85aa                	mv	a1,a0
    393c:	c088                	sw	a0,0(s1)
    393e:	854a                	mv	a0,s2
    3940:	1e2040ef          	jal	ra,7b22 <__subsf3>
    3944:	400c                	lw	a1,0(s0)
    3946:	1dc040ef          	jal	ra,7b22 <__subsf3>
    394a:	c0c8                	sw	a0,4(s1)
    394c:	50f2                	lw	ra,60(sp)
    394e:	5462                	lw	s0,56(sp)
    3950:	855e                	mv	a0,s7
    3952:	54d2                	lw	s1,52(sp)
    3954:	5942                	lw	s2,48(sp)
    3956:	59b2                	lw	s3,44(sp)
    3958:	5a22                	lw	s4,40(sp)
    395a:	5a92                	lw	s5,36(sp)
    395c:	5b02                	lw	s6,32(sp)
    395e:	4bf2                	lw	s7,28(sp)
    3960:	4c62                	lw	s8,24(sp)
    3962:	6121                	addi	sp,sp,64
    3964:	8082                	ret
    3966:	43491737          	lui	a4,0x43491
    396a:	f8070713          	addi	a4,a4,-128 # 43490f80 <_eusrstack+0x2348bf80>
    396e:	0e875163          	bge	a4,s0,3a50 <__ieee754_rem_pio2f+0x180>
    3972:	7f800737          	lui	a4,0x7f800
    3976:	0ae45763          	bge	s0,a4,3a24 <__ieee754_rem_pio2f+0x154>
    397a:	41745913          	srai	s2,s0,0x17
    397e:	f7a90913          	addi	s2,s2,-134
    3982:	01791793          	slli	a5,s2,0x17
    3986:	8c1d                	sub	s0,s0,a5
    3988:	8522                	mv	a0,s0
    398a:	55c040ef          	jal	ra,7ee6 <__fixsfsi>
    398e:	5ba040ef          	jal	ra,7f48 <__floatsisf>
    3992:	87aa                	mv	a5,a0
    3994:	85aa                	mv	a1,a0
    3996:	8522                	mv	a0,s0
    3998:	c23e                	sw	a5,4(sp)
    399a:	00008a17          	auipc	s4,0x8
    399e:	a1ea0a13          	addi	s4,s4,-1506 # b3b8 <OLED_F8x16+0x6a0>
    39a2:	180040ef          	jal	ra,7b22 <__subsf3>
    39a6:	000a2583          	lw	a1,0(s4)
    39aa:	6e5030ef          	jal	ra,788e <__mulsf3>
    39ae:	8aaa                	mv	s5,a0
    39b0:	536040ef          	jal	ra,7ee6 <__fixsfsi>
    39b4:	594040ef          	jal	ra,7f48 <__floatsisf>
    39b8:	85aa                	mv	a1,a0
    39ba:	842a                	mv	s0,a0
    39bc:	8556                	mv	a0,s5
    39be:	c422                	sw	s0,8(sp)
    39c0:	162040ef          	jal	ra,7b22 <__subsf3>
    39c4:	000a2583          	lw	a1,0(s4)
    39c8:	6c7030ef          	jal	ra,788e <__mulsf3>
    39cc:	00000593          	li	a1,0
    39d0:	c62a                	sw	a0,12(sp)
    39d2:	54f030ef          	jal	ra,7720 <__eqsf2>
    39d6:	468d                	li	a3,3
    39d8:	e909                	bnez	a0,39ea <__ieee754_rem_pio2f+0x11a>
    39da:	00000593          	li	a1,0
    39de:	8522                	mv	a0,s0
    39e0:	541030ef          	jal	ra,7720 <__eqsf2>
    39e4:	00a036b3          	snez	a3,a0
    39e8:	0685                	addi	a3,a3,1
    39ea:	00008797          	auipc	a5,0x8
    39ee:	a5278793          	addi	a5,a5,-1454 # b43c <two_over_pi>
    39f2:	4709                	li	a4,2
    39f4:	864a                	mv	a2,s2
    39f6:	85a6                	mv	a1,s1
    39f8:	0048                	addi	a0,sp,4
    39fa:	2b11                	jal	3f0e <__kernel_rem_pio2f>
    39fc:	8baa                	mv	s7,a0
    39fe:	f409d7e3          	bgez	s3,394c <__ieee754_rem_pio2f+0x7c>
    3a02:	4098                	lw	a4,0(s1)
    3a04:	40dc                	lw	a5,4(s1)
    3a06:	800006b7          	lui	a3,0x80000
    3a0a:	8f35                	xor	a4,a4,a3
    3a0c:	8fb5                	xor	a5,a5,a3
    3a0e:	c098                	sw	a4,0(s1)
    3a10:	c0dc                	sw	a5,4(s1)
    3a12:	40a00bb3          	neg	s7,a0
    3a16:	bf1d                	j	394c <__ieee754_rem_pio2f+0x7c>
    3a18:	00000793          	li	a5,0
    3a1c:	c188                	sw	a0,0(a1)
    3a1e:	c1dc                	sw	a5,4(a1)
    3a20:	4b81                	li	s7,0
    3a22:	b72d                	j	394c <__ieee754_rem_pio2f+0x7c>
    3a24:	85aa                	mv	a1,a0
    3a26:	0fc040ef          	jal	ra,7b22 <__subsf3>
    3a2a:	c0c8                	sw	a0,4(s1)
    3a2c:	c088                	sw	a0,0(s1)
    3a2e:	4b81                	li	s7,0
    3a30:	bf31                	j	394c <__ieee754_rem_pio2f+0x7c>
    3a32:	00008797          	auipc	a5,0x8
    3a36:	97278793          	addi	a5,a5,-1678 # b3a4 <OLED_F8x16+0x68c>
    3a3a:	438c                	lw	a1,0(a5)
    3a3c:	00008417          	auipc	s0,0x8
    3a40:	96c40413          	addi	s0,s0,-1684 # b3a8 <OLED_F8x16+0x690>
    3a44:	4b85                	li	s7,1
    3a46:	0dc040ef          	jal	ra,7b22 <__subsf3>
    3a4a:	892a                	mv	s2,a0
    3a4c:	400c                	lw	a1,0(s0)
    3a4e:	b5e5                	j	3936 <__ieee754_rem_pio2f+0x66>
    3a50:	05a010ef          	jal	ra,4aaa <fabsf>
    3a54:	00008797          	auipc	a5,0x8
    3a58:	95878793          	addi	a5,a5,-1704 # b3ac <OLED_F8x16+0x694>
    3a5c:	438c                	lw	a1,0(a5)
    3a5e:	892a                	mv	s2,a0
    3a60:	62f030ef          	jal	ra,788e <__mulsf3>
    3a64:	00007797          	auipc	a5,0x7
    3a68:	21078793          	addi	a5,a5,528 # ac74 <__trunctfdf2+0x228>
    3a6c:	438c                	lw	a1,0(a5)
    3a6e:	696030ef          	jal	ra,7104 <__addsf3>
    3a72:	474040ef          	jal	ra,7ee6 <__fixsfsi>
    3a76:	8baa                	mv	s7,a0
    3a78:	4d0040ef          	jal	ra,7f48 <__floatsisf>
    3a7c:	00008797          	auipc	a5,0x8
    3a80:	92078793          	addi	a5,a5,-1760 # b39c <OLED_F8x16+0x684>
    3a84:	438c                	lw	a1,0(a5)
    3a86:	8aaa                	mv	s5,a0
    3a88:	607030ef          	jal	ra,788e <__mulsf3>
    3a8c:	85aa                	mv	a1,a0
    3a8e:	854a                	mv	a0,s2
    3a90:	092040ef          	jal	ra,7b22 <__subsf3>
    3a94:	00008797          	auipc	a5,0x8
    3a98:	90c78793          	addi	a5,a5,-1780 # b3a0 <OLED_F8x16+0x688>
    3a9c:	438c                	lw	a1,0(a5)
    3a9e:	8b2a                	mv	s6,a0
    3aa0:	8556                	mv	a0,s5
    3aa2:	5ed030ef          	jal	ra,788e <__mulsf3>
    3aa6:	47fd                	li	a5,31
    3aa8:	8a2a                	mv	s4,a0
    3aaa:	85aa                	mv	a1,a0
    3aac:	855a                	mv	a0,s6
    3aae:	0577ca63          	blt	a5,s7,3b02 <__ieee754_rem_pio2f+0x232>
    3ab2:	070040ef          	jal	ra,7b22 <__subsf3>
    3ab6:	fffb8793          	addi	a5,s7,-1
    3aba:	00279713          	slli	a4,a5,0x2
    3abe:	00008797          	auipc	a5,0x8
    3ac2:	8fe78793          	addi	a5,a5,-1794 # b3bc <npio2_hw>
    3ac6:	97ba                	add	a5,a5,a4
    3ac8:	439c                	lw	a5,0(a5)
    3aca:	f0047713          	andi	a4,s0,-256
    3ace:	892a                	mv	s2,a0
    3ad0:	02f70c63          	beq	a4,a5,3b08 <__ieee754_rem_pio2f+0x238>
    3ad4:	0124a023          	sw	s2,0(s1)
    3ad8:	85ca                	mv	a1,s2
    3ada:	855a                	mv	a0,s6
    3adc:	046040ef          	jal	ra,7b22 <__subsf3>
    3ae0:	85d2                	mv	a1,s4
    3ae2:	040040ef          	jal	ra,7b22 <__subsf3>
    3ae6:	c0c8                	sw	a0,4(s1)
    3ae8:	e609d2e3          	bgez	s3,394c <__ieee754_rem_pio2f+0x7c>
    3aec:	800007b7          	lui	a5,0x80000
    3af0:	0127c933          	xor	s2,a5,s2
    3af4:	8d3d                	xor	a0,a0,a5
    3af6:	0124a023          	sw	s2,0(s1)
    3afa:	c0c8                	sw	a0,4(s1)
    3afc:	41700bb3          	neg	s7,s7
    3b00:	b5b1                	j	394c <__ieee754_rem_pio2f+0x7c>
    3b02:	020040ef          	jal	ra,7b22 <__subsf3>
    3b06:	892a                	mv	s2,a0
    3b08:	01795793          	srli	a5,s2,0x17
    3b0c:	845d                	srai	s0,s0,0x17
    3b0e:	0ff7f793          	andi	a5,a5,255
    3b12:	40f407b3          	sub	a5,s0,a5
    3b16:	4721                	li	a4,8
    3b18:	faf75ee3          	bge	a4,a5,3ad4 <__ieee754_rem_pio2f+0x204>
    3b1c:	00008797          	auipc	a5,0x8
    3b20:	88878793          	addi	a5,a5,-1912 # b3a4 <OLED_F8x16+0x68c>
    3b24:	438c                	lw	a1,0(a5)
    3b26:	8556                	mv	a0,s5
    3b28:	567030ef          	jal	ra,788e <__mulsf3>
    3b2c:	892a                	mv	s2,a0
    3b2e:	85aa                	mv	a1,a0
    3b30:	855a                	mv	a0,s6
    3b32:	7f1030ef          	jal	ra,7b22 <__subsf3>
    3b36:	85aa                	mv	a1,a0
    3b38:	8c2a                	mv	s8,a0
    3b3a:	855a                	mv	a0,s6
    3b3c:	7e7030ef          	jal	ra,7b22 <__subsf3>
    3b40:	85ca                	mv	a1,s2
    3b42:	7e1030ef          	jal	ra,7b22 <__subsf3>
    3b46:	00008797          	auipc	a5,0x8
    3b4a:	86278793          	addi	a5,a5,-1950 # b3a8 <OLED_F8x16+0x690>
    3b4e:	438c                	lw	a1,0(a5)
    3b50:	892a                	mv	s2,a0
    3b52:	8556                	mv	a0,s5
    3b54:	53b030ef          	jal	ra,788e <__mulsf3>
    3b58:	85ca                	mv	a1,s2
    3b5a:	7c9030ef          	jal	ra,7b22 <__subsf3>
    3b5e:	85aa                	mv	a1,a0
    3b60:	8a2a                	mv	s4,a0
    3b62:	8562                	mv	a0,s8
    3b64:	7bf030ef          	jal	ra,7b22 <__subsf3>
    3b68:	01755793          	srli	a5,a0,0x17
    3b6c:	0ff7f793          	andi	a5,a5,255
    3b70:	8c1d                	sub	s0,s0,a5
    3b72:	47e5                	li	a5,25
    3b74:	892a                	mv	s2,a0
    3b76:	0087c563          	blt	a5,s0,3b80 <__ieee754_rem_pio2f+0x2b0>
    3b7a:	c088                	sw	a0,0(s1)
    3b7c:	8b62                	mv	s6,s8
    3b7e:	bfa9                	j	3ad8 <__ieee754_rem_pio2f+0x208>
    3b80:	00008797          	auipc	a5,0x8
    3b84:	83078793          	addi	a5,a5,-2000 # b3b0 <OLED_F8x16+0x698>
    3b88:	438c                	lw	a1,0(a5)
    3b8a:	8556                	mv	a0,s5
    3b8c:	503030ef          	jal	ra,788e <__mulsf3>
    3b90:	842a                	mv	s0,a0
    3b92:	85aa                	mv	a1,a0
    3b94:	8562                	mv	a0,s8
    3b96:	78d030ef          	jal	ra,7b22 <__subsf3>
    3b9a:	85aa                	mv	a1,a0
    3b9c:	8b2a                	mv	s6,a0
    3b9e:	8562                	mv	a0,s8
    3ba0:	783030ef          	jal	ra,7b22 <__subsf3>
    3ba4:	85a2                	mv	a1,s0
    3ba6:	77d030ef          	jal	ra,7b22 <__subsf3>
    3baa:	00008797          	auipc	a5,0x8
    3bae:	80a78793          	addi	a5,a5,-2038 # b3b4 <OLED_F8x16+0x69c>
    3bb2:	438c                	lw	a1,0(a5)
    3bb4:	842a                	mv	s0,a0
    3bb6:	8556                	mv	a0,s5
    3bb8:	4d7030ef          	jal	ra,788e <__mulsf3>
    3bbc:	85a2                	mv	a1,s0
    3bbe:	765030ef          	jal	ra,7b22 <__subsf3>
    3bc2:	85aa                	mv	a1,a0
    3bc4:	8a2a                	mv	s4,a0
    3bc6:	855a                	mv	a0,s6
    3bc8:	75b030ef          	jal	ra,7b22 <__subsf3>
    3bcc:	892a                	mv	s2,a0
    3bce:	b719                	j	3ad4 <__ieee754_rem_pio2f+0x204>
    3bd0:	534030ef          	jal	ra,7104 <__addsf3>
    3bd4:	3fc917b7          	lui	a5,0x3fc91
    3bd8:	fd078793          	addi	a5,a5,-48 # 3fc90fd0 <_eusrstack+0x1fc8bfd0>
    3bdc:	892a                	mv	s2,a0
    3bde:	02f40463          	beq	s0,a5,3c06 <__ieee754_rem_pio2f+0x336>
    3be2:	00007417          	auipc	s0,0x7
    3be6:	7be40413          	addi	s0,s0,1982 # b3a0 <OLED_F8x16+0x688>
    3bea:	400c                	lw	a1,0(s0)
    3bec:	5bfd                	li	s7,-1
    3bee:	516030ef          	jal	ra,7104 <__addsf3>
    3bf2:	85aa                	mv	a1,a0
    3bf4:	c088                	sw	a0,0(s1)
    3bf6:	854a                	mv	a0,s2
    3bf8:	72b030ef          	jal	ra,7b22 <__subsf3>
    3bfc:	400c                	lw	a1,0(s0)
    3bfe:	506030ef          	jal	ra,7104 <__addsf3>
    3c02:	c0c8                	sw	a0,4(s1)
    3c04:	b3a1                	j	394c <__ieee754_rem_pio2f+0x7c>
    3c06:	00007797          	auipc	a5,0x7
    3c0a:	79e78793          	addi	a5,a5,1950 # b3a4 <OLED_F8x16+0x68c>
    3c0e:	438c                	lw	a1,0(a5)
    3c10:	00007417          	auipc	s0,0x7
    3c14:	79840413          	addi	s0,s0,1944 # b3a8 <OLED_F8x16+0x690>
    3c18:	5bfd                	li	s7,-1
    3c1a:	4ea030ef          	jal	ra,7104 <__addsf3>
    3c1e:	892a                	mv	s2,a0
    3c20:	400c                	lw	a1,0(s0)
    3c22:	b7f1                	j	3bee <__ieee754_rem_pio2f+0x31e>

00003c24 <__ieee754_sqrtf>:
    3c24:	1141                	addi	sp,sp,-16
    3c26:	00151793          	slli	a5,a0,0x1
    3c2a:	c422                	sw	s0,8(sp)
    3c2c:	c606                	sw	ra,12(sp)
    3c2e:	8385                	srli	a5,a5,0x1
    3c30:	7f800737          	lui	a4,0x7f800
    3c34:	842a                	mv	s0,a0
    3c36:	85aa                	mv	a1,a0
    3c38:	08e7f863          	bgeu	a5,a4,3cc8 <__ieee754_sqrtf+0xa4>
    3c3c:	c3c9                	beqz	a5,3cbe <__ieee754_sqrtf+0x9a>
    3c3e:	87aa                	mv	a5,a0
    3c40:	0a054263          	bltz	a0,3ce4 <__ieee754_sqrtf+0xc0>
    3c44:	8f69                	and	a4,a4,a0
    3c46:	41755693          	srai	a3,a0,0x17
    3c4a:	e305                	bnez	a4,3c6a <__ieee754_sqrtf+0x46>
    3c4c:	00851713          	slli	a4,a0,0x8
    3c50:	0a074563          	bltz	a4,3cfa <__ieee754_sqrtf+0xd6>
    3c54:	4701                	li	a4,0
    3c56:	a011                	j	3c5a <__ieee754_sqrtf+0x36>
    3c58:	8732                	mv	a4,a2
    3c5a:	0786                	slli	a5,a5,0x1
    3c5c:	00879593          	slli	a1,a5,0x8
    3c60:	00170613          	addi	a2,a4,1 # 7f800001 <_eusrstack+0x5f7fb001>
    3c64:	fe05dae3          	bgez	a1,3c58 <__ieee754_sqrtf+0x34>
    3c68:	8e99                	sub	a3,a3,a4
    3c6a:	00800737          	lui	a4,0x800
    3c6e:	fff70613          	addi	a2,a4,-1 # 7fffff <_data_lma+0x7f42f7>
    3c72:	8ff1                	and	a5,a5,a2
    3c74:	f8168693          	addi	a3,a3,-127 # 7fffff81 <_eusrstack+0x5fffaf81>
    3c78:	8f5d                	or	a4,a4,a5
    3c7a:	0016f613          	andi	a2,a3,1
    3c7e:	00171793          	slli	a5,a4,0x1
    3c82:	ee31                	bnez	a2,3cde <__ieee754_sqrtf+0xba>
    3c84:	4016d813          	srai	a6,a3,0x1
    3c88:	4501                	li	a0,0
    3c8a:	46e5                	li	a3,25
    3c8c:	4581                	li	a1,0
    3c8e:	01000737          	lui	a4,0x1000
    3c92:	00e58633          	add	a2,a1,a4
    3c96:	16fd                	addi	a3,a3,-1
    3c98:	00c7c663          	blt	a5,a2,3ca4 <__ieee754_sqrtf+0x80>
    3c9c:	00e605b3          	add	a1,a2,a4
    3ca0:	8f91                	sub	a5,a5,a2
    3ca2:	953a                	add	a0,a0,a4
    3ca4:	0786                	slli	a5,a5,0x1
    3ca6:	8305                	srli	a4,a4,0x1
    3ca8:	f6ed                	bnez	a3,3c92 <__ieee754_sqrtf+0x6e>
    3caa:	c399                	beqz	a5,3cb0 <__ieee754_sqrtf+0x8c>
    3cac:	0505                	addi	a0,a0,1
    3cae:	9979                	andi	a0,a0,-2
    3cb0:	8505                	srai	a0,a0,0x1
    3cb2:	3f0005b7          	lui	a1,0x3f000
    3cb6:	95aa                	add	a1,a1,a0
    3cb8:	01781693          	slli	a3,a6,0x17
    3cbc:	95b6                	add	a1,a1,a3
    3cbe:	40b2                	lw	ra,12(sp)
    3cc0:	4422                	lw	s0,8(sp)
    3cc2:	852e                	mv	a0,a1
    3cc4:	0141                	addi	sp,sp,16
    3cc6:	8082                	ret
    3cc8:	3c7030ef          	jal	ra,788e <__mulsf3>
    3ccc:	85a2                	mv	a1,s0
    3cce:	436030ef          	jal	ra,7104 <__addsf3>
    3cd2:	40b2                	lw	ra,12(sp)
    3cd4:	4422                	lw	s0,8(sp)
    3cd6:	85aa                	mv	a1,a0
    3cd8:	852e                	mv	a0,a1
    3cda:	0141                	addi	sp,sp,16
    3cdc:	8082                	ret
    3cde:	00271793          	slli	a5,a4,0x2
    3ce2:	b74d                	j	3c84 <__ieee754_sqrtf+0x60>
    3ce4:	63f030ef          	jal	ra,7b22 <__subsf3>
    3ce8:	85aa                	mv	a1,a0
    3cea:	784030ef          	jal	ra,746e <__divsf3>
    3cee:	40b2                	lw	ra,12(sp)
    3cf0:	4422                	lw	s0,8(sp)
    3cf2:	85aa                	mv	a1,a0
    3cf4:	852e                	mv	a0,a1
    3cf6:	0141                	addi	sp,sp,16
    3cf8:	8082                	ret
    3cfa:	577d                	li	a4,-1
    3cfc:	8e99                	sub	a3,a3,a4
    3cfe:	b7b5                	j	3c6a <__ieee754_sqrtf+0x46>

00003d00 <__kernel_cosf>:
    3d00:	1101                	addi	sp,sp,-32
    3d02:	ca26                	sw	s1,20(sp)
    3d04:	00151493          	slli	s1,a0,0x1
    3d08:	c84a                	sw	s2,16(sp)
    3d0a:	c64e                	sw	s3,12(sp)
    3d0c:	ce06                	sw	ra,28(sp)
    3d0e:	cc22                	sw	s0,24(sp)
    3d10:	c452                	sw	s4,8(sp)
    3d12:	c256                	sw	s5,4(sp)
    3d14:	8085                	srli	s1,s1,0x1
    3d16:	320007b7          	lui	a5,0x32000
    3d1a:	892a                	mv	s2,a0
    3d1c:	89ae                	mv	s3,a1
    3d1e:	0cf4d863          	bge	s1,a5,3dee <__kernel_cosf+0xee>
    3d22:	1c4040ef          	jal	ra,7ee6 <__fixsfsi>
    3d26:	1c050e63          	beqz	a0,3f02 <__kernel_cosf+0x202>
    3d2a:	85ca                	mv	a1,s2
    3d2c:	854a                	mv	a0,s2
    3d2e:	361030ef          	jal	ra,788e <__mulsf3>
    3d32:	00008797          	auipc	a5,0x8
    3d36:	a2a78793          	addi	a5,a5,-1494 # b75c <two_over_pi+0x320>
    3d3a:	438c                	lw	a1,0(a5)
    3d3c:	842a                	mv	s0,a0
    3d3e:	351030ef          	jal	ra,788e <__mulsf3>
    3d42:	00008797          	auipc	a5,0x8
    3d46:	a1e78793          	addi	a5,a5,-1506 # b760 <two_over_pi+0x324>
    3d4a:	438c                	lw	a1,0(a5)
    3d4c:	3b8030ef          	jal	ra,7104 <__addsf3>
    3d50:	85a2                	mv	a1,s0
    3d52:	33d030ef          	jal	ra,788e <__mulsf3>
    3d56:	00008797          	auipc	a5,0x8
    3d5a:	a0e78793          	addi	a5,a5,-1522 # b764 <two_over_pi+0x328>
    3d5e:	438c                	lw	a1,0(a5)
    3d60:	5c3030ef          	jal	ra,7b22 <__subsf3>
    3d64:	85a2                	mv	a1,s0
    3d66:	329030ef          	jal	ra,788e <__mulsf3>
    3d6a:	00008797          	auipc	a5,0x8
    3d6e:	9fe78793          	addi	a5,a5,-1538 # b768 <two_over_pi+0x32c>
    3d72:	438c                	lw	a1,0(a5)
    3d74:	390030ef          	jal	ra,7104 <__addsf3>
    3d78:	85a2                	mv	a1,s0
    3d7a:	315030ef          	jal	ra,788e <__mulsf3>
    3d7e:	00008797          	auipc	a5,0x8
    3d82:	9ee78793          	addi	a5,a5,-1554 # b76c <two_over_pi+0x330>
    3d86:	438c                	lw	a1,0(a5)
    3d88:	59b030ef          	jal	ra,7b22 <__subsf3>
    3d8c:	85a2                	mv	a1,s0
    3d8e:	301030ef          	jal	ra,788e <__mulsf3>
    3d92:	00008797          	auipc	a5,0x8
    3d96:	9de78793          	addi	a5,a5,-1570 # b770 <two_over_pi+0x334>
    3d9a:	438c                	lw	a1,0(a5)
    3d9c:	368030ef          	jal	ra,7104 <__addsf3>
    3da0:	85a2                	mv	a1,s0
    3da2:	2ed030ef          	jal	ra,788e <__mulsf3>
    3da6:	8a2a                	mv	s4,a0
    3da8:	00007797          	auipc	a5,0x7
    3dac:	ecc78793          	addi	a5,a5,-308 # ac74 <__trunctfdf2+0x228>
    3db0:	438c                	lw	a1,0(a5)
    3db2:	8522                	mv	a0,s0
    3db4:	2db030ef          	jal	ra,788e <__mulsf3>
    3db8:	84aa                	mv	s1,a0
    3dba:	85d2                	mv	a1,s4
    3dbc:	8522                	mv	a0,s0
    3dbe:	2d1030ef          	jal	ra,788e <__mulsf3>
    3dc2:	842a                	mv	s0,a0
    3dc4:	85ce                	mv	a1,s3
    3dc6:	854a                	mv	a0,s2
    3dc8:	2c7030ef          	jal	ra,788e <__mulsf3>
    3dcc:	85aa                	mv	a1,a0
    3dce:	8522                	mv	a0,s0
    3dd0:	553030ef          	jal	ra,7b22 <__subsf3>
    3dd4:	85aa                	mv	a1,a0
    3dd6:	8526                	mv	a0,s1
    3dd8:	54b030ef          	jal	ra,7b22 <__subsf3>
    3ddc:	00007797          	auipc	a5,0x7
    3de0:	55478793          	addi	a5,a5,1364 # b330 <OLED_F8x16+0x618>
    3de4:	85aa                	mv	a1,a0
    3de6:	4388                	lw	a0,0(a5)
    3de8:	53b030ef          	jal	ra,7b22 <__subsf3>
    3dec:	a0f5                	j	3ed8 <__kernel_cosf+0x1d8>
    3dee:	85aa                	mv	a1,a0
    3df0:	29f030ef          	jal	ra,788e <__mulsf3>
    3df4:	00008797          	auipc	a5,0x8
    3df8:	96878793          	addi	a5,a5,-1688 # b75c <two_over_pi+0x320>
    3dfc:	438c                	lw	a1,0(a5)
    3dfe:	842a                	mv	s0,a0
    3e00:	28f030ef          	jal	ra,788e <__mulsf3>
    3e04:	00008797          	auipc	a5,0x8
    3e08:	95c78793          	addi	a5,a5,-1700 # b760 <two_over_pi+0x324>
    3e0c:	438c                	lw	a1,0(a5)
    3e0e:	2f6030ef          	jal	ra,7104 <__addsf3>
    3e12:	85a2                	mv	a1,s0
    3e14:	27b030ef          	jal	ra,788e <__mulsf3>
    3e18:	00008797          	auipc	a5,0x8
    3e1c:	94c78793          	addi	a5,a5,-1716 # b764 <two_over_pi+0x328>
    3e20:	438c                	lw	a1,0(a5)
    3e22:	501030ef          	jal	ra,7b22 <__subsf3>
    3e26:	85a2                	mv	a1,s0
    3e28:	267030ef          	jal	ra,788e <__mulsf3>
    3e2c:	00008797          	auipc	a5,0x8
    3e30:	93c78793          	addi	a5,a5,-1732 # b768 <two_over_pi+0x32c>
    3e34:	438c                	lw	a1,0(a5)
    3e36:	2ce030ef          	jal	ra,7104 <__addsf3>
    3e3a:	85a2                	mv	a1,s0
    3e3c:	253030ef          	jal	ra,788e <__mulsf3>
    3e40:	00008797          	auipc	a5,0x8
    3e44:	92c78793          	addi	a5,a5,-1748 # b76c <two_over_pi+0x330>
    3e48:	438c                	lw	a1,0(a5)
    3e4a:	4d9030ef          	jal	ra,7b22 <__subsf3>
    3e4e:	85a2                	mv	a1,s0
    3e50:	23f030ef          	jal	ra,788e <__mulsf3>
    3e54:	00008797          	auipc	a5,0x8
    3e58:	91c78793          	addi	a5,a5,-1764 # b770 <two_over_pi+0x334>
    3e5c:	438c                	lw	a1,0(a5)
    3e5e:	2a6030ef          	jal	ra,7104 <__addsf3>
    3e62:	85a2                	mv	a1,s0
    3e64:	22b030ef          	jal	ra,788e <__mulsf3>
    3e68:	3e99a7b7          	lui	a5,0x3e99a
    3e6c:	99978793          	addi	a5,a5,-1639 # 3e999999 <_eusrstack+0x1e994999>
    3e70:	8a2a                	mv	s4,a0
    3e72:	f297dbe3          	bge	a5,s1,3da8 <__kernel_cosf+0xa8>
    3e76:	3f4807b7          	lui	a5,0x3f480
    3e7a:	0697c863          	blt	a5,s1,3eea <__kernel_cosf+0x1ea>
    3e7e:	00007797          	auipc	a5,0x7
    3e82:	4b278793          	addi	a5,a5,1202 # b330 <OLED_F8x16+0x618>
    3e86:	4388                	lw	a0,0(a5)
    3e88:	ff0007b7          	lui	a5,0xff000
    3e8c:	94be                	add	s1,s1,a5
    3e8e:	85a6                	mv	a1,s1
    3e90:	493030ef          	jal	ra,7b22 <__subsf3>
    3e94:	8aaa                	mv	s5,a0
    3e96:	00007797          	auipc	a5,0x7
    3e9a:	dde78793          	addi	a5,a5,-546 # ac74 <__trunctfdf2+0x228>
    3e9e:	438c                	lw	a1,0(a5)
    3ea0:	8522                	mv	a0,s0
    3ea2:	1ed030ef          	jal	ra,788e <__mulsf3>
    3ea6:	85a6                	mv	a1,s1
    3ea8:	47b030ef          	jal	ra,7b22 <__subsf3>
    3eac:	84aa                	mv	s1,a0
    3eae:	85d2                	mv	a1,s4
    3eb0:	8522                	mv	a0,s0
    3eb2:	1dd030ef          	jal	ra,788e <__mulsf3>
    3eb6:	842a                	mv	s0,a0
    3eb8:	85ce                	mv	a1,s3
    3eba:	854a                	mv	a0,s2
    3ebc:	1d3030ef          	jal	ra,788e <__mulsf3>
    3ec0:	85aa                	mv	a1,a0
    3ec2:	8522                	mv	a0,s0
    3ec4:	45f030ef          	jal	ra,7b22 <__subsf3>
    3ec8:	85aa                	mv	a1,a0
    3eca:	8526                	mv	a0,s1
    3ecc:	457030ef          	jal	ra,7b22 <__subsf3>
    3ed0:	85aa                	mv	a1,a0
    3ed2:	8556                	mv	a0,s5
    3ed4:	44f030ef          	jal	ra,7b22 <__subsf3>
    3ed8:	40f2                	lw	ra,28(sp)
    3eda:	4462                	lw	s0,24(sp)
    3edc:	44d2                	lw	s1,20(sp)
    3ede:	4942                	lw	s2,16(sp)
    3ee0:	49b2                	lw	s3,12(sp)
    3ee2:	4a22                	lw	s4,8(sp)
    3ee4:	4a92                	lw	s5,4(sp)
    3ee6:	6105                	addi	sp,sp,32
    3ee8:	8082                	ret
    3eea:	00008797          	auipc	a5,0x8
    3eee:	86a78793          	addi	a5,a5,-1942 # b754 <two_over_pi+0x318>
    3ef2:	0007aa83          	lw	s5,0(a5)
    3ef6:	00008797          	auipc	a5,0x8
    3efa:	86278793          	addi	a5,a5,-1950 # b758 <two_over_pi+0x31c>
    3efe:	4384                	lw	s1,0(a5)
    3f00:	bf59                	j	3e96 <__kernel_cosf+0x196>
    3f02:	00007797          	auipc	a5,0x7
    3f06:	42e78793          	addi	a5,a5,1070 # b330 <OLED_F8x16+0x618>
    3f0a:	4388                	lw	a0,0(a5)
    3f0c:	b7f1                	j	3ed8 <__kernel_cosf+0x1d8>

00003f0e <__kernel_rem_pio2f>:
    3f0e:	7121                	addi	sp,sp,-448
    3f10:	00271813          	slli	a6,a4,0x2
    3f14:	da3a                	sw	a4,52(sp)
    3f16:	00008717          	auipc	a4,0x8
    3f1a:	89a70713          	addi	a4,a4,-1894 # b7b0 <init_jk>
    3f1e:	1b312623          	sw	s3,428(sp)
    3f22:	1b612023          	sw	s6,416(sp)
    3f26:	89b6                	mv	s3,a3
    3f28:	19712e23          	sw	s7,412(sp)
    3f2c:	9742                	add	a4,a4,a6
    3f2e:	1a112e23          	sw	ra,444(sp)
    3f32:	1a812c23          	sw	s0,440(sp)
    3f36:	1a912a23          	sw	s1,436(sp)
    3f3a:	1b212823          	sw	s2,432(sp)
    3f3e:	1b412423          	sw	s4,424(sp)
    3f42:	1b512223          	sw	s5,420(sp)
    3f46:	19812c23          	sw	s8,408(sp)
    3f4a:	19912a23          	sw	s9,404(sp)
    3f4e:	19a12823          	sw	s10,400(sp)
    3f52:	19b12623          	sw	s11,396(sp)
    3f56:	de32                	sw	a2,60(sp)
    3f58:	56f1                	li	a3,-4
    3f5a:	ce2a                	sw	a0,28(sp)
    3f5c:	d82e                	sw	a1,48(sp)
    3f5e:	d03e                	sw	a5,32(sp)
    3f60:	00072b03          	lw	s6,0(a4)
    3f64:	fff98b93          	addi	s7,s3,-1
    3f68:	6ed64163          	blt	a2,a3,464a <__kernel_rem_pio2f+0x73c>
    3f6c:	ffd60713          	addi	a4,a2,-3 # 7f7ffffd <_eusrstack+0x5f7faffd>
    3f70:	41f75793          	srai	a5,a4,0x1f
    3f74:	8b9d                	andi	a5,a5,7
    3f76:	97ba                	add	a5,a5,a4
    3f78:	878d                	srai	a5,a5,0x3
    3f7a:	cc3e                	sw	a5,24(sp)
    3f7c:	0785                	addi	a5,a5,1
    3f7e:	078e                	slli	a5,a5,0x3
    3f80:	dc3e                	sw	a5,56(sp)
    3f82:	4762                	lw	a4,24(sp)
    3f84:	56e2                	lw	a3,56(sp)
    3f86:	017b07b3          	add	a5,s6,s7
    3f8a:	41770433          	sub	s0,a4,s7
    3f8e:	5772                	lw	a4,60(sp)
    3f90:	00178913          	addi	s2,a5,1
    3f94:	0904                	addi	s1,sp,144
    3f96:	8f15                	sub	a4,a4,a3
    3f98:	c63a                	sw	a4,12(sp)
    3f9a:	9922                	add	s2,s2,s0
    3f9c:	0207c263          	bltz	a5,3fc0 <__kernel_rem_pio2f+0xb2>
    3fa0:	5a02                	lw	s4,32(sp)
    3fa2:	00241793          	slli	a5,s0,0x2
    3fa6:	97d2                	add	a5,a5,s4
    3fa8:	00000513          	li	a0,0
    3fac:	00044563          	bltz	s0,3fb6 <__kernel_rem_pio2f+0xa8>
    3fb0:	4388                	lw	a0,0(a5)
    3fb2:	797030ef          	jal	ra,7f48 <__floatsisf>
    3fb6:	c088                	sw	a0,0(s1)
    3fb8:	0405                	addi	s0,s0,1
    3fba:	0491                	addi	s1,s1,4
    3fbc:	ff2413e3          	bne	s0,s2,3fa2 <__kernel_rem_pio2f+0x94>
    3fc0:	002b1c13          	slli	s8,s6,0x2
    3fc4:	040b4b63          	bltz	s6,401a <__kernel_rem_pio2f+0x10c>
    3fc8:	4df2                	lw	s11,28(sp)
    3fca:	002b9913          	slli	s2,s7,0x2
    3fce:	091c                	addi	a5,sp,144
    3fd0:	00490413          	addi	s0,s2,4
    3fd4:	002b1c13          	slli	s8,s6,0x2
    3fd8:	993e                	add	s2,s2,a5
    3fda:	1a5c                	addi	a5,sp,308
    3fdc:	1a04                	addi	s1,sp,304
    3fde:	01878a33          	add	s4,a5,s8
    3fe2:	946e                	add	s0,s0,s11
    3fe4:	8cca                	mv	s9,s2
    3fe6:	8aee                	mv	s5,s11
    3fe8:	00000d13          	li	s10,0
    3fec:	020bc163          	bltz	s7,400e <__kernel_rem_pio2f+0x100>
    3ff0:	000ca583          	lw	a1,0(s9)
    3ff4:	000aa503          	lw	a0,0(s5)
    3ff8:	0a91                	addi	s5,s5,4
    3ffa:	1cf1                	addi	s9,s9,-4
    3ffc:	093030ef          	jal	ra,788e <__mulsf3>
    4000:	85aa                	mv	a1,a0
    4002:	856a                	mv	a0,s10
    4004:	100030ef          	jal	ra,7104 <__addsf3>
    4008:	8d2a                	mv	s10,a0
    400a:	fe8a93e3          	bne	s5,s0,3ff0 <__kernel_rem_pio2f+0xe2>
    400e:	01a4a023          	sw	s10,0(s1)
    4012:	0491                	addi	s1,s1,4
    4014:	0911                	addi	s2,s2,4
    4016:	fd4497e3          	bne	s1,s4,3fe4 <__kernel_rem_pio2f+0xd6>
    401a:	1874                	addi	a3,sp,60
    401c:	ff8c0713          	addi	a4,s8,-8
    4020:	9c36                	add	s8,s8,a3
    4022:	0094                	addi	a3,sp,64
    4024:	9736                	add	a4,a4,a3
    4026:	d43a                	sw	a4,40(sp)
    4028:	4772                	lw	a4,28(sp)
    402a:	00299413          	slli	s0,s3,0x2
    402e:	46b2                	lw	a3,12(sp)
    4030:	943a                	add	s0,s0,a4
    4032:	40000737          	lui	a4,0x40000
    4036:	177d                	addi	a4,a4,-1
    4038:	c43a                	sw	a4,8(sp)
    403a:	4721                	li	a4,8
    403c:	8f15                	sub	a4,a4,a3
    403e:	fffb0793          	addi	a5,s6,-1
    4042:	078a                	slli	a5,a5,0x2
    4044:	d63a                	sw	a4,44(sp)
    4046:	0318                	addi	a4,sp,384
    4048:	97ba                	add	a5,a5,a4
    404a:	84da                	mv	s1,s6
    404c:	13010a93          	addi	s5,sp,304
    4050:	d23e                	sw	a5,36(sp)
    4052:	ca5a                	sw	s6,20(sp)
    4054:	00249d13          	slli	s10,s1,0x2
    4058:	031c                	addi	a5,sp,384
    405a:	97ea                	add	a5,a5,s10
    405c:	fb07ad83          	lw	s11,-80(a5)
    4060:	06905663          	blez	s1,40cc <__kernel_rem_pio2f+0x1be>
    4064:	47a2                	lw	a5,8(sp)
    4066:	00007717          	auipc	a4,0x7
    406a:	73e70713          	addi	a4,a4,1854 # b7a4 <PIo2+0x30>
    406e:	00072b03          	lw	s6,0(a4)
    4072:	00f48933          	add	s2,s1,a5
    4076:	090a                	slli	s2,s2,0x2
    4078:	00007717          	auipc	a4,0x7
    407c:	34070713          	addi	a4,a4,832 # b3b8 <OLED_F8x16+0x6a0>
    4080:	9956                	add	s2,s2,s5
    4082:	04010993          	addi	s3,sp,64
    4086:	00072a03          	lw	s4,0(a4)
    408a:	a011                	j	408e <__kernel_rem_pio2f+0x180>
    408c:	893e                	mv	s2,a5
    408e:	85da                	mv	a1,s6
    4090:	856e                	mv	a0,s11
    4092:	7fc030ef          	jal	ra,788e <__mulsf3>
    4096:	651030ef          	jal	ra,7ee6 <__fixsfsi>
    409a:	6af030ef          	jal	ra,7f48 <__floatsisf>
    409e:	85d2                	mv	a1,s4
    40a0:	8caa                	mv	s9,a0
    40a2:	7ec030ef          	jal	ra,788e <__mulsf3>
    40a6:	85aa                	mv	a1,a0
    40a8:	856e                	mv	a0,s11
    40aa:	279030ef          	jal	ra,7b22 <__subsf3>
    40ae:	639030ef          	jal	ra,7ee6 <__fixsfsi>
    40b2:	00092583          	lw	a1,0(s2)
    40b6:	00a9a023          	sw	a0,0(s3)
    40ba:	8566                	mv	a0,s9
    40bc:	048030ef          	jal	ra,7104 <__addsf3>
    40c0:	8daa                	mv	s11,a0
    40c2:	ffc90793          	addi	a5,s2,-4
    40c6:	0991                	addi	s3,s3,4
    40c8:	fd2a92e3          	bne	s5,s2,408c <__kernel_rem_pio2f+0x17e>
    40cc:	4b32                	lw	s6,12(sp)
    40ce:	856e                	mv	a0,s11
    40d0:	85da                	mv	a1,s6
    40d2:	2ab000ef          	jal	ra,4b7c <scalbnf>
    40d6:	00007797          	auipc	a5,0x7
    40da:	6d278793          	addi	a5,a5,1746 # b7a8 <PIo2+0x34>
    40de:	438c                	lw	a1,0(a5)
    40e0:	892a                	mv	s2,a0
    40e2:	7ac030ef          	jal	ra,788e <__mulsf3>
    40e6:	1cb000ef          	jal	ra,4ab0 <floorf>
    40ea:	00007797          	auipc	a5,0x7
    40ee:	6c278793          	addi	a5,a5,1730 # b7ac <PIo2+0x38>
    40f2:	438c                	lw	a1,0(a5)
    40f4:	79a030ef          	jal	ra,788e <__mulsf3>
    40f8:	85aa                	mv	a1,a0
    40fa:	854a                	mv	a0,s2
    40fc:	227030ef          	jal	ra,7b22 <__subsf3>
    4100:	892a                	mv	s2,a0
    4102:	5e5030ef          	jal	ra,7ee6 <__fixsfsi>
    4106:	89aa                	mv	s3,a0
    4108:	641030ef          	jal	ra,7f48 <__floatsisf>
    410c:	85aa                	mv	a1,a0
    410e:	854a                	mv	a0,s2
    4110:	213030ef          	jal	ra,7b22 <__subsf3>
    4114:	8a2a                	mv	s4,a0
    4116:	11605563          	blez	s6,4220 <__kernel_rem_pio2f+0x312>
    411a:	fff48793          	addi	a5,s1,-1
    411e:	0318                	addi	a4,sp,384
    4120:	078a                	slli	a5,a5,0x2
    4122:	97ba                	add	a5,a5,a4
    4124:	ec07a903          	lw	s2,-320(a5)
    4128:	5632                	lw	a2,44(sp)
    412a:	471d                	li	a4,7
    412c:	41670733          	sub	a4,a4,s6
    4130:	40c956b3          	sra	a3,s2,a2
    4134:	00c69633          	sll	a2,a3,a2
    4138:	40c90933          	sub	s2,s2,a2
    413c:	ed27a023          	sw	s2,-320(a5)
    4140:	40e95933          	sra	s2,s2,a4
    4144:	99b6                	add	s3,s3,a3
    4146:	0f204b63          	bgtz	s2,423c <__kernel_rem_pio2f+0x32e>
    414a:	00000593          	li	a1,0
    414e:	8552                	mv	a0,s4
    4150:	5d0030ef          	jal	ra,7720 <__eqsf2>
    4154:	16051f63          	bnez	a0,42d2 <__kernel_rem_pio2f+0x3c4>
    4158:	47d2                	lw	a5,20(sp)
    415a:	fff48a13          	addi	s4,s1,-1
    415e:	00fa4f63          	blt	s4,a5,417c <__kernel_rem_pio2f+0x26e>
    4162:	47a2                	lw	a5,8(sp)
    4164:	0098                	addi	a4,sp,64
    4166:	97a6                	add	a5,a5,s1
    4168:	078a                	slli	a5,a5,0x2
    416a:	97ba                	add	a5,a5,a4
    416c:	4701                	li	a4,0
    416e:	4394                	lw	a3,0(a5)
    4170:	17f1                	addi	a5,a5,-4
    4172:	8f55                	or	a4,a4,a3
    4174:	ff879de3          	bne	a5,s8,416e <__kernel_rem_pio2f+0x260>
    4178:	2c071063          	bnez	a4,4438 <__kernel_rem_pio2f+0x52a>
    417c:	5792                	lw	a5,36(sp)
    417e:	ec07a783          	lw	a5,-320(a5)
    4182:	2a079663          	bnez	a5,442e <__kernel_rem_pio2f+0x520>
    4186:	57a2                	lw	a5,40(sp)
    4188:	4705                	li	a4,1
    418a:	17f1                	addi	a5,a5,-4
    418c:	43d4                	lw	a3,4(a5)
    418e:	0705                	addi	a4,a4,1
    4190:	deed                	beqz	a3,418a <__kernel_rem_pio2f+0x27c>
    4192:	00148793          	addi	a5,s1,1
    4196:	8b3e                	mv	s6,a5
    4198:	94ba                	add	s1,s1,a4
    419a:	4762                	lw	a4,24(sp)
    419c:	00fb8933          	add	s2,s7,a5
    41a0:	4df2                	lw	s11,28(sp)
    41a2:	00f70a33          	add	s4,a4,a5
    41a6:	4722                	lw	a4,8(sp)
    41a8:	078a                	slli	a5,a5,0x2
    41aa:	0a0a                	slli	s4,s4,0x2
    41ac:	993a                	add	s2,s2,a4
    41ae:	5702                	lw	a4,32(sp)
    41b0:	090a                	slli	s2,s2,0x2
    41b2:	00fa89b3          	add	s3,s5,a5
    41b6:	091c                	addi	a5,sp,144
    41b8:	9a3a                	add	s4,s4,a4
    41ba:	993e                	add	s2,s2,a5
    41bc:	c862                	sw	s8,16(sp)
    41be:	000a2503          	lw	a0,0(s4)
    41c2:	587030ef          	jal	ra,7f48 <__floatsisf>
    41c6:	00a92223          	sw	a0,4(s2)
    41ca:	040bc063          	bltz	s7,420a <__kernel_rem_pio2f+0x2fc>
    41ce:	8d4a                	mv	s10,s2
    41d0:	8cee                	mv	s9,s11
    41d2:	00000c13          	li	s8,0
    41d6:	a021                	j	41de <__kernel_rem_pio2f+0x2d0>
    41d8:	000d2503          	lw	a0,0(s10) # 80000000 <_eusrstack+0x5fffb000>
    41dc:	1d71                	addi	s10,s10,-4
    41de:	000ca583          	lw	a1,0(s9)
    41e2:	0c91                	addi	s9,s9,4
    41e4:	6aa030ef          	jal	ra,788e <__mulsf3>
    41e8:	85aa                	mv	a1,a0
    41ea:	8562                	mv	a0,s8
    41ec:	719020ef          	jal	ra,7104 <__addsf3>
    41f0:	8c2a                	mv	s8,a0
    41f2:	fe8c93e3          	bne	s9,s0,41d8 <__kernel_rem_pio2f+0x2ca>
    41f6:	0189a023          	sw	s8,0(s3)
    41fa:	0b05                	addi	s6,s6,1
    41fc:	0a11                	addi	s4,s4,4
    41fe:	0991                	addi	s3,s3,4
    4200:	0911                	addi	s2,s2,4
    4202:	fb64dee3          	bge	s1,s6,41be <__kernel_rem_pio2f+0x2b0>
    4206:	4c42                	lw	s8,16(sp)
    4208:	b5b1                	j	4054 <__kernel_rem_pio2f+0x146>
    420a:	00000c13          	li	s8,0
    420e:	0189a023          	sw	s8,0(s3)
    4212:	0b05                	addi	s6,s6,1
    4214:	0a11                	addi	s4,s4,4
    4216:	0991                	addi	s3,s3,4
    4218:	0911                	addi	s2,s2,4
    421a:	fb64d2e3          	bge	s1,s6,41be <__kernel_rem_pio2f+0x2b0>
    421e:	b7e5                	j	4206 <__kernel_rem_pio2f+0x2f8>
    4220:	47b2                	lw	a5,12(sp)
    4222:	1c079e63          	bnez	a5,43fe <__kernel_rem_pio2f+0x4f0>
    4226:	fff48793          	addi	a5,s1,-1
    422a:	078a                	slli	a5,a5,0x2
    422c:	0318                	addi	a4,sp,384
    422e:	97ba                	add	a5,a5,a4
    4230:	ec07a903          	lw	s2,-320(a5)
    4234:	40895913          	srai	s2,s2,0x8
    4238:	f12059e3          	blez	s2,414a <__kernel_rem_pio2f+0x23c>
    423c:	0985                	addi	s3,s3,1
    423e:	40905a63          	blez	s1,4652 <__kernel_rem_pio2f+0x744>
    4242:	4b06                	lw	s6,64(sp)
    4244:	4785                	li	a5,1
    4246:	160b1b63          	bnez	s6,43bc <__kernel_rem_pio2f+0x4ae>
    424a:	00f48e63          	beq	s1,a5,4266 <__kernel_rem_pio2f+0x358>
    424e:	00d4                	addi	a3,sp,68
    4250:	4705                	li	a4,1
    4252:	0006ab03          	lw	s6,0(a3)
    4256:	00170793          	addi	a5,a4,1
    425a:	0691                	addi	a3,a3,4
    425c:	160b1163          	bnez	s6,43be <__kernel_rem_pio2f+0x4b0>
    4260:	873e                	mv	a4,a5
    4262:	fef498e3          	bne	s1,a5,4252 <__kernel_rem_pio2f+0x344>
    4266:	4732                	lw	a4,12(sp)
    4268:	02e05363          	blez	a4,428e <__kernel_rem_pio2f+0x380>
    426c:	4785                	li	a5,1
    426e:	3cf70263          	beq	a4,a5,4632 <__kernel_rem_pio2f+0x724>
    4272:	4789                	li	a5,2
    4274:	00f71d63          	bne	a4,a5,428e <__kernel_rem_pio2f+0x380>
    4278:	fff48793          	addi	a5,s1,-1
    427c:	0318                	addi	a4,sp,384
    427e:	078a                	slli	a5,a5,0x2
    4280:	97ba                	add	a5,a5,a4
    4282:	ec07a703          	lw	a4,-320(a5)
    4286:	03f77713          	andi	a4,a4,63
    428a:	ece7a023          	sw	a4,-320(a5)
    428e:	4789                	li	a5,2
    4290:	eaf91de3          	bne	s2,a5,414a <__kernel_rem_pio2f+0x23c>
    4294:	00007797          	auipc	a5,0x7
    4298:	09c78793          	addi	a5,a5,156 # b330 <OLED_F8x16+0x618>
    429c:	4388                	lw	a0,0(a5)
    429e:	85d2                	mv	a1,s4
    42a0:	083030ef          	jal	ra,7b22 <__subsf3>
    42a4:	8a2a                	mv	s4,a0
    42a6:	ea0b02e3          	beqz	s6,414a <__kernel_rem_pio2f+0x23c>
    42aa:	00007797          	auipc	a5,0x7
    42ae:	08678793          	addi	a5,a5,134 # b330 <OLED_F8x16+0x618>
    42b2:	4388                	lw	a0,0(a5)
    42b4:	45b2                	lw	a1,12(sp)
    42b6:	0c7000ef          	jal	ra,4b7c <scalbnf>
    42ba:	85aa                	mv	a1,a0
    42bc:	8552                	mv	a0,s4
    42be:	065030ef          	jal	ra,7b22 <__subsf3>
    42c2:	8a2a                	mv	s4,a0
    42c4:	00000593          	li	a1,0
    42c8:	8552                	mv	a0,s4
    42ca:	456030ef          	jal	ra,7720 <__eqsf2>
    42ce:	e80505e3          	beqz	a0,4158 <__kernel_rem_pio2f+0x24a>
    42d2:	57e2                	lw	a5,56(sp)
    42d4:	5772                	lw	a4,60(sp)
    42d6:	8552                	mv	a0,s4
    42d8:	4b52                	lw	s6,20(sp)
    42da:	40e785b3          	sub	a1,a5,a4
    42de:	09f000ef          	jal	ra,4b7c <scalbnf>
    42e2:	00007797          	auipc	a5,0x7
    42e6:	0d678793          	addi	a5,a5,214 # b3b8 <OLED_F8x16+0x6a0>
    42ea:	4380                	lw	s0,0(a5)
    42ec:	8a2a                	mv	s4,a0
    42ee:	85a2                	mv	a1,s0
    42f0:	48c030ef          	jal	ra,777c <__gesf2>
    42f4:	3a054d63          	bltz	a0,46ae <__kernel_rem_pio2f+0x7a0>
    42f8:	00007797          	auipc	a5,0x7
    42fc:	4ac78793          	addi	a5,a5,1196 # b7a4 <PIo2+0x30>
    4300:	438c                	lw	a1,0(a5)
    4302:	8552                	mv	a0,s4
    4304:	031c                	addi	a5,sp,384
    4306:	01a78bb3          	add	s7,a5,s10
    430a:	584030ef          	jal	ra,788e <__mulsf3>
    430e:	3d9030ef          	jal	ra,7ee6 <__fixsfsi>
    4312:	437030ef          	jal	ra,7f48 <__floatsisf>
    4316:	85a2                	mv	a1,s0
    4318:	8aaa                	mv	s5,a0
    431a:	574030ef          	jal	ra,788e <__mulsf3>
    431e:	85aa                	mv	a1,a0
    4320:	8552                	mv	a0,s4
    4322:	001030ef          	jal	ra,7b22 <__subsf3>
    4326:	3c1030ef          	jal	ra,7ee6 <__fixsfsi>
    432a:	00148a13          	addi	s4,s1,1
    432e:	031c                	addi	a5,sp,384
    4330:	ecaba023          	sw	a0,-320(s7)
    4334:	002a1413          	slli	s0,s4,0x2
    4338:	8556                	mv	a0,s5
    433a:	943e                	add	s0,s0,a5
    433c:	3ab030ef          	jal	ra,7ee6 <__fixsfsi>
    4340:	47b2                	lw	a5,12(sp)
    4342:	eca42023          	sw	a0,-320(s0)
    4346:	07a1                	addi	a5,a5,8
    4348:	c63e                	sw	a5,12(sp)
    434a:	00007797          	auipc	a5,0x7
    434e:	fe678793          	addi	a5,a5,-26 # b330 <OLED_F8x16+0x618>
    4352:	4388                	lw	a0,0(a5)
    4354:	45b2                	lw	a1,12(sp)
    4356:	027000ef          	jal	ra,4b7c <scalbnf>
    435a:	8aaa                	mv	s5,a0
    435c:	100a5f63          	bgez	s4,447a <__kernel_rem_pio2f+0x56c>
    4360:	5752                	lw	a4,52(sp)
    4362:	4789                	li	a5,2
    4364:	20e7c763          	blt	a5,a4,4572 <__kernel_rem_pio2f+0x664>
    4368:	36e04f63          	bgtz	a4,46e6 <__kernel_rem_pio2f+0x7d8>
    436c:	00000513          	li	a0,0
    4370:	eb01                	bnez	a4,4380 <__kernel_rem_pio2f+0x472>
    4372:	00090563          	beqz	s2,437c <__kernel_rem_pio2f+0x46e>
    4376:	800007b7          	lui	a5,0x80000
    437a:	8d3d                	xor	a0,a0,a5
    437c:	57c2                	lw	a5,48(sp)
    437e:	c388                	sw	a0,0(a5)
    4380:	1bc12083          	lw	ra,444(sp)
    4384:	1b812403          	lw	s0,440(sp)
    4388:	0079f513          	andi	a0,s3,7
    438c:	1b412483          	lw	s1,436(sp)
    4390:	1b012903          	lw	s2,432(sp)
    4394:	1ac12983          	lw	s3,428(sp)
    4398:	1a812a03          	lw	s4,424(sp)
    439c:	1a412a83          	lw	s5,420(sp)
    43a0:	1a012b03          	lw	s6,416(sp)
    43a4:	19c12b83          	lw	s7,412(sp)
    43a8:	19812c03          	lw	s8,408(sp)
    43ac:	19412c83          	lw	s9,404(sp)
    43b0:	19012d03          	lw	s10,400(sp)
    43b4:	18c12d83          	lw	s11,396(sp)
    43b8:	6139                	addi	sp,sp,448
    43ba:	8082                	ret
    43bc:	4701                	li	a4,0
    43be:	0314                	addi	a3,sp,384
    43c0:	070a                	slli	a4,a4,0x2
    43c2:	9736                	add	a4,a4,a3
    43c4:	10000693          	li	a3,256
    43c8:	41668b33          	sub	s6,a3,s6
    43cc:	ed672023          	sw	s6,-320(a4)
    43d0:	0297d563          	bge	a5,s1,43fa <__kernel_rem_pio2f+0x4ec>
    43d4:	078a                	slli	a5,a5,0x2
    43d6:	0318                	addi	a4,sp,384
    43d8:	0094                	addi	a3,sp,64
    43da:	973e                	add	a4,a4,a5
    43dc:	01a68633          	add	a2,a3,s10
    43e0:	97b6                	add	a5,a5,a3
    43e2:	ec072703          	lw	a4,-320(a4)
    43e6:	0ff00693          	li	a3,255
    43ea:	a011                	j	43ee <__kernel_rem_pio2f+0x4e0>
    43ec:	4398                	lw	a4,0(a5)
    43ee:	40e68733          	sub	a4,a3,a4
    43f2:	c398                	sw	a4,0(a5)
    43f4:	0791                	addi	a5,a5,4
    43f6:	fec79be3          	bne	a5,a2,43ec <__kernel_rem_pio2f+0x4de>
    43fa:	4b05                	li	s6,1
    43fc:	b5ad                	j	4266 <__kernel_rem_pio2f+0x358>
    43fe:	00007797          	auipc	a5,0x7
    4402:	87678793          	addi	a5,a5,-1930 # ac74 <__trunctfdf2+0x228>
    4406:	438c                	lw	a1,0(a5)
    4408:	4901                	li	s2,0
    440a:	372030ef          	jal	ra,777c <__gesf2>
    440e:	d2054ee3          	bltz	a0,414a <__kernel_rem_pio2f+0x23c>
    4412:	0985                	addi	s3,s3,1
    4414:	4909                	li	s2,2
    4416:	e29046e3          	bgtz	s1,4242 <__kernel_rem_pio2f+0x334>
    441a:	00007797          	auipc	a5,0x7
    441e:	f1678793          	addi	a5,a5,-234 # b330 <OLED_F8x16+0x618>
    4422:	4388                	lw	a0,0(a5)
    4424:	85d2                	mv	a1,s4
    4426:	6fc030ef          	jal	ra,7b22 <__subsf3>
    442a:	8a2a                	mv	s4,a0
    442c:	bb39                	j	414a <__kernel_rem_pio2f+0x23c>
    442e:	00148793          	addi	a5,s1,1
    4432:	8b3e                	mv	s6,a5
    4434:	84be                	mv	s1,a5
    4436:	b395                	j	419a <__kernel_rem_pio2f+0x28c>
    4438:	0318                	addi	a4,sp,384
    443a:	002a1793          	slli	a5,s4,0x2
    443e:	97ba                	add	a5,a5,a4
    4440:	4732                	lw	a4,12(sp)
    4442:	ec07a783          	lw	a5,-320(a5)
    4446:	4b52                	lw	s6,20(sp)
    4448:	1761                	addi	a4,a4,-8
    444a:	c63a                	sw	a4,12(sp)
    444c:	ef81                	bnez	a5,4464 <__kernel_rem_pio2f+0x556>
    444e:	00249793          	slli	a5,s1,0x2
    4452:	17e1                	addi	a5,a5,-8
    4454:	0094                	addi	a3,sp,64
    4456:	97b6                	add	a5,a5,a3
    4458:	17f1                	addi	a5,a5,-4
    445a:	43d4                	lw	a3,4(a5)
    445c:	1a7d                	addi	s4,s4,-1
    445e:	1761                	addi	a4,a4,-8
    4460:	dee5                	beqz	a3,4458 <__kernel_rem_pio2f+0x54a>
    4462:	c63a                	sw	a4,12(sp)
    4464:	00007797          	auipc	a5,0x7
    4468:	ecc78793          	addi	a5,a5,-308 # b330 <OLED_F8x16+0x618>
    446c:	4388                	lw	a0,0(a5)
    446e:	45b2                	lw	a1,12(sp)
    4470:	70c000ef          	jal	ra,4b7c <scalbnf>
    4474:	8aaa                	mv	s5,a0
    4476:	ee0a45e3          	bltz	s4,4360 <__kernel_rem_pio2f+0x452>
    447a:	002a1713          	slli	a4,s4,0x2
    447e:	1a1c                	addi	a5,sp,304
    4480:	00e784b3          	add	s1,a5,a4
    4484:	0094                	addi	a3,sp,64
    4486:	00007797          	auipc	a5,0x7
    448a:	31e78793          	addi	a5,a5,798 # b7a4 <PIo2+0x30>
    448e:	c43a                	sw	a4,8(sp)
    4490:	00e68d33          	add	s10,a3,a4
    4494:	8426                	mv	s0,s1
    4496:	0007ac83          	lw	s9,0(a5)
    449a:	a011                	j	449e <__kernel_rem_pio2f+0x590>
    449c:	8d3e                	mv	s10,a5
    449e:	000d2503          	lw	a0,0(s10)
    44a2:	1471                	addi	s0,s0,-4
    44a4:	2a5030ef          	jal	ra,7f48 <__floatsisf>
    44a8:	85d6                	mv	a1,s5
    44aa:	3e4030ef          	jal	ra,788e <__mulsf3>
    44ae:	c048                	sw	a0,4(s0)
    44b0:	85e6                	mv	a1,s9
    44b2:	8556                	mv	a0,s5
    44b4:	3da030ef          	jal	ra,788e <__mulsf3>
    44b8:	0098                	addi	a4,sp,64
    44ba:	8aaa                	mv	s5,a0
    44bc:	ffcd0793          	addi	a5,s10,-4
    44c0:	fda71ee3          	bne	a4,s10,449c <__kernel_rem_pio2f+0x58e>
    44c4:	0e010c93          	addi	s9,sp,224
    44c8:	8ae6                	mv	s5,s9
    44ca:	4401                	li	s0,0
    44cc:	040b4e63          	bltz	s6,4528 <__kernel_rem_pio2f+0x61a>
    44d0:	00007797          	auipc	a5,0x7
    44d4:	2d078793          	addi	a5,a5,720 # b7a0 <PIo2+0x2c>
    44d8:	00007d17          	auipc	s10,0x7
    44dc:	2a0d0d13          	addi	s10,s10,672 # b778 <PIo2+0x4>
    44e0:	8c26                	mv	s8,s1
    44e2:	4388                	lw	a0,0(a5)
    44e4:	00000d93          	li	s11,0
    44e8:	4b81                	li	s7,0
    44ea:	a039                	j	44f8 <__kernel_rem_pio2f+0x5ea>
    44ec:	0c11                	addi	s8,s8,4
    44ee:	03744163          	blt	s0,s7,4510 <__kernel_rem_pio2f+0x602>
    44f2:	000d2503          	lw	a0,0(s10)
    44f6:	0d11                	addi	s10,s10,4
    44f8:	000c2583          	lw	a1,0(s8)
    44fc:	0b85                	addi	s7,s7,1
    44fe:	390030ef          	jal	ra,788e <__mulsf3>
    4502:	85aa                	mv	a1,a0
    4504:	856e                	mv	a0,s11
    4506:	3ff020ef          	jal	ra,7104 <__addsf3>
    450a:	8daa                	mv	s11,a0
    450c:	ff7b50e3          	bge	s6,s7,44ec <__kernel_rem_pio2f+0x5de>
    4510:	01baa023          	sw	s11,0(s5)
    4514:	1a18                	addi	a4,sp,304
    4516:	0405                	addi	s0,s0,1
    4518:	0a91                	addi	s5,s5,4
    451a:	ffc48793          	addi	a5,s1,-4
    451e:	02970063          	beq	a4,s1,453e <__kernel_rem_pio2f+0x630>
    4522:	84be                	mv	s1,a5
    4524:	fa0b56e3          	bgez	s6,44d0 <__kernel_rem_pio2f+0x5c2>
    4528:	00000d93          	li	s11,0
    452c:	01baa023          	sw	s11,0(s5)
    4530:	1a18                	addi	a4,sp,304
    4532:	0405                	addi	s0,s0,1
    4534:	0a91                	addi	s5,s5,4
    4536:	ffc48793          	addi	a5,s1,-4
    453a:	fe9714e3          	bne	a4,s1,4522 <__kernel_rem_pio2f+0x614>
    453e:	5752                	lw	a4,52(sp)
    4540:	4789                	li	a5,2
    4542:	02e7c863          	blt	a5,a4,4572 <__kernel_rem_pio2f+0x664>
    4546:	87ba                	mv	a5,a4
    4548:	10e04763          	bgtz	a4,4656 <__kernel_rem_pio2f+0x748>
    454c:	4722                	lw	a4,8(sp)
    454e:	00000513          	li	a0,0
    4552:	00ec8bb3          	add	s7,s9,a4
    4556:	c399                	beqz	a5,455c <__kernel_rem_pio2f+0x64e>
    4558:	b525                	j	4380 <__kernel_rem_pio2f+0x472>
    455a:	8bbe                	mv	s7,a5
    455c:	000ba583          	lw	a1,0(s7)
    4560:	3a5020ef          	jal	ra,7104 <__addsf3>
    4564:	ffcb8793          	addi	a5,s7,-4
    4568:	ff7c99e3          	bne	s9,s7,455a <__kernel_rem_pio2f+0x64c>
    456c:	e00908e3          	beqz	s2,437c <__kernel_rem_pio2f+0x46e>
    4570:	b519                	j	4376 <__kernel_rem_pio2f+0x468>
    4572:	5752                	lw	a4,52(sp)
    4574:	478d                	li	a5,3
    4576:	e0f715e3          	bne	a4,a5,4380 <__kernel_rem_pio2f+0x472>
    457a:	17405963          	blez	s4,46ec <__kernel_rem_pio2f+0x7de>
    457e:	002a1a93          	slli	s5,s4,0x2
    4582:	031c                	addi	a5,sp,384
    4584:	97d6                	add	a5,a5,s5
    4586:	0e010c93          	addi	s9,sp,224
    458a:	ffca8413          	addi	s0,s5,-4
    458e:	f607ab03          	lw	s6,-160(a5)
    4592:	9466                	add	s0,s0,s9
    4594:	a011                	j	4598 <__kernel_rem_pio2f+0x68a>
    4596:	843e                	mv	s0,a5
    4598:	00042b83          	lw	s7,0(s0)
    459c:	85da                	mv	a1,s6
    459e:	855e                	mv	a0,s7
    45a0:	365020ef          	jal	ra,7104 <__addsf3>
    45a4:	84aa                	mv	s1,a0
    45a6:	85aa                	mv	a1,a0
    45a8:	855e                	mv	a0,s7
    45aa:	578030ef          	jal	ra,7b22 <__subsf3>
    45ae:	85da                	mv	a1,s6
    45b0:	355020ef          	jal	ra,7104 <__addsf3>
    45b4:	c048                	sw	a0,4(s0)
    45b6:	c004                	sw	s1,0(s0)
    45b8:	ffc40793          	addi	a5,s0,-4
    45bc:	8b26                	mv	s6,s1
    45be:	fc8c9ce3          	bne	s9,s0,4596 <__kernel_rem_pio2f+0x688>
    45c2:	4785                	li	a5,1
    45c4:	1347d463          	bge	a5,s4,46ec <__kernel_rem_pio2f+0x7de>
    45c8:	002a1413          	slli	s0,s4,0x2
    45cc:	031c                	addi	a5,sp,384
    45ce:	9abe                	add	s5,s5,a5
    45d0:	1471                	addi	s0,s0,-4
    45d2:	f60aaa83          	lw	s5,-160(s5)
    45d6:	008c84b3          	add	s1,s9,s0
    45da:	a011                	j	45de <__kernel_rem_pio2f+0x6d0>
    45dc:	84be                	mv	s1,a5
    45de:	0004ab03          	lw	s6,0(s1)
    45e2:	85d6                	mv	a1,s5
    45e4:	855a                	mv	a0,s6
    45e6:	31f020ef          	jal	ra,7104 <__addsf3>
    45ea:	8a2a                	mv	s4,a0
    45ec:	85aa                	mv	a1,a0
    45ee:	855a                	mv	a0,s6
    45f0:	532030ef          	jal	ra,7b22 <__subsf3>
    45f4:	85d6                	mv	a1,s5
    45f6:	30f020ef          	jal	ra,7104 <__addsf3>
    45fa:	c0c8                	sw	a0,4(s1)
    45fc:	0144a023          	sw	s4,0(s1)
    4600:	ffc48793          	addi	a5,s1,-4
    4604:	8ad2                	mv	s5,s4
    4606:	fcfc9be3          	bne	s9,a5,45dc <__kernel_rem_pio2f+0x6ce>
    460a:	0411                	addi	s0,s0,4
    460c:	9ca2                	add	s9,s9,s0
    460e:	00000513          	li	a0,0
    4612:	000ca583          	lw	a1,0(s9)
    4616:	1cf1                	addi	s9,s9,-4
    4618:	2ed020ef          	jal	ra,7104 <__addsf3>
    461c:	ff949be3          	bne	s1,s9,4612 <__kernel_rem_pio2f+0x704>
    4620:	568e                	lw	a3,224(sp)
    4622:	571e                	lw	a4,228(sp)
    4624:	08091f63          	bnez	s2,46c2 <__kernel_rem_pio2f+0x7b4>
    4628:	57c2                	lw	a5,48(sp)
    462a:	c394                	sw	a3,0(a5)
    462c:	c3d8                	sw	a4,4(a5)
    462e:	c788                	sw	a0,8(a5)
    4630:	bb81                	j	4380 <__kernel_rem_pio2f+0x472>
    4632:	fff48793          	addi	a5,s1,-1
    4636:	0318                	addi	a4,sp,384
    4638:	078a                	slli	a5,a5,0x2
    463a:	97ba                	add	a5,a5,a4
    463c:	ec07a703          	lw	a4,-320(a5)
    4640:	07f77713          	andi	a4,a4,127
    4644:	ece7a023          	sw	a4,-320(a5)
    4648:	b199                	j	428e <__kernel_rem_pio2f+0x380>
    464a:	47a1                	li	a5,8
    464c:	dc3e                	sw	a5,56(sp)
    464e:	cc02                	sw	zero,24(sp)
    4650:	ba0d                	j	3f82 <__kernel_rem_pio2f+0x74>
    4652:	4b01                	li	s6,0
    4654:	b909                	j	4266 <__kernel_rem_pio2f+0x358>
    4656:	47a2                	lw	a5,8(sp)
    4658:	00000413          	li	s0,0
    465c:	8522                	mv	a0,s0
    465e:	00fc8bb3          	add	s7,s9,a5
    4662:	a011                	j	4666 <__kernel_rem_pio2f+0x758>
    4664:	8bbe                	mv	s7,a5
    4666:	000ba583          	lw	a1,0(s7)
    466a:	29b020ef          	jal	ra,7104 <__addsf3>
    466e:	ffcb8793          	addi	a5,s7,-4
    4672:	ff7c99e3          	bne	s9,s7,4664 <__kernel_rem_pio2f+0x756>
    4676:	842a                	mv	s0,a0
    4678:	550e                	lw	a0,224(sp)
    467a:	85a2                	mv	a1,s0
    467c:	4a6030ef          	jal	ra,7b22 <__subsf3>
    4680:	04091b63          	bnez	s2,46d6 <__kernel_rem_pio2f+0x7c8>
    4684:	57c2                	lw	a5,48(sp)
    4686:	c380                	sw	s0,0(a5)
    4688:	03405063          	blez	s4,46a8 <__kernel_rem_pio2f+0x79a>
    468c:	11c4                	addi	s1,sp,228
    468e:	4405                	li	s0,1
    4690:	408c                	lw	a1,0(s1)
    4692:	0405                	addi	s0,s0,1
    4694:	0491                	addi	s1,s1,4
    4696:	26f020ef          	jal	ra,7104 <__addsf3>
    469a:	fe8a5be3          	bge	s4,s0,4690 <__kernel_rem_pio2f+0x782>
    469e:	00090563          	beqz	s2,46a8 <__kernel_rem_pio2f+0x79a>
    46a2:	800007b7          	lui	a5,0x80000
    46a6:	8d3d                	xor	a0,a0,a5
    46a8:	57c2                	lw	a5,48(sp)
    46aa:	c3c8                	sw	a0,4(a5)
    46ac:	b9d1                	j	4380 <__kernel_rem_pio2f+0x472>
    46ae:	8552                	mv	a0,s4
    46b0:	031c                	addi	a5,sp,384
    46b2:	01a78433          	add	s0,a5,s10
    46b6:	031030ef          	jal	ra,7ee6 <__fixsfsi>
    46ba:	eca42023          	sw	a0,-320(s0)
    46be:	8a26                	mv	s4,s1
    46c0:	b355                	j	4464 <__kernel_rem_pio2f+0x556>
    46c2:	5642                	lw	a2,48(sp)
    46c4:	800007b7          	lui	a5,0x80000
    46c8:	8ebd                	xor	a3,a3,a5
    46ca:	8f3d                	xor	a4,a4,a5
    46cc:	8fa9                	xor	a5,a5,a0
    46ce:	c214                	sw	a3,0(a2)
    46d0:	c258                	sw	a4,4(a2)
    46d2:	c61c                	sw	a5,8(a2)
    46d4:	b175                	j	4380 <__kernel_rem_pio2f+0x472>
    46d6:	800007b7          	lui	a5,0x80000
    46da:	8c3d                	xor	s0,s0,a5
    46dc:	57c2                	lw	a5,48(sp)
    46de:	c380                	sw	s0,0(a5)
    46e0:	fb4046e3          	bgtz	s4,468c <__kernel_rem_pio2f+0x77e>
    46e4:	bf7d                	j	46a2 <__kernel_rem_pio2f+0x794>
    46e6:	00000413          	li	s0,0
    46ea:	b779                	j	4678 <__kernel_rem_pio2f+0x76a>
    46ec:	00000513          	li	a0,0
    46f0:	bf05                	j	4620 <__kernel_rem_pio2f+0x712>

000046f2 <__kernel_sinf>:
    46f2:	1101                	addi	sp,sp,-32
    46f4:	00151793          	slli	a5,a0,0x1
    46f8:	cc22                	sw	s0,24(sp)
    46fa:	c64e                	sw	s3,12(sp)
    46fc:	c452                	sw	s4,8(sp)
    46fe:	ce06                	sw	ra,28(sp)
    4700:	ca26                	sw	s1,20(sp)
    4702:	c84a                	sw	s2,16(sp)
    4704:	c256                	sw	s5,4(sp)
    4706:	8385                	srli	a5,a5,0x1
    4708:	32000737          	lui	a4,0x32000
    470c:	842a                	mv	s0,a0
    470e:	89ae                	mv	s3,a1
    4710:	8a32                	mv	s4,a2
    4712:	00e7d663          	bge	a5,a4,471e <__kernel_sinf+0x2c>
    4716:	7d0030ef          	jal	ra,7ee6 <__fixsfsi>
    471a:	87a2                	mv	a5,s0
    471c:	cd49                	beqz	a0,47b6 <__kernel_sinf+0xc4>
    471e:	85a2                	mv	a1,s0
    4720:	8522                	mv	a0,s0
    4722:	16c030ef          	jal	ra,788e <__mulsf3>
    4726:	84aa                	mv	s1,a0
    4728:	85aa                	mv	a1,a0
    472a:	8522                	mv	a0,s0
    472c:	162030ef          	jal	ra,788e <__mulsf3>
    4730:	00007797          	auipc	a5,0x7
    4734:	08c78793          	addi	a5,a5,140 # b7bc <init_jk+0xc>
    4738:	438c                	lw	a1,0(a5)
    473a:	892a                	mv	s2,a0
    473c:	8526                	mv	a0,s1
    473e:	150030ef          	jal	ra,788e <__mulsf3>
    4742:	00007797          	auipc	a5,0x7
    4746:	07e78793          	addi	a5,a5,126 # b7c0 <init_jk+0x10>
    474a:	438c                	lw	a1,0(a5)
    474c:	3d6030ef          	jal	ra,7b22 <__subsf3>
    4750:	85a6                	mv	a1,s1
    4752:	13c030ef          	jal	ra,788e <__mulsf3>
    4756:	00007797          	auipc	a5,0x7
    475a:	06e78793          	addi	a5,a5,110 # b7c4 <init_jk+0x14>
    475e:	438c                	lw	a1,0(a5)
    4760:	1a5020ef          	jal	ra,7104 <__addsf3>
    4764:	85a6                	mv	a1,s1
    4766:	128030ef          	jal	ra,788e <__mulsf3>
    476a:	00007797          	auipc	a5,0x7
    476e:	05e78793          	addi	a5,a5,94 # b7c8 <init_jk+0x18>
    4772:	438c                	lw	a1,0(a5)
    4774:	3ae030ef          	jal	ra,7b22 <__subsf3>
    4778:	85a6                	mv	a1,s1
    477a:	114030ef          	jal	ra,788e <__mulsf3>
    477e:	00007797          	auipc	a5,0x7
    4782:	04e78793          	addi	a5,a5,78 # b7cc <init_jk+0x1c>
    4786:	438c                	lw	a1,0(a5)
    4788:	17d020ef          	jal	ra,7104 <__addsf3>
    478c:	8aaa                	mv	s5,a0
    478e:	020a1e63          	bnez	s4,47ca <__kernel_sinf+0xd8>
    4792:	85aa                	mv	a1,a0
    4794:	8526                	mv	a0,s1
    4796:	0f8030ef          	jal	ra,788e <__mulsf3>
    479a:	00007797          	auipc	a5,0x7
    479e:	03678793          	addi	a5,a5,54 # b7d0 <init_jk+0x20>
    47a2:	438c                	lw	a1,0(a5)
    47a4:	37e030ef          	jal	ra,7b22 <__subsf3>
    47a8:	85ca                	mv	a1,s2
    47aa:	0e4030ef          	jal	ra,788e <__mulsf3>
    47ae:	85a2                	mv	a1,s0
    47b0:	155020ef          	jal	ra,7104 <__addsf3>
    47b4:	87aa                	mv	a5,a0
    47b6:	40f2                	lw	ra,28(sp)
    47b8:	4462                	lw	s0,24(sp)
    47ba:	44d2                	lw	s1,20(sp)
    47bc:	4942                	lw	s2,16(sp)
    47be:	49b2                	lw	s3,12(sp)
    47c0:	4a22                	lw	s4,8(sp)
    47c2:	4a92                	lw	s5,4(sp)
    47c4:	853e                	mv	a0,a5
    47c6:	6105                	addi	sp,sp,32
    47c8:	8082                	ret
    47ca:	00006797          	auipc	a5,0x6
    47ce:	4aa78793          	addi	a5,a5,1194 # ac74 <__trunctfdf2+0x228>
    47d2:	438c                	lw	a1,0(a5)
    47d4:	854e                	mv	a0,s3
    47d6:	0b8030ef          	jal	ra,788e <__mulsf3>
    47da:	8a2a                	mv	s4,a0
    47dc:	85d6                	mv	a1,s5
    47de:	854a                	mv	a0,s2
    47e0:	0ae030ef          	jal	ra,788e <__mulsf3>
    47e4:	85aa                	mv	a1,a0
    47e6:	8552                	mv	a0,s4
    47e8:	33a030ef          	jal	ra,7b22 <__subsf3>
    47ec:	85a6                	mv	a1,s1
    47ee:	0a0030ef          	jal	ra,788e <__mulsf3>
    47f2:	85ce                	mv	a1,s3
    47f4:	32e030ef          	jal	ra,7b22 <__subsf3>
    47f8:	00007797          	auipc	a5,0x7
    47fc:	fd878793          	addi	a5,a5,-40 # b7d0 <init_jk+0x20>
    4800:	438c                	lw	a1,0(a5)
    4802:	84aa                	mv	s1,a0
    4804:	854a                	mv	a0,s2
    4806:	088030ef          	jal	ra,788e <__mulsf3>
    480a:	85aa                	mv	a1,a0
    480c:	8526                	mv	a0,s1
    480e:	0f7020ef          	jal	ra,7104 <__addsf3>
    4812:	85aa                	mv	a1,a0
    4814:	8522                	mv	a0,s0
    4816:	30c030ef          	jal	ra,7b22 <__subsf3>
    481a:	87aa                	mv	a5,a0
    481c:	bf69                	j	47b6 <__kernel_sinf+0xc4>

0000481e <matherr>:
    481e:	4501                	li	a0,0
    4820:	8082                	ret

00004822 <atanf>:
    4822:	1101                	addi	sp,sp,-32
    4824:	cc22                	sw	s0,24(sp)
    4826:	00151413          	slli	s0,a0,0x1
    482a:	ca26                	sw	s1,20(sp)
    482c:	c64e                	sw	s3,12(sp)
    482e:	ce06                	sw	ra,28(sp)
    4830:	c84a                	sw	s2,16(sp)
    4832:	c452                	sw	s4,8(sp)
    4834:	8005                	srli	s0,s0,0x1
    4836:	508007b7          	lui	a5,0x50800
    483a:	84aa                	mv	s1,a0
    483c:	89aa                	mv	s3,a0
    483e:	02f44663          	blt	s0,a5,486a <atanf+0x48>
    4842:	7f8007b7          	lui	a5,0x7f800
    4846:	1687c763          	blt	a5,s0,49b4 <atanf+0x192>
    484a:	18a05c63          	blez	a0,49e2 <atanf+0x1c0>
    484e:	00007797          	auipc	a5,0x7
    4852:	b2678793          	addi	a5,a5,-1242 # b374 <OLED_F8x16+0x65c>
    4856:	439c                	lw	a5,0(a5)
    4858:	40f2                	lw	ra,28(sp)
    485a:	4462                	lw	s0,24(sp)
    485c:	44d2                	lw	s1,20(sp)
    485e:	4942                	lw	s2,16(sp)
    4860:	49b2                	lw	s3,12(sp)
    4862:	4a22                	lw	s4,8(sp)
    4864:	853e                	mv	a0,a5
    4866:	6105                	addi	sp,sp,32
    4868:	8082                	ret
    486a:	3ee007b7          	lui	a5,0x3ee00
    486e:	18f45563          	bge	s0,a5,49f8 <atanf+0x1d6>
    4872:	310007b7          	lui	a5,0x31000
    4876:	14f44463          	blt	s0,a5,49be <atanf+0x19c>
    487a:	597d                	li	s2,-1
    487c:	85a6                	mv	a1,s1
    487e:	8526                	mv	a0,s1
    4880:	00e030ef          	jal	ra,788e <__mulsf3>
    4884:	85aa                	mv	a1,a0
    4886:	8a2a                	mv	s4,a0
    4888:	006030ef          	jal	ra,788e <__mulsf3>
    488c:	00007797          	auipc	a5,0x7
    4890:	f5478793          	addi	a5,a5,-172 # b7e0 <init_jk+0x30>
    4894:	438c                	lw	a1,0(a5)
    4896:	842a                	mv	s0,a0
    4898:	7f7020ef          	jal	ra,788e <__mulsf3>
    489c:	00007797          	auipc	a5,0x7
    48a0:	f4878793          	addi	a5,a5,-184 # b7e4 <init_jk+0x34>
    48a4:	438c                	lw	a1,0(a5)
    48a6:	05f020ef          	jal	ra,7104 <__addsf3>
    48aa:	85a2                	mv	a1,s0
    48ac:	7e3020ef          	jal	ra,788e <__mulsf3>
    48b0:	00007797          	auipc	a5,0x7
    48b4:	f3878793          	addi	a5,a5,-200 # b7e8 <init_jk+0x38>
    48b8:	438c                	lw	a1,0(a5)
    48ba:	04b020ef          	jal	ra,7104 <__addsf3>
    48be:	85a2                	mv	a1,s0
    48c0:	7cf020ef          	jal	ra,788e <__mulsf3>
    48c4:	00007797          	auipc	a5,0x7
    48c8:	f2878793          	addi	a5,a5,-216 # b7ec <init_jk+0x3c>
    48cc:	438c                	lw	a1,0(a5)
    48ce:	037020ef          	jal	ra,7104 <__addsf3>
    48d2:	85a2                	mv	a1,s0
    48d4:	7bb020ef          	jal	ra,788e <__mulsf3>
    48d8:	00007797          	auipc	a5,0x7
    48dc:	f1878793          	addi	a5,a5,-232 # b7f0 <init_jk+0x40>
    48e0:	438c                	lw	a1,0(a5)
    48e2:	023020ef          	jal	ra,7104 <__addsf3>
    48e6:	85a2                	mv	a1,s0
    48e8:	7a7020ef          	jal	ra,788e <__mulsf3>
    48ec:	00007797          	auipc	a5,0x7
    48f0:	f0878793          	addi	a5,a5,-248 # b7f4 <init_jk+0x44>
    48f4:	438c                	lw	a1,0(a5)
    48f6:	00f020ef          	jal	ra,7104 <__addsf3>
    48fa:	85d2                	mv	a1,s4
    48fc:	793020ef          	jal	ra,788e <__mulsf3>
    4900:	00007797          	auipc	a5,0x7
    4904:	ef878793          	addi	a5,a5,-264 # b7f8 <init_jk+0x48>
    4908:	438c                	lw	a1,0(a5)
    490a:	8a2a                	mv	s4,a0
    490c:	8522                	mv	a0,s0
    490e:	781020ef          	jal	ra,788e <__mulsf3>
    4912:	00007797          	auipc	a5,0x7
    4916:	eea78793          	addi	a5,a5,-278 # b7fc <init_jk+0x4c>
    491a:	438c                	lw	a1,0(a5)
    491c:	206030ef          	jal	ra,7b22 <__subsf3>
    4920:	85a2                	mv	a1,s0
    4922:	76d020ef          	jal	ra,788e <__mulsf3>
    4926:	00007797          	auipc	a5,0x7
    492a:	eda78793          	addi	a5,a5,-294 # b800 <init_jk+0x50>
    492e:	438c                	lw	a1,0(a5)
    4930:	1f2030ef          	jal	ra,7b22 <__subsf3>
    4934:	85a2                	mv	a1,s0
    4936:	759020ef          	jal	ra,788e <__mulsf3>
    493a:	00007797          	auipc	a5,0x7
    493e:	eca78793          	addi	a5,a5,-310 # b804 <init_jk+0x54>
    4942:	438c                	lw	a1,0(a5)
    4944:	1de030ef          	jal	ra,7b22 <__subsf3>
    4948:	85a2                	mv	a1,s0
    494a:	745020ef          	jal	ra,788e <__mulsf3>
    494e:	00007797          	auipc	a5,0x7
    4952:	eba78793          	addi	a5,a5,-326 # b808 <init_jk+0x58>
    4956:	438c                	lw	a1,0(a5)
    4958:	1ca030ef          	jal	ra,7b22 <__subsf3>
    495c:	85a2                	mv	a1,s0
    495e:	731020ef          	jal	ra,788e <__mulsf3>
    4962:	85aa                	mv	a1,a0
    4964:	8552                	mv	a0,s4
    4966:	79e020ef          	jal	ra,7104 <__addsf3>
    496a:	85a6                	mv	a1,s1
    496c:	723020ef          	jal	ra,788e <__mulsf3>
    4970:	57fd                	li	a5,-1
    4972:	85aa                	mv	a1,a0
    4974:	06f90d63          	beq	s2,a5,49ee <atanf+0x1cc>
    4978:	090a                	slli	s2,s2,0x2
    497a:	00007797          	auipc	a5,0x7
    497e:	ea278793          	addi	a5,a5,-350 # b81c <atanlo>
    4982:	97ca                	add	a5,a5,s2
    4984:	438c                	lw	a1,0(a5)
    4986:	00007797          	auipc	a5,0x7
    498a:	e8678793          	addi	a5,a5,-378 # b80c <atanhi>
    498e:	993e                	add	s2,s2,a5
    4990:	192030ef          	jal	ra,7b22 <__subsf3>
    4994:	85a6                	mv	a1,s1
    4996:	18c030ef          	jal	ra,7b22 <__subsf3>
    499a:	85aa                	mv	a1,a0
    499c:	00092503          	lw	a0,0(s2)
    49a0:	182030ef          	jal	ra,7b22 <__subsf3>
    49a4:	87aa                	mv	a5,a0
    49a6:	ea09d9e3          	bgez	s3,4858 <atanf+0x36>
    49aa:	80000737          	lui	a4,0x80000
    49ae:	00a747b3          	xor	a5,a4,a0
    49b2:	b55d                	j	4858 <atanf+0x36>
    49b4:	85aa                	mv	a1,a0
    49b6:	74e020ef          	jal	ra,7104 <__addsf3>
    49ba:	87aa                	mv	a5,a0
    49bc:	bd71                	j	4858 <atanf+0x36>
    49be:	00007797          	auipc	a5,0x7
    49c2:	e1678793          	addi	a5,a5,-490 # b7d4 <init_jk+0x24>
    49c6:	438c                	lw	a1,0(a5)
    49c8:	73c020ef          	jal	ra,7104 <__addsf3>
    49cc:	00007797          	auipc	a5,0x7
    49d0:	96478793          	addi	a5,a5,-1692 # b330 <OLED_F8x16+0x618>
    49d4:	438c                	lw	a1,0(a5)
    49d6:	5a7020ef          	jal	ra,777c <__gesf2>
    49da:	87a6                	mv	a5,s1
    49dc:	e8a05fe3          	blez	a0,487a <atanf+0x58>
    49e0:	bda5                	j	4858 <atanf+0x36>
    49e2:	00007797          	auipc	a5,0x7
    49e6:	9a278793          	addi	a5,a5,-1630 # b384 <OLED_F8x16+0x66c>
    49ea:	439c                	lw	a5,0(a5)
    49ec:	b5b5                	j	4858 <atanf+0x36>
    49ee:	8526                	mv	a0,s1
    49f0:	132030ef          	jal	ra,7b22 <__subsf3>
    49f4:	87aa                	mv	a5,a0
    49f6:	b58d                	j	4858 <atanf+0x36>
    49f8:	284d                	jal	4aaa <fabsf>
    49fa:	3f9807b7          	lui	a5,0x3f980
    49fe:	84aa                	mv	s1,a0
    4a00:	04f45063          	bge	s0,a5,4a40 <atanf+0x21e>
    4a04:	3f3007b7          	lui	a5,0x3f300
    4a08:	08f45563          	bge	s0,a5,4a92 <atanf+0x270>
    4a0c:	85aa                	mv	a1,a0
    4a0e:	6f6020ef          	jal	ra,7104 <__addsf3>
    4a12:	00007797          	auipc	a5,0x7
    4a16:	91e78793          	addi	a5,a5,-1762 # b330 <OLED_F8x16+0x618>
    4a1a:	438c                	lw	a1,0(a5)
    4a1c:	4901                	li	s2,0
    4a1e:	104030ef          	jal	ra,7b22 <__subsf3>
    4a22:	00006797          	auipc	a5,0x6
    4a26:	24e78793          	addi	a5,a5,590 # ac70 <__trunctfdf2+0x224>
    4a2a:	438c                	lw	a1,0(a5)
    4a2c:	842a                	mv	s0,a0
    4a2e:	8526                	mv	a0,s1
    4a30:	6d4020ef          	jal	ra,7104 <__addsf3>
    4a34:	85aa                	mv	a1,a0
    4a36:	8522                	mv	a0,s0
    4a38:	237020ef          	jal	ra,746e <__divsf3>
    4a3c:	84aa                	mv	s1,a0
    4a3e:	bd3d                	j	487c <atanf+0x5a>
    4a40:	401c07b7          	lui	a5,0x401c0
    4a44:	02f45c63          	bge	s0,a5,4a7c <atanf+0x25a>
    4a48:	00007417          	auipc	s0,0x7
    4a4c:	d9040413          	addi	s0,s0,-624 # b7d8 <init_jk+0x28>
    4a50:	400c                	lw	a1,0(s0)
    4a52:	4909                	li	s2,2
    4a54:	0ce030ef          	jal	ra,7b22 <__subsf3>
    4a58:	400c                	lw	a1,0(s0)
    4a5a:	8a2a                	mv	s4,a0
    4a5c:	8526                	mv	a0,s1
    4a5e:	631020ef          	jal	ra,788e <__mulsf3>
    4a62:	00007797          	auipc	a5,0x7
    4a66:	8ce78793          	addi	a5,a5,-1842 # b330 <OLED_F8x16+0x618>
    4a6a:	438c                	lw	a1,0(a5)
    4a6c:	698020ef          	jal	ra,7104 <__addsf3>
    4a70:	85aa                	mv	a1,a0
    4a72:	8552                	mv	a0,s4
    4a74:	1fb020ef          	jal	ra,746e <__divsf3>
    4a78:	84aa                	mv	s1,a0
    4a7a:	b509                	j	487c <atanf+0x5a>
    4a7c:	00007797          	auipc	a5,0x7
    4a80:	d6078793          	addi	a5,a5,-672 # b7dc <init_jk+0x2c>
    4a84:	4388                	lw	a0,0(a5)
    4a86:	85a6                	mv	a1,s1
    4a88:	490d                	li	s2,3
    4a8a:	1e5020ef          	jal	ra,746e <__divsf3>
    4a8e:	84aa                	mv	s1,a0
    4a90:	b3f5                	j	487c <atanf+0x5a>
    4a92:	00007417          	auipc	s0,0x7
    4a96:	89e40413          	addi	s0,s0,-1890 # b330 <OLED_F8x16+0x618>
    4a9a:	400c                	lw	a1,0(s0)
    4a9c:	4905                	li	s2,1
    4a9e:	084030ef          	jal	ra,7b22 <__subsf3>
    4aa2:	8a2a                	mv	s4,a0
    4aa4:	400c                	lw	a1,0(s0)
    4aa6:	8526                	mv	a0,s1
    4aa8:	b7d1                	j	4a6c <atanf+0x24a>

00004aaa <fabsf>:
    4aaa:	0506                	slli	a0,a0,0x1
    4aac:	8105                	srli	a0,a0,0x1
    4aae:	8082                	ret

00004ab0 <floorf>:
    4ab0:	1101                	addi	sp,sp,-32
    4ab2:	ca26                	sw	s1,20(sp)
    4ab4:	00151493          	slli	s1,a0,0x1
    4ab8:	8085                	srli	s1,s1,0x1
    4aba:	cc22                	sw	s0,24(sp)
    4abc:	0174d413          	srli	s0,s1,0x17
    4ac0:	c84a                	sw	s2,16(sp)
    4ac2:	ce06                	sw	ra,28(sp)
    4ac4:	c64e                	sw	s3,12(sp)
    4ac6:	c452                	sw	s4,8(sp)
    4ac8:	c256                	sw	s5,4(sp)
    4aca:	f8140413          	addi	s0,s0,-127
    4ace:	47d9                	li	a5,22
    4ad0:	892a                	mv	s2,a0
    4ad2:	0887cb63          	blt	a5,s0,4b68 <floorf+0xb8>
    4ad6:	8a2a                	mv	s4,a0
    4ad8:	04044d63          	bltz	s0,4b32 <floorf+0x82>
    4adc:	00800ab7          	lui	s5,0x800
    4ae0:	fffa8493          	addi	s1,s5,-1 # 7fffff <_data_lma+0x7f42f7>
    4ae4:	4084d4b3          	sra	s1,s1,s0
    4ae8:	00a4f7b3          	and	a5,s1,a0
    4aec:	89aa                	mv	s3,a0
    4aee:	cb85                	beqz	a5,4b1e <floorf+0x6e>
    4af0:	00007797          	auipc	a5,0x7
    4af4:	ce478793          	addi	a5,a5,-796 # b7d4 <init_jk+0x24>
    4af8:	438c                	lw	a1,0(a5)
    4afa:	60a020ef          	jal	ra,7104 <__addsf3>
    4afe:	00000593          	li	a1,0
    4b02:	47b020ef          	jal	ra,777c <__gesf2>
    4b06:	00a05c63          	blez	a0,4b1e <floorf+0x6e>
    4b0a:	00095663          	bgez	s2,4b16 <floorf+0x66>
    4b0e:	408ad433          	sra	s0,s5,s0
    4b12:	01240a33          	add	s4,s0,s2
    4b16:	fff4c993          	not	s3,s1
    4b1a:	0149f9b3          	and	s3,s3,s4
    4b1e:	40f2                	lw	ra,28(sp)
    4b20:	4462                	lw	s0,24(sp)
    4b22:	854e                	mv	a0,s3
    4b24:	44d2                	lw	s1,20(sp)
    4b26:	4942                	lw	s2,16(sp)
    4b28:	49b2                	lw	s3,12(sp)
    4b2a:	4a22                	lw	s4,8(sp)
    4b2c:	4a92                	lw	s5,4(sp)
    4b2e:	6105                	addi	sp,sp,32
    4b30:	8082                	ret
    4b32:	00007797          	auipc	a5,0x7
    4b36:	ca278793          	addi	a5,a5,-862 # b7d4 <init_jk+0x24>
    4b3a:	438c                	lw	a1,0(a5)
    4b3c:	89ca                	mv	s3,s2
    4b3e:	5c6020ef          	jal	ra,7104 <__addsf3>
    4b42:	00000593          	li	a1,0
    4b46:	437020ef          	jal	ra,777c <__gesf2>
    4b4a:	fca05ae3          	blez	a0,4b1e <floorf+0x6e>
    4b4e:	00000993          	li	s3,0
    4b52:	fc0956e3          	bgez	s2,4b1e <floorf+0x6e>
    4b56:	89ca                	mv	s3,s2
    4b58:	d0f9                	beqz	s1,4b1e <floorf+0x6e>
    4b5a:	00007797          	auipc	a5,0x7
    4b5e:	c8278793          	addi	a5,a5,-894 # b7dc <init_jk+0x2c>
    4b62:	0007a983          	lw	s3,0(a5)
    4b66:	bf65                	j	4b1e <floorf+0x6e>
    4b68:	7f8007b7          	lui	a5,0x7f800
    4b6c:	89aa                	mv	s3,a0
    4b6e:	faf4e8e3          	bltu	s1,a5,4b1e <floorf+0x6e>
    4b72:	85aa                	mv	a1,a0
    4b74:	590020ef          	jal	ra,7104 <__addsf3>
    4b78:	89aa                	mv	s3,a0
    4b7a:	b755                	j	4b1e <floorf+0x6e>

00004b7c <scalbnf>:
    4b7c:	00151793          	slli	a5,a0,0x1
    4b80:	8385                	srli	a5,a5,0x1
    4b82:	872a                	mv	a4,a0
    4b84:	c7b1                	beqz	a5,4bd0 <scalbnf+0x54>
    4b86:	1141                	addi	sp,sp,-16
    4b88:	c606                	sw	ra,12(sp)
    4b8a:	c422                	sw	s0,8(sp)
    4b8c:	7f800637          	lui	a2,0x7f800
    4b90:	02c7f963          	bgeu	a5,a2,4bc2 <scalbnf+0x46>
    4b94:	00c576b3          	and	a3,a0,a2
    4b98:	842e                	mv	s0,a1
    4b9a:	ee85                	bnez	a3,4bd2 <scalbnf+0x56>
    4b9c:	00007797          	auipc	a5,0x7
    4ba0:	c9078793          	addi	a5,a5,-880 # b82c <atanlo+0x10>
    4ba4:	438c                	lw	a1,0(a5)
    4ba6:	4e9020ef          	jal	ra,788e <__mulsf3>
    4baa:	77d1                	lui	a5,0xffff4
    4bac:	cb078793          	addi	a5,a5,-848 # ffff3cb0 <_eusrstack+0xdffeecb0>
    4bb0:	872a                	mv	a4,a0
    4bb2:	06f44963          	blt	s0,a5,4c24 <scalbnf+0xa8>
    4bb6:	41755793          	srai	a5,a0,0x17
    4bba:	0ff7f793          	andi	a5,a5,255
    4bbe:	179d                	addi	a5,a5,-25
    4bc0:	a811                	j	4bd4 <scalbnf+0x58>
    4bc2:	85aa                	mv	a1,a0
    4bc4:	540020ef          	jal	ra,7104 <__addsf3>
    4bc8:	40b2                	lw	ra,12(sp)
    4bca:	4422                	lw	s0,8(sp)
    4bcc:	0141                	addi	sp,sp,16
    4bce:	8082                	ret
    4bd0:	8082                	ret
    4bd2:	83dd                	srli	a5,a5,0x17
    4bd4:	97a2                	add	a5,a5,s0
    4bd6:	0fe00693          	li	a3,254
    4bda:	00f6cc63          	blt	a3,a5,4bf2 <scalbnf+0x76>
    4bde:	02f04963          	bgtz	a5,4c10 <scalbnf+0x94>
    4be2:	56a9                	li	a3,-22
    4be4:	04d7d863          	bge	a5,a3,4c34 <scalbnf+0xb8>
    4be8:	67b1                	lui	a5,0xc
    4bea:	35078793          	addi	a5,a5,848 # c350 <_data_lma+0x648>
    4bee:	0687d263          	bge	a5,s0,4c52 <scalbnf+0xd6>
    4bf2:	00007797          	auipc	a5,0x7
    4bf6:	be278793          	addi	a5,a5,-1054 # b7d4 <init_jk+0x24>
    4bfa:	4380                	lw	s0,0(a5)
    4bfc:	85ba                	mv	a1,a4
    4bfe:	8522                	mv	a0,s0
    4c00:	28b1                	jal	4c5c <copysignf>
    4c02:	85a2                	mv	a1,s0
    4c04:	48b020ef          	jal	ra,788e <__mulsf3>
    4c08:	40b2                	lw	ra,12(sp)
    4c0a:	4422                	lw	s0,8(sp)
    4c0c:	0141                	addi	sp,sp,16
    4c0e:	8082                	ret
    4c10:	40b2                	lw	ra,12(sp)
    4c12:	4422                	lw	s0,8(sp)
    4c14:	80800737          	lui	a4,0x80800
    4c18:	177d                	addi	a4,a4,-1
    4c1a:	8d79                	and	a0,a0,a4
    4c1c:	07de                	slli	a5,a5,0x17
    4c1e:	8d5d                	or	a0,a0,a5
    4c20:	0141                	addi	sp,sp,16
    4c22:	8082                	ret
    4c24:	00007797          	auipc	a5,0x7
    4c28:	c0c78793          	addi	a5,a5,-1012 # b830 <atanlo+0x14>
    4c2c:	438c                	lw	a1,0(a5)
    4c2e:	461020ef          	jal	ra,788e <__mulsf3>
    4c32:	bf59                	j	4bc8 <scalbnf+0x4c>
    4c34:	00007717          	auipc	a4,0x7
    4c38:	c0070713          	addi	a4,a4,-1024 # b834 <atanlo+0x18>
    4c3c:	430c                	lw	a1,0(a4)
    4c3e:	80800737          	lui	a4,0x80800
    4c42:	177d                	addi	a4,a4,-1
    4c44:	07e5                	addi	a5,a5,25
    4c46:	07de                	slli	a5,a5,0x17
    4c48:	8d79                	and	a0,a0,a4
    4c4a:	8d5d                	or	a0,a0,a5
    4c4c:	443020ef          	jal	ra,788e <__mulsf3>
    4c50:	bfa5                	j	4bc8 <scalbnf+0x4c>
    4c52:	00007797          	auipc	a5,0x7
    4c56:	bde78793          	addi	a5,a5,-1058 # b830 <atanlo+0x14>
    4c5a:	b745                	j	4bfa <scalbnf+0x7e>

00004c5c <copysignf>:
    4c5c:	800007b7          	lui	a5,0x80000
    4c60:	fff7c713          	not	a4,a5
    4c64:	8d79                	and	a0,a0,a4
    4c66:	8dfd                	and	a1,a1,a5
    4c68:	8d4d                	or	a0,a0,a1
    4c6a:	8082                	ret

00004c6c <printchar>:
    4c6c:	1101                	addi	sp,sp,-32
    4c6e:	ce06                	sw	ra,28(sp)
    4c70:	c62e                	sw	a1,12(sp)
    4c72:	cd15                	beqz	a0,4cae <printchar+0x42>
    4c74:	4118                	lw	a4,0(a0)
    4c76:	87aa                	mv	a5,a0
    4c78:	c305                	beqz	a4,4c98 <printchar+0x2c>
    4c7a:	4158                	lw	a4,4(a0)
    4c7c:	557d                	li	a0,-1
    4c7e:	cb11                	beqz	a4,4c92 <printchar+0x26>
    4c80:	4685                	li	a3,1
    4c82:	00d71b63          	bne	a4,a3,4c98 <printchar+0x2c>
    4c86:	4798                	lw	a4,8(a5)
    4c88:	00070023          	sb	zero,0(a4) # 80800000 <_eusrstack+0x607fb000>
    4c8c:	0007a223          	sw	zero,4(a5) # 80000004 <_eusrstack+0x5fffb004>
    4c90:	4505                	li	a0,1
    4c92:	40f2                	lw	ra,28(sp)
    4c94:	6105                	addi	sp,sp,32
    4c96:	8082                	ret
    4c98:	4798                	lw	a4,8(a5)
    4c9a:	46b2                	lw	a3,12(sp)
    4c9c:	00d70023          	sb	a3,0(a4)
    4ca0:	4798                	lw	a4,8(a5)
    4ca2:	0705                	addi	a4,a4,1
    4ca4:	c798                	sw	a4,8(a5)
    4ca6:	43d8                	lw	a4,4(a5)
    4ca8:	177d                	addi	a4,a4,-1
    4caa:	c3d8                	sw	a4,4(a5)
    4cac:	b7d5                	j	4c90 <printchar+0x24>
    4cae:	4605                	li	a2,1
    4cb0:	006c                	addi	a1,sp,12
    4cb2:	861fe0ef          	jal	ra,3512 <_write>
    4cb6:	bfe9                	j	4c90 <printchar+0x24>

00004cb8 <prints>:
    4cb8:	7179                	addi	sp,sp,-48
    4cba:	d422                	sw	s0,40(sp)
    4cbc:	d226                	sw	s1,36(sp)
    4cbe:	ce4e                	sw	s3,28(sp)
    4cc0:	cc52                	sw	s4,24(sp)
    4cc2:	ca56                	sw	s5,20(sp)
    4cc4:	d606                	sw	ra,44(sp)
    4cc6:	d04a                	sw	s2,32(sp)
    4cc8:	c85a                	sw	s6,16(sp)
    4cca:	8a2a                	mv	s4,a0
    4ccc:	8aae                	mv	s5,a1
    4cce:	8432                	mv	s0,a2
    4cd0:	4481                	li	s1,0
    4cd2:	02000993          	li	s3,32
    4cd6:	02064463          	bltz	a2,4cfe <prints+0x46>
    4cda:	009a87b3          	add	a5,s5,s1
    4cde:	00078783          	lb	a5,0(a5)
    4ce2:	e39d                	bnez	a5,4d08 <prints+0x50>
    4ce4:	0284d663          	bge	s1,s0,4d10 <prints+0x58>
    4ce8:	02e4d263          	bge	s1,a4,4d0c <prints+0x54>
    4cec:	8c19                	sub	s0,s0,a4
    4cee:	0026f793          	andi	a5,a3,2
    4cf2:	02000993          	li	s3,32
    4cf6:	c781                	beqz	a5,4cfe <prints+0x46>
    4cf8:	e319                	bnez	a4,4cfe <prints+0x46>
    4cfa:	03000993          	li	s3,48
    4cfe:	8a85                	andi	a3,a3,1
    4d00:	4901                	li	s2,0
    4d02:	ea85                	bnez	a3,4d32 <prints+0x7a>
    4d04:	8922                	mv	s2,s0
    4d06:	a831                	j	4d22 <prints+0x6a>
    4d08:	0485                	addi	s1,s1,1
    4d0a:	bfc1                	j	4cda <prints+0x22>
    4d0c:	8c05                	sub	s0,s0,s1
    4d0e:	b7c5                	j	4cee <prints+0x36>
    4d10:	4401                	li	s0,0
    4d12:	bff1                	j	4cee <prints+0x36>
    4d14:	85ce                	mv	a1,s3
    4d16:	8552                	mv	a0,s4
    4d18:	c63a                	sw	a4,12(sp)
    4d1a:	f53ff0ef          	jal	ra,4c6c <printchar>
    4d1e:	4732                	lw	a4,12(sp)
    4d20:	197d                	addi	s2,s2,-1
    4d22:	ff2049e3          	bgtz	s2,4d14 <prints+0x5c>
    4d26:	8922                	mv	s2,s0
    4d28:	00045363          	bgez	s0,4d2e <prints+0x76>
    4d2c:	4901                	li	s2,0
    4d2e:	41240433          	sub	s0,s0,s2
    4d32:	02e4cb63          	blt	s1,a4,4d68 <prints+0xb0>
    4d36:	84ca                	mv	s1,s2
    4d38:	412487b3          	sub	a5,s1,s2
    4d3c:	97d6                	add	a5,a5,s5
    4d3e:	00078583          	lb	a1,0(a5)
    4d42:	e1a1                	bnez	a1,4d82 <prints+0xca>
    4d44:	8922                	mv	s2,s0
    4d46:	05204363          	bgtz	s2,4d8c <prints+0xd4>
    4d4a:	00045363          	bgez	s0,4d50 <prints+0x98>
    4d4e:	4401                	li	s0,0
    4d50:	00940533          	add	a0,s0,s1
    4d54:	50b2                	lw	ra,44(sp)
    4d56:	5422                	lw	s0,40(sp)
    4d58:	5492                	lw	s1,36(sp)
    4d5a:	5902                	lw	s2,32(sp)
    4d5c:	49f2                	lw	s3,28(sp)
    4d5e:	4a62                	lw	s4,24(sp)
    4d60:	4ad2                	lw	s5,20(sp)
    4d62:	4b42                	lw	s6,16(sp)
    4d64:	6145                	addi	sp,sp,48
    4d66:	8082                	ret
    4d68:	409704b3          	sub	s1,a4,s1
    4d6c:	8b26                	mv	s6,s1
    4d6e:	03000593          	li	a1,48
    4d72:	8552                	mv	a0,s4
    4d74:	1b7d                	addi	s6,s6,-1
    4d76:	ef7ff0ef          	jal	ra,4c6c <printchar>
    4d7a:	fe0b1ae3          	bnez	s6,4d6e <prints+0xb6>
    4d7e:	9926                	add	s2,s2,s1
    4d80:	bf5d                	j	4d36 <prints+0x7e>
    4d82:	8552                	mv	a0,s4
    4d84:	ee9ff0ef          	jal	ra,4c6c <printchar>
    4d88:	0485                	addi	s1,s1,1
    4d8a:	b77d                	j	4d38 <prints+0x80>
    4d8c:	85ce                	mv	a1,s3
    4d8e:	8552                	mv	a0,s4
    4d90:	eddff0ef          	jal	ra,4c6c <printchar>
    4d94:	197d                	addi	s2,s2,-1
    4d96:	bf45                	j	4d46 <prints+0x8e>

00004d98 <printInt>:
    4d98:	715d                	addi	sp,sp,-80
    4d9a:	c2a6                	sw	s1,68(sp)
    4d9c:	dc52                	sw	s4,56(sp)
    4d9e:	c686                	sw	ra,76(sp)
    4da0:	c4a2                	sw	s0,72(sp)
    4da2:	c0ca                	sw	s2,64(sp)
    4da4:	de4e                	sw	s3,60(sp)
    4da6:	da56                	sw	s5,52(sp)
    4da8:	84ba                	mv	s1,a4
    4daa:	8a3e                	mv	s4,a5
    4dac:	e585                	bnez	a1,4dd4 <printInt+0x3c>
    4dae:	03000793          	li	a5,48
    4db2:	4701                	li	a4,0
    4db4:	86d2                	mv	a3,s4
    4db6:	8626                	mv	a2,s1
    4db8:	082c                	addi	a1,sp,24
    4dba:	00f11c23          	sh	a5,24(sp)
    4dbe:	efbff0ef          	jal	ra,4cb8 <prints>
    4dc2:	40b6                	lw	ra,76(sp)
    4dc4:	4426                	lw	s0,72(sp)
    4dc6:	4496                	lw	s1,68(sp)
    4dc8:	4906                	lw	s2,64(sp)
    4dca:	59f2                	lw	s3,60(sp)
    4dcc:	5a62                	lw	s4,56(sp)
    4dce:	5ad2                	lw	s5,52(sp)
    4dd0:	6161                	addi	sp,sp,80
    4dd2:	8082                	ret
    4dd4:	892a                	mv	s2,a0
    4dd6:	8436                	mv	s0,a3
    4dd8:	8ac6                	mv	s5,a7
    4dda:	ca91                	beqz	a3,4dee <printInt+0x56>
    4ddc:	47a9                	li	a5,10
    4dde:	4401                	li	s0,0
    4de0:	00f61763          	bne	a2,a5,4dee <printInt+0x56>
    4de4:	0005d563          	bgez	a1,4dee <printInt+0x56>
    4de8:	40b005b3          	neg	a1,a1
    4dec:	4405                	li	s0,1
    4dee:	020107a3          	sb	zero,47(sp)
    4df2:	02f10793          	addi	a5,sp,47
    4df6:	46a5                	li	a3,9
    4df8:	fc680513          	addi	a0,a6,-58
    4dfc:	02c5f733          	remu	a4,a1,a2
    4e00:	00e6d363          	bge	a3,a4,4e06 <printInt+0x6e>
    4e04:	972a                	add	a4,a4,a0
    4e06:	03070713          	addi	a4,a4,48
    4e0a:	fee78fa3          	sb	a4,-1(a5)
    4e0e:	fff78993          	addi	s3,a5,-1
    4e12:	02c5d733          	divu	a4,a1,a2
    4e16:	04c5fb63          	bgeu	a1,a2,4e6c <printInt+0xd4>
    4e1a:	cc09                	beqz	s0,4e34 <printInt+0x9c>
    4e1c:	c8b9                	beqz	s1,4e72 <printInt+0xda>
    4e1e:	002a7713          	andi	a4,s4,2
    4e22:	cb21                	beqz	a4,4e72 <printInt+0xda>
    4e24:	02d00593          	li	a1,45
    4e28:	854a                	mv	a0,s2
    4e2a:	c642                	sw	a6,12(sp)
    4e2c:	e41ff0ef          	jal	ra,4c6c <printchar>
    4e30:	4832                	lw	a6,12(sp)
    4e32:	14fd                	addi	s1,s1,-1
    4e34:	004a7793          	andi	a5,s4,4
    4e38:	c38d                	beqz	a5,4e5a <printInt+0xc2>
    4e3a:	06100793          	li	a5,97
    4e3e:	03000593          	li	a1,48
    4e42:	854a                	mv	a0,s2
    4e44:	02f81f63          	bne	a6,a5,4e82 <printInt+0xea>
    4e48:	e25ff0ef          	jal	ra,4c6c <printchar>
    4e4c:	07800593          	li	a1,120
    4e50:	854a                	mv	a0,s2
    4e52:	e1bff0ef          	jal	ra,4c6c <printchar>
    4e56:	0409                	addi	s0,s0,2
    4e58:	14f9                	addi	s1,s1,-2
    4e5a:	8756                	mv	a4,s5
    4e5c:	86d2                	mv	a3,s4
    4e5e:	8626                	mv	a2,s1
    4e60:	85ce                	mv	a1,s3
    4e62:	854a                	mv	a0,s2
    4e64:	e55ff0ef          	jal	ra,4cb8 <prints>
    4e68:	9522                	add	a0,a0,s0
    4e6a:	bfa1                	j	4dc2 <printInt+0x2a>
    4e6c:	85ba                	mv	a1,a4
    4e6e:	87ce                	mv	a5,s3
    4e70:	b771                	j	4dfc <printInt+0x64>
    4e72:	02d00713          	li	a4,45
    4e76:	fee98fa3          	sb	a4,-1(s3)
    4e7a:	4401                	li	s0,0
    4e7c:	ffe78993          	addi	s3,a5,-2
    4e80:	bf55                	j	4e34 <printInt+0x9c>
    4e82:	debff0ef          	jal	ra,4c6c <printchar>
    4e86:	05800593          	li	a1,88
    4e8a:	b7d9                	j	4e50 <printInt+0xb8>

00004e8c <printLongLongInt>:
    4e8c:	711d                	addi	sp,sp,-96
    4e8e:	c8ca                	sw	s2,80(sp)
    4e90:	c6ce                	sw	s3,76(sp)
    4e92:	c2d6                	sw	s5,68(sp)
    4e94:	c0da                	sw	s6,64(sp)
    4e96:	893a                	mv	s2,a4
    4e98:	ce86                	sw	ra,92(sp)
    4e9a:	cca2                	sw	s0,88(sp)
    4e9c:	caa6                	sw	s1,84(sp)
    4e9e:	c4d2                	sw	s4,72(sp)
    4ea0:	de5e                	sw	s7,60(sp)
    4ea2:	dc62                	sw	s8,56(sp)
    4ea4:	da66                	sw	s9,52(sp)
    4ea6:	d86a                	sw	s10,48(sp)
    4ea8:	d66e                	sw	s11,44(sp)
    4eaa:	00c5e733          	or	a4,a1,a2
    4eae:	89be                	mv	s3,a5
    4eb0:	8aaa                	mv	s5,a0
    4eb2:	8b42                	mv	s6,a6
    4eb4:	06014783          	lbu	a5,96(sp)
    4eb8:	e721                	bnez	a4,4f00 <printLongLongInt+0x74>
    4eba:	cf95                	beqz	a5,4ef6 <printLongLongInt+0x6a>
    4ebc:	678d                	lui	a5,0x3
    4ebe:	02d78793          	addi	a5,a5,45 # 302d <NVIC_PriorityGroupConfig+0xd>
    4ec2:	00f11423          	sh	a5,8(sp)
    4ec6:	00010523          	sb	zero,10(sp)
    4eca:	4701                	li	a4,0
    4ecc:	86da                	mv	a3,s6
    4ece:	864e                	mv	a2,s3
    4ed0:	002c                	addi	a1,sp,8
    4ed2:	8556                	mv	a0,s5
    4ed4:	de5ff0ef          	jal	ra,4cb8 <prints>
    4ed8:	40f6                	lw	ra,92(sp)
    4eda:	4466                	lw	s0,88(sp)
    4edc:	44d6                	lw	s1,84(sp)
    4ede:	4946                	lw	s2,80(sp)
    4ee0:	49b6                	lw	s3,76(sp)
    4ee2:	4a26                	lw	s4,72(sp)
    4ee4:	4a96                	lw	s5,68(sp)
    4ee6:	4b06                	lw	s6,64(sp)
    4ee8:	5bf2                	lw	s7,60(sp)
    4eea:	5c62                	lw	s8,56(sp)
    4eec:	5cd2                	lw	s9,52(sp)
    4eee:	5d42                	lw	s10,48(sp)
    4ef0:	5db2                	lw	s11,44(sp)
    4ef2:	6125                	addi	sp,sp,96
    4ef4:	8082                	ret
    4ef6:	03000793          	li	a5,48
    4efa:	00f11423          	sh	a5,8(sp)
    4efe:	b7f1                	j	4eca <printLongLongInt+0x3e>
    4f00:	8a36                	mv	s4,a3
    4f02:	84ae                	mv	s1,a1
    4f04:	8432                	mv	s0,a2
    4f06:	02090063          	beqz	s2,4f26 <printLongLongInt+0x9a>
    4f0a:	47a9                	li	a5,10
    4f0c:	4901                	li	s2,0
    4f0e:	00f69c63          	bne	a3,a5,4f26 <printLongLongInt+0x9a>
    4f12:	00065a63          	bgez	a2,4f26 <printLongLongInt+0x9a>
    4f16:	40b004b3          	neg	s1,a1
    4f1a:	009037b3          	snez	a5,s1
    4f1e:	40c00433          	neg	s0,a2
    4f22:	8c1d                	sub	s0,s0,a5
    4f24:	4905                	li	s2,1
    4f26:	00010fa3          	sb	zero,31(sp)
    4f2a:	01f10d13          	addi	s10,sp,31
    4f2e:	41fa5d93          	srai	s11,s4,0x1f
    4f32:	4ca5                	li	s9,9
    4f34:	fc688c13          	addi	s8,a7,-58 # 3f7fffc6 <_eusrstack+0x1f7fafc6>
    4f38:	8652                	mv	a2,s4
    4f3a:	86ee                	mv	a3,s11
    4f3c:	8526                	mv	a0,s1
    4f3e:	85a2                	mv	a1,s0
    4f40:	08b000ef          	jal	ra,57ca <__umoddi3>
    4f44:	00acd363          	bge	s9,a0,4f4a <printLongLongInt+0xbe>
    4f48:	9562                	add	a0,a0,s8
    4f4a:	03050513          	addi	a0,a0,48
    4f4e:	fead0fa3          	sb	a0,-1(s10)
    4f52:	8652                	mv	a2,s4
    4f54:	86ee                	mv	a3,s11
    4f56:	8526                	mv	a0,s1
    4f58:	85a2                	mv	a1,s0
    4f5a:	fffd0b93          	addi	s7,s10,-1
    4f5e:	29d1                	jal	5432 <__udivdi3>
    4f60:	01b46663          	bltu	s0,s11,4f6c <printLongLongInt+0xe0>
    4f64:	028d9a63          	bne	s11,s0,4f98 <printLongLongInt+0x10c>
    4f68:	0344f863          	bgeu	s1,s4,4f98 <printLongLongInt+0x10c>
    4f6c:	00090d63          	beqz	s2,4f86 <printLongLongInt+0xfa>
    4f70:	02098863          	beqz	s3,4fa0 <printLongLongInt+0x114>
    4f74:	002b7793          	andi	a5,s6,2
    4f78:	c785                	beqz	a5,4fa0 <printLongLongInt+0x114>
    4f7a:	02d00593          	li	a1,45
    4f7e:	8556                	mv	a0,s5
    4f80:	cedff0ef          	jal	ra,4c6c <printchar>
    4f84:	19fd                	addi	s3,s3,-1
    4f86:	4701                	li	a4,0
    4f88:	86da                	mv	a3,s6
    4f8a:	864e                	mv	a2,s3
    4f8c:	85de                	mv	a1,s7
    4f8e:	8556                	mv	a0,s5
    4f90:	d29ff0ef          	jal	ra,4cb8 <prints>
    4f94:	954a                	add	a0,a0,s2
    4f96:	b789                	j	4ed8 <printLongLongInt+0x4c>
    4f98:	84aa                	mv	s1,a0
    4f9a:	842e                	mv	s0,a1
    4f9c:	8d5e                	mv	s10,s7
    4f9e:	bf69                	j	4f38 <printLongLongInt+0xac>
    4fa0:	02d00793          	li	a5,45
    4fa4:	fefb8fa3          	sb	a5,-1(s7)
    4fa8:	4901                	li	s2,0
    4faa:	ffed0b93          	addi	s7,s10,-2
    4fae:	bfe1                	j	4f86 <printLongLongInt+0xfa>

00004fb0 <printDouble>:
    4fb0:	715d                	addi	sp,sp,-80
    4fb2:	c2a6                	sw	s1,68(sp)
    4fb4:	c0ca                	sw	s2,64(sp)
    4fb6:	84aa                	mv	s1,a0
    4fb8:	892e                	mv	s2,a1
    4fba:	852e                	mv	a0,a1
    4fbc:	85b2                	mv	a1,a2
    4fbe:	c686                	sw	ra,76(sp)
    4fc0:	ce3a                	sw	a4,28(sp)
    4fc2:	cc42                	sw	a6,24(sp)
    4fc4:	c4a2                	sw	s0,72(sp)
    4fc6:	de4e                	sw	s3,60(sp)
    4fc8:	dc52                	sw	s4,56(sp)
    4fca:	89b2                	mv	s3,a2
    4fcc:	8a36                	mv	s4,a3
    4fce:	da56                	sw	s5,52(sp)
    4fd0:	d85a                	sw	s6,48(sp)
    4fd2:	8abe                	mv	s5,a5
    4fd4:	d65e                	sw	s7,44(sp)
    4fd6:	d462                	sw	s8,40(sp)
    4fd8:	d266                	sw	s9,36(sp)
    4fda:	8c46                	mv	s8,a7
    4fdc:	d06a                	sw	s10,32(sp)
    4fde:	6b5010ef          	jal	ra,6e92 <__fixdfdi>
    4fe2:	8b2a                	mv	s6,a0
    4fe4:	8bae                	mv	s7,a1
    4fe6:	4601                	li	a2,0
    4fe8:	4681                	li	a3,0
    4fea:	85ce                	mv	a1,s3
    4fec:	854a                	mv	a0,s2
    4fee:	11e010ef          	jal	ra,610c <__ledf2>
    4ff2:	4772                	lw	a4,28(sp)
    4ff4:	4862                	lw	a6,24(sp)
    4ff6:	817d                	srli	a0,a0,0x1f
    4ff8:	87ba                	mv	a5,a4
    4ffa:	c02a                	sw	a0,0(sp)
    4ffc:	4705                	li	a4,1
    4ffe:	88e2                	mv	a7,s8
    5000:	86d2                	mv	a3,s4
    5002:	85da                	mv	a1,s6
    5004:	865e                	mv	a2,s7
    5006:	8526                	mv	a0,s1
    5008:	e85ff0ef          	jal	ra,4e8c <printLongLongInt>
    500c:	8d2a                	mv	s10,a0
    500e:	02e00593          	li	a1,46
    5012:	8526                	mv	a0,s1
    5014:	c59ff0ef          	jal	ra,4c6c <printchar>
    5018:	0d05                	addi	s10,s10,1
    501a:	4781                	li	a5,0
    501c:	4c85                	li	s9,1
    501e:	4401                	li	s0,0
    5020:	4729                	li	a4,10
    5022:	0757ce63          	blt	a5,s5,509e <printDouble+0xee>
    5026:	855a                	mv	a0,s6
    5028:	85de                	mv	a1,s7
    502a:	725010ef          	jal	ra,6f4e <__floatdidf>
    502e:	862a                	mv	a2,a0
    5030:	86ae                	mv	a3,a1
    5032:	854a                	mv	a0,s2
    5034:	85ce                	mv	a1,s3
    5036:	644010ef          	jal	ra,667a <__subdf3>
    503a:	892a                	mv	s2,a0
    503c:	89ae                	mv	s3,a1
    503e:	8566                	mv	a0,s9
    5040:	85a2                	mv	a1,s0
    5042:	70d010ef          	jal	ra,6f4e <__floatdidf>
    5046:	862a                	mv	a2,a0
    5048:	86ae                	mv	a3,a1
    504a:	854a                	mv	a0,s2
    504c:	85ce                	mv	a1,s3
    504e:	174010ef          	jal	ra,61c2 <__muldf3>
    5052:	641010ef          	jal	ra,6e92 <__fixdfdi>
    5056:	41f5d613          	srai	a2,a1,0x1f
    505a:	8d31                	xor	a0,a0,a2
    505c:	00b647b3          	xor	a5,a2,a1
    5060:	40c505b3          	sub	a1,a0,a2
    5064:	00b53533          	sltu	a0,a0,a1
    5068:	40c78633          	sub	a2,a5,a2
    506c:	c002                	sw	zero,0(sp)
    506e:	88e2                	mv	a7,s8
    5070:	87d6                	mv	a5,s5
    5072:	86d2                	mv	a3,s4
    5074:	8e09                	sub	a2,a2,a0
    5076:	4809                	li	a6,2
    5078:	8526                	mv	a0,s1
    507a:	4705                	li	a4,1
    507c:	e11ff0ef          	jal	ra,4e8c <printLongLongInt>
    5080:	40b6                	lw	ra,76(sp)
    5082:	4426                	lw	s0,72(sp)
    5084:	956a                	add	a0,a0,s10
    5086:	4496                	lw	s1,68(sp)
    5088:	4906                	lw	s2,64(sp)
    508a:	59f2                	lw	s3,60(sp)
    508c:	5a62                	lw	s4,56(sp)
    508e:	5ad2                	lw	s5,52(sp)
    5090:	5b42                	lw	s6,48(sp)
    5092:	5bb2                	lw	s7,44(sp)
    5094:	5c22                	lw	s8,40(sp)
    5096:	5c92                	lw	s9,36(sp)
    5098:	5d02                	lw	s10,32(sp)
    509a:	6161                	addi	sp,sp,80
    509c:	8082                	ret
    509e:	028706b3          	mul	a3,a4,s0
    50a2:	0785                	addi	a5,a5,1
    50a4:	03973433          	mulhu	s0,a4,s9
    50a8:	03970cb3          	mul	s9,a4,s9
    50ac:	9436                	add	s0,s0,a3
    50ae:	bf95                	j	5022 <printDouble+0x72>

000050b0 <print>:
    50b0:	715d                	addi	sp,sp,-80
    50b2:	d85a                	sw	s6,48(sp)
    50b4:	0000cb37          	lui	s6,0xc
    50b8:	c4a2                	sw	s0,72(sp)
    50ba:	c2a6                	sw	s1,68(sp)
    50bc:	c0ca                	sw	s2,64(sp)
    50be:	de4e                	sw	s3,60(sp)
    50c0:	dc52                	sw	s4,56(sp)
    50c2:	da56                	sw	s5,52(sp)
    50c4:	d65e                	sw	s7,44(sp)
    50c6:	d462                	sw	s8,40(sp)
    50c8:	c686                	sw	ra,76(sp)
    50ca:	d266                	sw	s9,36(sp)
    50cc:	89aa                	mv	s3,a0
    50ce:	892e                	mv	s2,a1
    50d0:	8432                	mv	s0,a2
    50d2:	4a01                	li	s4,0
    50d4:	4481                	li	s1,0
    50d6:	02500b93          	li	s7,37
    50da:	02b00a93          	li	s5,43
    50de:	4c29                	li	s8,10
    50e0:	838b0b13          	addi	s6,s6,-1992 # b838 <atanlo+0x1c>
    50e4:	00090583          	lb	a1,0(s2)
    50e8:	e58d                	bnez	a1,5112 <print+0x62>
    50ea:	00098663          	beqz	s3,50f6 <print+0x46>
    50ee:	4581                	li	a1,0
    50f0:	854e                	mv	a0,s3
    50f2:	b7bff0ef          	jal	ra,4c6c <printchar>
    50f6:	40b6                	lw	ra,76(sp)
    50f8:	4426                	lw	s0,72(sp)
    50fa:	8526                	mv	a0,s1
    50fc:	4906                	lw	s2,64(sp)
    50fe:	4496                	lw	s1,68(sp)
    5100:	59f2                	lw	s3,60(sp)
    5102:	5a62                	lw	s4,56(sp)
    5104:	5ad2                	lw	s5,52(sp)
    5106:	5b42                	lw	s6,48(sp)
    5108:	5bb2                	lw	s7,44(sp)
    510a:	5c22                	lw	s8,40(sp)
    510c:	5c92                	lw	s9,36(sp)
    510e:	6161                	addi	sp,sp,80
    5110:	8082                	ret
    5112:	01758863          	beq	a1,s7,5122 <print+0x72>
    5116:	854e                	mv	a0,s3
    5118:	b55ff0ef          	jal	ra,4c6c <printchar>
    511c:	0485                	addi	s1,s1,1
    511e:	0905                	addi	s2,s2,1
    5120:	b7d1                	j	50e4 <print+0x34>
    5122:	00190783          	lb	a5,1(s2)
    5126:	00190c93          	addi	s9,s2,1
    512a:	01779a63          	bne	a5,s7,513e <print+0x8e>
    512e:	02500593          	li	a1,37
    5132:	854e                	mv	a0,s3
    5134:	b39ff0ef          	jal	ra,4c6c <printchar>
    5138:	0485                	addi	s1,s1,1
    513a:	8966                	mv	s2,s9
    513c:	b7cd                	j	511e <print+0x6e>
    513e:	d7d5                	beqz	a5,50ea <print+0x3a>
    5140:	05578763          	beq	a5,s5,518e <print+0xde>
    5144:	00fac863          	blt	s5,a5,5154 <print+0xa4>
    5148:	02300713          	li	a4,35
    514c:	04e78463          	beq	a5,a4,5194 <print+0xe4>
    5150:	4781                	li	a5,0
    5152:	a005                	j	5172 <print+0xc2>
    5154:	02d00713          	li	a4,45
    5158:	00e78a63          	beq	a5,a4,516c <print+0xbc>
    515c:	03000713          	li	a4,48
    5160:	fee798e3          	bne	a5,a4,5150 <print+0xa0>
    5164:	00290c93          	addi	s9,s2,2
    5168:	4789                	li	a5,2
    516a:	a021                	j	5172 <print+0xc2>
    516c:	00290c93          	addi	s9,s2,2
    5170:	4785                	li	a5,1
    5172:	000c8703          	lb	a4,0(s9)
    5176:	05570363          	beq	a4,s5,51bc <print+0x10c>
    517a:	02eac163          	blt	s5,a4,519c <print+0xec>
    517e:	02300693          	li	a3,35
    5182:	02d70b63          	beq	a4,a3,51b8 <print+0x108>
    5186:	8966                	mv	s2,s9
    5188:	4501                	li	a0,0
    518a:	45a5                	li	a1,9
    518c:	a835                	j	51c8 <print+0x118>
    518e:	00290c93          	addi	s9,s2,2
    5192:	bf7d                	j	5150 <print+0xa0>
    5194:	00290c93          	addi	s9,s2,2
    5198:	4791                	li	a5,4
    519a:	bfe1                	j	5172 <print+0xc2>
    519c:	02d00693          	li	a3,45
    51a0:	00d70963          	beq	a4,a3,51b2 <print+0x102>
    51a4:	03000693          	li	a3,48
    51a8:	fcd71fe3          	bne	a4,a3,5186 <print+0xd6>
    51ac:	0027e793          	ori	a5,a5,2
    51b0:	a031                	j	51bc <print+0x10c>
    51b2:	0c85                	addi	s9,s9,1
    51b4:	4785                	li	a5,1
    51b6:	bfc1                	j	5186 <print+0xd6>
    51b8:	0047e793          	ori	a5,a5,4
    51bc:	0c85                	addi	s9,s9,1
    51be:	b7e1                	j	5186 <print+0xd6>
    51c0:	03850533          	mul	a0,a0,s8
    51c4:	0905                	addi	s2,s2,1
    51c6:	9536                	add	a0,a0,a3
    51c8:	00090703          	lb	a4,0(s2)
    51cc:	fd070693          	addi	a3,a4,-48
    51d0:	0ff6f613          	andi	a2,a3,255
    51d4:	fec5f6e3          	bgeu	a1,a2,51c0 <print+0x110>
    51d8:	02e00613          	li	a2,46
    51dc:	4699                	li	a3,6
    51de:	00c71e63          	bne	a4,a2,51fa <print+0x14a>
    51e2:	0905                	addi	s2,s2,1
    51e4:	4681                	li	a3,0
    51e6:	4625                	li	a2,9
    51e8:	00090703          	lb	a4,0(s2)
    51ec:	fd070713          	addi	a4,a4,-48
    51f0:	0ff77593          	andi	a1,a4,255
    51f4:	02b67563          	bgeu	a2,a1,521e <print+0x16e>
    51f8:	8a36                	mv	s4,a3
    51fa:	00090703          	lb	a4,0(s2)
    51fe:	06a00613          	li	a2,106
    5202:	0ac70963          	beq	a4,a2,52b4 <print+0x204>
    5206:	02e64163          	blt	a2,a4,5228 <print+0x178>
    520a:	04c00613          	li	a2,76
    520e:	0ac70363          	beq	a4,a2,52b4 <print+0x204>
    5212:	06800613          	li	a2,104
    5216:	08c70863          	beq	a4,a2,52a6 <print+0x1f6>
    521a:	4601                	li	a2,0
    521c:	a81d                	j	5252 <print+0x1a2>
    521e:	038686b3          	mul	a3,a3,s8
    5222:	0905                	addi	s2,s2,1
    5224:	96ba                	add	a3,a3,a4
    5226:	b7c9                	j	51e8 <print+0x138>
    5228:	07400613          	li	a2,116
    522c:	08c70463          	beq	a4,a2,52b4 <print+0x204>
    5230:	07a00613          	li	a2,122
    5234:	08c70063          	beq	a4,a2,52b4 <print+0x204>
    5238:	06c00593          	li	a1,108
    523c:	4601                	li	a2,0
    523e:	00b71a63          	bne	a4,a1,5252 <print+0x1a2>
    5242:	00190583          	lb	a1,1(s2)
    5246:	460d                	li	a2,3
    5248:	00e59463          	bne	a1,a4,5250 <print+0x1a0>
    524c:	0905                	addi	s2,s2,1
    524e:	4611                	li	a2,4
    5250:	0905                	addi	s2,s2,1
    5252:	00090703          	lb	a4,0(s2)
    5256:	06000593          	li	a1,96
    525a:	06100813          	li	a6,97
    525e:	00e5c463          	blt	a1,a4,5266 <print+0x1b6>
    5262:	04100813          	li	a6,65
    5266:	06700593          	li	a1,103
    526a:	06e5c263          	blt	a1,a4,52ce <print+0x21e>
    526e:	06500593          	li	a1,101
    5272:	16b75963          	bge	a4,a1,53e4 <print+0x334>
    5276:	04700593          	li	a1,71
    527a:	02e5cf63          	blt	a1,a4,52b8 <print+0x208>
    527e:	04500613          	li	a2,69
    5282:	16c75163          	bge	a4,a2,53e4 <print+0x334>
    5286:	04300693          	li	a3,67
    528a:	e8d71ae3          	bne	a4,a3,511e <print+0x6e>
    528e:	4018                	lw	a4,0(s0)
    5290:	00440c93          	addi	s9,s0,4
    5294:	00010ea3          	sb	zero,29(sp)
    5298:	00e10e23          	sb	a4,28(sp)
    529c:	86be                	mv	a3,a5
    529e:	4701                	li	a4,0
    52a0:	862a                	mv	a2,a0
    52a2:	086c                	addi	a1,sp,28
    52a4:	a071                	j	5330 <print+0x280>
    52a6:	00190583          	lb	a1,1(s2)
    52aa:	4601                	li	a2,0
    52ac:	fae593e3          	bne	a1,a4,5252 <print+0x1a2>
    52b0:	0909                	addi	s2,s2,2
    52b2:	b745                	j	5252 <print+0x1a2>
    52b4:	0905                	addi	s2,s2,1
    52b6:	b795                	j	521a <print+0x16a>
    52b8:	06300693          	li	a3,99
    52bc:	fcd709e3          	beq	a4,a3,528e <print+0x1de>
    52c0:	06e6ce63          	blt	a3,a4,533c <print+0x28c>
    52c4:	05800693          	li	a3,88
    52c8:	02d70363          	beq	a4,a3,52ee <print+0x23e>
    52cc:	bd89                	j	511e <print+0x6e>
    52ce:	07300693          	li	a3,115
    52d2:	04d70663          	beq	a4,a3,531e <print+0x26e>
    52d6:	02e6cd63          	blt	a3,a4,5310 <print+0x260>
    52da:	06f00693          	li	a3,111
    52de:	0cd70b63          	beq	a4,a3,53b4 <print+0x304>
    52e2:	07000693          	li	a3,112
    52e6:	0047e793          	ori	a5,a5,4
    52ea:	e2d71ae3          	bne	a4,a3,511e <print+0x6e>
    52ee:	4711                	li	a4,4
    52f0:	0ae61b63          	bne	a2,a4,53a6 <print+0x2f6>
    52f4:	041d                	addi	s0,s0,7
    52f6:	ff847713          	andi	a4,s0,-8
    52fa:	430c                	lw	a1,0(a4)
    52fc:	4350                	lw	a2,4(a4)
    52fe:	00870413          	addi	s0,a4,8
    5302:	88c2                	mv	a7,a6
    5304:	c002                	sw	zero,0(sp)
    5306:	883e                	mv	a6,a5
    5308:	4701                	li	a4,0
    530a:	87aa                	mv	a5,a0
    530c:	46c1                	li	a3,16
    530e:	a0b9                	j	535c <print+0x2ac>
    5310:	07500693          	li	a3,117
    5314:	06d70363          	beq	a4,a3,537a <print+0x2ca>
    5318:	07800693          	li	a3,120
    531c:	b775                	j	52c8 <print+0x218>
    531e:	4018                	lw	a4,0(s0)
    5320:	00440c93          	addi	s9,s0,4
    5324:	85da                	mv	a1,s6
    5326:	c311                	beqz	a4,532a <print+0x27a>
    5328:	85ba                	mv	a1,a4
    532a:	8752                	mv	a4,s4
    532c:	86be                	mv	a3,a5
    532e:	862a                	mv	a2,a0
    5330:	854e                	mv	a0,s3
    5332:	987ff0ef          	jal	ra,4cb8 <prints>
    5336:	94aa                	add	s1,s1,a0
    5338:	8466                	mv	s0,s9
    533a:	b3d5                	j	511e <print+0x6e>
    533c:	4711                	li	a4,4
    533e:	02e61463          	bne	a2,a4,5366 <print+0x2b6>
    5342:	041d                	addi	s0,s0,7
    5344:	ff847713          	andi	a4,s0,-8
    5348:	430c                	lw	a1,0(a4)
    534a:	4350                	lw	a2,4(a4)
    534c:	00870413          	addi	s0,a4,8
    5350:	88c2                	mv	a7,a6
    5352:	c002                	sw	zero,0(sp)
    5354:	883e                	mv	a6,a5
    5356:	4705                	li	a4,1
    5358:	87aa                	mv	a5,a0
    535a:	46a9                	li	a3,10
    535c:	854e                	mv	a0,s3
    535e:	b2fff0ef          	jal	ra,4e8c <printLongLongInt>
    5362:	94aa                	add	s1,s1,a0
    5364:	bb6d                	j	511e <print+0x6e>
    5366:	400c                	lw	a1,0(s0)
    5368:	88d2                	mv	a7,s4
    536a:	0411                	addi	s0,s0,4
    536c:	872a                	mv	a4,a0
    536e:	4685                	li	a3,1
    5370:	4629                	li	a2,10
    5372:	854e                	mv	a0,s3
    5374:	a25ff0ef          	jal	ra,4d98 <printInt>
    5378:	b7ed                	j	5362 <print+0x2b2>
    537a:	4711                	li	a4,4
    537c:	00e61f63          	bne	a2,a4,539a <print+0x2ea>
    5380:	041d                	addi	s0,s0,7
    5382:	ff847713          	andi	a4,s0,-8
    5386:	430c                	lw	a1,0(a4)
    5388:	4350                	lw	a2,4(a4)
    538a:	00870413          	addi	s0,a4,8
    538e:	88c2                	mv	a7,a6
    5390:	c002                	sw	zero,0(sp)
    5392:	883e                	mv	a6,a5
    5394:	4701                	li	a4,0
    5396:	87aa                	mv	a5,a0
    5398:	b7c9                	j	535a <print+0x2aa>
    539a:	400c                	lw	a1,0(s0)
    539c:	88d2                	mv	a7,s4
    539e:	0411                	addi	s0,s0,4
    53a0:	872a                	mv	a4,a0
    53a2:	4681                	li	a3,0
    53a4:	b7f1                	j	5370 <print+0x2c0>
    53a6:	400c                	lw	a1,0(s0)
    53a8:	88d2                	mv	a7,s4
    53aa:	0411                	addi	s0,s0,4
    53ac:	872a                	mv	a4,a0
    53ae:	4681                	li	a3,0
    53b0:	4641                	li	a2,16
    53b2:	b7c1                	j	5372 <print+0x2c2>
    53b4:	4711                	li	a4,4
    53b6:	02e61063          	bne	a2,a4,53d6 <print+0x326>
    53ba:	041d                	addi	s0,s0,7
    53bc:	ff847713          	andi	a4,s0,-8
    53c0:	430c                	lw	a1,0(a4)
    53c2:	4350                	lw	a2,4(a4)
    53c4:	00870413          	addi	s0,a4,8
    53c8:	88c2                	mv	a7,a6
    53ca:	c002                	sw	zero,0(sp)
    53cc:	883e                	mv	a6,a5
    53ce:	4701                	li	a4,0
    53d0:	87aa                	mv	a5,a0
    53d2:	46a1                	li	a3,8
    53d4:	b761                	j	535c <print+0x2ac>
    53d6:	400c                	lw	a1,0(s0)
    53d8:	88d2                	mv	a7,s4
    53da:	0411                	addi	s0,s0,4
    53dc:	872a                	mv	a4,a0
    53de:	4681                	li	a3,0
    53e0:	4621                	li	a2,8
    53e2:	bf41                	j	5372 <print+0x2c2>
    53e4:	041d                	addi	s0,s0,7
    53e6:	ff847613          	andi	a2,s0,-8
    53ea:	00860413          	addi	s0,a2,8 # 7f800008 <_eusrstack+0x5f7fb008>
    53ee:	420c                	lw	a1,0(a2)
    53f0:	4250                	lw	a2,4(a2)
    53f2:	40d50733          	sub	a4,a0,a3
    53f6:	88c2                	mv	a7,a6
    53f8:	177d                	addi	a4,a4,-1
    53fa:	883e                	mv	a6,a5
    53fc:	854e                	mv	a0,s3
    53fe:	87b6                	mv	a5,a3
    5400:	46a9                	li	a3,10
    5402:	bafff0ef          	jal	ra,4fb0 <printDouble>
    5406:	bfb1                	j	5362 <print+0x2b2>

00005408 <snprintf>:
    5408:	7139                	addi	sp,sp,-64
    540a:	8332                	mv	t1,a2
    540c:	da3e                	sw	a5,52(sp)
    540e:	c42e                	sw	a1,8(sp)
    5410:	c62a                	sw	a0,12(sp)
    5412:	1070                	addi	a2,sp,44
    5414:	4785                	li	a5,1
    5416:	0048                	addi	a0,sp,4
    5418:	859a                	mv	a1,t1
    541a:	ce06                	sw	ra,28(sp)
    541c:	d636                	sw	a3,44(sp)
    541e:	d83a                	sw	a4,48(sp)
    5420:	dc42                	sw	a6,56(sp)
    5422:	de46                	sw	a7,60(sp)
    5424:	c23e                	sw	a5,4(sp)
    5426:	c032                	sw	a2,0(sp)
    5428:	c89ff0ef          	jal	ra,50b0 <print>
    542c:	40f2                	lw	ra,28(sp)
    542e:	6121                	addi	sp,sp,64
    5430:	8082                	ret

00005432 <__udivdi3>:
    5432:	87b6                	mv	a5,a3
    5434:	88b2                	mv	a7,a2
    5436:	832a                	mv	t1,a0
    5438:	882e                	mv	a6,a1
    543a:	14069d63          	bnez	a3,5594 <__udivdi3+0x162>
    543e:	0ac5f963          	bgeu	a1,a2,54f0 <__udivdi3+0xbe>
    5442:	6741                	lui	a4,0x10
    5444:	1ae66e63          	bltu	a2,a4,5600 <__udivdi3+0x1ce>
    5448:	010007b7          	lui	a5,0x1000
    544c:	34f66363          	bltu	a2,a5,5792 <__udivdi3+0x360>
    5450:	01865693          	srli	a3,a2,0x18
    5454:	47e1                	li	a5,24
    5456:	00006717          	auipc	a4,0x6
    545a:	52a70713          	addi	a4,a4,1322 # b980 <__clz_tab>
    545e:	9736                	add	a4,a4,a3
    5460:	00074703          	lbu	a4,0(a4)
    5464:	97ba                	add	a5,a5,a4
    5466:	02000713          	li	a4,32
    546a:	8f1d                	sub	a4,a4,a5
    546c:	cb19                	beqz	a4,5482 <__udivdi3+0x50>
    546e:	00e59833          	sll	a6,a1,a4
    5472:	00f557b3          	srl	a5,a0,a5
    5476:	00e618b3          	sll	a7,a2,a4
    547a:	0107e833          	or	a6,a5,a6
    547e:	00e51333          	sll	t1,a0,a4
    5482:	0108d613          	srli	a2,a7,0x10
    5486:	02c85533          	divu	a0,a6,a2
    548a:	01089693          	slli	a3,a7,0x10
    548e:	82c1                	srli	a3,a3,0x10
    5490:	01035793          	srli	a5,t1,0x10
    5494:	02c87733          	remu	a4,a6,a2
    5498:	02a685b3          	mul	a1,a3,a0
    549c:	0742                	slli	a4,a4,0x10
    549e:	00f76833          	or	a6,a4,a5
    54a2:	00b87a63          	bgeu	a6,a1,54b6 <__udivdi3+0x84>
    54a6:	9846                	add	a6,a6,a7
    54a8:	fff50793          	addi	a5,a0,-1
    54ac:	01186463          	bltu	a6,a7,54b4 <__udivdi3+0x82>
    54b0:	30b86763          	bltu	a6,a1,57be <__udivdi3+0x38c>
    54b4:	853e                	mv	a0,a5
    54b6:	40b80833          	sub	a6,a6,a1
    54ba:	02c85733          	divu	a4,a6,a2
    54be:	0342                	slli	t1,t1,0x10
    54c0:	01035313          	srli	t1,t1,0x10
    54c4:	02c87833          	remu	a6,a6,a2
    54c8:	02e686b3          	mul	a3,a3,a4
    54cc:	0842                	slli	a6,a6,0x10
    54ce:	00686833          	or	a6,a6,t1
    54d2:	00d87b63          	bgeu	a6,a3,54e8 <__udivdi3+0xb6>
    54d6:	9846                	add	a6,a6,a7
    54d8:	fff70793          	addi	a5,a4,-1
    54dc:	01186563          	bltu	a6,a7,54e6 <__udivdi3+0xb4>
    54e0:	1779                	addi	a4,a4,-2
    54e2:	00d86363          	bltu	a6,a3,54e8 <__udivdi3+0xb6>
    54e6:	873e                	mv	a4,a5
    54e8:	0542                	slli	a0,a0,0x10
    54ea:	8d59                	or	a0,a0,a4
    54ec:	4581                	li	a1,0
    54ee:	8082                	ret
    54f0:	e601                	bnez	a2,54f8 <__udivdi3+0xc6>
    54f2:	4705                	li	a4,1
    54f4:	02c758b3          	divu	a7,a4,a2
    54f8:	6741                	lui	a4,0x10
    54fa:	0ee8ea63          	bltu	a7,a4,55ee <__udivdi3+0x1bc>
    54fe:	010007b7          	lui	a5,0x1000
    5502:	28f8ec63          	bltu	a7,a5,579a <__udivdi3+0x368>
    5506:	0188d693          	srli	a3,a7,0x18
    550a:	47e1                	li	a5,24
    550c:	00006717          	auipc	a4,0x6
    5510:	47470713          	addi	a4,a4,1140 # b980 <__clz_tab>
    5514:	9736                	add	a4,a4,a3
    5516:	00074683          	lbu	a3,0(a4)
    551a:	96be                	add	a3,a3,a5
    551c:	02000793          	li	a5,32
    5520:	8f95                	sub	a5,a5,a3
    5522:	ebe5                	bnez	a5,5612 <__udivdi3+0x1e0>
    5524:	01089e93          	slli	t4,a7,0x10
    5528:	41158733          	sub	a4,a1,a7
    552c:	0108df13          	srli	t5,a7,0x10
    5530:	010ede93          	srli	t4,t4,0x10
    5534:	4585                	li	a1,1
    5536:	01035793          	srli	a5,t1,0x10
    553a:	03e75533          	divu	a0,a4,t5
    553e:	03e77733          	remu	a4,a4,t5
    5542:	03d506b3          	mul	a3,a0,t4
    5546:	0742                	slli	a4,a4,0x10
    5548:	8fd9                	or	a5,a5,a4
    554a:	00d7fa63          	bgeu	a5,a3,555e <__udivdi3+0x12c>
    554e:	97c6                	add	a5,a5,a7
    5550:	fff50713          	addi	a4,a0,-1
    5554:	0117e463          	bltu	a5,a7,555c <__udivdi3+0x12a>
    5558:	26d7e663          	bltu	a5,a3,57c4 <__udivdi3+0x392>
    555c:	853a                	mv	a0,a4
    555e:	8f95                	sub	a5,a5,a3
    5560:	03e7d733          	divu	a4,a5,t5
    5564:	0342                	slli	t1,t1,0x10
    5566:	01035313          	srli	t1,t1,0x10
    556a:	03e7f7b3          	remu	a5,a5,t5
    556e:	03d70eb3          	mul	t4,a4,t4
    5572:	07c2                	slli	a5,a5,0x10
    5574:	0067e7b3          	or	a5,a5,t1
    5578:	01d7fb63          	bgeu	a5,t4,558e <__udivdi3+0x15c>
    557c:	97c6                	add	a5,a5,a7
    557e:	fff70693          	addi	a3,a4,-1
    5582:	0117e563          	bltu	a5,a7,558c <__udivdi3+0x15a>
    5586:	1779                	addi	a4,a4,-2
    5588:	01d7e363          	bltu	a5,t4,558e <__udivdi3+0x15c>
    558c:	8736                	mv	a4,a3
    558e:	0542                	slli	a0,a0,0x10
    5590:	8d59                	or	a0,a0,a4
    5592:	8082                	ret
    5594:	04d5e263          	bltu	a1,a3,55d8 <__udivdi3+0x1a6>
    5598:	67c1                	lui	a5,0x10
    559a:	04f6e263          	bltu	a3,a5,55de <__udivdi3+0x1ac>
    559e:	010007b7          	lui	a5,0x1000
    55a2:	1ef6e463          	bltu	a3,a5,578a <__udivdi3+0x358>
    55a6:	0186d713          	srli	a4,a3,0x18
    55aa:	4861                	li	a6,24
    55ac:	00006797          	auipc	a5,0x6
    55b0:	3d478793          	addi	a5,a5,980 # b980 <__clz_tab>
    55b4:	97ba                	add	a5,a5,a4
    55b6:	0007c703          	lbu	a4,0(a5)
    55ba:	02000e13          	li	t3,32
    55be:	9742                	add	a4,a4,a6
    55c0:	40ee0e33          	sub	t3,t3,a4
    55c4:	0c0e1a63          	bnez	t3,5698 <__udivdi3+0x266>
    55c8:	1cb6ed63          	bltu	a3,a1,57a2 <__udivdi3+0x370>
    55cc:	00c53533          	sltu	a0,a0,a2
    55d0:	00154513          	xori	a0,a0,1
    55d4:	4581                	li	a1,0
    55d6:	8082                	ret
    55d8:	4581                	li	a1,0
    55da:	4501                	li	a0,0
    55dc:	8082                	ret
    55de:	0ff00793          	li	a5,255
    55e2:	1cd7f363          	bgeu	a5,a3,57a8 <__udivdi3+0x376>
    55e6:	0086d713          	srli	a4,a3,0x8
    55ea:	4821                	li	a6,8
    55ec:	b7c1                	j	55ac <__udivdi3+0x17a>
    55ee:	0ff00713          	li	a4,255
    55f2:	86c6                	mv	a3,a7
    55f4:	f1177ce3          	bgeu	a4,a7,550c <__udivdi3+0xda>
    55f8:	0088d693          	srli	a3,a7,0x8
    55fc:	47a1                	li	a5,8
    55fe:	b739                	j	550c <__udivdi3+0xda>
    5600:	0ff00713          	li	a4,255
    5604:	86b2                	mv	a3,a2
    5606:	e4c778e3          	bgeu	a4,a2,5456 <__udivdi3+0x24>
    560a:	00865693          	srli	a3,a2,0x8
    560e:	47a1                	li	a5,8
    5610:	b599                	j	5456 <__udivdi3+0x24>
    5612:	00f898b3          	sll	a7,a7,a5
    5616:	00d5d633          	srl	a2,a1,a3
    561a:	0108df13          	srli	t5,a7,0x10
    561e:	03e65e33          	divu	t3,a2,t5
    5622:	00f59733          	sll	a4,a1,a5
    5626:	00d556b3          	srl	a3,a0,a3
    562a:	8f55                	or	a4,a4,a3
    562c:	01089e93          	slli	t4,a7,0x10
    5630:	010ede93          	srli	t4,t4,0x10
    5634:	00f51333          	sll	t1,a0,a5
    5638:	01075593          	srli	a1,a4,0x10
    563c:	03e676b3          	remu	a3,a2,t5
    5640:	03ce87b3          	mul	a5,t4,t3
    5644:	06c2                	slli	a3,a3,0x10
    5646:	8ecd                	or	a3,a3,a1
    5648:	00f6fb63          	bgeu	a3,a5,565e <__udivdi3+0x22c>
    564c:	96c6                	add	a3,a3,a7
    564e:	fffe0613          	addi	a2,t3,-1
    5652:	1716e463          	bltu	a3,a7,57ba <__udivdi3+0x388>
    5656:	16f6f263          	bgeu	a3,a5,57ba <__udivdi3+0x388>
    565a:	1e79                	addi	t3,t3,-2
    565c:	96c6                	add	a3,a3,a7
    565e:	8e9d                	sub	a3,a3,a5
    5660:	03e6d633          	divu	a2,a3,t5
    5664:	01071793          	slli	a5,a4,0x10
    5668:	83c1                	srli	a5,a5,0x10
    566a:	03e6f6b3          	remu	a3,a3,t5
    566e:	02ce8533          	mul	a0,t4,a2
    5672:	01069713          	slli	a4,a3,0x10
    5676:	8f5d                	or	a4,a4,a5
    5678:	00a77b63          	bgeu	a4,a0,568e <__udivdi3+0x25c>
    567c:	9746                	add	a4,a4,a7
    567e:	fff60793          	addi	a5,a2,-1
    5682:	13176863          	bltu	a4,a7,57b2 <__udivdi3+0x380>
    5686:	12a77663          	bgeu	a4,a0,57b2 <__udivdi3+0x380>
    568a:	1679                	addi	a2,a2,-2
    568c:	9746                	add	a4,a4,a7
    568e:	010e1593          	slli	a1,t3,0x10
    5692:	8f09                	sub	a4,a4,a0
    5694:	8dd1                	or	a1,a1,a2
    5696:	b545                	j	5536 <__udivdi3+0x104>
    5698:	00e657b3          	srl	a5,a2,a4
    569c:	01c696b3          	sll	a3,a3,t3
    56a0:	8edd                	or	a3,a3,a5
    56a2:	00e5d333          	srl	t1,a1,a4
    56a6:	0106df13          	srli	t5,a3,0x10
    56aa:	03e357b3          	divu	a5,t1,t5
    56ae:	01069e93          	slli	t4,a3,0x10
    56b2:	010ede93          	srli	t4,t4,0x10
    56b6:	01c59833          	sll	a6,a1,t3
    56ba:	00e55733          	srl	a4,a0,a4
    56be:	01076833          	or	a6,a4,a6
    56c2:	01085893          	srli	a7,a6,0x10
    56c6:	01c61633          	sll	a2,a2,t3
    56ca:	03e37333          	remu	t1,t1,t5
    56ce:	02fe85b3          	mul	a1,t4,a5
    56d2:	0342                	slli	t1,t1,0x10
    56d4:	011368b3          	or	a7,t1,a7
    56d8:	00b8fb63          	bgeu	a7,a1,56ee <__udivdi3+0x2bc>
    56dc:	98b6                	add	a7,a7,a3
    56de:	fff78713          	addi	a4,a5,-1
    56e2:	0cd8ea63          	bltu	a7,a3,57b6 <__udivdi3+0x384>
    56e6:	0cb8f863          	bgeu	a7,a1,57b6 <__udivdi3+0x384>
    56ea:	17f9                	addi	a5,a5,-2
    56ec:	98b6                	add	a7,a7,a3
    56ee:	40b888b3          	sub	a7,a7,a1
    56f2:	03e8d733          	divu	a4,a7,t5
    56f6:	0842                	slli	a6,a6,0x10
    56f8:	01085813          	srli	a6,a6,0x10
    56fc:	03e8f8b3          	remu	a7,a7,t5
    5700:	02ee8333          	mul	t1,t4,a4
    5704:	08c2                	slli	a7,a7,0x10
    5706:	0108e5b3          	or	a1,a7,a6
    570a:	0065fb63          	bgeu	a1,t1,5720 <__udivdi3+0x2ee>
    570e:	95b6                	add	a1,a1,a3
    5710:	fff70813          	addi	a6,a4,-1
    5714:	08d5ed63          	bltu	a1,a3,57ae <__udivdi3+0x37c>
    5718:	0865fb63          	bgeu	a1,t1,57ae <__udivdi3+0x37c>
    571c:	1779                	addi	a4,a4,-2
    571e:	95b6                	add	a1,a1,a3
    5720:	07c2                	slli	a5,a5,0x10
    5722:	6f41                	lui	t5,0x10
    5724:	8fd9                	or	a5,a5,a4
    5726:	ffff0713          	addi	a4,t5,-1 # ffff <_data_lma+0x42f7>
    572a:	00e7f6b3          	and	a3,a5,a4
    572e:	0107d893          	srli	a7,a5,0x10
    5732:	8f71                	and	a4,a4,a2
    5734:	8241                	srli	a2,a2,0x10
    5736:	02e68eb3          	mul	t4,a3,a4
    573a:	406585b3          	sub	a1,a1,t1
    573e:	02c686b3          	mul	a3,a3,a2
    5742:	010ed813          	srli	a6,t4,0x10
    5746:	02e88733          	mul	a4,a7,a4
    574a:	96ba                	add	a3,a3,a4
    574c:	96c2                	add	a3,a3,a6
    574e:	02c88633          	mul	a2,a7,a2
    5752:	00e6f363          	bgeu	a3,a4,5758 <__udivdi3+0x326>
    5756:	967a                	add	a2,a2,t5
    5758:	0106d893          	srli	a7,a3,0x10
    575c:	9646                	add	a2,a2,a7
    575e:	02c5e263          	bltu	a1,a2,5782 <__udivdi3+0x350>
    5762:	00c58563          	beq	a1,a2,576c <__udivdi3+0x33a>
    5766:	853e                	mv	a0,a5
    5768:	4581                	li	a1,0
    576a:	8082                	ret
    576c:	6741                	lui	a4,0x10
    576e:	177d                	addi	a4,a4,-1
    5770:	8ef9                	and	a3,a3,a4
    5772:	06c2                	slli	a3,a3,0x10
    5774:	00eefeb3          	and	t4,t4,a4
    5778:	01c51533          	sll	a0,a0,t3
    577c:	96f6                	add	a3,a3,t4
    577e:	fed574e3          	bgeu	a0,a3,5766 <__udivdi3+0x334>
    5782:	fff78513          	addi	a0,a5,-1
    5786:	4581                	li	a1,0
    5788:	8082                	ret
    578a:	0106d713          	srli	a4,a3,0x10
    578e:	4841                	li	a6,16
    5790:	bd31                	j	55ac <__udivdi3+0x17a>
    5792:	01065693          	srli	a3,a2,0x10
    5796:	47c1                	li	a5,16
    5798:	b97d                	j	5456 <__udivdi3+0x24>
    579a:	0108d693          	srli	a3,a7,0x10
    579e:	47c1                	li	a5,16
    57a0:	b3b5                	j	550c <__udivdi3+0xda>
    57a2:	4581                	li	a1,0
    57a4:	4505                	li	a0,1
    57a6:	8082                	ret
    57a8:	8736                	mv	a4,a3
    57aa:	4801                	li	a6,0
    57ac:	b501                	j	55ac <__udivdi3+0x17a>
    57ae:	8742                	mv	a4,a6
    57b0:	bf85                	j	5720 <__udivdi3+0x2ee>
    57b2:	863e                	mv	a2,a5
    57b4:	bde9                	j	568e <__udivdi3+0x25c>
    57b6:	87ba                	mv	a5,a4
    57b8:	bf1d                	j	56ee <__udivdi3+0x2bc>
    57ba:	8e32                	mv	t3,a2
    57bc:	b54d                	j	565e <__udivdi3+0x22c>
    57be:	1579                	addi	a0,a0,-2
    57c0:	9846                	add	a6,a6,a7
    57c2:	b9d5                	j	54b6 <__udivdi3+0x84>
    57c4:	1579                	addi	a0,a0,-2
    57c6:	97c6                	add	a5,a5,a7
    57c8:	bb59                	j	555e <__udivdi3+0x12c>

000057ca <__umoddi3>:
    57ca:	87b6                	mv	a5,a3
    57cc:	8832                	mv	a6,a2
    57ce:	832a                	mv	t1,a0
    57d0:	872e                	mv	a4,a1
    57d2:	8e2e                	mv	t3,a1
    57d4:	14069363          	bnez	a3,591a <__umoddi3+0x150>
    57d8:	0ac5f163          	bgeu	a1,a2,587a <__umoddi3+0xb0>
    57dc:	6741                	lui	a4,0x10
    57de:	1ae67863          	bgeu	a2,a4,598e <__umoddi3+0x1c4>
    57e2:	0ff00713          	li	a4,255
    57e6:	86b2                	mv	a3,a2
    57e8:	00c77563          	bgeu	a4,a2,57f2 <__umoddi3+0x28>
    57ec:	00865693          	srli	a3,a2,0x8
    57f0:	47a1                	li	a5,8
    57f2:	00006717          	auipc	a4,0x6
    57f6:	18e70713          	addi	a4,a4,398 # b980 <__clz_tab>
    57fa:	9736                	add	a4,a4,a3
    57fc:	00074703          	lbu	a4,0(a4)
    5800:	02000893          	li	a7,32
    5804:	97ba                	add	a5,a5,a4
    5806:	40f888b3          	sub	a7,a7,a5
    580a:	00088c63          	beqz	a7,5822 <__umoddi3+0x58>
    580e:	011595b3          	sll	a1,a1,a7
    5812:	00f557b3          	srl	a5,a0,a5
    5816:	01161833          	sll	a6,a2,a7
    581a:	00b7ee33          	or	t3,a5,a1
    581e:	01151333          	sll	t1,a0,a7
    5822:	01085613          	srli	a2,a6,0x10
    5826:	02ce57b3          	divu	a5,t3,a2
    582a:	01081513          	slli	a0,a6,0x10
    582e:	8141                	srli	a0,a0,0x10
    5830:	01035693          	srli	a3,t1,0x10
    5834:	02ce7e33          	remu	t3,t3,a2
    5838:	02f507b3          	mul	a5,a0,a5
    583c:	0e42                	slli	t3,t3,0x10
    583e:	00de6733          	or	a4,t3,a3
    5842:	00f77863          	bgeu	a4,a5,5852 <__umoddi3+0x88>
    5846:	9742                	add	a4,a4,a6
    5848:	01076563          	bltu	a4,a6,5852 <__umoddi3+0x88>
    584c:	00f77363          	bgeu	a4,a5,5852 <__umoddi3+0x88>
    5850:	9742                	add	a4,a4,a6
    5852:	8f1d                	sub	a4,a4,a5
    5854:	02c756b3          	divu	a3,a4,a2
    5858:	01031793          	slli	a5,t1,0x10
    585c:	83c1                	srli	a5,a5,0x10
    585e:	02c77733          	remu	a4,a4,a2
    5862:	02d50533          	mul	a0,a0,a3
    5866:	0742                	slli	a4,a4,0x10
    5868:	8fd9                	or	a5,a5,a4
    586a:	08a7ec63          	bltu	a5,a0,5902 <__umoddi3+0x138>
    586e:	40a78533          	sub	a0,a5,a0
    5872:	01155533          	srl	a0,a0,a7
    5876:	4581                	li	a1,0
    5878:	8082                	ret
    587a:	e601                	bnez	a2,5882 <__umoddi3+0xb8>
    587c:	4705                	li	a4,1
    587e:	02c75833          	divu	a6,a4,a2
    5882:	6741                	lui	a4,0x10
    5884:	0ee86c63          	bltu	a6,a4,597c <__umoddi3+0x1b2>
    5888:	010007b7          	lui	a5,0x1000
    588c:	2af86563          	bltu	a6,a5,5b36 <__umoddi3+0x36c>
    5890:	01885693          	srli	a3,a6,0x18
    5894:	47e1                	li	a5,24
    5896:	00006717          	auipc	a4,0x6
    589a:	0ea70713          	addi	a4,a4,234 # b980 <__clz_tab>
    589e:	9736                	add	a4,a4,a3
    58a0:	00074703          	lbu	a4,0(a4)
    58a4:	02000893          	li	a7,32
    58a8:	97ba                	add	a5,a5,a4
    58aa:	40f888b3          	sub	a7,a7,a5
    58ae:	1e089a63          	bnez	a7,5aa2 <__umoddi3+0x2d8>
    58b2:	01081e13          	slli	t3,a6,0x10
    58b6:	410585b3          	sub	a1,a1,a6
    58ba:	01085613          	srli	a2,a6,0x10
    58be:	010e5e13          	srli	t3,t3,0x10
    58c2:	01035713          	srli	a4,t1,0x10
    58c6:	02c5d6b3          	divu	a3,a1,a2
    58ca:	02c5f5b3          	remu	a1,a1,a2
    58ce:	03c686b3          	mul	a3,a3,t3
    58d2:	05c2                	slli	a1,a1,0x10
    58d4:	8f4d                	or	a4,a4,a1
    58d6:	00d77763          	bgeu	a4,a3,58e4 <__umoddi3+0x11a>
    58da:	9742                	add	a4,a4,a6
    58dc:	01076463          	bltu	a4,a6,58e4 <__umoddi3+0x11a>
    58e0:	26d76a63          	bltu	a4,a3,5b54 <__umoddi3+0x38a>
    58e4:	8f15                	sub	a4,a4,a3
    58e6:	02c75533          	divu	a0,a4,a2
    58ea:	0342                	slli	t1,t1,0x10
    58ec:	01035313          	srli	t1,t1,0x10
    58f0:	02c77733          	remu	a4,a4,a2
    58f4:	03c50533          	mul	a0,a0,t3
    58f8:	0742                	slli	a4,a4,0x10
    58fa:	006767b3          	or	a5,a4,t1
    58fe:	00a7f863          	bgeu	a5,a0,590e <__umoddi3+0x144>
    5902:	97c2                	add	a5,a5,a6
    5904:	0107e563          	bltu	a5,a6,590e <__umoddi3+0x144>
    5908:	00a7f363          	bgeu	a5,a0,590e <__umoddi3+0x144>
    590c:	97c2                	add	a5,a5,a6
    590e:	40a78533          	sub	a0,a5,a0
    5912:	01155533          	srl	a0,a0,a7
    5916:	4581                	li	a1,0
    5918:	8082                	ret
    591a:	882a                	mv	a6,a0
    591c:	f4d5eee3          	bltu	a1,a3,5878 <__umoddi3+0xae>
    5920:	67c1                	lui	a5,0x10
    5922:	04f6e563          	bltu	a3,a5,596c <__umoddi3+0x1a2>
    5926:	010007b7          	lui	a5,0x1000
    592a:	20f6e263          	bltu	a3,a5,5b2e <__umoddi3+0x364>
    592e:	0186d313          	srli	t1,a3,0x18
    5932:	48e1                	li	a7,24
    5934:	00006797          	auipc	a5,0x6
    5938:	04c78793          	addi	a5,a5,76 # b980 <__clz_tab>
    593c:	979a                	add	a5,a5,t1
    593e:	0007ce03          	lbu	t3,0(a5)
    5942:	02000313          	li	t1,32
    5946:	9e46                	add	t3,t3,a7
    5948:	41c30333          	sub	t1,t1,t3
    594c:	04031963          	bnez	t1,599e <__umoddi3+0x1d4>
    5950:	00b6e463          	bltu	a3,a1,5958 <__umoddi3+0x18e>
    5954:	00c56963          	bltu	a0,a2,5966 <__umoddi3+0x19c>
    5958:	40c50833          	sub	a6,a0,a2
    595c:	8d95                	sub	a1,a1,a3
    595e:	01053733          	sltu	a4,a0,a6
    5962:	40e58733          	sub	a4,a1,a4
    5966:	8542                	mv	a0,a6
    5968:	85ba                	mv	a1,a4
    596a:	8082                	ret
    596c:	0ff00793          	li	a5,255
    5970:	1cd7fb63          	bgeu	a5,a3,5b46 <__umoddi3+0x37c>
    5974:	0086d313          	srli	t1,a3,0x8
    5978:	48a1                	li	a7,8
    597a:	bf6d                	j	5934 <__umoddi3+0x16a>
    597c:	0ff00713          	li	a4,255
    5980:	86c2                	mv	a3,a6
    5982:	f1077ae3          	bgeu	a4,a6,5896 <__umoddi3+0xcc>
    5986:	00885693          	srli	a3,a6,0x8
    598a:	47a1                	li	a5,8
    598c:	b729                	j	5896 <__umoddi3+0xcc>
    598e:	010007b7          	lui	a5,0x1000
    5992:	1af66663          	bltu	a2,a5,5b3e <__umoddi3+0x374>
    5996:	01865693          	srli	a3,a2,0x18
    599a:	47e1                	li	a5,24
    599c:	bd99                	j	57f2 <__umoddi3+0x28>
    599e:	01c657b3          	srl	a5,a2,t3
    59a2:	006696b3          	sll	a3,a3,t1
    59a6:	8edd                	or	a3,a3,a5
    59a8:	01c5d8b3          	srl	a7,a1,t3
    59ac:	0106d713          	srli	a4,a3,0x10
    59b0:	02e8deb3          	divu	t4,a7,a4
    59b4:	01069f13          	slli	t5,a3,0x10
    59b8:	01c557b3          	srl	a5,a0,t3
    59bc:	010f5f13          	srli	t5,t5,0x10
    59c0:	006595b3          	sll	a1,a1,t1
    59c4:	8ddd                	or	a1,a1,a5
    59c6:	0105d813          	srli	a6,a1,0x10
    59ca:	00661633          	sll	a2,a2,t1
    59ce:	00651533          	sll	a0,a0,t1
    59d2:	02e8f8b3          	remu	a7,a7,a4
    59d6:	03df07b3          	mul	a5,t5,t4
    59da:	08c2                	slli	a7,a7,0x10
    59dc:	0108e833          	or	a6,a7,a6
    59e0:	00f87b63          	bgeu	a6,a5,59f6 <__umoddi3+0x22c>
    59e4:	9836                	add	a6,a6,a3
    59e6:	fffe8893          	addi	a7,t4,-1
    59ea:	16d86363          	bltu	a6,a3,5b50 <__umoddi3+0x386>
    59ee:	16f87163          	bgeu	a6,a5,5b50 <__umoddi3+0x386>
    59f2:	1ef9                	addi	t4,t4,-2
    59f4:	9836                	add	a6,a6,a3
    59f6:	40f80833          	sub	a6,a6,a5
    59fa:	02e857b3          	divu	a5,a6,a4
    59fe:	05c2                	slli	a1,a1,0x10
    5a00:	81c1                	srli	a1,a1,0x10
    5a02:	02e87833          	remu	a6,a6,a4
    5a06:	02ff0f33          	mul	t5,t5,a5
    5a0a:	01081713          	slli	a4,a6,0x10
    5a0e:	8f4d                	or	a4,a4,a1
    5a10:	01e77b63          	bgeu	a4,t5,5a26 <__umoddi3+0x25c>
    5a14:	9736                	add	a4,a4,a3
    5a16:	fff78593          	addi	a1,a5,-1 # ffffff <_data_lma+0xff42f7>
    5a1a:	12d76963          	bltu	a4,a3,5b4c <__umoddi3+0x382>
    5a1e:	13e77763          	bgeu	a4,t5,5b4c <__umoddi3+0x382>
    5a22:	17f9                	addi	a5,a5,-2
    5a24:	9736                	add	a4,a4,a3
    5a26:	0ec2                	slli	t4,t4,0x10
    5a28:	62c1                	lui	t0,0x10
    5a2a:	00feeeb3          	or	t4,t4,a5
    5a2e:	fff28813          	addi	a6,t0,-1 # ffff <_data_lma+0x42f7>
    5a32:	010ef8b3          	and	a7,t4,a6
    5a36:	01065593          	srli	a1,a2,0x10
    5a3a:	010ede93          	srli	t4,t4,0x10
    5a3e:	01067833          	and	a6,a2,a6
    5a42:	03088fb3          	mul	t6,a7,a6
    5a46:	41e70733          	sub	a4,a4,t5
    5a4a:	030e8833          	mul	a6,t4,a6
    5a4e:	010fd793          	srli	a5,t6,0x10
    5a52:	02b888b3          	mul	a7,a7,a1
    5a56:	98c2                	add	a7,a7,a6
    5a58:	97c6                	add	a5,a5,a7
    5a5a:	02be8eb3          	mul	t4,t4,a1
    5a5e:	0107f363          	bgeu	a5,a6,5a64 <__umoddi3+0x29a>
    5a62:	9e96                	add	t4,t4,t0
    5a64:	6841                	lui	a6,0x10
    5a66:	187d                	addi	a6,a6,-1
    5a68:	0107d593          	srli	a1,a5,0x10
    5a6c:	0107f7b3          	and	a5,a5,a6
    5a70:	07c2                	slli	a5,a5,0x10
    5a72:	010fffb3          	and	t6,t6,a6
    5a76:	95f6                	add	a1,a1,t4
    5a78:	97fe                	add	a5,a5,t6
    5a7a:	0ab76263          	bltu	a4,a1,5b1e <__umoddi3+0x354>
    5a7e:	08b70e63          	beq	a4,a1,5b1a <__umoddi3+0x350>
    5a82:	40f507b3          	sub	a5,a0,a5
    5a86:	00f53533          	sltu	a0,a0,a5
    5a8a:	40b705b3          	sub	a1,a4,a1
    5a8e:	8d89                	sub	a1,a1,a0
    5a90:	01c59e33          	sll	t3,a1,t3
    5a94:	0067d533          	srl	a0,a5,t1
    5a98:	00ae6533          	or	a0,t3,a0
    5a9c:	0065d5b3          	srl	a1,a1,t1
    5aa0:	8082                	ret
    5aa2:	01181833          	sll	a6,a6,a7
    5aa6:	00f5d733          	srl	a4,a1,a5
    5aaa:	01085613          	srli	a2,a6,0x10
    5aae:	02c756b3          	divu	a3,a4,a2
    5ab2:	01081e13          	slli	t3,a6,0x10
    5ab6:	00f557b3          	srl	a5,a0,a5
    5aba:	010e5e13          	srli	t3,t3,0x10
    5abe:	011595b3          	sll	a1,a1,a7
    5ac2:	8ddd                	or	a1,a1,a5
    5ac4:	0105de93          	srli	t4,a1,0x10
    5ac8:	01151333          	sll	t1,a0,a7
    5acc:	02c77733          	remu	a4,a4,a2
    5ad0:	02de07b3          	mul	a5,t3,a3
    5ad4:	01071693          	slli	a3,a4,0x10
    5ad8:	01d6e6b3          	or	a3,a3,t4
    5adc:	00f6f863          	bgeu	a3,a5,5aec <__umoddi3+0x322>
    5ae0:	96c2                	add	a3,a3,a6
    5ae2:	0106e563          	bltu	a3,a6,5aec <__umoddi3+0x322>
    5ae6:	00f6f363          	bgeu	a3,a5,5aec <__umoddi3+0x322>
    5aea:	96c2                	add	a3,a3,a6
    5aec:	8e9d                	sub	a3,a3,a5
    5aee:	02c6d733          	divu	a4,a3,a2
    5af2:	01059793          	slli	a5,a1,0x10
    5af6:	83c1                	srli	a5,a5,0x10
    5af8:	02c6f6b3          	remu	a3,a3,a2
    5afc:	02ee0733          	mul	a4,t3,a4
    5b00:	01069593          	slli	a1,a3,0x10
    5b04:	8ddd                	or	a1,a1,a5
    5b06:	00e5f863          	bgeu	a1,a4,5b16 <__umoddi3+0x34c>
    5b0a:	95c2                	add	a1,a1,a6
    5b0c:	0105e563          	bltu	a1,a6,5b16 <__umoddi3+0x34c>
    5b10:	00e5f363          	bgeu	a1,a4,5b16 <__umoddi3+0x34c>
    5b14:	95c2                	add	a1,a1,a6
    5b16:	8d99                	sub	a1,a1,a4
    5b18:	b36d                	j	58c2 <__umoddi3+0xf8>
    5b1a:	f6f574e3          	bgeu	a0,a5,5a82 <__umoddi3+0x2b8>
    5b1e:	40c78633          	sub	a2,a5,a2
    5b22:	00c7b7b3          	sltu	a5,a5,a2
    5b26:	97b6                	add	a5,a5,a3
    5b28:	8d9d                	sub	a1,a1,a5
    5b2a:	87b2                	mv	a5,a2
    5b2c:	bf99                	j	5a82 <__umoddi3+0x2b8>
    5b2e:	0106d313          	srli	t1,a3,0x10
    5b32:	48c1                	li	a7,16
    5b34:	b501                	j	5934 <__umoddi3+0x16a>
    5b36:	01085693          	srli	a3,a6,0x10
    5b3a:	47c1                	li	a5,16
    5b3c:	bba9                	j	5896 <__umoddi3+0xcc>
    5b3e:	01065693          	srli	a3,a2,0x10
    5b42:	47c1                	li	a5,16
    5b44:	b17d                	j	57f2 <__umoddi3+0x28>
    5b46:	8336                	mv	t1,a3
    5b48:	4881                	li	a7,0
    5b4a:	b3ed                	j	5934 <__umoddi3+0x16a>
    5b4c:	87ae                	mv	a5,a1
    5b4e:	bde1                	j	5a26 <__umoddi3+0x25c>
    5b50:	8ec6                	mv	t4,a7
    5b52:	b555                	j	59f6 <__umoddi3+0x22c>
    5b54:	9742                	add	a4,a4,a6
    5b56:	b379                	j	58e4 <__umoddi3+0x11a>

00005b58 <__divdf3>:
    5b58:	7139                	addi	sp,sp,-64
    5b5a:	0145d793          	srli	a5,a1,0x14
    5b5e:	dc22                	sw	s0,56(sp)
    5b60:	d84a                	sw	s2,48(sp)
    5b62:	d256                	sw	s5,36(sp)
    5b64:	892a                	mv	s2,a0
    5b66:	00c59413          	slli	s0,a1,0xc
    5b6a:	de06                	sw	ra,60(sp)
    5b6c:	da26                	sw	s1,52(sp)
    5b6e:	d64e                	sw	s3,44(sp)
    5b70:	d452                	sw	s4,40(sp)
    5b72:	d05a                	sw	s6,32(sp)
    5b74:	ce5e                	sw	s7,28(sp)
    5b76:	7ff7f513          	andi	a0,a5,2047
    5b7a:	8031                	srli	s0,s0,0xc
    5b7c:	01f5da93          	srli	s5,a1,0x1f
    5b80:	10050b63          	beqz	a0,5c96 <__divdf3+0x13e>
    5b84:	7ff00793          	li	a5,2047
    5b88:	14f50b63          	beq	a0,a5,5cde <__divdf3+0x186>
    5b8c:	01d95a13          	srli	s4,s2,0x1d
    5b90:	040e                	slli	s0,s0,0x3
    5b92:	008a6433          	or	s0,s4,s0
    5b96:	00800a37          	lui	s4,0x800
    5b9a:	01446a33          	or	s4,s0,s4
    5b9e:	00391b13          	slli	s6,s2,0x3
    5ba2:	c0150493          	addi	s1,a0,-1023
    5ba6:	4401                	li	s0,0
    5ba8:	4b81                	li	s7,0
    5baa:	0146d813          	srli	a6,a3,0x14
    5bae:	00c69913          	slli	s2,a3,0xc
    5bb2:	7ff87813          	andi	a6,a6,2047
    5bb6:	88b2                	mv	a7,a2
    5bb8:	00c95913          	srli	s2,s2,0xc
    5bbc:	01f6d993          	srli	s3,a3,0x1f
    5bc0:	08080e63          	beqz	a6,5c5c <__divdf3+0x104>
    5bc4:	7ff00793          	li	a5,2047
    5bc8:	04f80063          	beq	a6,a5,5c08 <__divdf3+0xb0>
    5bcc:	01d65713          	srli	a4,a2,0x1d
    5bd0:	090e                	slli	s2,s2,0x3
    5bd2:	01276933          	or	s2,a4,s2
    5bd6:	c0180813          	addi	a6,a6,-1023 # fc01 <_data_lma+0x3ef9>
    5bda:	008007b7          	lui	a5,0x800
    5bde:	00f96733          	or	a4,s2,a5
    5be2:	00361893          	slli	a7,a2,0x3
    5be6:	410484b3          	sub	s1,s1,a6
    5bea:	4581                	li	a1,0
    5bec:	47bd                	li	a5,15
    5bee:	013ac833          	xor	a6,s5,s3
    5bf2:	1a87e463          	bltu	a5,s0,5d9a <__divdf3+0x242>
    5bf6:	00006797          	auipc	a5,0x6
    5bfa:	c4a78793          	addi	a5,a5,-950 # b840 <atanlo+0x24>
    5bfe:	040a                	slli	s0,s0,0x2
    5c00:	943e                	add	s0,s0,a5
    5c02:	4010                	lw	a2,0(s0)
    5c04:	963e                	add	a2,a2,a5
    5c06:	8602                	jr	a2
    5c08:	00c96733          	or	a4,s2,a2
    5c0c:	80148493          	addi	s1,s1,-2047
    5c10:	10071263          	bnez	a4,5d14 <__divdf3+0x1bc>
    5c14:	00246413          	ori	s0,s0,2
    5c18:	4881                	li	a7,0
    5c1a:	4589                	li	a1,2
    5c1c:	bfc1                	j	5bec <__divdf3+0x94>
    5c1e:	7ff00613          	li	a2,2047
    5c22:	4781                	li	a5,0
    5c24:	4701                	li	a4,0
    5c26:	07b2                	slli	a5,a5,0xc
    5c28:	50f2                	lw	ra,60(sp)
    5c2a:	5462                	lw	s0,56(sp)
    5c2c:	0652                	slli	a2,a2,0x14
    5c2e:	83b1                	srli	a5,a5,0xc
    5c30:	087e                	slli	a6,a6,0x1f
    5c32:	8fd1                	or	a5,a5,a2
    5c34:	0107e7b3          	or	a5,a5,a6
    5c38:	54d2                	lw	s1,52(sp)
    5c3a:	5942                	lw	s2,48(sp)
    5c3c:	59b2                	lw	s3,44(sp)
    5c3e:	5a22                	lw	s4,40(sp)
    5c40:	5a92                	lw	s5,36(sp)
    5c42:	5b02                	lw	s6,32(sp)
    5c44:	4bf2                	lw	s7,28(sp)
    5c46:	853a                	mv	a0,a4
    5c48:	85be                	mv	a1,a5
    5c4a:	6121                	addi	sp,sp,64
    5c4c:	8082                	ret
    5c4e:	4801                	li	a6,0
    5c50:	7ff00613          	li	a2,2047
    5c54:	000807b7          	lui	a5,0x80
    5c58:	4701                	li	a4,0
    5c5a:	b7f1                	j	5c26 <__divdf3+0xce>
    5c5c:	00c96733          	or	a4,s2,a2
    5c60:	c74d                	beqz	a4,5d0a <__divdf3+0x1b2>
    5c62:	30090863          	beqz	s2,5f72 <__divdf3+0x41a>
    5c66:	854a                	mv	a0,s2
    5c68:	c432                	sw	a2,8(sp)
    5c6a:	688020ef          	jal	ra,82f2 <__clzsi2>
    5c6e:	4622                	lw	a2,8(sp)
    5c70:	ff550713          	addi	a4,a0,-11
    5c74:	47f5                	li	a5,29
    5c76:	ff850693          	addi	a3,a0,-8
    5c7a:	8f99                	sub	a5,a5,a4
    5c7c:	00d91933          	sll	s2,s2,a3
    5c80:	00f657b3          	srl	a5,a2,a5
    5c84:	0127e733          	or	a4,a5,s2
    5c88:	00d618b3          	sll	a7,a2,a3
    5c8c:	9526                	add	a0,a0,s1
    5c8e:	3f350493          	addi	s1,a0,1011
    5c92:	4581                	li	a1,0
    5c94:	bfa1                	j	5bec <__divdf3+0x94>
    5c96:	01246a33          	or	s4,s0,s2
    5c9a:	060a0363          	beqz	s4,5d00 <__divdf3+0x1a8>
    5c9e:	c636                	sw	a3,12(sp)
    5ca0:	c432                	sw	a2,8(sp)
    5ca2:	2a040663          	beqz	s0,5f4e <__divdf3+0x3f6>
    5ca6:	8522                	mv	a0,s0
    5ca8:	64a020ef          	jal	ra,82f2 <__clzsi2>
    5cac:	4622                	lw	a2,8(sp)
    5cae:	46b2                	lw	a3,12(sp)
    5cb0:	84aa                	mv	s1,a0
    5cb2:	ff550713          	addi	a4,a0,-11
    5cb6:	4a75                	li	s4,29
    5cb8:	ff848b13          	addi	s6,s1,-8
    5cbc:	40ea0a33          	sub	s4,s4,a4
    5cc0:	01641433          	sll	s0,s0,s6
    5cc4:	01495a33          	srl	s4,s2,s4
    5cc8:	008a6a33          	or	s4,s4,s0
    5ccc:	01691b33          	sll	s6,s2,s6
    5cd0:	c0d00513          	li	a0,-1011
    5cd4:	409504b3          	sub	s1,a0,s1
    5cd8:	4401                	li	s0,0
    5cda:	4b81                	li	s7,0
    5cdc:	b5f9                	j	5baa <__divdf3+0x52>
    5cde:	01246a33          	or	s4,s0,s2
    5ce2:	000a1863          	bnez	s4,5cf2 <__divdf3+0x19a>
    5ce6:	4421                	li	s0,8
    5ce8:	4b01                	li	s6,0
    5cea:	7ff00493          	li	s1,2047
    5cee:	4b89                	li	s7,2
    5cf0:	bd6d                	j	5baa <__divdf3+0x52>
    5cf2:	8a22                	mv	s4,s0
    5cf4:	8b4a                	mv	s6,s2
    5cf6:	4431                	li	s0,12
    5cf8:	7ff00493          	li	s1,2047
    5cfc:	4b8d                	li	s7,3
    5cfe:	b575                	j	5baa <__divdf3+0x52>
    5d00:	4411                	li	s0,4
    5d02:	4b01                	li	s6,0
    5d04:	4481                	li	s1,0
    5d06:	4b85                	li	s7,1
    5d08:	b54d                	j	5baa <__divdf3+0x52>
    5d0a:	00146413          	ori	s0,s0,1
    5d0e:	4881                	li	a7,0
    5d10:	4585                	li	a1,1
    5d12:	bde9                	j	5bec <__divdf3+0x94>
    5d14:	00346413          	ori	s0,s0,3
    5d18:	874a                	mv	a4,s2
    5d1a:	458d                	li	a1,3
    5d1c:	bdc1                	j	5bec <__divdf3+0x94>
    5d1e:	2e050a63          	beqz	a0,6012 <__divdf3+0x4ba>
    5d22:	4785                	li	a5,1
    5d24:	8f89                	sub	a5,a5,a0
    5d26:	03800693          	li	a3,56
    5d2a:	32f6dd63          	bge	a3,a5,6064 <__divdf3+0x50c>
    5d2e:	4601                	li	a2,0
    5d30:	4781                	li	a5,0
    5d32:	4701                	li	a4,0
    5d34:	bdcd                	j	5c26 <__divdf3+0xce>
    5d36:	86ce                	mv	a3,s3
    5d38:	4789                	li	a5,2
    5d3a:	3af58d63          	beq	a1,a5,60f4 <__divdf3+0x59c>
    5d3e:	478d                	li	a5,3
    5d40:	f0f587e3          	beq	a1,a5,5c4e <__divdf3+0xf6>
    5d44:	4785                	li	a5,1
    5d46:	8836                	mv	a6,a3
    5d48:	fef583e3          	beq	a1,a5,5d2e <__divdf3+0x1d6>
    5d4c:	3ff48513          	addi	a0,s1,1023
    5d50:	fca057e3          	blez	a0,5d1e <__divdf3+0x1c6>
    5d54:	0078f793          	andi	a5,a7,7
    5d58:	28079663          	bnez	a5,5fe4 <__divdf3+0x48c>
    5d5c:	0038d693          	srli	a3,a7,0x3
    5d60:	00771793          	slli	a5,a4,0x7
    5d64:	0007d863          	bgez	a5,5d74 <__divdf3+0x21c>
    5d68:	ff0007b7          	lui	a5,0xff000
    5d6c:	17fd                	addi	a5,a5,-1
    5d6e:	8f7d                	and	a4,a4,a5
    5d70:	40048513          	addi	a0,s1,1024
    5d74:	7fe00793          	li	a5,2046
    5d78:	eaa7c3e3          	blt	a5,a0,5c1e <__divdf3+0xc6>
    5d7c:	01d71613          	slli	a2,a4,0x1d
    5d80:	00971793          	slli	a5,a4,0x9
    5d84:	83b1                	srli	a5,a5,0xc
    5d86:	00d66733          	or	a4,a2,a3
    5d8a:	7ff57613          	andi	a2,a0,2047
    5d8e:	bd61                	j	5c26 <__divdf3+0xce>
    5d90:	86d6                	mv	a3,s5
    5d92:	8752                	mv	a4,s4
    5d94:	88da                	mv	a7,s6
    5d96:	85de                	mv	a1,s7
    5d98:	b745                	j	5d38 <__divdf3+0x1e0>
    5d9a:	23476163          	bltu	a4,s4,5fbc <__divdf3+0x464>
    5d9e:	20ea0d63          	beq	s4,a4,5fb8 <__divdf3+0x460>
    5da2:	86da                	mv	a3,s6
    5da4:	14fd                	addi	s1,s1,-1
    5da6:	8452                	mv	s0,s4
    5da8:	4b01                	li	s6,0
    5daa:	00871793          	slli	a5,a4,0x8
    5dae:	0188d313          	srli	t1,a7,0x18
    5db2:	00f36333          	or	t1,t1,a5
    5db6:	01035e93          	srli	t4,t1,0x10
    5dba:	03d457b3          	divu	a5,s0,t4
    5dbe:	01031f13          	slli	t5,t1,0x10
    5dc2:	010f5f13          	srli	t5,t5,0x10
    5dc6:	0106d593          	srli	a1,a3,0x10
    5dca:	00889e13          	slli	t3,a7,0x8
    5dce:	03d47433          	remu	s0,s0,t4
    5dd2:	02ff0733          	mul	a4,t5,a5
    5dd6:	0442                	slli	s0,s0,0x10
    5dd8:	8dc1                	or	a1,a1,s0
    5dda:	00e5fb63          	bgeu	a1,a4,5df0 <__divdf3+0x298>
    5dde:	959a                	add	a1,a1,t1
    5de0:	fff78613          	addi	a2,a5,-1 # feffffff <_eusrstack+0xdeffafff>
    5de4:	2665ee63          	bltu	a1,t1,6060 <__divdf3+0x508>
    5de8:	26e5fc63          	bgeu	a1,a4,6060 <__divdf3+0x508>
    5dec:	17f9                	addi	a5,a5,-2
    5dee:	959a                	add	a1,a1,t1
    5df0:	8d99                	sub	a1,a1,a4
    5df2:	03d5d733          	divu	a4,a1,t4
    5df6:	06c2                	slli	a3,a3,0x10
    5df8:	82c1                	srli	a3,a3,0x10
    5dfa:	03d5f5b3          	remu	a1,a1,t4
    5dfe:	02ef0633          	mul	a2,t5,a4
    5e02:	05c2                	slli	a1,a1,0x10
    5e04:	8dd5                	or	a1,a1,a3
    5e06:	00c5fb63          	bgeu	a1,a2,5e1c <__divdf3+0x2c4>
    5e0a:	959a                	add	a1,a1,t1
    5e0c:	fff70693          	addi	a3,a4,-1
    5e10:	2465e663          	bltu	a1,t1,605c <__divdf3+0x504>
    5e14:	24c5f463          	bgeu	a1,a2,605c <__divdf3+0x504>
    5e18:	1779                	addi	a4,a4,-2
    5e1a:	959a                	add	a1,a1,t1
    5e1c:	07c2                	slli	a5,a5,0x10
    5e1e:	6441                	lui	s0,0x10
    5e20:	8f5d                	or	a4,a4,a5
    5e22:	fff40793          	addi	a5,s0,-1 # ffff <_data_lma+0x42f7>
    5e26:	00f77533          	and	a0,a4,a5
    5e2a:	01075893          	srli	a7,a4,0x10
    5e2e:	010e5f93          	srli	t6,t3,0x10
    5e32:	00fe77b3          	and	a5,t3,a5
    5e36:	02f502b3          	mul	t0,a0,a5
    5e3a:	40c586b3          	sub	a3,a1,a2
    5e3e:	02f883b3          	mul	t2,a7,a5
    5e42:	0102d593          	srli	a1,t0,0x10
    5e46:	02af8633          	mul	a2,t6,a0
    5e4a:	961e                	add	a2,a2,t2
    5e4c:	962e                	add	a2,a2,a1
    5e4e:	03f88533          	mul	a0,a7,t6
    5e52:	00767363          	bgeu	a2,t2,5e58 <__divdf3+0x300>
    5e56:	9522                	add	a0,a0,s0
    5e58:	68c1                	lui	a7,0x10
    5e5a:	18fd                	addi	a7,a7,-1
    5e5c:	01065593          	srli	a1,a2,0x10
    5e60:	01167633          	and	a2,a2,a7
    5e64:	0642                	slli	a2,a2,0x10
    5e66:	0112f8b3          	and	a7,t0,a7
    5e6a:	95aa                	add	a1,a1,a0
    5e6c:	9646                	add	a2,a2,a7
    5e6e:	12b6e663          	bltu	a3,a1,5f9a <__divdf3+0x442>
    5e72:	12b68263          	beq	a3,a1,5f96 <__divdf3+0x43e>
    5e76:	40cb0633          	sub	a2,s6,a2
    5e7a:	8e8d                	sub	a3,a3,a1
    5e7c:	00cb3b33          	sltu	s6,s6,a2
    5e80:	41668b33          	sub	s6,a3,s6
    5e84:	3ff48513          	addi	a0,s1,1023
    5e88:	17630c63          	beq	t1,s6,6000 <__divdf3+0x4a8>
    5e8c:	03db58b3          	divu	a7,s6,t4
    5e90:	01065593          	srli	a1,a2,0x10
    5e94:	03db7b33          	remu	s6,s6,t4
    5e98:	031f06b3          	mul	a3,t5,a7
    5e9c:	0b42                	slli	s6,s6,0x10
    5e9e:	0165eb33          	or	s6,a1,s6
    5ea2:	00db7b63          	bgeu	s6,a3,5eb8 <__divdf3+0x360>
    5ea6:	9b1a                	add	s6,s6,t1
    5ea8:	fff88593          	addi	a1,a7,-1 # ffff <_data_lma+0x42f7>
    5eac:	206b6d63          	bltu	s6,t1,60c6 <__divdf3+0x56e>
    5eb0:	20db7b63          	bgeu	s6,a3,60c6 <__divdf3+0x56e>
    5eb4:	18f9                	addi	a7,a7,-2
    5eb6:	9b1a                	add	s6,s6,t1
    5eb8:	40db0b33          	sub	s6,s6,a3
    5ebc:	03db56b3          	divu	a3,s6,t4
    5ec0:	0642                	slli	a2,a2,0x10
    5ec2:	8241                	srli	a2,a2,0x10
    5ec4:	03db7b33          	remu	s6,s6,t4
    5ec8:	02df0f33          	mul	t5,t5,a3
    5ecc:	0b42                	slli	s6,s6,0x10
    5ece:	01666633          	or	a2,a2,s6
    5ed2:	01e67b63          	bgeu	a2,t5,5ee8 <__divdf3+0x390>
    5ed6:	961a                	add	a2,a2,t1
    5ed8:	fff68593          	addi	a1,a3,-1
    5edc:	1e666763          	bltu	a2,t1,60ca <__divdf3+0x572>
    5ee0:	1fe67563          	bgeu	a2,t5,60ca <__divdf3+0x572>
    5ee4:	16f9                	addi	a3,a3,-2
    5ee6:	961a                	add	a2,a2,t1
    5ee8:	08c2                	slli	a7,a7,0x10
    5eea:	00d8e8b3          	or	a7,a7,a3
    5eee:	01089593          	slli	a1,a7,0x10
    5ef2:	0108d293          	srli	t0,a7,0x10
    5ef6:	81c1                	srli	a1,a1,0x10
    5ef8:	02f58eb3          	mul	t4,a1,a5
    5efc:	41e60633          	sub	a2,a2,t5
    5f00:	02bf85b3          	mul	a1,t6,a1
    5f04:	010ed693          	srli	a3,t4,0x10
    5f08:	02f287b3          	mul	a5,t0,a5
    5f0c:	95be                	add	a1,a1,a5
    5f0e:	96ae                	add	a3,a3,a1
    5f10:	025f8fb3          	mul	t6,t6,t0
    5f14:	00f6f463          	bgeu	a3,a5,5f1c <__divdf3+0x3c4>
    5f18:	67c1                	lui	a5,0x10
    5f1a:	9fbe                	add	t6,t6,a5
    5f1c:	65c1                	lui	a1,0x10
    5f1e:	15fd                	addi	a1,a1,-1
    5f20:	0106d793          	srli	a5,a3,0x10
    5f24:	8eed                	and	a3,a3,a1
    5f26:	06c2                	slli	a3,a3,0x10
    5f28:	00befeb3          	and	t4,t4,a1
    5f2c:	9fbe                	add	t6,t6,a5
    5f2e:	96f6                	add	a3,a3,t4
    5f30:	09f67f63          	bgeu	a2,t6,5fce <__divdf3+0x476>
    5f34:	961a                	add	a2,a2,t1
    5f36:	fff88793          	addi	a5,a7,-1
    5f3a:	1a666963          	bltu	a2,t1,60ec <__divdf3+0x594>
    5f3e:	19f66863          	bltu	a2,t6,60ce <__divdf3+0x576>
    5f42:	1bf60f63          	beq	a2,t6,6100 <__divdf3+0x5a8>
    5f46:	88be                	mv	a7,a5
    5f48:	0018e893          	ori	a7,a7,1
    5f4c:	b511                	j	5d50 <__divdf3+0x1f8>
    5f4e:	854a                	mv	a0,s2
    5f50:	3a2020ef          	jal	ra,82f2 <__clzsi2>
    5f54:	01550713          	addi	a4,a0,21
    5f58:	45f1                	li	a1,28
    5f5a:	02050493          	addi	s1,a0,32
    5f5e:	4622                	lw	a2,8(sp)
    5f60:	46b2                	lw	a3,12(sp)
    5f62:	d4e5dae3          	bge	a1,a4,5cb6 <__divdf3+0x15e>
    5f66:	ff850413          	addi	s0,a0,-8
    5f6a:	00891a33          	sll	s4,s2,s0
    5f6e:	4b01                	li	s6,0
    5f70:	b385                	j	5cd0 <__divdf3+0x178>
    5f72:	8532                	mv	a0,a2
    5f74:	c432                	sw	a2,8(sp)
    5f76:	37c020ef          	jal	ra,82f2 <__clzsi2>
    5f7a:	01550713          	addi	a4,a0,21
    5f7e:	46f1                	li	a3,28
    5f80:	87aa                	mv	a5,a0
    5f82:	4622                	lw	a2,8(sp)
    5f84:	02050513          	addi	a0,a0,32
    5f88:	cee6d6e3          	bge	a3,a4,5c74 <__divdf3+0x11c>
    5f8c:	17e1                	addi	a5,a5,-8
    5f8e:	00f61733          	sll	a4,a2,a5
    5f92:	4881                	li	a7,0
    5f94:	b9e5                	j	5c8c <__divdf3+0x134>
    5f96:	eecb70e3          	bgeu	s6,a2,5e76 <__divdf3+0x31e>
    5f9a:	9b72                	add	s6,s6,t3
    5f9c:	01cb3533          	sltu	a0,s6,t3
    5fa0:	951a                	add	a0,a0,t1
    5fa2:	96aa                	add	a3,a3,a0
    5fa4:	fff70513          	addi	a0,a4,-1
    5fa8:	02d37863          	bgeu	t1,a3,5fd8 <__divdf3+0x480>
    5fac:	10b6e663          	bltu	a3,a1,60b8 <__divdf3+0x560>
    5fb0:	10d58263          	beq	a1,a3,60b4 <__divdf3+0x55c>
    5fb4:	872a                	mv	a4,a0
    5fb6:	b5c1                	j	5e76 <__divdf3+0x31e>
    5fb8:	df1b65e3          	bltu	s6,a7,5da2 <__divdf3+0x24a>
    5fbc:	001b5593          	srli	a1,s6,0x1
    5fc0:	01fa1693          	slli	a3,s4,0x1f
    5fc4:	001a5413          	srli	s0,s4,0x1
    5fc8:	8ecd                	or	a3,a3,a1
    5fca:	0b7e                	slli	s6,s6,0x1f
    5fcc:	bbf9                	j	5daa <__divdf3+0x252>
    5fce:	f7f61de3          	bne	a2,t6,5f48 <__divdf3+0x3f0>
    5fd2:	d6068fe3          	beqz	a3,5d50 <__divdf3+0x1f8>
    5fd6:	bfb9                	j	5f34 <__divdf3+0x3dc>
    5fd8:	fcd31ee3          	bne	t1,a3,5fb4 <__divdf3+0x45c>
    5fdc:	fdcb78e3          	bgeu	s6,t3,5fac <__divdf3+0x454>
    5fe0:	872a                	mv	a4,a0
    5fe2:	bd51                	j	5e76 <__divdf3+0x31e>
    5fe4:	00f8f793          	andi	a5,a7,15
    5fe8:	4691                	li	a3,4
    5fea:	d6d789e3          	beq	a5,a3,5d5c <__divdf3+0x204>
    5fee:	ffc8b793          	sltiu	a5,a7,-4
    5ff2:	00488693          	addi	a3,a7,4
    5ff6:	0017c793          	xori	a5,a5,1
    5ffa:	828d                	srli	a3,a3,0x3
    5ffc:	973e                	add	a4,a4,a5
    5ffe:	b38d                	j	5d60 <__divdf3+0x208>
    6000:	4681                	li	a3,0
    6002:	4785                	li	a5,1
    6004:	fea04ce3          	bgtz	a0,5ffc <__divdf3+0x4a4>
    6008:	58fd                	li	a7,-1
    600a:	d0051ce3          	bnez	a0,5d22 <__divdf3+0x1ca>
    600e:	c0100493          	li	s1,-1023
    6012:	4785                	li	a5,1
    6014:	41e48513          	addi	a0,s1,1054
    6018:	00a716b3          	sll	a3,a4,a0
    601c:	00f8d633          	srl	a2,a7,a5
    6020:	00a89533          	sll	a0,a7,a0
    6024:	8ed1                	or	a3,a3,a2
    6026:	00a03533          	snez	a0,a0
    602a:	8ec9                	or	a3,a3,a0
    602c:	0076f613          	andi	a2,a3,7
    6030:	00f75733          	srl	a4,a4,a5
    6034:	ce01                	beqz	a2,604c <__divdf3+0x4f4>
    6036:	00f6f793          	andi	a5,a3,15
    603a:	4611                	li	a2,4
    603c:	00c78863          	beq	a5,a2,604c <__divdf3+0x4f4>
    6040:	00468793          	addi	a5,a3,4
    6044:	00d7b6b3          	sltu	a3,a5,a3
    6048:	9736                	add	a4,a4,a3
    604a:	86be                	mv	a3,a5
    604c:	00871793          	slli	a5,a4,0x8
    6050:	0407d863          	bgez	a5,60a0 <__divdf3+0x548>
    6054:	4605                	li	a2,1
    6056:	4781                	li	a5,0
    6058:	4701                	li	a4,0
    605a:	b6f1                	j	5c26 <__divdf3+0xce>
    605c:	8736                	mv	a4,a3
    605e:	bb7d                	j	5e1c <__divdf3+0x2c4>
    6060:	87b2                	mv	a5,a2
    6062:	b379                	j	5df0 <__divdf3+0x298>
    6064:	46fd                	li	a3,31
    6066:	faf6d7e3          	bge	a3,a5,6014 <__divdf3+0x4bc>
    606a:	5605                	li	a2,-31
    606c:	8e09                	sub	a2,a2,a0
    606e:	02000693          	li	a3,32
    6072:	00c75633          	srl	a2,a4,a2
    6076:	00d78863          	beq	a5,a3,6086 <__divdf3+0x52e>
    607a:	43e48793          	addi	a5,s1,1086
    607e:	00f717b3          	sll	a5,a4,a5
    6082:	00f8e8b3          	or	a7,a7,a5
    6086:	011036b3          	snez	a3,a7
    608a:	8ed1                	or	a3,a3,a2
    608c:	0076f613          	andi	a2,a3,7
    6090:	4781                	li	a5,0
    6092:	ce01                	beqz	a2,60aa <__divdf3+0x552>
    6094:	00f6f793          	andi	a5,a3,15
    6098:	4611                	li	a2,4
    609a:	4701                	li	a4,0
    609c:	fac792e3          	bne	a5,a2,6040 <__divdf3+0x4e8>
    60a0:	00971793          	slli	a5,a4,0x9
    60a4:	01d71613          	slli	a2,a4,0x1d
    60a8:	83b1                	srli	a5,a5,0xc
    60aa:	0036d713          	srli	a4,a3,0x3
    60ae:	8f51                	or	a4,a4,a2
    60b0:	4601                	li	a2,0
    60b2:	be95                	j	5c26 <__divdf3+0xce>
    60b4:	f0cb70e3          	bgeu	s6,a2,5fb4 <__divdf3+0x45c>
    60b8:	9b72                	add	s6,s6,t3
    60ba:	01cb3533          	sltu	a0,s6,t3
    60be:	951a                	add	a0,a0,t1
    60c0:	1779                	addi	a4,a4,-2
    60c2:	96aa                	add	a3,a3,a0
    60c4:	bb4d                	j	5e76 <__divdf3+0x31e>
    60c6:	88ae                	mv	a7,a1
    60c8:	bbc5                	j	5eb8 <__divdf3+0x360>
    60ca:	86ae                	mv	a3,a1
    60cc:	bd31                	j	5ee8 <__divdf3+0x390>
    60ce:	001e1793          	slli	a5,t3,0x1
    60d2:	01c7be33          	sltu	t3,a5,t3
    60d6:	9372                	add	t1,t1,t3
    60d8:	961a                	add	a2,a2,t1
    60da:	18f9                	addi	a7,a7,-2
    60dc:	8e3e                	mv	t3,a5
    60de:	e7f615e3          	bne	a2,t6,5f48 <__divdf3+0x3f0>
    60e2:	c6de07e3          	beq	t3,a3,5d50 <__divdf3+0x1f8>
    60e6:	0018e893          	ori	a7,a7,1
    60ea:	b19d                	j	5d50 <__divdf3+0x1f8>
    60ec:	88be                	mv	a7,a5
    60ee:	fff60ae3          	beq	a2,t6,60e2 <__divdf3+0x58a>
    60f2:	bd99                	j	5f48 <__divdf3+0x3f0>
    60f4:	8836                	mv	a6,a3
    60f6:	7ff00613          	li	a2,2047
    60fa:	4781                	li	a5,0
    60fc:	4701                	li	a4,0
    60fe:	b625                	j	5c26 <__divdf3+0xce>
    6100:	fcde67e3          	bltu	t3,a3,60ce <__divdf3+0x576>
    6104:	88be                	mv	a7,a5
    6106:	fede10e3          	bne	t3,a3,60e6 <__divdf3+0x58e>
    610a:	b199                	j	5d50 <__divdf3+0x1f8>

0000610c <__ledf2>:
    610c:	0145d713          	srli	a4,a1,0x14
    6110:	001007b7          	lui	a5,0x100
    6114:	17fd                	addi	a5,a5,-1
    6116:	0146d813          	srli	a6,a3,0x14
    611a:	7ff77713          	andi	a4,a4,2047
    611e:	7ff00893          	li	a7,2047
    6122:	00b7fe33          	and	t3,a5,a1
    6126:	8eaa                	mv	t4,a0
    6128:	8ff5                	and	a5,a5,a3
    612a:	81fd                	srli	a1,a1,0x1f
    612c:	8f32                	mv	t5,a2
    612e:	7ff87813          	andi	a6,a6,2047
    6132:	82fd                	srli	a3,a3,0x1f
    6134:	03170e63          	beq	a4,a7,6170 <__ledf2+0x64>
    6138:	01180d63          	beq	a6,a7,6152 <__ledf2+0x46>
    613c:	e329                	bnez	a4,617e <__ledf2+0x72>
    613e:	00ae68b3          	or	a7,t3,a0
    6142:	00081f63          	bnez	a6,6160 <__ledf2+0x54>
    6146:	8e5d                	or	a2,a2,a5
    6148:	ee01                	bnez	a2,6160 <__ledf2+0x54>
    614a:	4301                	li	t1,0
    614c:	04088c63          	beqz	a7,61a4 <__ledf2+0x98>
    6150:	a821                	j	6168 <__ledf2+0x5c>
    6152:	00c7e8b3          	or	a7,a5,a2
    6156:	4309                	li	t1,2
    6158:	04089663          	bnez	a7,61a4 <__ledf2+0x98>
    615c:	d36d                	beqz	a4,613e <__ledf2+0x32>
    615e:	a005                	j	617e <__ledf2+0x72>
    6160:	04088463          	beqz	a7,61a8 <__ledf2+0x9c>
    6164:	02d58563          	beq	a1,a3,618e <__ledf2+0x82>
    6168:	4305                	li	t1,1
    616a:	cd8d                	beqz	a1,61a4 <__ledf2+0x98>
    616c:	537d                	li	t1,-1
    616e:	a81d                	j	61a4 <__ledf2+0x98>
    6170:	00ae68b3          	or	a7,t3,a0
    6174:	4309                	li	t1,2
    6176:	02089763          	bnez	a7,61a4 <__ledf2+0x98>
    617a:	02e80a63          	beq	a6,a4,61ae <__ledf2+0xa2>
    617e:	00081463          	bnez	a6,6186 <__ledf2+0x7a>
    6182:	8e5d                	or	a2,a2,a5
    6184:	d275                	beqz	a2,6168 <__ledf2+0x5c>
    6186:	fed591e3          	bne	a1,a3,6168 <__ledf2+0x5c>
    618a:	fce84fe3          	blt	a6,a4,6168 <__ledf2+0x5c>
    618e:	01074963          	blt	a4,a6,61a0 <__ledf2+0x94>
    6192:	fdc7ebe3          	bltu	a5,t3,6168 <__ledf2+0x5c>
    6196:	00fe0f63          	beq	t3,a5,61b4 <__ledf2+0xa8>
    619a:	4301                	li	t1,0
    619c:	00fe7463          	bgeu	t3,a5,61a4 <__ledf2+0x98>
    61a0:	d5f1                	beqz	a1,616c <__ledf2+0x60>
    61a2:	4305                	li	t1,1
    61a4:	851a                	mv	a0,t1
    61a6:	8082                	ret
    61a8:	feed                	bnez	a3,61a2 <__ledf2+0x96>
    61aa:	537d                	li	t1,-1
    61ac:	bfe5                	j	61a4 <__ledf2+0x98>
    61ae:	8e5d                	or	a2,a2,a5
    61b0:	da79                	beqz	a2,6186 <__ledf2+0x7a>
    61b2:	bfcd                	j	61a4 <__ledf2+0x98>
    61b4:	fbdf6ae3          	bltu	t5,t4,6168 <__ledf2+0x5c>
    61b8:	4301                	li	t1,0
    61ba:	ffeef5e3          	bgeu	t4,t5,61a4 <__ledf2+0x98>
    61be:	f1f5                	bnez	a1,61a2 <__ledf2+0x96>
    61c0:	b775                	j	616c <__ledf2+0x60>

000061c2 <__muldf3>:
    61c2:	7139                	addi	sp,sp,-64
    61c4:	d84a                	sw	s2,48(sp)
    61c6:	0145d913          	srli	s2,a1,0x14
    61ca:	d64e                	sw	s3,44(sp)
    61cc:	d452                	sw	s4,40(sp)
    61ce:	d256                	sw	s5,36(sp)
    61d0:	00c59993          	slli	s3,a1,0xc
    61d4:	de06                	sw	ra,60(sp)
    61d6:	dc22                	sw	s0,56(sp)
    61d8:	da26                	sw	s1,52(sp)
    61da:	d05a                	sw	s6,32(sp)
    61dc:	ce5e                	sw	s7,28(sp)
    61de:	7ff97913          	andi	s2,s2,2047
    61e2:	8a2a                	mv	s4,a0
    61e4:	00c9d993          	srli	s3,s3,0xc
    61e8:	01f5da93          	srli	s5,a1,0x1f
    61ec:	0e090d63          	beqz	s2,62e6 <__muldf3+0x124>
    61f0:	7ff00793          	li	a5,2047
    61f4:	18f90663          	beq	s2,a5,6380 <__muldf3+0x1be>
    61f8:	01d55413          	srli	s0,a0,0x1d
    61fc:	098e                	slli	s3,s3,0x3
    61fe:	013469b3          	or	s3,s0,s3
    6202:	00800437          	lui	s0,0x800
    6206:	0089e433          	or	s0,s3,s0
    620a:	00351493          	slli	s1,a0,0x3
    620e:	c0190913          	addi	s2,s2,-1023
    6212:	4981                	li	s3,0
    6214:	4b81                	li	s7,0
    6216:	0146d713          	srli	a4,a3,0x14
    621a:	00c69a13          	slli	s4,a3,0xc
    621e:	7ff77713          	andi	a4,a4,2047
    6222:	85b2                	mv	a1,a2
    6224:	00ca5a13          	srli	s4,s4,0xc
    6228:	01f6db13          	srli	s6,a3,0x1f
    622c:	10070b63          	beqz	a4,6342 <__muldf3+0x180>
    6230:	7ff00793          	li	a5,2047
    6234:	04f70363          	beq	a4,a5,627a <__muldf3+0xb8>
    6238:	01d65793          	srli	a5,a2,0x1d
    623c:	0a0e                	slli	s4,s4,0x3
    623e:	0147ea33          	or	s4,a5,s4
    6242:	c0170713          	addi	a4,a4,-1023
    6246:	008007b7          	lui	a5,0x800
    624a:	00fa67b3          	or	a5,s4,a5
    624e:	00361593          	slli	a1,a2,0x3
    6252:	993a                	add	s2,s2,a4
    6254:	4881                	li	a7,0
    6256:	016ac733          	xor	a4,s5,s6
    625a:	46bd                	li	a3,15
    625c:	853a                	mv	a0,a4
    625e:	00190813          	addi	a6,s2,1
    6262:	1736e863          	bltu	a3,s3,63d2 <__muldf3+0x210>
    6266:	00005617          	auipc	a2,0x5
    626a:	61a60613          	addi	a2,a2,1562 # b880 <atanlo+0x64>
    626e:	098a                	slli	s3,s3,0x2
    6270:	99b2                	add	s3,s3,a2
    6272:	0009a683          	lw	a3,0(s3)
    6276:	96b2                	add	a3,a3,a2
    6278:	8682                	jr	a3
    627a:	00ca67b3          	or	a5,s4,a2
    627e:	7ff90913          	addi	s2,s2,2047
    6282:	12079963          	bnez	a5,63b4 <__muldf3+0x1f2>
    6286:	0029e993          	ori	s3,s3,2
    628a:	4581                	li	a1,0
    628c:	4889                	li	a7,2
    628e:	b7e1                	j	6256 <__muldf3+0x94>
    6290:	4701                	li	a4,0
    6292:	7ff00793          	li	a5,2047
    6296:	00080437          	lui	s0,0x80
    629a:	4481                	li	s1,0
    629c:	0432                	slli	s0,s0,0xc
    629e:	07d2                	slli	a5,a5,0x14
    62a0:	8031                	srli	s0,s0,0xc
    62a2:	077e                	slli	a4,a4,0x1f
    62a4:	8c5d                	or	s0,s0,a5
    62a6:	8c59                	or	s0,s0,a4
    62a8:	85a2                	mv	a1,s0
    62aa:	50f2                	lw	ra,60(sp)
    62ac:	5462                	lw	s0,56(sp)
    62ae:	8526                	mv	a0,s1
    62b0:	5942                	lw	s2,48(sp)
    62b2:	54d2                	lw	s1,52(sp)
    62b4:	59b2                	lw	s3,44(sp)
    62b6:	5a22                	lw	s4,40(sp)
    62b8:	5a92                	lw	s5,36(sp)
    62ba:	5b02                	lw	s6,32(sp)
    62bc:	4bf2                	lw	s7,28(sp)
    62be:	6121                	addi	sp,sp,64
    62c0:	8082                	ret
    62c2:	855a                	mv	a0,s6
    62c4:	843e                	mv	s0,a5
    62c6:	84ae                	mv	s1,a1
    62c8:	8bc6                	mv	s7,a7
    62ca:	4789                	li	a5,2
    62cc:	0efb8d63          	beq	s7,a5,63c6 <__muldf3+0x204>
    62d0:	478d                	li	a5,3
    62d2:	fafb8fe3          	beq	s7,a5,6290 <__muldf3+0xce>
    62d6:	4785                	li	a5,1
    62d8:	872a                	mv	a4,a0
    62da:	38fb9e63          	bne	s7,a5,6676 <__muldf3+0x4b4>
    62de:	4781                	li	a5,0
    62e0:	4401                	li	s0,0
    62e2:	4481                	li	s1,0
    62e4:	bf65                	j	629c <__muldf3+0xda>
    62e6:	00a9e433          	or	s0,s3,a0
    62ea:	c061                	beqz	s0,63aa <__muldf3+0x1e8>
    62ec:	c636                	sw	a3,12(sp)
    62ee:	c432                	sw	a2,8(sp)
    62f0:	2a098c63          	beqz	s3,65a8 <__muldf3+0x3e6>
    62f4:	854e                	mv	a0,s3
    62f6:	7fd010ef          	jal	ra,82f2 <__clzsi2>
    62fa:	4622                	lw	a2,8(sp)
    62fc:	46b2                	lw	a3,12(sp)
    62fe:	87aa                	mv	a5,a0
    6300:	ff550713          	addi	a4,a0,-11
    6304:	4475                	li	s0,29
    6306:	ff878493          	addi	s1,a5,-8 # 7ffff8 <_data_lma+0x7f42f0>
    630a:	8c19                	sub	s0,s0,a4
    630c:	009999b3          	sll	s3,s3,s1
    6310:	008a5433          	srl	s0,s4,s0
    6314:	01346433          	or	s0,s0,s3
    6318:	009a14b3          	sll	s1,s4,s1
    631c:	0146d713          	srli	a4,a3,0x14
    6320:	c0d00913          	li	s2,-1011
    6324:	00c69a13          	slli	s4,a3,0xc
    6328:	7ff77713          	andi	a4,a4,2047
    632c:	40f90933          	sub	s2,s2,a5
    6330:	4981                	li	s3,0
    6332:	4b81                	li	s7,0
    6334:	85b2                	mv	a1,a2
    6336:	00ca5a13          	srli	s4,s4,0xc
    633a:	01f6db13          	srli	s6,a3,0x1f
    633e:	ee0719e3          	bnez	a4,6230 <__muldf3+0x6e>
    6342:	00ca67b3          	or	a5,s4,a2
    6346:	c7b1                	beqz	a5,6392 <__muldf3+0x1d0>
    6348:	220a0f63          	beqz	s4,6586 <__muldf3+0x3c4>
    634c:	8552                	mv	a0,s4
    634e:	c432                	sw	a2,8(sp)
    6350:	7a3010ef          	jal	ra,82f2 <__clzsi2>
    6354:	4622                	lw	a2,8(sp)
    6356:	872a                	mv	a4,a0
    6358:	ff550693          	addi	a3,a0,-11
    635c:	47f5                	li	a5,29
    635e:	ff870593          	addi	a1,a4,-8
    6362:	8f95                	sub	a5,a5,a3
    6364:	00ba1a33          	sll	s4,s4,a1
    6368:	00f657b3          	srl	a5,a2,a5
    636c:	0147e7b3          	or	a5,a5,s4
    6370:	00b615b3          	sll	a1,a2,a1
    6374:	40e90933          	sub	s2,s2,a4
    6378:	c0d90913          	addi	s2,s2,-1011
    637c:	4881                	li	a7,0
    637e:	bde1                	j	6256 <__muldf3+0x94>
    6380:	00a9e433          	or	s0,s3,a0
    6384:	ec01                	bnez	s0,639c <__muldf3+0x1da>
    6386:	49a1                	li	s3,8
    6388:	4481                	li	s1,0
    638a:	7ff00913          	li	s2,2047
    638e:	4b89                	li	s7,2
    6390:	b559                	j	6216 <__muldf3+0x54>
    6392:	0019e993          	ori	s3,s3,1
    6396:	4581                	li	a1,0
    6398:	4885                	li	a7,1
    639a:	bd75                	j	6256 <__muldf3+0x94>
    639c:	844e                	mv	s0,s3
    639e:	84aa                	mv	s1,a0
    63a0:	49b1                	li	s3,12
    63a2:	7ff00913          	li	s2,2047
    63a6:	4b8d                	li	s7,3
    63a8:	b5bd                	j	6216 <__muldf3+0x54>
    63aa:	4991                	li	s3,4
    63ac:	4481                	li	s1,0
    63ae:	4901                	li	s2,0
    63b0:	4b85                	li	s7,1
    63b2:	b595                	j	6216 <__muldf3+0x54>
    63b4:	0039e993          	ori	s3,s3,3
    63b8:	87d2                	mv	a5,s4
    63ba:	488d                	li	a7,3
    63bc:	bd69                	j	6256 <__muldf3+0x94>
    63be:	4789                	li	a5,2
    63c0:	8556                	mv	a0,s5
    63c2:	f0fb97e3          	bne	s7,a5,62d0 <__muldf3+0x10e>
    63c6:	872a                	mv	a4,a0
    63c8:	7ff00793          	li	a5,2047
    63cc:	4401                	li	s0,0
    63ce:	4481                	li	s1,0
    63d0:	b5f1                	j	629c <__muldf3+0xda>
    63d2:	6ec1                	lui	t4,0x10
    63d4:	fffe8613          	addi	a2,t4,-1 # ffff <_data_lma+0x42f7>
    63d8:	0104d693          	srli	a3,s1,0x10
    63dc:	0105de13          	srli	t3,a1,0x10
    63e0:	8cf1                	and	s1,s1,a2
    63e2:	8df1                	and	a1,a1,a2
    63e4:	02958633          	mul	a2,a1,s1
    63e8:	02b68333          	mul	t1,a3,a1
    63ec:	01065893          	srli	a7,a2,0x10
    63f0:	029e0533          	mul	a0,t3,s1
    63f4:	951a                	add	a0,a0,t1
    63f6:	98aa                	add	a7,a7,a0
    63f8:	03c682b3          	mul	t0,a3,t3
    63fc:	0068f363          	bgeu	a7,t1,6402 <__muldf3+0x240>
    6400:	92f6                	add	t0,t0,t4
    6402:	6fc1                	lui	t6,0x10
    6404:	ffff8313          	addi	t1,t6,-1 # ffff <_data_lma+0x42f7>
    6408:	0067f533          	and	a0,a5,t1
    640c:	0107d393          	srli	t2,a5,0x10
    6410:	0068f7b3          	and	a5,a7,t1
    6414:	07c2                	slli	a5,a5,0x10
    6416:	00667333          	and	t1,a2,t1
    641a:	933e                	add	t1,t1,a5
    641c:	02950633          	mul	a2,a0,s1
    6420:	0108d893          	srli	a7,a7,0x10
    6424:	02a687b3          	mul	a5,a3,a0
    6428:	01065f13          	srli	t5,a2,0x10
    642c:	029384b3          	mul	s1,t2,s1
    6430:	94be                	add	s1,s1,a5
    6432:	94fa                	add	s1,s1,t5
    6434:	02768eb3          	mul	t4,a3,t2
    6438:	00f4f363          	bgeu	s1,a5,643e <__muldf3+0x27c>
    643c:	9efe                	add	t4,t4,t6
    643e:	6a41                	lui	s4,0x10
    6440:	fffa0793          	addi	a5,s4,-1 # ffff <_data_lma+0x42f7>
    6444:	01045f93          	srli	t6,s0,0x10
    6448:	00f476b3          	and	a3,s0,a5
    644c:	00f4f9b3          	and	s3,s1,a5
    6450:	8e7d                	and	a2,a2,a5
    6452:	80c1                	srli	s1,s1,0x10
    6454:	02d58433          	mul	s0,a1,a3
    6458:	09c2                	slli	s3,s3,0x10
    645a:	01d48f33          	add	t5,s1,t4
    645e:	99b2                	add	s3,s3,a2
    6460:	98ce                	add	a7,a7,s3
    6462:	02de07b3          	mul	a5,t3,a3
    6466:	01045e93          	srli	t4,s0,0x10
    646a:	02bf85b3          	mul	a1,t6,a1
    646e:	97ae                	add	a5,a5,a1
    6470:	9ebe                	add	t4,t4,a5
    6472:	03fe0e33          	mul	t3,t3,t6
    6476:	00bef363          	bgeu	t4,a1,647c <__muldf3+0x2ba>
    647a:	9e52                	add	t3,t3,s4
    647c:	67c1                	lui	a5,0x10
    647e:	fff78593          	addi	a1,a5,-1 # ffff <_data_lma+0x42f7>
    6482:	00bef633          	and	a2,t4,a1
    6486:	8c6d                	and	s0,s0,a1
    6488:	0642                	slli	a2,a2,0x10
    648a:	9622                	add	a2,a2,s0
    648c:	010ede93          	srli	t4,t4,0x10
    6490:	02d505b3          	mul	a1,a0,a3
    6494:	9e76                	add	t3,t3,t4
    6496:	02af8533          	mul	a0,t6,a0
    649a:	0105d413          	srli	s0,a1,0x10
    649e:	02d386b3          	mul	a3,t2,a3
    64a2:	96aa                	add	a3,a3,a0
    64a4:	96a2                	add	a3,a3,s0
    64a6:	03f38fb3          	mul	t6,t2,t6
    64aa:	00a6f363          	bgeu	a3,a0,64b0 <__muldf3+0x2ee>
    64ae:	9fbe                	add	t6,t6,a5
    64b0:	6541                	lui	a0,0x10
    64b2:	157d                	addi	a0,a0,-1
    64b4:	00a6f7b3          	and	a5,a3,a0
    64b8:	07c2                	slli	a5,a5,0x10
    64ba:	8d6d                	and	a0,a0,a1
    64bc:	97aa                	add	a5,a5,a0
    64be:	005885b3          	add	a1,a7,t0
    64c2:	0135b9b3          	sltu	s3,a1,s3
    64c6:	97fa                	add	a5,a5,t5
    64c8:	95b2                	add	a1,a1,a2
    64ca:	01378433          	add	s0,a5,s3
    64ce:	00c5b633          	sltu	a2,a1,a2
    64d2:	01c40eb3          	add	t4,s0,t3
    64d6:	00ce8533          	add	a0,t4,a2
    64da:	01343433          	sltu	s0,s0,s3
    64de:	01e7b7b3          	sltu	a5,a5,t5
    64e2:	8fc1                	or	a5,a5,s0
    64e4:	01cebe33          	sltu	t3,t4,t3
    64e8:	0106d413          	srli	s0,a3,0x10
    64ec:	00c53633          	sltu	a2,a0,a2
    64f0:	943e                	add	s0,s0,a5
    64f2:	00ce6633          	or	a2,t3,a2
    64f6:	00959493          	slli	s1,a1,0x9
    64fa:	9432                	add	s0,s0,a2
    64fc:	947e                	add	s0,s0,t6
    64fe:	0064e4b3          	or	s1,s1,t1
    6502:	0426                	slli	s0,s0,0x9
    6504:	01755693          	srli	a3,a0,0x17
    6508:	009034b3          	snez	s1,s1
    650c:	81dd                	srli	a1,a1,0x17
    650e:	00951793          	slli	a5,a0,0x9
    6512:	8ccd                	or	s1,s1,a1
    6514:	8c55                	or	s0,s0,a3
    6516:	8cdd                	or	s1,s1,a5
    6518:	00741793          	slli	a5,s0,0x7
    651c:	0007db63          	bgez	a5,6532 <__muldf3+0x370>
    6520:	0014d793          	srli	a5,s1,0x1
    6524:	8885                	andi	s1,s1,1
    6526:	01f41693          	slli	a3,s0,0x1f
    652a:	8cdd                	or	s1,s1,a5
    652c:	8cd5                	or	s1,s1,a3
    652e:	8005                	srli	s0,s0,0x1
    6530:	8942                	mv	s2,a6
    6532:	3ff90793          	addi	a5,s2,1023
    6536:	08f05963          	blez	a5,65c8 <__muldf3+0x406>
    653a:	0074f693          	andi	a3,s1,7
    653e:	ce81                	beqz	a3,6556 <__muldf3+0x394>
    6540:	00f4f693          	andi	a3,s1,15
    6544:	4611                	li	a2,4
    6546:	00c68863          	beq	a3,a2,6556 <__muldf3+0x394>
    654a:	00448693          	addi	a3,s1,4
    654e:	0096b4b3          	sltu	s1,a3,s1
    6552:	9426                	add	s0,s0,s1
    6554:	84b6                	mv	s1,a3
    6556:	00741693          	slli	a3,s0,0x7
    655a:	0006d863          	bgez	a3,656a <__muldf3+0x3a8>
    655e:	ff0007b7          	lui	a5,0xff000
    6562:	17fd                	addi	a5,a5,-1
    6564:	8c7d                	and	s0,s0,a5
    6566:	40090793          	addi	a5,s2,1024
    656a:	7fe00693          	li	a3,2046
    656e:	0ef6cf63          	blt	a3,a5,666c <__muldf3+0x4aa>
    6572:	0034d693          	srli	a3,s1,0x3
    6576:	01d41493          	slli	s1,s0,0x1d
    657a:	0426                	slli	s0,s0,0x9
    657c:	8cd5                	or	s1,s1,a3
    657e:	8031                	srli	s0,s0,0xc
    6580:	7ff7f793          	andi	a5,a5,2047
    6584:	bb21                	j	629c <__muldf3+0xda>
    6586:	8532                	mv	a0,a2
    6588:	c432                	sw	a2,8(sp)
    658a:	569010ef          	jal	ra,82f2 <__clzsi2>
    658e:	01550693          	addi	a3,a0,21 # 10015 <_data_lma+0x430d>
    6592:	47f1                	li	a5,28
    6594:	02050713          	addi	a4,a0,32
    6598:	4622                	lw	a2,8(sp)
    659a:	dcd7d1e3          	bge	a5,a3,635c <__muldf3+0x19a>
    659e:	1561                	addi	a0,a0,-8
    65a0:	00a617b3          	sll	a5,a2,a0
    65a4:	4581                	li	a1,0
    65a6:	b3f9                	j	6374 <__muldf3+0x1b2>
    65a8:	54b010ef          	jal	ra,82f2 <__clzsi2>
    65ac:	01550713          	addi	a4,a0,21
    65b0:	45f1                	li	a1,28
    65b2:	02050793          	addi	a5,a0,32
    65b6:	4622                	lw	a2,8(sp)
    65b8:	46b2                	lw	a3,12(sp)
    65ba:	d4e5d5e3          	bge	a1,a4,6304 <__muldf3+0x142>
    65be:	1561                	addi	a0,a0,-8
    65c0:	00aa1433          	sll	s0,s4,a0
    65c4:	4481                	li	s1,0
    65c6:	bb99                	j	631c <__muldf3+0x15a>
    65c8:	4685                	li	a3,1
    65ca:	8e9d                	sub	a3,a3,a5
    65cc:	e7b1                	bnez	a5,6618 <__muldf3+0x456>
    65ce:	41e90913          	addi	s2,s2,1054
    65d2:	012497b3          	sll	a5,s1,s2
    65d6:	00d4d4b3          	srl	s1,s1,a3
    65da:	01241933          	sll	s2,s0,s2
    65de:	00f037b3          	snez	a5,a5
    65e2:	009964b3          	or	s1,s2,s1
    65e6:	8cdd                	or	s1,s1,a5
    65e8:	0074f793          	andi	a5,s1,7
    65ec:	00d456b3          	srl	a3,s0,a3
    65f0:	cf81                	beqz	a5,6608 <__muldf3+0x446>
    65f2:	00f4f793          	andi	a5,s1,15
    65f6:	4611                	li	a2,4
    65f8:	00c78863          	beq	a5,a2,6608 <__muldf3+0x446>
    65fc:	00448793          	addi	a5,s1,4
    6600:	0097b4b3          	sltu	s1,a5,s1
    6604:	96a6                	add	a3,a3,s1
    6606:	84be                	mv	s1,a5
    6608:	00869793          	slli	a5,a3,0x8
    660c:	0407d863          	bgez	a5,665c <__muldf3+0x49a>
    6610:	4785                	li	a5,1
    6612:	4401                	li	s0,0
    6614:	4481                	li	s1,0
    6616:	b159                	j	629c <__muldf3+0xda>
    6618:	03800613          	li	a2,56
    661c:	ccd641e3          	blt	a2,a3,62de <__muldf3+0x11c>
    6620:	467d                	li	a2,31
    6622:	fad656e3          	bge	a2,a3,65ce <__muldf3+0x40c>
    6626:	5605                	li	a2,-31
    6628:	40f607b3          	sub	a5,a2,a5
    662c:	02000593          	li	a1,32
    6630:	00f45633          	srl	a2,s0,a5
    6634:	00b68763          	beq	a3,a1,6642 <__muldf3+0x480>
    6638:	43e90913          	addi	s2,s2,1086
    663c:	012417b3          	sll	a5,s0,s2
    6640:	8cdd                	or	s1,s1,a5
    6642:	009034b3          	snez	s1,s1
    6646:	8cd1                	or	s1,s1,a2
    6648:	0074f693          	andi	a3,s1,7
    664c:	4401                	li	s0,0
    664e:	ca99                	beqz	a3,6664 <__muldf3+0x4a2>
    6650:	00f4f793          	andi	a5,s1,15
    6654:	4611                	li	a2,4
    6656:	4681                	li	a3,0
    6658:	fac792e3          	bne	a5,a2,65fc <__muldf3+0x43a>
    665c:	00969413          	slli	s0,a3,0x9
    6660:	8031                	srli	s0,s0,0xc
    6662:	06f6                	slli	a3,a3,0x1d
    6664:	808d                	srli	s1,s1,0x3
    6666:	8cd5                	or	s1,s1,a3
    6668:	4781                	li	a5,0
    666a:	b90d                	j	629c <__muldf3+0xda>
    666c:	7ff00793          	li	a5,2047
    6670:	4401                	li	s0,0
    6672:	4481                	li	s1,0
    6674:	b125                	j	629c <__muldf3+0xda>
    6676:	8942                	mv	s2,a6
    6678:	bd6d                	j	6532 <__muldf3+0x370>

0000667a <__subdf3>:
    667a:	00100737          	lui	a4,0x100
    667e:	177d                	addi	a4,a4,-1
    6680:	1101                	addi	sp,sp,-32
    6682:	00b77333          	and	t1,a4,a1
    6686:	0146d893          	srli	a7,a3,0x14
    668a:	8f75                	and	a4,a4,a3
    668c:	01d65e93          	srli	t4,a2,0x1d
    6690:	cc22                	sw	s0,24(sp)
    6692:	ca26                	sw	s1,20(sp)
    6694:	030e                	slli	t1,t1,0x3
    6696:	0145d493          	srli	s1,a1,0x14
    669a:	01d55793          	srli	a5,a0,0x1d
    669e:	070e                	slli	a4,a4,0x3
    66a0:	ce06                	sw	ra,28(sp)
    66a2:	c84a                	sw	s2,16(sp)
    66a4:	c64e                	sw	s3,12(sp)
    66a6:	7ff8f893          	andi	a7,a7,2047
    66aa:	7ff00e13          	li	t3,2047
    66ae:	00eee733          	or	a4,t4,a4
    66b2:	7ff4f493          	andi	s1,s1,2047
    66b6:	01f5d413          	srli	s0,a1,0x1f
    66ba:	0067e333          	or	t1,a5,t1
    66be:	00351f13          	slli	t5,a0,0x3
    66c2:	82fd                	srli	a3,a3,0x1f
    66c4:	00361e93          	slli	t4,a2,0x3
    66c8:	19c88063          	beq	a7,t3,6848 <__subdf3+0x1ce>
    66cc:	0016c693          	xori	a3,a3,1
    66d0:	411485b3          	sub	a1,s1,a7
    66d4:	12d40563          	beq	s0,a3,67fe <__subdf3+0x184>
    66d8:	18b05163          	blez	a1,685a <__subdf3+0x1e0>
    66dc:	1a088b63          	beqz	a7,6892 <__subdf3+0x218>
    66e0:	008007b7          	lui	a5,0x800
    66e4:	8f5d                	or	a4,a4,a5
    66e6:	59c48163          	beq	s1,t3,6c68 <__subdf3+0x5ee>
    66ea:	03800793          	li	a5,56
    66ee:	34b7c463          	blt	a5,a1,6a36 <__subdf3+0x3bc>
    66f2:	47fd                	li	a5,31
    66f4:	48b7c563          	blt	a5,a1,6b7e <__subdf3+0x504>
    66f8:	02000793          	li	a5,32
    66fc:	8f8d                	sub	a5,a5,a1
    66fe:	00bed9b3          	srl	s3,t4,a1
    6702:	00f71833          	sll	a6,a4,a5
    6706:	00fe9eb3          	sll	t4,t4,a5
    670a:	01386833          	or	a6,a6,s3
    670e:	00b75733          	srl	a4,a4,a1
    6712:	01d039b3          	snez	s3,t4
    6716:	01386833          	or	a6,a6,s3
    671a:	40e30333          	sub	t1,t1,a4
    671e:	410f09b3          	sub	s3,t5,a6
    6722:	013f37b3          	sltu	a5,t5,s3
    6726:	40f30633          	sub	a2,t1,a5
    672a:	00861793          	slli	a5,a2,0x8
    672e:	2407d363          	bgez	a5,6974 <__subdf3+0x2fa>
    6732:	00800937          	lui	s2,0x800
    6736:	197d                	addi	s2,s2,-1
    6738:	01267933          	and	s2,a2,s2
    673c:	2c090f63          	beqz	s2,6a1a <__subdf3+0x3a0>
    6740:	854a                	mv	a0,s2
    6742:	3b1010ef          	jal	ra,82f2 <__clzsi2>
    6746:	ff850713          	addi	a4,a0,-8
    674a:	02000793          	li	a5,32
    674e:	8f99                	sub	a5,a5,a4
    6750:	00f9d7b3          	srl	a5,s3,a5
    6754:	00e91633          	sll	a2,s2,a4
    6758:	8fd1                	or	a5,a5,a2
    675a:	00e999b3          	sll	s3,s3,a4
    675e:	2a974463          	blt	a4,s1,6a06 <__subdf3+0x38c>
    6762:	8f05                	sub	a4,a4,s1
    6764:	00170613          	addi	a2,a4,1 # 100001 <_data_lma+0xf42f9>
    6768:	46fd                	li	a3,31
    676a:	3ac6c563          	blt	a3,a2,6b14 <__subdf3+0x49a>
    676e:	02000713          	li	a4,32
    6772:	8f11                	sub	a4,a4,a2
    6774:	00c9d6b3          	srl	a3,s3,a2
    6778:	00e99833          	sll	a6,s3,a4
    677c:	00e79733          	sll	a4,a5,a4
    6780:	8f55                	or	a4,a4,a3
    6782:	01003833          	snez	a6,a6
    6786:	010769b3          	or	s3,a4,a6
    678a:	00c7d633          	srl	a2,a5,a2
    678e:	4481                	li	s1,0
    6790:	0079f793          	andi	a5,s3,7
    6794:	cf81                	beqz	a5,67ac <__subdf3+0x132>
    6796:	00f9f693          	andi	a3,s3,15
    679a:	4791                	li	a5,4
    679c:	00f68863          	beq	a3,a5,67ac <__subdf3+0x132>
    67a0:	00498693          	addi	a3,s3,4
    67a4:	0136b833          	sltu	a6,a3,s3
    67a8:	9642                	add	a2,a2,a6
    67aa:	89b6                	mv	s3,a3
    67ac:	00861793          	slli	a5,a2,0x8
    67b0:	1c07d663          	bgez	a5,697c <__subdf3+0x302>
    67b4:	00148713          	addi	a4,s1,1
    67b8:	7ff00793          	li	a5,2047
    67bc:	8805                	andi	s0,s0,1
    67be:	20f70663          	beq	a4,a5,69ca <__subdf3+0x350>
    67c2:	ff8007b7          	lui	a5,0xff800
    67c6:	17fd                	addi	a5,a5,-1
    67c8:	8ff1                	and	a5,a5,a2
    67ca:	01d79813          	slli	a6,a5,0x1d
    67ce:	0039d993          	srli	s3,s3,0x3
    67d2:	07a6                	slli	a5,a5,0x9
    67d4:	01386833          	or	a6,a6,s3
    67d8:	83b1                	srli	a5,a5,0xc
    67da:	7ff77713          	andi	a4,a4,2047
    67de:	00c79693          	slli	a3,a5,0xc
    67e2:	0752                	slli	a4,a4,0x14
    67e4:	82b1                	srli	a3,a3,0xc
    67e6:	047e                	slli	s0,s0,0x1f
    67e8:	8ed9                	or	a3,a3,a4
    67ea:	8ec1                	or	a3,a3,s0
    67ec:	40f2                	lw	ra,28(sp)
    67ee:	4462                	lw	s0,24(sp)
    67f0:	44d2                	lw	s1,20(sp)
    67f2:	4942                	lw	s2,16(sp)
    67f4:	49b2                	lw	s3,12(sp)
    67f6:	8542                	mv	a0,a6
    67f8:	85b6                	mv	a1,a3
    67fa:	6105                	addi	sp,sp,32
    67fc:	8082                	ret
    67fe:	0ab05663          	blez	a1,68aa <__subdf3+0x230>
    6802:	12088a63          	beqz	a7,6936 <__subdf3+0x2bc>
    6806:	008007b7          	lui	a5,0x800
    680a:	8f5d                	or	a4,a4,a5
    680c:	2dc48763          	beq	s1,t3,6ada <__subdf3+0x460>
    6810:	03800793          	li	a5,56
    6814:	18b7c763          	blt	a5,a1,69a2 <__subdf3+0x328>
    6818:	47fd                	li	a5,31
    681a:	3cb7d263          	bge	a5,a1,6bde <__subdf3+0x564>
    681e:	fe058813          	addi	a6,a1,-32 # ffe0 <_data_lma+0x42d8>
    6822:	02000793          	li	a5,32
    6826:	010759b3          	srl	s3,a4,a6
    682a:	00f58a63          	beq	a1,a5,683e <__subdf3+0x1c4>
    682e:	04000793          	li	a5,64
    6832:	40b785b3          	sub	a1,a5,a1
    6836:	00b71733          	sll	a4,a4,a1
    683a:	00eeeeb3          	or	t4,t4,a4
    683e:	01d03833          	snez	a6,t4
    6842:	01386833          	or	a6,a6,s3
    6846:	a295                	j	69aa <__subdf3+0x330>
    6848:	01d767b3          	or	a5,a4,t4
    684c:	80148593          	addi	a1,s1,-2047
    6850:	e399                	bnez	a5,6856 <__subdf3+0x1dc>
    6852:	0016c693          	xori	a3,a3,1
    6856:	04d40a63          	beq	s0,a3,68aa <__subdf3+0x230>
    685a:	e1d1                	bnez	a1,68de <__subdf3+0x264>
    685c:	00148793          	addi	a5,s1,1
    6860:	7fe7f793          	andi	a5,a5,2046
    6864:	1e079963          	bnez	a5,6a56 <__subdf3+0x3dc>
    6868:	01e367b3          	or	a5,t1,t5
    686c:	01d76833          	or	a6,a4,t4
    6870:	16049263          	bnez	s1,69d4 <__subdf3+0x35a>
    6874:	3c078263          	beqz	a5,6c38 <__subdf3+0x5be>
    6878:	42081663          	bnez	a6,6ca4 <__subdf3+0x62a>
    687c:	00351813          	slli	a6,a0,0x3
    6880:	01d31693          	slli	a3,t1,0x1d
    6884:	00385813          	srli	a6,a6,0x3
    6888:	0106e833          	or	a6,a3,a6
    688c:	00335793          	srli	a5,t1,0x3
    6890:	a219                	j	6996 <__subdf3+0x31c>
    6892:	01d767b3          	or	a5,a4,t4
    6896:	1a078563          	beqz	a5,6a40 <__subdf3+0x3c6>
    689a:	fff58793          	addi	a5,a1,-1
    689e:	3a078b63          	beqz	a5,6c54 <__subdf3+0x5da>
    68a2:	23c58c63          	beq	a1,t3,6ada <__subdf3+0x460>
    68a6:	85be                	mv	a1,a5
    68a8:	b589                	j	66ea <__subdf3+0x70>
    68aa:	1c059963          	bnez	a1,6a7c <__subdf3+0x402>
    68ae:	00148693          	addi	a3,s1,1
    68b2:	7fe6f793          	andi	a5,a3,2046
    68b6:	efc1                	bnez	a5,694e <__subdf3+0x2d4>
    68b8:	01e367b3          	or	a5,t1,t5
    68bc:	36049063          	bnez	s1,6c1c <__subdf3+0x5a2>
    68c0:	44078d63          	beqz	a5,6d1a <__subdf3+0x6a0>
    68c4:	01d767b3          	or	a5,a4,t4
    68c8:	46079463          	bnez	a5,6d30 <__subdf3+0x6b6>
    68cc:	050e                	slli	a0,a0,0x3
    68ce:	01d31813          	slli	a6,t1,0x1d
    68d2:	810d                	srli	a0,a0,0x3
    68d4:	00a86833          	or	a6,a6,a0
    68d8:	00335793          	srli	a5,t1,0x3
    68dc:	a86d                	j	6996 <__subdf3+0x31c>
    68de:	409885b3          	sub	a1,a7,s1
    68e2:	20049763          	bnez	s1,6af0 <__subdf3+0x476>
    68e6:	01e367b3          	or	a5,t1,t5
    68ea:	30078d63          	beqz	a5,6c04 <__subdf3+0x58a>
    68ee:	fff58793          	addi	a5,a1,-1
    68f2:	40078963          	beqz	a5,6d04 <__subdf3+0x68a>
    68f6:	7ff00513          	li	a0,2047
    68fa:	20a58363          	beq	a1,a0,6b00 <__subdf3+0x486>
    68fe:	85be                	mv	a1,a5
    6900:	03800793          	li	a5,56
    6904:	2ab7c263          	blt	a5,a1,6ba8 <__subdf3+0x52e>
    6908:	47fd                	li	a5,31
    690a:	3cb7c863          	blt	a5,a1,6cda <__subdf3+0x660>
    690e:	02000793          	li	a5,32
    6912:	8f8d                	sub	a5,a5,a1
    6914:	00f31833          	sll	a6,t1,a5
    6918:	00bf5633          	srl	a2,t5,a1
    691c:	00ff17b3          	sll	a5,t5,a5
    6920:	00c86833          	or	a6,a6,a2
    6924:	00f039b3          	snez	s3,a5
    6928:	00b35333          	srl	t1,t1,a1
    692c:	01386833          	or	a6,a6,s3
    6930:	40670733          	sub	a4,a4,t1
    6934:	acb5                	j	6bb0 <__subdf3+0x536>
    6936:	01d767b3          	or	a5,a4,t4
    693a:	10078363          	beqz	a5,6a40 <__subdf3+0x3c6>
    693e:	fff58793          	addi	a5,a1,-1
    6942:	1e078f63          	beqz	a5,6b40 <__subdf3+0x4c6>
    6946:	2fc58063          	beq	a1,t3,6c26 <__subdf3+0x5ac>
    694a:	85be                	mv	a1,a5
    694c:	b5d1                	j	6810 <__subdf3+0x196>
    694e:	7ff00793          	li	a5,2047
    6952:	06f68b63          	beq	a3,a5,69c8 <__subdf3+0x34e>
    6956:	9efa                	add	t4,t4,t5
    6958:	01eeb633          	sltu	a2,t4,t5
    695c:	00e307b3          	add	a5,t1,a4
    6960:	97b2                	add	a5,a5,a2
    6962:	01f79813          	slli	a6,a5,0x1f
    6966:	001ede93          	srli	t4,t4,0x1
    696a:	01d869b3          	or	s3,a6,t4
    696e:	0017d613          	srli	a2,a5,0x1
    6972:	84b6                	mv	s1,a3
    6974:	0079f793          	andi	a5,s3,7
    6978:	e0079fe3          	bnez	a5,6796 <__subdf3+0x11c>
    697c:	01d61793          	slli	a5,a2,0x1d
    6980:	0039d813          	srli	a6,s3,0x3
    6984:	00f86833          	or	a6,a6,a5
    6988:	85a6                	mv	a1,s1
    698a:	00365793          	srli	a5,a2,0x3
    698e:	7ff00713          	li	a4,2047
    6992:	06e58063          	beq	a1,a4,69f2 <__subdf3+0x378>
    6996:	07b2                	slli	a5,a5,0xc
    6998:	83b1                	srli	a5,a5,0xc
    699a:	7ff5f713          	andi	a4,a1,2047
    699e:	8805                	andi	s0,s0,1
    69a0:	bd3d                	j	67de <__subdf3+0x164>
    69a2:	01d76733          	or	a4,a4,t4
    69a6:	00e03833          	snez	a6,a4
    69aa:	01e809b3          	add	s3,a6,t5
    69ae:	01e9b7b3          	sltu	a5,s3,t5
    69b2:	00678633          	add	a2,a5,t1
    69b6:	00861793          	slli	a5,a2,0x8
    69ba:	fa07dde3          	bgez	a5,6974 <__subdf3+0x2fa>
    69be:	0485                	addi	s1,s1,1
    69c0:	7ff00793          	li	a5,2047
    69c4:	18f49c63          	bne	s1,a5,6b5c <__subdf3+0x4e2>
    69c8:	8805                	andi	s0,s0,1
    69ca:	7ff00713          	li	a4,2047
    69ce:	4781                	li	a5,0
    69d0:	4801                	li	a6,0
    69d2:	b531                	j	67de <__subdf3+0x164>
    69d4:	10079163          	bnez	a5,6ad6 <__subdf3+0x45c>
    69d8:	3c080163          	beqz	a6,6d9a <__subdf3+0x720>
    69dc:	00361813          	slli	a6,a2,0x3
    69e0:	01d71793          	slli	a5,a4,0x1d
    69e4:	00385813          	srli	a6,a6,0x3
    69e8:	00f86833          	or	a6,a6,a5
    69ec:	8436                	mv	s0,a3
    69ee:	00375793          	srli	a5,a4,0x3
    69f2:	00f867b3          	or	a5,a6,a5
    69f6:	dbe9                	beqz	a5,69c8 <__subdf3+0x34e>
    69f8:	4401                	li	s0,0
    69fa:	7ff00713          	li	a4,2047
    69fe:	000807b7          	lui	a5,0x80
    6a02:	4801                	li	a6,0
    6a04:	bbe9                	j	67de <__subdf3+0x164>
    6a06:	ff800637          	lui	a2,0xff800
    6a0a:	167d                	addi	a2,a2,-1
    6a0c:	8e7d                	and	a2,a2,a5
    6a0e:	0079f793          	andi	a5,s3,7
    6a12:	8c99                	sub	s1,s1,a4
    6a14:	d80791e3          	bnez	a5,6796 <__subdf3+0x11c>
    6a18:	b795                	j	697c <__subdf3+0x302>
    6a1a:	854e                	mv	a0,s3
    6a1c:	0d7010ef          	jal	ra,82f2 <__clzsi2>
    6a20:	01850713          	addi	a4,a0,24
    6a24:	47fd                	li	a5,31
    6a26:	d2e7d2e3          	bge	a5,a4,674a <__subdf3+0xd0>
    6a2a:	ff850613          	addi	a2,a0,-8
    6a2e:	00c997b3          	sll	a5,s3,a2
    6a32:	4981                	li	s3,0
    6a34:	b32d                	j	675e <__subdf3+0xe4>
    6a36:	01d76833          	or	a6,a4,t4
    6a3a:	01003833          	snez	a6,a6
    6a3e:	b1c5                	j	671e <__subdf3+0xa4>
    6a40:	00351813          	slli	a6,a0,0x3
    6a44:	01d31793          	slli	a5,t1,0x1d
    6a48:	00385813          	srli	a6,a6,0x3
    6a4c:	00f86833          	or	a6,a6,a5
    6a50:	00335793          	srli	a5,t1,0x3
    6a54:	bf2d                	j	698e <__subdf3+0x314>
    6a56:	41df09b3          	sub	s3,t5,t4
    6a5a:	40e30933          	sub	s2,t1,a4
    6a5e:	013f3633          	sltu	a2,t5,s3
    6a62:	40c90933          	sub	s2,s2,a2
    6a66:	00891793          	slli	a5,s2,0x8
    6a6a:	2007ca63          	bltz	a5,6c7e <__subdf3+0x604>
    6a6e:	0129e833          	or	a6,s3,s2
    6a72:	cc0815e3          	bnez	a6,673c <__subdf3+0xc2>
    6a76:	4781                	li	a5,0
    6a78:	4401                	li	s0,0
    6a7a:	bf31                	j	6996 <__subdf3+0x31c>
    6a7c:	409885b3          	sub	a1,a7,s1
    6a80:	14048163          	beqz	s1,6bc2 <__subdf3+0x548>
    6a84:	008006b7          	lui	a3,0x800
    6a88:	7ff00793          	li	a5,2047
    6a8c:	00d36333          	or	t1,t1,a3
    6a90:	20f88163          	beq	a7,a5,6c92 <__subdf3+0x618>
    6a94:	03800793          	li	a5,56
    6a98:	22b7cc63          	blt	a5,a1,6cd0 <__subdf3+0x656>
    6a9c:	47fd                	li	a5,31
    6a9e:	2cb7c963          	blt	a5,a1,6d70 <__subdf3+0x6f6>
    6aa2:	02000793          	li	a5,32
    6aa6:	8f8d                	sub	a5,a5,a1
    6aa8:	00f31833          	sll	a6,t1,a5
    6aac:	00bf56b3          	srl	a3,t5,a1
    6ab0:	00ff17b3          	sll	a5,t5,a5
    6ab4:	00d86833          	or	a6,a6,a3
    6ab8:	00f039b3          	snez	s3,a5
    6abc:	00b35333          	srl	t1,t1,a1
    6ac0:	01386833          	or	a6,a6,s3
    6ac4:	971a                	add	a4,a4,t1
    6ac6:	01d809b3          	add	s3,a6,t4
    6aca:	01d9b7b3          	sltu	a5,s3,t4
    6ace:	00e78633          	add	a2,a5,a4
    6ad2:	84c6                	mv	s1,a7
    6ad4:	b5cd                	j	69b6 <__subdf3+0x33c>
    6ad6:	f20811e3          	bnez	a6,69f8 <__subdf3+0x37e>
    6ada:	00351813          	slli	a6,a0,0x3
    6ade:	01d31793          	slli	a5,t1,0x1d
    6ae2:	00385813          	srli	a6,a6,0x3
    6ae6:	00f86833          	or	a6,a6,a5
    6aea:	00335793          	srli	a5,t1,0x3
    6aee:	b711                	j	69f2 <__subdf3+0x378>
    6af0:	00800537          	lui	a0,0x800
    6af4:	7ff00793          	li	a5,2047
    6af8:	00a36333          	or	t1,t1,a0
    6afc:	e0f892e3          	bne	a7,a5,6900 <__subdf3+0x286>
    6b00:	060e                	slli	a2,a2,0x3
    6b02:	01d71813          	slli	a6,a4,0x1d
    6b06:	820d                	srli	a2,a2,0x3
    6b08:	00c86833          	or	a6,a6,a2
    6b0c:	00375793          	srli	a5,a4,0x3
    6b10:	8436                	mv	s0,a3
    6b12:	b5c5                	j	69f2 <__subdf3+0x378>
    6b14:	1705                	addi	a4,a4,-31
    6b16:	02000693          	li	a3,32
    6b1a:	00e7d733          	srl	a4,a5,a4
    6b1e:	00d60a63          	beq	a2,a3,6b32 <__subdf3+0x4b8>
    6b22:	04000693          	li	a3,64
    6b26:	40c68633          	sub	a2,a3,a2
    6b2a:	00c79633          	sll	a2,a5,a2
    6b2e:	00c9e9b3          	or	s3,s3,a2
    6b32:	01303833          	snez	a6,s3
    6b36:	00e869b3          	or	s3,a6,a4
    6b3a:	4601                	li	a2,0
    6b3c:	4481                	li	s1,0
    6b3e:	bd1d                	j	6974 <__subdf3+0x2fa>
    6b40:	01df09b3          	add	s3,t5,t4
    6b44:	00e307b3          	add	a5,t1,a4
    6b48:	01e9bf33          	sltu	t5,s3,t5
    6b4c:	01e78633          	add	a2,a5,t5
    6b50:	00861793          	slli	a5,a2,0x8
    6b54:	4485                	li	s1,1
    6b56:	e007dfe3          	bgez	a5,6974 <__subdf3+0x2fa>
    6b5a:	4489                	li	s1,2
    6b5c:	ff8007b7          	lui	a5,0xff800
    6b60:	17fd                	addi	a5,a5,-1
    6b62:	8ff1                	and	a5,a5,a2
    6b64:	0019d713          	srli	a4,s3,0x1
    6b68:	0019f813          	andi	a6,s3,1
    6b6c:	01076833          	or	a6,a4,a6
    6b70:	01f79993          	slli	s3,a5,0x1f
    6b74:	0109e9b3          	or	s3,s3,a6
    6b78:	0017d613          	srli	a2,a5,0x1
    6b7c:	b911                	j	6790 <__subdf3+0x116>
    6b7e:	fe058813          	addi	a6,a1,-32
    6b82:	02000793          	li	a5,32
    6b86:	010759b3          	srl	s3,a4,a6
    6b8a:	00f58a63          	beq	a1,a5,6b9e <__subdf3+0x524>
    6b8e:	04000793          	li	a5,64
    6b92:	40b785b3          	sub	a1,a5,a1
    6b96:	00b71733          	sll	a4,a4,a1
    6b9a:	00eeeeb3          	or	t4,t4,a4
    6b9e:	01d03833          	snez	a6,t4
    6ba2:	01386833          	or	a6,a6,s3
    6ba6:	bea5                	j	671e <__subdf3+0xa4>
    6ba8:	01e36333          	or	t1,t1,t5
    6bac:	00603833          	snez	a6,t1
    6bb0:	410e89b3          	sub	s3,t4,a6
    6bb4:	013eb7b3          	sltu	a5,t4,s3
    6bb8:	40f70633          	sub	a2,a4,a5
    6bbc:	84c6                	mv	s1,a7
    6bbe:	8436                	mv	s0,a3
    6bc0:	b6ad                	j	672a <__subdf3+0xb0>
    6bc2:	01e367b3          	or	a5,t1,t5
    6bc6:	18078763          	beqz	a5,6d54 <__subdf3+0x6da>
    6bca:	fff58793          	addi	a5,a1,-1
    6bce:	1c078c63          	beqz	a5,6da6 <__subdf3+0x72c>
    6bd2:	7ff00693          	li	a3,2047
    6bd6:	0ad58e63          	beq	a1,a3,6c92 <__subdf3+0x618>
    6bda:	85be                	mv	a1,a5
    6bdc:	bd65                	j	6a94 <__subdf3+0x41a>
    6bde:	02000793          	li	a5,32
    6be2:	8f8d                	sub	a5,a5,a1
    6be4:	00bed9b3          	srl	s3,t4,a1
    6be8:	00f71833          	sll	a6,a4,a5
    6bec:	00fe9eb3          	sll	t4,t4,a5
    6bf0:	01386833          	or	a6,a6,s3
    6bf4:	00b75733          	srl	a4,a4,a1
    6bf8:	01d039b3          	snez	s3,t4
    6bfc:	01386833          	or	a6,a6,s3
    6c00:	933a                	add	t1,t1,a4
    6c02:	b365                	j	69aa <__subdf3+0x330>
    6c04:	00361813          	slli	a6,a2,0x3
    6c08:	01d71793          	slli	a5,a4,0x1d
    6c0c:	00385813          	srli	a6,a6,0x3
    6c10:	0107e833          	or	a6,a5,a6
    6c14:	8436                	mv	s0,a3
    6c16:	00375793          	srli	a5,a4,0x3
    6c1a:	bb95                	j	698e <__subdf3+0x314>
    6c1c:	cbbd                	beqz	a5,6c92 <__subdf3+0x618>
    6c1e:	01d76733          	or	a4,a4,t4
    6c22:	dc071be3          	bnez	a4,69f8 <__subdf3+0x37e>
    6c26:	050e                	slli	a0,a0,0x3
    6c28:	01d31813          	slli	a6,t1,0x1d
    6c2c:	810d                	srli	a0,a0,0x3
    6c2e:	00a86833          	or	a6,a6,a0
    6c32:	00335793          	srli	a5,t1,0x3
    6c36:	bb75                	j	69f2 <__subdf3+0x378>
    6c38:	e2080fe3          	beqz	a6,6a76 <__subdf3+0x3fc>
    6c3c:	00361813          	slli	a6,a2,0x3
    6c40:	01d71793          	slli	a5,a4,0x1d
    6c44:	00385813          	srli	a6,a6,0x3
    6c48:	00f86833          	or	a6,a6,a5
    6c4c:	8436                	mv	s0,a3
    6c4e:	00375793          	srli	a5,a4,0x3
    6c52:	b391                	j	6996 <__subdf3+0x31c>
    6c54:	41df09b3          	sub	s3,t5,t4
    6c58:	40e307b3          	sub	a5,t1,a4
    6c5c:	013f3f33          	sltu	t5,t5,s3
    6c60:	41e78633          	sub	a2,a5,t5
    6c64:	4485                	li	s1,1
    6c66:	b4d1                	j	672a <__subdf3+0xb0>
    6c68:	00351813          	slli	a6,a0,0x3
    6c6c:	01d31693          	slli	a3,t1,0x1d
    6c70:	00385813          	srli	a6,a6,0x3
    6c74:	0106e833          	or	a6,a3,a6
    6c78:	00335793          	srli	a5,t1,0x3
    6c7c:	bb9d                	j	69f2 <__subdf3+0x378>
    6c7e:	41ee89b3          	sub	s3,t4,t5
    6c82:	40670633          	sub	a2,a4,t1
    6c86:	013eb933          	sltu	s2,t4,s3
    6c8a:	41260933          	sub	s2,a2,s2
    6c8e:	8436                	mv	s0,a3
    6c90:	b475                	j	673c <__subdf3+0xc2>
    6c92:	060e                	slli	a2,a2,0x3
    6c94:	01d71813          	slli	a6,a4,0x1d
    6c98:	820d                	srli	a2,a2,0x3
    6c9a:	00c86833          	or	a6,a6,a2
    6c9e:	00375793          	srli	a5,a4,0x3
    6ca2:	bb81                	j	69f2 <__subdf3+0x378>
    6ca4:	41df09b3          	sub	s3,t5,t4
    6ca8:	40e307b3          	sub	a5,t1,a4
    6cac:	013f3633          	sltu	a2,t5,s3
    6cb0:	40c78633          	sub	a2,a5,a2
    6cb4:	00861793          	slli	a5,a2,0x8
    6cb8:	0a07d763          	bgez	a5,6d66 <__subdf3+0x6ec>
    6cbc:	41ee89b3          	sub	s3,t4,t5
    6cc0:	406707b3          	sub	a5,a4,t1
    6cc4:	013ebeb3          	sltu	t4,t4,s3
    6cc8:	41d78633          	sub	a2,a5,t4
    6ccc:	8436                	mv	s0,a3
    6cce:	b4c9                	j	6790 <__subdf3+0x116>
    6cd0:	01e36333          	or	t1,t1,t5
    6cd4:	00603833          	snez	a6,t1
    6cd8:	b3fd                	j	6ac6 <__subdf3+0x44c>
    6cda:	fe058813          	addi	a6,a1,-32
    6cde:	02000793          	li	a5,32
    6ce2:	010359b3          	srl	s3,t1,a6
    6ce6:	00f58a63          	beq	a1,a5,6cfa <__subdf3+0x680>
    6cea:	04000793          	li	a5,64
    6cee:	40b785b3          	sub	a1,a5,a1
    6cf2:	00b31333          	sll	t1,t1,a1
    6cf6:	006f6f33          	or	t5,t5,t1
    6cfa:	01e03833          	snez	a6,t5
    6cfe:	01386833          	or	a6,a6,s3
    6d02:	b57d                	j	6bb0 <__subdf3+0x536>
    6d04:	41ee89b3          	sub	s3,t4,t5
    6d08:	406707b3          	sub	a5,a4,t1
    6d0c:	013ebeb3          	sltu	t4,t4,s3
    6d10:	41d78633          	sub	a2,a5,t4
    6d14:	8436                	mv	s0,a3
    6d16:	4485                	li	s1,1
    6d18:	bc09                	j	672a <__subdf3+0xb0>
    6d1a:	00361813          	slli	a6,a2,0x3
    6d1e:	01d71793          	slli	a5,a4,0x1d
    6d22:	00385813          	srli	a6,a6,0x3
    6d26:	00f86833          	or	a6,a6,a5
    6d2a:	00375793          	srli	a5,a4,0x3
    6d2e:	b1a5                	j	6996 <__subdf3+0x31c>
    6d30:	01df09b3          	add	s3,t5,t4
    6d34:	00e307b3          	add	a5,t1,a4
    6d38:	01e9bf33          	sltu	t5,s3,t5
    6d3c:	01e78633          	add	a2,a5,t5
    6d40:	00861793          	slli	a5,a2,0x8
    6d44:	c207d8e3          	bgez	a5,6974 <__subdf3+0x2fa>
    6d48:	ff8007b7          	lui	a5,0xff800
    6d4c:	17fd                	addi	a5,a5,-1
    6d4e:	8e7d                	and	a2,a2,a5
    6d50:	4485                	li	s1,1
    6d52:	b10d                	j	6974 <__subdf3+0x2fa>
    6d54:	060e                	slli	a2,a2,0x3
    6d56:	01d71813          	slli	a6,a4,0x1d
    6d5a:	820d                	srli	a2,a2,0x3
    6d5c:	00c86833          	or	a6,a6,a2
    6d60:	00375793          	srli	a5,a4,0x3
    6d64:	b12d                	j	698e <__subdf3+0x314>
    6d66:	00c9e833          	or	a6,s3,a2
    6d6a:	d00806e3          	beqz	a6,6a76 <__subdf3+0x3fc>
    6d6e:	b119                	j	6974 <__subdf3+0x2fa>
    6d70:	fe058813          	addi	a6,a1,-32
    6d74:	02000793          	li	a5,32
    6d78:	010359b3          	srl	s3,t1,a6
    6d7c:	00f58a63          	beq	a1,a5,6d90 <__subdf3+0x716>
    6d80:	04000793          	li	a5,64
    6d84:	40b785b3          	sub	a1,a5,a1
    6d88:	00b31333          	sll	t1,t1,a1
    6d8c:	006f6f33          	or	t5,t5,t1
    6d90:	01e03833          	snez	a6,t5
    6d94:	01386833          	or	a6,a6,s3
    6d98:	b33d                	j	6ac6 <__subdf3+0x44c>
    6d9a:	4401                	li	s0,0
    6d9c:	7ff00713          	li	a4,2047
    6da0:	000807b7          	lui	a5,0x80
    6da4:	bc2d                	j	67de <__subdf3+0x164>
    6da6:	01df09b3          	add	s3,t5,t4
    6daa:	00e307b3          	add	a5,t1,a4
    6dae:	01d9beb3          	sltu	t4,s3,t4
    6db2:	01d78633          	add	a2,a5,t4
    6db6:	bb69                	j	6b50 <__subdf3+0x4d6>

00006db8 <__floatsidf>:
    6db8:	1141                	addi	sp,sp,-16
    6dba:	c606                	sw	ra,12(sp)
    6dbc:	c422                	sw	s0,8(sp)
    6dbe:	c226                	sw	s1,4(sp)
    6dc0:	cd0d                	beqz	a0,6dfa <__floatsidf+0x42>
    6dc2:	41f55793          	srai	a5,a0,0x1f
    6dc6:	00a7c4b3          	xor	s1,a5,a0
    6dca:	8c9d                	sub	s1,s1,a5
    6dcc:	842a                	mv	s0,a0
    6dce:	8526                	mv	a0,s1
    6dd0:	522010ef          	jal	ra,82f2 <__clzsi2>
    6dd4:	41e00693          	li	a3,1054
    6dd8:	8e89                	sub	a3,a3,a0
    6dda:	47a9                	li	a5,10
    6ddc:	807d                	srli	s0,s0,0x1f
    6dde:	7ff6f693          	andi	a3,a3,2047
    6de2:	02a7cd63          	blt	a5,a0,6e1c <__floatsidf+0x64>
    6de6:	472d                	li	a4,11
    6de8:	8f09                	sub	a4,a4,a0
    6dea:	00e4d7b3          	srl	a5,s1,a4
    6dee:	0555                	addi	a0,a0,21
    6df0:	07b2                	slli	a5,a5,0xc
    6df2:	00a494b3          	sll	s1,s1,a0
    6df6:	83b1                	srli	a5,a5,0xc
    6df8:	a029                	j	6e02 <__floatsidf+0x4a>
    6dfa:	4401                	li	s0,0
    6dfc:	4681                	li	a3,0
    6dfe:	4781                	li	a5,0
    6e00:	4481                	li	s1,0
    6e02:	07b2                	slli	a5,a5,0xc
    6e04:	06d2                	slli	a3,a3,0x14
    6e06:	83b1                	srli	a5,a5,0xc
    6e08:	047e                	slli	s0,s0,0x1f
    6e0a:	8fd5                	or	a5,a5,a3
    6e0c:	8fc1                	or	a5,a5,s0
    6e0e:	40b2                	lw	ra,12(sp)
    6e10:	4422                	lw	s0,8(sp)
    6e12:	8526                	mv	a0,s1
    6e14:	85be                	mv	a1,a5
    6e16:	4492                	lw	s1,4(sp)
    6e18:	0141                	addi	sp,sp,16
    6e1a:	8082                	ret
    6e1c:	1555                	addi	a0,a0,-11
    6e1e:	00a497b3          	sll	a5,s1,a0
    6e22:	07b2                	slli	a5,a5,0xc
    6e24:	83b1                	srli	a5,a5,0xc
    6e26:	4481                	li	s1,0
    6e28:	bfe9                	j	6e02 <__floatsidf+0x4a>

00006e2a <__floatunsidf>:
    6e2a:	cd1d                	beqz	a0,6e68 <__floatunsidf+0x3e>
    6e2c:	1141                	addi	sp,sp,-16
    6e2e:	c422                	sw	s0,8(sp)
    6e30:	c606                	sw	ra,12(sp)
    6e32:	842a                	mv	s0,a0
    6e34:	4be010ef          	jal	ra,82f2 <__clzsi2>
    6e38:	41e00693          	li	a3,1054
    6e3c:	8e89                	sub	a3,a3,a0
    6e3e:	47a9                	li	a5,10
    6e40:	7ff6f693          	andi	a3,a3,2047
    6e44:	02a7dc63          	bge	a5,a0,6e7c <__floatunsidf+0x52>
    6e48:	1555                	addi	a0,a0,-11
    6e4a:	00a417b3          	sll	a5,s0,a0
    6e4e:	07b2                	slli	a5,a5,0xc
    6e50:	83b1                	srli	a5,a5,0xc
    6e52:	4701                	li	a4,0
    6e54:	40b2                	lw	ra,12(sp)
    6e56:	4422                	lw	s0,8(sp)
    6e58:	07b2                	slli	a5,a5,0xc
    6e5a:	06d2                	slli	a3,a3,0x14
    6e5c:	83b1                	srli	a5,a5,0xc
    6e5e:	8fd5                	or	a5,a5,a3
    6e60:	853a                	mv	a0,a4
    6e62:	85be                	mv	a1,a5
    6e64:	0141                	addi	sp,sp,16
    6e66:	8082                	ret
    6e68:	4781                	li	a5,0
    6e6a:	4681                	li	a3,0
    6e6c:	07b2                	slli	a5,a5,0xc
    6e6e:	06d2                	slli	a3,a3,0x14
    6e70:	83b1                	srli	a5,a5,0xc
    6e72:	4701                	li	a4,0
    6e74:	8fd5                	or	a5,a5,a3
    6e76:	853a                	mv	a0,a4
    6e78:	85be                	mv	a1,a5
    6e7a:	8082                	ret
    6e7c:	472d                	li	a4,11
    6e7e:	8f09                	sub	a4,a4,a0
    6e80:	00e457b3          	srl	a5,s0,a4
    6e84:	07b2                	slli	a5,a5,0xc
    6e86:	01550713          	addi	a4,a0,21 # 800015 <_data_lma+0x7f430d>
    6e8a:	00e41733          	sll	a4,s0,a4
    6e8e:	83b1                	srli	a5,a5,0xc
    6e90:	b7d1                	j	6e54 <__floatunsidf+0x2a>

00006e92 <__fixdfdi>:
    6e92:	00100737          	lui	a4,0x100
    6e96:	0145d793          	srli	a5,a1,0x14
    6e9a:	fff70693          	addi	a3,a4,-1 # fffff <_data_lma+0xf42f7>
    6e9e:	7ff7f793          	andi	a5,a5,2047
    6ea2:	3fe00813          	li	a6,1022
    6ea6:	8eed                	and	a3,a3,a1
    6ea8:	01f5d613          	srli	a2,a1,0x1f
    6eac:	02f85363          	bge	a6,a5,6ed2 <__fixdfdi+0x40>
    6eb0:	43d00593          	li	a1,1085
    6eb4:	02f5d263          	bge	a1,a5,6ed8 <__fixdfdi+0x46>
    6eb8:	4585                	li	a1,1
    6eba:	8d91                	sub	a1,a1,a2
    6ebc:	40b00533          	neg	a0,a1
    6ec0:	41f5d613          	srai	a2,a1,0x1f
    6ec4:	800005b7          	lui	a1,0x80000
    6ec8:	00a037b3          	snez	a5,a0
    6ecc:	8d91                	sub	a1,a1,a2
    6ece:	8d9d                	sub	a1,a1,a5
    6ed0:	8082                	ret
    6ed2:	4501                	li	a0,0
    6ed4:	4581                	li	a1,0
    6ed6:	8082                	ret
    6ed8:	43200813          	li	a6,1074
    6edc:	00e6e5b3          	or	a1,a3,a4
    6ee0:	02f85463          	bge	a6,a5,6f08 <__fixdfdi+0x76>
    6ee4:	bad78713          	addi	a4,a5,-1107 # 7fbad <_data_lma+0x73ea5>
    6ee8:	bcd78793          	addi	a5,a5,-1075
    6eec:	04074563          	bltz	a4,6f36 <__fixdfdi+0xa4>
    6ef0:	00e515b3          	sll	a1,a0,a4
    6ef4:	4501                	li	a0,0
    6ef6:	d265                	beqz	a2,6ed6 <__fixdfdi+0x44>
    6ef8:	40a00533          	neg	a0,a0
    6efc:	00a037b3          	snez	a5,a0
    6f00:	40b005b3          	neg	a1,a1
    6f04:	8d9d                	sub	a1,a1,a5
    6f06:	8082                	ret
    6f08:	43300693          	li	a3,1075
    6f0c:	8e9d                	sub	a3,a3,a5
    6f0e:	477d                	li	a4,31
    6f10:	00d74c63          	blt	a4,a3,6f28 <__fixdfdi+0x96>
    6f14:	bed78713          	addi	a4,a5,-1043
    6f18:	00e59733          	sll	a4,a1,a4
    6f1c:	00d55533          	srl	a0,a0,a3
    6f20:	8d59                	or	a0,a0,a4
    6f22:	00d5d5b3          	srl	a1,a1,a3
    6f26:	bfc1                	j	6ef6 <__fixdfdi+0x64>
    6f28:	41300513          	li	a0,1043
    6f2c:	8d1d                	sub	a0,a0,a5
    6f2e:	00a5d533          	srl	a0,a1,a0
    6f32:	4581                	li	a1,0
    6f34:	b7c9                	j	6ef6 <__fixdfdi+0x64>
    6f36:	46fd                	li	a3,31
    6f38:	00155713          	srli	a4,a0,0x1
    6f3c:	8e9d                	sub	a3,a3,a5
    6f3e:	00d75733          	srl	a4,a4,a3
    6f42:	00f595b3          	sll	a1,a1,a5
    6f46:	8dd9                	or	a1,a1,a4
    6f48:	00f51533          	sll	a0,a0,a5
    6f4c:	b76d                	j	6ef6 <__fixdfdi+0x64>

00006f4e <__floatdidf>:
    6f4e:	1101                	addi	sp,sp,-32
    6f50:	ce06                	sw	ra,28(sp)
    6f52:	cc22                	sw	s0,24(sp)
    6f54:	ca26                	sw	s1,20(sp)
    6f56:	c84a                	sw	s2,16(sp)
    6f58:	c64e                	sw	s3,12(sp)
    6f5a:	00b567b3          	or	a5,a0,a1
    6f5e:	cf9d                	beqz	a5,6f9c <__floatdidf+0x4e>
    6f60:	84ae                	mv	s1,a1
    6f62:	89aa                	mv	s3,a0
    6f64:	01f5d913          	srli	s2,a1,0x1f
    6f68:	0405ce63          	bltz	a1,6fc4 <__floatdidf+0x76>
    6f6c:	8426                	mv	s0,s1
    6f6e:	c4ad                	beqz	s1,6fd8 <__floatdidf+0x8a>
    6f70:	8526                	mv	a0,s1
    6f72:	380010ef          	jal	ra,82f2 <__clzsi2>
    6f76:	43e00693          	li	a3,1086
    6f7a:	8e89                	sub	a3,a3,a0
    6f7c:	43300793          	li	a5,1075
    6f80:	08d7ca63          	blt	a5,a3,7014 <__floatdidf+0xc6>
    6f84:	00c49793          	slli	a5,s1,0xc
    6f88:	462d                	li	a2,11
    6f8a:	874e                	mv	a4,s3
    6f8c:	7ff6f693          	andi	a3,a3,2047
    6f90:	83b1                	srli	a5,a5,0xc
    6f92:	00a65963          	bge	a2,a0,6fa4 <__floatdidf+0x56>
    6f96:	ff550613          	addi	a2,a0,-11
    6f9a:	a8b9                	j	6ff8 <__floatdidf+0xaa>
    6f9c:	4901                	li	s2,0
    6f9e:	4681                	li	a3,0
    6fa0:	4781                	li	a5,0
    6fa2:	4701                	li	a4,0
    6fa4:	07b2                	slli	a5,a5,0xc
    6fa6:	40f2                	lw	ra,28(sp)
    6fa8:	4462                	lw	s0,24(sp)
    6faa:	06d2                	slli	a3,a3,0x14
    6fac:	83b1                	srli	a5,a5,0xc
    6fae:	097e                	slli	s2,s2,0x1f
    6fb0:	8fd5                	or	a5,a5,a3
    6fb2:	0127e7b3          	or	a5,a5,s2
    6fb6:	44d2                	lw	s1,20(sp)
    6fb8:	4942                	lw	s2,16(sp)
    6fba:	49b2                	lw	s3,12(sp)
    6fbc:	853a                	mv	a0,a4
    6fbe:	85be                	mv	a1,a5
    6fc0:	6105                	addi	sp,sp,32
    6fc2:	8082                	ret
    6fc4:	40a00533          	neg	a0,a0
    6fc8:	00a036b3          	snez	a3,a0
    6fcc:	40b004b3          	neg	s1,a1
    6fd0:	8c95                	sub	s1,s1,a3
    6fd2:	89aa                	mv	s3,a0
    6fd4:	8426                	mv	s0,s1
    6fd6:	fcc9                	bnez	s1,6f70 <__floatdidf+0x22>
    6fd8:	854e                	mv	a0,s3
    6fda:	318010ef          	jal	ra,82f2 <__clzsi2>
    6fde:	862a                	mv	a2,a0
    6fe0:	43e00693          	li	a3,1086
    6fe4:	02050513          	addi	a0,a0,32
    6fe8:	8e89                	sub	a3,a3,a0
    6fea:	02a00793          	li	a5,42
    6fee:	7ff6f693          	andi	a3,a3,2047
    6ff2:	0ca7c763          	blt	a5,a0,70c0 <__floatdidf+0x172>
    6ff6:	0655                	addi	a2,a2,21
    6ff8:	02b00713          	li	a4,43
    6ffc:	8f09                	sub	a4,a4,a0
    6ffe:	00c497b3          	sll	a5,s1,a2
    7002:	00e9d733          	srl	a4,s3,a4
    7006:	8f5d                	or	a4,a4,a5
    7008:	00c71793          	slli	a5,a4,0xc
    700c:	83b1                	srli	a5,a5,0xc
    700e:	00c99733          	sll	a4,s3,a2
    7012:	bf49                	j	6fa4 <__floatdidf+0x56>
    7014:	43600793          	li	a5,1078
    7018:	02d7db63          	bge	a5,a3,704e <__floatdidf+0x100>
    701c:	4721                	li	a4,8
    701e:	8f09                	sub	a4,a4,a0
    7020:	fe070593          	addi	a1,a4,-32
    7024:	0c05c263          	bltz	a1,70e8 <__floatdidf+0x19a>
    7028:	00b4d5b3          	srl	a1,s1,a1
    702c:	4701                	li	a4,0
    702e:	01850613          	addi	a2,a0,24
    7032:	03850793          	addi	a5,a0,56
    7036:	08064c63          	bltz	a2,70ce <__floatdidf+0x180>
    703a:	00c99633          	sll	a2,s3,a2
    703e:	4981                	li	s3,0
    7040:	00c9e9b3          	or	s3,s3,a2
    7044:	01303633          	snez	a2,s3
    7048:	00c5e9b3          	or	s3,a1,a2
    704c:	843a                	mv	s0,a4
    704e:	47a1                	li	a5,8
    7050:	864e                	mv	a2,s3
    7052:	04a7c963          	blt	a5,a0,70a4 <__floatdidf+0x156>
    7056:	ff8007b7          	lui	a5,0xff800
    705a:	17fd                	addi	a5,a5,-1
    705c:	00767593          	andi	a1,a2,7
    7060:	00f47733          	and	a4,s0,a5
    7064:	c585                	beqz	a1,708c <__floatdidf+0x13e>
    7066:	00f67593          	andi	a1,a2,15
    706a:	4811                	li	a6,4
    706c:	03058063          	beq	a1,a6,708c <__floatdidf+0x13e>
    7070:	00460593          	addi	a1,a2,4 # ff800004 <_eusrstack+0xdf7fb004>
    7074:	00c5b633          	sltu	a2,a1,a2
    7078:	9732                	add	a4,a4,a2
    707a:	00871613          	slli	a2,a4,0x8
    707e:	08065163          	bgez	a2,7100 <__floatdidf+0x1b2>
    7082:	43f00693          	li	a3,1087
    7086:	8f7d                	and	a4,a4,a5
    7088:	8e89                	sub	a3,a3,a0
    708a:	862e                	mv	a2,a1
    708c:	00365513          	srli	a0,a2,0x3
    7090:	00971793          	slli	a5,a4,0x9
    7094:	01d71613          	slli	a2,a4,0x1d
    7098:	00a66733          	or	a4,a2,a0
    709c:	83b1                	srli	a5,a5,0xc
    709e:	7ff6f693          	andi	a3,a3,2047
    70a2:	b709                	j	6fa4 <__floatdidf+0x56>
    70a4:	02800793          	li	a5,40
    70a8:	ff850593          	addi	a1,a0,-8
    70ac:	8f89                	sub	a5,a5,a0
    70ae:	00f9d7b3          	srl	a5,s3,a5
    70b2:	00b41733          	sll	a4,s0,a1
    70b6:	00e7e433          	or	s0,a5,a4
    70ba:	00b99633          	sll	a2,s3,a1
    70be:	bf61                	j	7056 <__floatdidf+0x108>
    70c0:	1655                	addi	a2,a2,-11
    70c2:	00c997b3          	sll	a5,s3,a2
    70c6:	07b2                	slli	a5,a5,0xc
    70c8:	83b1                	srli	a5,a5,0xc
    70ca:	4701                	li	a4,0
    70cc:	bde1                	j	6fa4 <__floatdidf+0x56>
    70ce:	467d                	li	a2,31
    70d0:	0019d813          	srli	a6,s3,0x1
    70d4:	8e1d                	sub	a2,a2,a5
    70d6:	00c85833          	srl	a6,a6,a2
    70da:	00f49633          	sll	a2,s1,a5
    70de:	00c86633          	or	a2,a6,a2
    70e2:	00f999b3          	sll	s3,s3,a5
    70e6:	bfa9                	j	7040 <__floatdidf+0xf2>
    70e8:	467d                	li	a2,31
    70ea:	8e19                	sub	a2,a2,a4
    70ec:	00149793          	slli	a5,s1,0x1
    70f0:	00e9d5b3          	srl	a1,s3,a4
    70f4:	00c797b3          	sll	a5,a5,a2
    70f8:	8ddd                	or	a1,a1,a5
    70fa:	00e4d733          	srl	a4,s1,a4
    70fe:	bf05                	j	702e <__floatdidf+0xe0>
    7100:	862e                	mv	a2,a1
    7102:	b769                	j	708c <__floatdidf+0x13e>

00007104 <__addsf3>:
    7104:	1141                	addi	sp,sp,-16
    7106:	00800737          	lui	a4,0x800
    710a:	177d                	addi	a4,a4,-1
    710c:	0175d813          	srli	a6,a1,0x17
    7110:	c226                	sw	s1,4(sp)
    7112:	01755493          	srli	s1,a0,0x17
    7116:	00a77333          	and	t1,a4,a0
    711a:	0ff4f493          	andi	s1,s1,255
    711e:	00b776b3          	and	a3,a4,a1
    7122:	c04a                	sw	s2,0(sp)
    7124:	0ff87813          	andi	a6,a6,255
    7128:	01f55913          	srli	s2,a0,0x1f
    712c:	c606                	sw	ra,12(sp)
    712e:	c422                	sw	s0,8(sp)
    7130:	81fd                	srli	a1,a1,0x1f
    7132:	879a                	mv	a5,t1
    7134:	8526                	mv	a0,s1
    7136:	864a                	mv	a2,s2
    7138:	00331e13          	slli	t3,t1,0x3
    713c:	00369e93          	slli	t4,a3,0x3
    7140:	410488b3          	sub	a7,s1,a6
    7144:	0eb90a63          	beq	s2,a1,7238 <__addsf3+0x134>
    7148:	0d105063          	blez	a7,7208 <__addsf3+0x104>
    714c:	14080463          	beqz	a6,7294 <__addsf3+0x190>
    7150:	0ff00793          	li	a5,255
    7154:	14f48b63          	beq	s1,a5,72aa <__addsf3+0x1a6>
    7158:	040007b7          	lui	a5,0x4000
    715c:	00feeeb3          	or	t4,t4,a5
    7160:	47ed                	li	a5,27
    7162:	2917c163          	blt	a5,a7,73e4 <__addsf3+0x2e0>
    7166:	02000793          	li	a5,32
    716a:	411787b3          	sub	a5,a5,a7
    716e:	00fe97b3          	sll	a5,t4,a5
    7172:	011ed8b3          	srl	a7,t4,a7
    7176:	00f037b3          	snez	a5,a5
    717a:	00f8e7b3          	or	a5,a7,a5
    717e:	40fe07b3          	sub	a5,t3,a5
    7182:	00579713          	slli	a4,a5,0x5
    7186:	18075e63          	bgez	a4,7322 <__addsf3+0x21e>
    718a:	04000437          	lui	s0,0x4000
    718e:	147d                	addi	s0,s0,-1
    7190:	8c7d                	and	s0,s0,a5
    7192:	8522                	mv	a0,s0
    7194:	15e010ef          	jal	ra,82f2 <__clzsi2>
    7198:	156d                	addi	a0,a0,-5
    719a:	00a417b3          	sll	a5,s0,a0
    719e:	1a954863          	blt	a0,s1,734e <__addsf3+0x24a>
    71a2:	8d05                	sub	a0,a0,s1
    71a4:	00150413          	addi	s0,a0,1
    71a8:	02000713          	li	a4,32
    71ac:	8f01                	sub	a4,a4,s0
    71ae:	00e79733          	sll	a4,a5,a4
    71b2:	00e03733          	snez	a4,a4
    71b6:	0087d7b3          	srl	a5,a5,s0
    71ba:	8fd9                	or	a5,a5,a4
    71bc:	4481                	li	s1,0
    71be:	0077f713          	andi	a4,a5,7
    71c2:	c719                	beqz	a4,71d0 <__addsf3+0xcc>
    71c4:	00f7f713          	andi	a4,a5,15
    71c8:	4691                	li	a3,4
    71ca:	00d70363          	beq	a4,a3,71d0 <__addsf3+0xcc>
    71ce:	0791                	addi	a5,a5,4
    71d0:	00579713          	slli	a4,a5,0x5
    71d4:	14075b63          	bgez	a4,732a <__addsf3+0x226>
    71d8:	0485                	addi	s1,s1,1
    71da:	0ff00713          	li	a4,255
    71de:	864a                	mv	a2,s2
    71e0:	16e48363          	beq	s1,a4,7346 <__addsf3+0x242>
    71e4:	079a                	slli	a5,a5,0x6
    71e6:	83a5                	srli	a5,a5,0x9
    71e8:	0ff4f513          	andi	a0,s1,255
    71ec:	40b2                	lw	ra,12(sp)
    71ee:	4422                	lw	s0,8(sp)
    71f0:	07a6                	slli	a5,a5,0x9
    71f2:	01751493          	slli	s1,a0,0x17
    71f6:	0097d513          	srli	a0,a5,0x9
    71fa:	8d45                	or	a0,a0,s1
    71fc:	067e                	slli	a2,a2,0x1f
    71fe:	4492                	lw	s1,4(sp)
    7200:	4902                	lw	s2,0(sp)
    7202:	8d51                	or	a0,a0,a2
    7204:	0141                	addi	sp,sp,16
    7206:	8082                	ret
    7208:	0a089963          	bnez	a7,72ba <__addsf3+0x1b6>
    720c:	00148713          	addi	a4,s1,1
    7210:	0fe77713          	andi	a4,a4,254
    7214:	14071763          	bnez	a4,7362 <__addsf3+0x25e>
    7218:	22049063          	bnez	s1,7438 <__addsf3+0x334>
    721c:	1e0e0d63          	beqz	t3,7416 <__addsf3+0x312>
    7220:	fc0e86e3          	beqz	t4,71ec <__addsf3+0xe8>
    7224:	41de07b3          	sub	a5,t3,t4
    7228:	00579713          	slli	a4,a5,0x5
    722c:	22075063          	bgez	a4,744c <__addsf3+0x348>
    7230:	41ce87b3          	sub	a5,t4,t3
    7234:	892e                	mv	s2,a1
    7236:	b761                	j	71be <__addsf3+0xba>
    7238:	0b105c63          	blez	a7,72f0 <__addsf3+0x1ec>
    723c:	08080e63          	beqz	a6,72d8 <__addsf3+0x1d4>
    7240:	0ff00793          	li	a5,255
    7244:	06f48363          	beq	s1,a5,72aa <__addsf3+0x1a6>
    7248:	040007b7          	lui	a5,0x4000
    724c:	00feeeb3          	or	t4,t4,a5
    7250:	47ed                	li	a5,27
    7252:	1f17c963          	blt	a5,a7,7444 <__addsf3+0x340>
    7256:	02000793          	li	a5,32
    725a:	411787b3          	sub	a5,a5,a7
    725e:	00fe97b3          	sll	a5,t4,a5
    7262:	011ed8b3          	srl	a7,t4,a7
    7266:	00f037b3          	snez	a5,a5
    726a:	00f8e7b3          	or	a5,a7,a5
    726e:	97f2                	add	a5,a5,t3
    7270:	00579713          	slli	a4,a5,0x5
    7274:	0a075763          	bgez	a4,7322 <__addsf3+0x21e>
    7278:	0485                	addi	s1,s1,1
    727a:	0ff00713          	li	a4,255
    727e:	0ce48463          	beq	s1,a4,7346 <__addsf3+0x242>
    7282:	7e0006b7          	lui	a3,0x7e000
    7286:	0017d713          	srli	a4,a5,0x1
    728a:	16fd                	addi	a3,a3,-1
    728c:	8b85                	andi	a5,a5,1
    728e:	8f75                	and	a4,a4,a3
    7290:	8fd9                	or	a5,a5,a4
    7292:	b735                	j	71be <__addsf3+0xba>
    7294:	080e8d63          	beqz	t4,732e <__addsf3+0x22a>
    7298:	18fd                	addi	a7,a7,-1
    729a:	41de07b3          	sub	a5,t3,t4
    729e:	ee0882e3          	beqz	a7,7182 <__addsf3+0x7e>
    72a2:	0ff00793          	li	a5,255
    72a6:	eaf49de3          	bne	s1,a5,7160 <__addsf3+0x5c>
    72aa:	08030d63          	beqz	t1,7344 <__addsf3+0x240>
    72ae:	4601                	li	a2,0
    72b0:	0ff00513          	li	a0,255
    72b4:	004007b7          	lui	a5,0x400
    72b8:	bf15                	j	71ec <__addsf3+0xe8>
    72ba:	40980733          	sub	a4,a6,s1
    72be:	e8ed                	bnez	s1,73b0 <__addsf3+0x2ac>
    72c0:	140e0263          	beqz	t3,7404 <__addsf3+0x300>
    72c4:	177d                	addi	a4,a4,-1
    72c6:	18070863          	beqz	a4,7456 <__addsf3+0x352>
    72ca:	0ff00793          	li	a5,255
    72ce:	0ef81963          	bne	a6,a5,73c0 <__addsf3+0x2bc>
    72d2:	892e                	mv	s2,a1
    72d4:	8336                	mv	t1,a3
    72d6:	bfd1                	j	72aa <__addsf3+0x1a6>
    72d8:	040e8b63          	beqz	t4,732e <__addsf3+0x22a>
    72dc:	18fd                	addi	a7,a7,-1
    72de:	01de07b3          	add	a5,t3,t4
    72e2:	f80887e3          	beqz	a7,7270 <__addsf3+0x16c>
    72e6:	0ff00793          	li	a5,255
    72ea:	f6f493e3          	bne	s1,a5,7250 <__addsf3+0x14c>
    72ee:	bf75                	j	72aa <__addsf3+0x1a6>
    72f0:	08089563          	bnez	a7,737a <__addsf3+0x276>
    72f4:	0485                	addi	s1,s1,1
    72f6:	0fe4f713          	andi	a4,s1,254
    72fa:	12071363          	bnez	a4,7420 <__addsf3+0x31c>
    72fe:	10051763          	bnez	a0,740c <__addsf3+0x308>
    7302:	140e0f63          	beqz	t3,7460 <__addsf3+0x35c>
    7306:	ee0e83e3          	beqz	t4,71ec <__addsf3+0xe8>
    730a:	01de07b3          	add	a5,t3,t4
    730e:	00579713          	slli	a4,a5,0x5
    7312:	4481                	li	s1,0
    7314:	00075763          	bgez	a4,7322 <__addsf3+0x21e>
    7318:	fc000737          	lui	a4,0xfc000
    731c:	177d                	addi	a4,a4,-1
    731e:	8ff9                	and	a5,a5,a4
    7320:	4485                	li	s1,1
    7322:	0077f713          	andi	a4,a5,7
    7326:	e8071fe3          	bnez	a4,71c4 <__addsf3+0xc0>
    732a:	0037d313          	srli	t1,a5,0x3
    732e:	0ff00793          	li	a5,255
    7332:	f6f48ce3          	beq	s1,a5,72aa <__addsf3+0x1a6>
    7336:	00931793          	slli	a5,t1,0x9
    733a:	83a5                	srli	a5,a5,0x9
    733c:	0ff4f513          	andi	a0,s1,255
    7340:	864a                	mv	a2,s2
    7342:	b56d                	j	71ec <__addsf3+0xe8>
    7344:	864a                	mv	a2,s2
    7346:	0ff00513          	li	a0,255
    734a:	4781                	li	a5,0
    734c:	b545                	j	71ec <__addsf3+0xe8>
    734e:	fc000737          	lui	a4,0xfc000
    7352:	177d                	addi	a4,a4,-1
    7354:	8ff9                	and	a5,a5,a4
    7356:	0077f713          	andi	a4,a5,7
    735a:	8c89                	sub	s1,s1,a0
    735c:	e60714e3          	bnez	a4,71c4 <__addsf3+0xc0>
    7360:	b7e9                	j	732a <__addsf3+0x226>
    7362:	41de0433          	sub	s0,t3,t4
    7366:	00541793          	slli	a5,s0,0x5
    736a:	0c07c363          	bltz	a5,7430 <__addsf3+0x32c>
    736e:	e20412e3          	bnez	s0,7192 <__addsf3+0x8e>
    7372:	4601                	li	a2,0
    7374:	4501                	li	a0,0
    7376:	4781                	li	a5,0
    7378:	bd95                	j	71ec <__addsf3+0xe8>
    737a:	40980733          	sub	a4,a6,s1
    737e:	c4ad                	beqz	s1,73e8 <__addsf3+0x2e4>
    7380:	0ff00793          	li	a5,255
    7384:	f4f808e3          	beq	a6,a5,72d4 <__addsf3+0x1d0>
    7388:	040007b7          	lui	a5,0x4000
    738c:	00fe6e33          	or	t3,t3,a5
    7390:	47ed                	li	a5,27
    7392:	0ce7cc63          	blt	a5,a4,746a <__addsf3+0x366>
    7396:	02000793          	li	a5,32
    739a:	8f99                	sub	a5,a5,a4
    739c:	00fe17b3          	sll	a5,t3,a5
    73a0:	00ee5733          	srl	a4,t3,a4
    73a4:	00f037b3          	snez	a5,a5
    73a8:	8fd9                	or	a5,a5,a4
    73aa:	97f6                	add	a5,a5,t4
    73ac:	84c2                	mv	s1,a6
    73ae:	b5c9                	j	7270 <__addsf3+0x16c>
    73b0:	0ff00793          	li	a5,255
    73b4:	f0f80fe3          	beq	a6,a5,72d2 <__addsf3+0x1ce>
    73b8:	040007b7          	lui	a5,0x4000
    73bc:	00fe6e33          	or	t3,t3,a5
    73c0:	47ed                	li	a5,27
    73c2:	08e7c363          	blt	a5,a4,7448 <__addsf3+0x344>
    73c6:	02000693          	li	a3,32
    73ca:	8e99                	sub	a3,a3,a4
    73cc:	00de16b3          	sll	a3,t3,a3
    73d0:	00ee57b3          	srl	a5,t3,a4
    73d4:	00d03733          	snez	a4,a3
    73d8:	8fd9                	or	a5,a5,a4
    73da:	40fe87b3          	sub	a5,t4,a5
    73de:	84c2                	mv	s1,a6
    73e0:	892e                	mv	s2,a1
    73e2:	b345                	j	7182 <__addsf3+0x7e>
    73e4:	4785                	li	a5,1
    73e6:	bb61                	j	717e <__addsf3+0x7a>
    73e8:	060e0e63          	beqz	t3,7464 <__addsf3+0x360>
    73ec:	177d                	addi	a4,a4,-1
    73ee:	01de07b3          	add	a5,t3,t4
    73f2:	84c2                	mv	s1,a6
    73f4:	e6070ee3          	beqz	a4,7270 <__addsf3+0x16c>
    73f8:	0ff00793          	li	a5,255
    73fc:	f8f81ae3          	bne	a6,a5,7390 <__addsf3+0x28c>
    7400:	8336                	mv	t1,a3
    7402:	b565                	j	72aa <__addsf3+0x1a6>
    7404:	8336                	mv	t1,a3
    7406:	84c2                	mv	s1,a6
    7408:	892e                	mv	s2,a1
    740a:	b715                	j	732e <__addsf3+0x22a>
    740c:	ec0e04e3          	beqz	t3,72d4 <__addsf3+0x1d0>
    7410:	e80e8de3          	beqz	t4,72aa <__addsf3+0x1a6>
    7414:	bd69                	j	72ae <__addsf3+0x1aa>
    7416:	020e8d63          	beqz	t4,7450 <__addsf3+0x34c>
    741a:	862e                	mv	a2,a1
    741c:	87b6                	mv	a5,a3
    741e:	b3f9                	j	71ec <__addsf3+0xe8>
    7420:	0ff00793          	li	a5,255
    7424:	f2f481e3          	beq	s1,a5,7346 <__addsf3+0x242>
    7428:	01de07b3          	add	a5,t3,t4
    742c:	8385                	srli	a5,a5,0x1
    742e:	bdd5                	j	7322 <__addsf3+0x21e>
    7430:	41ce8433          	sub	s0,t4,t3
    7434:	892e                	mv	s2,a1
    7436:	bbb1                	j	7192 <__addsf3+0x8e>
    7438:	fc0e1ce3          	bnez	t3,7410 <__addsf3+0x30c>
    743c:	e60e89e3          	beqz	t4,72ae <__addsf3+0x1aa>
    7440:	892e                	mv	s2,a1
    7442:	bd49                	j	72d4 <__addsf3+0x1d0>
    7444:	4785                	li	a5,1
    7446:	b525                	j	726e <__addsf3+0x16a>
    7448:	4785                	li	a5,1
    744a:	bf41                	j	73da <__addsf3+0x2d6>
    744c:	ec079be3          	bnez	a5,7322 <__addsf3+0x21e>
    7450:	4601                	li	a2,0
    7452:	4781                	li	a5,0
    7454:	bb61                	j	71ec <__addsf3+0xe8>
    7456:	41ce87b3          	sub	a5,t4,t3
    745a:	84c2                	mv	s1,a6
    745c:	892e                	mv	s2,a1
    745e:	b315                	j	7182 <__addsf3+0x7e>
    7460:	87b6                	mv	a5,a3
    7462:	b369                	j	71ec <__addsf3+0xe8>
    7464:	8336                	mv	t1,a3
    7466:	84c2                	mv	s1,a6
    7468:	b5d9                	j	732e <__addsf3+0x22a>
    746a:	4785                	li	a5,1
    746c:	bf3d                	j	73aa <__addsf3+0x2a6>

0000746e <__divsf3>:
    746e:	7139                	addi	sp,sp,-64
    7470:	01755793          	srli	a5,a0,0x17
    7474:	d84a                	sw	s2,48(sp)
    7476:	d256                	sw	s5,36(sp)
    7478:	ce5e                	sw	s7,28(sp)
    747a:	00951a93          	slli	s5,a0,0x9
    747e:	01f55913          	srli	s2,a0,0x1f
    7482:	de06                	sw	ra,60(sp)
    7484:	dc22                	sw	s0,56(sp)
    7486:	da26                	sw	s1,52(sp)
    7488:	d64e                	sw	s3,44(sp)
    748a:	d452                	sw	s4,40(sp)
    748c:	d05a                	sw	s6,32(sp)
    748e:	0ff7f793          	andi	a5,a5,255
    7492:	009ada93          	srli	s5,s5,0x9
    7496:	8bca                	mv	s7,s2
    7498:	12078263          	beqz	a5,75bc <__divsf3+0x14e>
    749c:	0ff00713          	li	a4,255
    74a0:	12e78463          	beq	a5,a4,75c8 <__divsf3+0x15a>
    74a4:	0a8e                	slli	s5,s5,0x3
    74a6:	04000737          	lui	a4,0x4000
    74aa:	00eaeab3          	or	s5,s5,a4
    74ae:	f8178a13          	addi	s4,a5,-127 # 3ffff81 <_data_lma+0x3ff4279>
    74b2:	4401                	li	s0,0
    74b4:	4b01                	li	s6,0
    74b6:	0175d793          	srli	a5,a1,0x17
    74ba:	00959493          	slli	s1,a1,0x9
    74be:	0ff7f793          	andi	a5,a5,255
    74c2:	80a5                	srli	s1,s1,0x9
    74c4:	01f5d993          	srli	s3,a1,0x1f
    74c8:	c7fd                	beqz	a5,75b6 <__divsf3+0x148>
    74ca:	0ff00713          	li	a4,255
    74ce:	02e78763          	beq	a5,a4,74fc <__divsf3+0x8e>
    74d2:	048e                	slli	s1,s1,0x3
    74d4:	f8178793          	addi	a5,a5,-127
    74d8:	04000737          	lui	a4,0x4000
    74dc:	8cd9                	or	s1,s1,a4
    74de:	40fa0a33          	sub	s4,s4,a5
    74e2:	4681                	li	a3,0
    74e4:	8c55                	or	s0,s0,a3
    74e6:	00004717          	auipc	a4,0x4
    74ea:	3da70713          	addi	a4,a4,986 # b8c0 <atanlo+0xa4>
    74ee:	040a                	slli	s0,s0,0x2
    74f0:	943a                	add	s0,s0,a4
    74f2:	401c                	lw	a5,0(s0)
    74f4:	01394933          	xor	s2,s2,s3
    74f8:	97ba                	add	a5,a5,a4
    74fa:	8782                	jr	a5
    74fc:	f01a0a13          	addi	s4,s4,-255
    7500:	e8f9                	bnez	s1,75d6 <__divsf3+0x168>
    7502:	4689                	li	a3,2
    7504:	8c55                	or	s0,s0,a3
    7506:	00004717          	auipc	a4,0x4
    750a:	3fa70713          	addi	a4,a4,1018 # b900 <atanlo+0xe4>
    750e:	040a                	slli	s0,s0,0x2
    7510:	943a                	add	s0,s0,a4
    7512:	401c                	lw	a5,0(s0)
    7514:	01394933          	xor	s2,s2,s3
    7518:	97ba                	add	a5,a5,a4
    751a:	8782                	jr	a5
    751c:	4901                	li	s2,0
    751e:	0ff00713          	li	a4,255
    7522:	004007b7          	lui	a5,0x400
    7526:	00979513          	slli	a0,a5,0x9
    752a:	50f2                	lw	ra,60(sp)
    752c:	5462                	lw	s0,56(sp)
    752e:	01771793          	slli	a5,a4,0x17
    7532:	8125                	srli	a0,a0,0x9
    7534:	097e                	slli	s2,s2,0x1f
    7536:	8d5d                	or	a0,a0,a5
    7538:	01256533          	or	a0,a0,s2
    753c:	54d2                	lw	s1,52(sp)
    753e:	5942                	lw	s2,48(sp)
    7540:	59b2                	lw	s3,44(sp)
    7542:	5a22                	lw	s4,40(sp)
    7544:	5a92                	lw	s5,36(sp)
    7546:	5b02                	lw	s6,32(sp)
    7548:	4bf2                	lw	s7,28(sp)
    754a:	6121                	addi	sp,sp,64
    754c:	8082                	ret
    754e:	0ff00713          	li	a4,255
    7552:	4781                	li	a5,0
    7554:	bfc9                	j	7526 <__divsf3+0xb8>
    7556:	8aa6                	mv	s5,s1
    7558:	8bce                	mv	s7,s3
    755a:	8b36                	mv	s6,a3
    755c:	4789                	li	a5,2
    755e:	1afb0b63          	beq	s6,a5,7714 <__divsf3+0x2a6>
    7562:	478d                	li	a5,3
    7564:	fafb0ce3          	beq	s6,a5,751c <__divsf3+0xae>
    7568:	4785                	li	a5,1
    756a:	0afb0a63          	beq	s6,a5,761e <__divsf3+0x1b0>
    756e:	07fa0713          	addi	a4,s4,127
    7572:	001bf913          	andi	s2,s7,1
    7576:	12e05763          	blez	a4,76a4 <__divsf3+0x236>
    757a:	007af793          	andi	a5,s5,7
    757e:	c799                	beqz	a5,758c <__divsf3+0x11e>
    7580:	00faf793          	andi	a5,s5,15
    7584:	4691                	li	a3,4
    7586:	00d78363          	beq	a5,a3,758c <__divsf3+0x11e>
    758a:	0a91                	addi	s5,s5,4
    758c:	004a9793          	slli	a5,s5,0x4
    7590:	0007d963          	bgez	a5,75a2 <__divsf3+0x134>
    7594:	f80007b7          	lui	a5,0xf8000
    7598:	17fd                	addi	a5,a5,-1
    759a:	00fafab3          	and	s5,s5,a5
    759e:	080a0713          	addi	a4,s4,128
    75a2:	0fe00793          	li	a5,254
    75a6:	fae7c4e3          	blt	a5,a4,754e <__divsf3+0xe0>
    75aa:	006a9793          	slli	a5,s5,0x6
    75ae:	83a5                	srli	a5,a5,0x9
    75b0:	0ff77713          	andi	a4,a4,255
    75b4:	bf8d                	j	7526 <__divsf3+0xb8>
    75b6:	e4b9                	bnez	s1,7604 <__divsf3+0x196>
    75b8:	4685                	li	a3,1
    75ba:	b7a9                	j	7504 <__divsf3+0x96>
    75bc:	020a9463          	bnez	s5,75e4 <__divsf3+0x176>
    75c0:	4411                	li	s0,4
    75c2:	4a01                	li	s4,0
    75c4:	4b05                	li	s6,1
    75c6:	bdc5                	j	74b6 <__divsf3+0x48>
    75c8:	000a9963          	bnez	s5,75da <__divsf3+0x16c>
    75cc:	4421                	li	s0,8
    75ce:	0ff00a13          	li	s4,255
    75d2:	4b09                	li	s6,2
    75d4:	b5cd                	j	74b6 <__divsf3+0x48>
    75d6:	468d                	li	a3,3
    75d8:	b731                	j	74e4 <__divsf3+0x76>
    75da:	4431                	li	s0,12
    75dc:	0ff00a13          	li	s4,255
    75e0:	4b0d                	li	s6,3
    75e2:	bdd1                	j	74b6 <__divsf3+0x48>
    75e4:	8556                	mv	a0,s5
    75e6:	c62e                	sw	a1,12(sp)
    75e8:	50b000ef          	jal	ra,82f2 <__clzsi2>
    75ec:	ffb50793          	addi	a5,a0,-5
    75f0:	00fa9ab3          	sll	s5,s5,a5
    75f4:	f8a00793          	li	a5,-118
    75f8:	40a78a33          	sub	s4,a5,a0
    75fc:	4401                	li	s0,0
    75fe:	4b01                	li	s6,0
    7600:	45b2                	lw	a1,12(sp)
    7602:	bd55                	j	74b6 <__divsf3+0x48>
    7604:	8526                	mv	a0,s1
    7606:	4ed000ef          	jal	ra,82f2 <__clzsi2>
    760a:	ffb50713          	addi	a4,a0,-5
    760e:	00aa07b3          	add	a5,s4,a0
    7612:	00e494b3          	sll	s1,s1,a4
    7616:	07678a13          	addi	s4,a5,118 # f8000076 <_eusrstack+0xd7ffb076>
    761a:	4681                	li	a3,0
    761c:	b5e1                	j	74e4 <__divsf3+0x76>
    761e:	001bf913          	andi	s2,s7,1
    7622:	4701                	li	a4,0
    7624:	4781                	li	a5,0
    7626:	b701                	j	7526 <__divsf3+0xb8>
    7628:	6641                	lui	a2,0x10
    762a:	00549513          	slli	a0,s1,0x5
    762e:	167d                	addi	a2,a2,-1
    7630:	01055793          	srli	a5,a0,0x10
    7634:	8e69                	and	a2,a2,a0
    7636:	0a9afa63          	bgeu	s5,s1,76ea <__divsf3+0x27c>
    763a:	02fad5b3          	divu	a1,s5,a5
    763e:	1a7d                	addi	s4,s4,-1
    7640:	86d6                	mv	a3,s5
    7642:	4701                	li	a4,0
    7644:	02c58833          	mul	a6,a1,a2
    7648:	02f6f6b3          	remu	a3,a3,a5
    764c:	06c2                	slli	a3,a3,0x10
    764e:	8f55                	or	a4,a4,a3
    7650:	01077b63          	bgeu	a4,a6,7666 <__divsf3+0x1f8>
    7654:	972a                	add	a4,a4,a0
    7656:	fff58693          	addi	a3,a1,-1 # 7fffffff <_eusrstack+0x5fffafff>
    765a:	0aa76863          	bltu	a4,a0,770a <__divsf3+0x29c>
    765e:	0b077663          	bgeu	a4,a6,770a <__divsf3+0x29c>
    7662:	15f9                	addi	a1,a1,-2
    7664:	972a                	add	a4,a4,a0
    7666:	41070733          	sub	a4,a4,a6
    766a:	02f756b3          	divu	a3,a4,a5
    766e:	02f77733          	remu	a4,a4,a5
    7672:	02c68ab3          	mul	s5,a3,a2
    7676:	01071793          	slli	a5,a4,0x10
    767a:	0157fb63          	bgeu	a5,s5,7690 <__divsf3+0x222>
    767e:	97aa                	add	a5,a5,a0
    7680:	fff68713          	addi	a4,a3,-1 # 7dffffff <_eusrstack+0x5dffafff>
    7684:	08a7e163          	bltu	a5,a0,7706 <__divsf3+0x298>
    7688:	0757ff63          	bgeu	a5,s5,7706 <__divsf3+0x298>
    768c:	16f9                	addi	a3,a3,-2
    768e:	97aa                	add	a5,a5,a0
    7690:	05c2                	slli	a1,a1,0x10
    7692:	41578ab3          	sub	s5,a5,s5
    7696:	8dd5                	or	a1,a1,a3
    7698:	01503ab3          	snez	s5,s5
    769c:	0155eab3          	or	s5,a1,s5
    76a0:	8bca                	mv	s7,s2
    76a2:	b5f1                	j	756e <__divsf3+0x100>
    76a4:	4685                	li	a3,1
    76a6:	8e99                	sub	a3,a3,a4
    76a8:	c711                	beqz	a4,76b4 <__divsf3+0x246>
    76aa:	466d                	li	a2,27
    76ac:	4701                	li	a4,0
    76ae:	4781                	li	a5,0
    76b0:	e6d64be3          	blt	a2,a3,7526 <__divsf3+0xb8>
    76b4:	09ea0a13          	addi	s4,s4,158
    76b8:	014a9a33          	sll	s4,s5,s4
    76bc:	00dad7b3          	srl	a5,s5,a3
    76c0:	01403ab3          	snez	s5,s4
    76c4:	0157e7b3          	or	a5,a5,s5
    76c8:	0077f713          	andi	a4,a5,7
    76cc:	c719                	beqz	a4,76da <__divsf3+0x26c>
    76ce:	00f7f713          	andi	a4,a5,15
    76d2:	4691                	li	a3,4
    76d4:	00d70363          	beq	a4,a3,76da <__divsf3+0x26c>
    76d8:	0791                	addi	a5,a5,4
    76da:	00579713          	slli	a4,a5,0x5
    76de:	02074863          	bltz	a4,770e <__divsf3+0x2a0>
    76e2:	079a                	slli	a5,a5,0x6
    76e4:	83a5                	srli	a5,a5,0x9
    76e6:	4701                	li	a4,0
    76e8:	bd3d                	j	7526 <__divsf3+0xb8>
    76ea:	001ad693          	srli	a3,s5,0x1
    76ee:	02f6d5b3          	divu	a1,a3,a5
    76f2:	01fa9713          	slli	a4,s5,0x1f
    76f6:	8341                	srli	a4,a4,0x10
    76f8:	02c58833          	mul	a6,a1,a2
    76fc:	b7b1                	j	7648 <__divsf3+0x1da>
    76fe:	8bce                	mv	s7,s3
    7700:	8b36                	mv	s6,a3
    7702:	4a81                	li	s5,0
    7704:	bda1                	j	755c <__divsf3+0xee>
    7706:	86ba                	mv	a3,a4
    7708:	b761                	j	7690 <__divsf3+0x222>
    770a:	85b6                	mv	a1,a3
    770c:	bfa9                	j	7666 <__divsf3+0x1f8>
    770e:	4705                	li	a4,1
    7710:	4781                	li	a5,0
    7712:	bd11                	j	7526 <__divsf3+0xb8>
    7714:	001bf913          	andi	s2,s7,1
    7718:	0ff00713          	li	a4,255
    771c:	4781                	li	a5,0
    771e:	b521                	j	7526 <__divsf3+0xb8>

00007720 <__eqsf2>:
    7720:	01755693          	srli	a3,a0,0x17
    7724:	008007b7          	lui	a5,0x800
    7728:	17fd                	addi	a5,a5,-1
    772a:	0175d613          	srli	a2,a1,0x17
    772e:	0ff6f693          	andi	a3,a3,255
    7732:	0ff00813          	li	a6,255
    7736:	00a7f8b3          	and	a7,a5,a0
    773a:	01f55713          	srli	a4,a0,0x1f
    773e:	8fed                	and	a5,a5,a1
    7740:	0ff67613          	andi	a2,a2,255
    7744:	81fd                	srli	a1,a1,0x1f
    7746:	03068463          	beq	a3,a6,776e <__eqsf2+0x4e>
    774a:	0ff00513          	li	a0,255
    774e:	02a60463          	beq	a2,a0,7776 <__eqsf2+0x56>
    7752:	4505                	li	a0,1
    7754:	00c68363          	beq	a3,a2,775a <__eqsf2+0x3a>
    7758:	8082                	ret
    775a:	fef89fe3          	bne	a7,a5,7758 <__eqsf2+0x38>
    775e:	4501                	li	a0,0
    7760:	feb70ce3          	beq	a4,a1,7758 <__eqsf2+0x38>
    7764:	4505                	li	a0,1
    7766:	faed                	bnez	a3,7758 <__eqsf2+0x38>
    7768:	01103533          	snez	a0,a7
    776c:	8082                	ret
    776e:	4505                	li	a0,1
    7770:	fc088de3          	beqz	a7,774a <__eqsf2+0x2a>
    7774:	8082                	ret
    7776:	4505                	li	a0,1
    7778:	dfe9                	beqz	a5,7752 <__eqsf2+0x32>
    777a:	8082                	ret

0000777c <__gesf2>:
    777c:	01755693          	srli	a3,a0,0x17
    7780:	008007b7          	lui	a5,0x800
    7784:	17fd                	addi	a5,a5,-1
    7786:	0175d613          	srli	a2,a1,0x17
    778a:	0ff6f693          	andi	a3,a3,255
    778e:	0ff00813          	li	a6,255
    7792:	00a7f8b3          	and	a7,a5,a0
    7796:	01f55713          	srli	a4,a0,0x1f
    779a:	8fed                	and	a5,a5,a1
    779c:	0ff67613          	andi	a2,a2,255
    77a0:	81fd                	srli	a1,a1,0x1f
    77a2:	03068163          	beq	a3,a6,77c4 <__gesf2+0x48>
    77a6:	01060c63          	beq	a2,a6,77be <__gesf2+0x42>
    77aa:	e28d                	bnez	a3,77cc <__gesf2+0x50>
    77ac:	e211                	bnez	a2,77b0 <__gesf2+0x34>
    77ae:	c3b1                	beqz	a5,77f2 <__gesf2+0x76>
    77b0:	02088e63          	beqz	a7,77ec <__gesf2+0x70>
    77b4:	04b70563          	beq	a4,a1,77fe <__gesf2+0x82>
    77b8:	4505                	li	a0,1
    77ba:	e71d                	bnez	a4,77e8 <__gesf2+0x6c>
    77bc:	8082                	ret
    77be:	d7f5                	beqz	a5,77aa <__gesf2+0x2e>
    77c0:	5579                	li	a0,-2
    77c2:	8082                	ret
    77c4:	fe089ee3          	bnez	a7,77c0 <__gesf2+0x44>
    77c8:	02d60963          	beq	a2,a3,77fa <__gesf2+0x7e>
    77cc:	e211                	bnez	a2,77d0 <__gesf2+0x54>
    77ce:	d7ed                	beqz	a5,77b8 <__gesf2+0x3c>
    77d0:	feb714e3          	bne	a4,a1,77b8 <__gesf2+0x3c>
    77d4:	fed642e3          	blt	a2,a3,77b8 <__gesf2+0x3c>
    77d8:	00c6c763          	blt	a3,a2,77e6 <__gesf2+0x6a>
    77dc:	fd17eee3          	bltu	a5,a7,77b8 <__gesf2+0x3c>
    77e0:	4501                	li	a0,0
    77e2:	fcf8fde3          	bgeu	a7,a5,77bc <__gesf2+0x40>
    77e6:	e701                	bnez	a4,77ee <__gesf2+0x72>
    77e8:	557d                	li	a0,-1
    77ea:	8082                	ret
    77ec:	ddf5                	beqz	a1,77e8 <__gesf2+0x6c>
    77ee:	4505                	li	a0,1
    77f0:	8082                	ret
    77f2:	4501                	li	a0,0
    77f4:	fc0892e3          	bnez	a7,77b8 <__gesf2+0x3c>
    77f8:	8082                	ret
    77fa:	dbf9                	beqz	a5,77d0 <__gesf2+0x54>
    77fc:	b7d1                	j	77c0 <__gesf2+0x44>
    77fe:	4681                	li	a3,0
    7800:	bfe1                	j	77d8 <__gesf2+0x5c>

00007802 <__lesf2>:
    7802:	01755693          	srli	a3,a0,0x17
    7806:	008007b7          	lui	a5,0x800
    780a:	17fd                	addi	a5,a5,-1
    780c:	0175d613          	srli	a2,a1,0x17
    7810:	0ff6f693          	andi	a3,a3,255
    7814:	0ff00813          	li	a6,255
    7818:	00a7f8b3          	and	a7,a5,a0
    781c:	01f55713          	srli	a4,a0,0x1f
    7820:	8fed                	and	a5,a5,a1
    7822:	0ff67613          	andi	a2,a2,255
    7826:	81fd                	srli	a1,a1,0x1f
    7828:	03068763          	beq	a3,a6,7856 <__lesf2+0x54>
    782c:	01060963          	beq	a2,a6,783e <__lesf2+0x3c>
    7830:	ea85                	bnez	a3,7860 <__lesf2+0x5e>
    7832:	ea11                	bnez	a2,7846 <__lesf2+0x44>
    7834:	eb89                	bnez	a5,7846 <__lesf2+0x44>
    7836:	4501                	li	a0,0
    7838:	00089b63          	bnez	a7,784e <__lesf2+0x4c>
    783c:	8082                	ret
    783e:	4509                	li	a0,2
    7840:	fff5                	bnez	a5,783c <__lesf2+0x3a>
    7842:	dae5                	beqz	a3,7832 <__lesf2+0x30>
    7844:	a831                	j	7860 <__lesf2+0x5e>
    7846:	02088c63          	beqz	a7,787e <__lesf2+0x7c>
    784a:	04b70063          	beq	a4,a1,788a <__lesf2+0x88>
    784e:	4505                	li	a0,1
    7850:	d775                	beqz	a4,783c <__lesf2+0x3a>
    7852:	557d                	li	a0,-1
    7854:	8082                	ret
    7856:	4509                	li	a0,2
    7858:	02089863          	bnez	a7,7888 <__lesf2+0x86>
    785c:	02d60463          	beq	a2,a3,7884 <__lesf2+0x82>
    7860:	e211                	bnez	a2,7864 <__lesf2+0x62>
    7862:	d7f5                	beqz	a5,784e <__lesf2+0x4c>
    7864:	feb715e3          	bne	a4,a1,784e <__lesf2+0x4c>
    7868:	fed643e3          	blt	a2,a3,784e <__lesf2+0x4c>
    786c:	00c6c763          	blt	a3,a2,787a <__lesf2+0x78>
    7870:	fd17efe3          	bltu	a5,a7,784e <__lesf2+0x4c>
    7874:	4501                	li	a0,0
    7876:	fcf8f3e3          	bgeu	a7,a5,783c <__lesf2+0x3a>
    787a:	e319                	bnez	a4,7880 <__lesf2+0x7e>
    787c:	bfd9                	j	7852 <__lesf2+0x50>
    787e:	d9f1                	beqz	a1,7852 <__lesf2+0x50>
    7880:	4505                	li	a0,1
    7882:	8082                	ret
    7884:	d3e5                	beqz	a5,7864 <__lesf2+0x62>
    7886:	8082                	ret
    7888:	8082                	ret
    788a:	4681                	li	a3,0
    788c:	b7c5                	j	786c <__lesf2+0x6a>

0000788e <__mulsf3>:
    788e:	7179                	addi	sp,sp,-48
    7890:	d422                	sw	s0,40(sp)
    7892:	01755413          	srli	s0,a0,0x17
    7896:	ce4e                	sw	s3,28(sp)
    7898:	cc52                	sw	s4,24(sp)
    789a:	00951993          	slli	s3,a0,0x9
    789e:	d606                	sw	ra,44(sp)
    78a0:	d226                	sw	s1,36(sp)
    78a2:	d04a                	sw	s2,32(sp)
    78a4:	ca56                	sw	s5,20(sp)
    78a6:	c85a                	sw	s6,16(sp)
    78a8:	0ff47413          	andi	s0,s0,255
    78ac:	0099d993          	srli	s3,s3,0x9
    78b0:	01f55a13          	srli	s4,a0,0x1f
    78b4:	c469                	beqz	s0,797e <__mulsf3+0xf0>
    78b6:	0ff00793          	li	a5,255
    78ba:	0ef40863          	beq	s0,a5,79aa <__mulsf3+0x11c>
    78be:	00399793          	slli	a5,s3,0x3
    78c2:	04000737          	lui	a4,0x4000
    78c6:	00e7e9b3          	or	s3,a5,a4
    78ca:	f8140413          	addi	s0,s0,-127 # 3ffff81 <_data_lma+0x3ff4279>
    78ce:	4481                	li	s1,0
    78d0:	4b01                	li	s6,0
    78d2:	0175d713          	srli	a4,a1,0x17
    78d6:	00959a93          	slli	s5,a1,0x9
    78da:	0ff77713          	andi	a4,a4,255
    78de:	009ada93          	srli	s5,s5,0x9
    78e2:	01f5d913          	srli	s2,a1,0x1f
    78e6:	cf45                	beqz	a4,799e <__mulsf3+0x110>
    78e8:	0ff00793          	li	a5,255
    78ec:	02f70c63          	beq	a4,a5,7924 <__mulsf3+0x96>
    78f0:	0a8e                	slli	s5,s5,0x3
    78f2:	f8170713          	addi	a4,a4,-127 # 3ffff81 <_data_lma+0x3ff4279>
    78f6:	040007b7          	lui	a5,0x4000
    78fa:	00faeab3          	or	s5,s5,a5
    78fe:	943a                	add	s0,s0,a4
    7900:	4601                	li	a2,0
    7902:	012a4533          	xor	a0,s4,s2
    7906:	47bd                	li	a5,15
    7908:	86aa                	mv	a3,a0
    790a:	00140593          	addi	a1,s0,1
    790e:	1097e263          	bltu	a5,s1,7a12 <__mulsf3+0x184>
    7912:	00004717          	auipc	a4,0x4
    7916:	02e70713          	addi	a4,a4,46 # b940 <atanlo+0x124>
    791a:	048a                	slli	s1,s1,0x2
    791c:	94ba                	add	s1,s1,a4
    791e:	409c                	lw	a5,0(s1)
    7920:	97ba                	add	a5,a5,a4
    7922:	8782                	jr	a5
    7924:	0ff40413          	addi	s0,s0,255
    7928:	0c0a9863          	bnez	s5,79f8 <__mulsf3+0x16a>
    792c:	0024e493          	ori	s1,s1,2
    7930:	4609                	li	a2,2
    7932:	bfc1                	j	7902 <__mulsf3+0x74>
    7934:	4501                	li	a0,0
    7936:	0ff00713          	li	a4,255
    793a:	004007b7          	lui	a5,0x400
    793e:	50b2                	lw	ra,44(sp)
    7940:	5422                	lw	s0,40(sp)
    7942:	07a6                	slli	a5,a5,0x9
    7944:	075e                	slli	a4,a4,0x17
    7946:	83a5                	srli	a5,a5,0x9
    7948:	057e                	slli	a0,a0,0x1f
    794a:	8fd9                	or	a5,a5,a4
    794c:	5492                	lw	s1,36(sp)
    794e:	5902                	lw	s2,32(sp)
    7950:	49f2                	lw	s3,28(sp)
    7952:	4a62                	lw	s4,24(sp)
    7954:	4ad2                	lw	s5,20(sp)
    7956:	4b42                	lw	s6,16(sp)
    7958:	8d5d                	or	a0,a0,a5
    795a:	6145                	addi	sp,sp,48
    795c:	8082                	ret
    795e:	86ca                	mv	a3,s2
    7960:	89d6                	mv	s3,s5
    7962:	8b32                	mv	s6,a2
    7964:	4789                	li	a5,2
    7966:	0afb0163          	beq	s6,a5,7a08 <__mulsf3+0x17a>
    796a:	478d                	li	a5,3
    796c:	fcfb04e3          	beq	s6,a5,7934 <__mulsf3+0xa6>
    7970:	4785                	li	a5,1
    7972:	8536                	mv	a0,a3
    7974:	1afb1263          	bne	s6,a5,7b18 <__mulsf3+0x28a>
    7978:	4701                	li	a4,0
    797a:	4781                	li	a5,0
    797c:	b7c9                	j	793e <__mulsf3+0xb0>
    797e:	04099e63          	bnez	s3,79da <__mulsf3+0x14c>
    7982:	0175d713          	srli	a4,a1,0x17
    7986:	00959a93          	slli	s5,a1,0x9
    798a:	0ff77713          	andi	a4,a4,255
    798e:	4491                	li	s1,4
    7990:	4401                	li	s0,0
    7992:	4b05                	li	s6,1
    7994:	009ada93          	srli	s5,s5,0x9
    7998:	01f5d913          	srli	s2,a1,0x1f
    799c:	f731                	bnez	a4,78e8 <__mulsf3+0x5a>
    799e:	000a9d63          	bnez	s5,79b8 <__mulsf3+0x12a>
    79a2:	0014e493          	ori	s1,s1,1
    79a6:	4605                	li	a2,1
    79a8:	bfa9                	j	7902 <__mulsf3+0x74>
    79aa:	02099363          	bnez	s3,79d0 <__mulsf3+0x142>
    79ae:	44a1                	li	s1,8
    79b0:	0ff00413          	li	s0,255
    79b4:	4b09                	li	s6,2
    79b6:	bf31                	j	78d2 <__mulsf3+0x44>
    79b8:	8556                	mv	a0,s5
    79ba:	139000ef          	jal	ra,82f2 <__clzsi2>
    79be:	ffb50793          	addi	a5,a0,-5
    79c2:	8c09                	sub	s0,s0,a0
    79c4:	00fa9ab3          	sll	s5,s5,a5
    79c8:	f8a40413          	addi	s0,s0,-118
    79cc:	4601                	li	a2,0
    79ce:	bf15                	j	7902 <__mulsf3+0x74>
    79d0:	44b1                	li	s1,12
    79d2:	0ff00413          	li	s0,255
    79d6:	4b0d                	li	s6,3
    79d8:	bded                	j	78d2 <__mulsf3+0x44>
    79da:	854e                	mv	a0,s3
    79dc:	c62e                	sw	a1,12(sp)
    79de:	115000ef          	jal	ra,82f2 <__clzsi2>
    79e2:	ffb50793          	addi	a5,a0,-5
    79e6:	f8a00413          	li	s0,-118
    79ea:	00f999b3          	sll	s3,s3,a5
    79ee:	8c09                	sub	s0,s0,a0
    79f0:	4481                	li	s1,0
    79f2:	4b01                	li	s6,0
    79f4:	45b2                	lw	a1,12(sp)
    79f6:	bdf1                	j	78d2 <__mulsf3+0x44>
    79f8:	0034e493          	ori	s1,s1,3
    79fc:	460d                	li	a2,3
    79fe:	b711                	j	7902 <__mulsf3+0x74>
    7a00:	4789                	li	a5,2
    7a02:	86d2                	mv	a3,s4
    7a04:	f6fb13e3          	bne	s6,a5,796a <__mulsf3+0xdc>
    7a08:	8536                	mv	a0,a3
    7a0a:	0ff00713          	li	a4,255
    7a0e:	4781                	li	a5,0
    7a10:	b73d                	j	793e <__mulsf3+0xb0>
    7a12:	6341                	lui	t1,0x10
    7a14:	fff30693          	addi	a3,t1,-1 # ffff <_data_lma+0x42f7>
    7a18:	0109d613          	srli	a2,s3,0x10
    7a1c:	010ad893          	srli	a7,s5,0x10
    7a20:	00d9f7b3          	and	a5,s3,a3
    7a24:	00dafab3          	and	s5,s5,a3
    7a28:	03578833          	mul	a6,a5,s5
    7a2c:	02f889b3          	mul	s3,a7,a5
    7a30:	01085713          	srli	a4,a6,0x10
    7a34:	03560ab3          	mul	s5,a2,s5
    7a38:	99d6                	add	s3,s3,s5
    7a3a:	974e                	add	a4,a4,s3
    7a3c:	03160633          	mul	a2,a2,a7
    7a40:	01577363          	bgeu	a4,s5,7a46 <__mulsf3+0x1b8>
    7a44:	961a                	add	a2,a2,t1
    7a46:	67c1                	lui	a5,0x10
    7a48:	17fd                	addi	a5,a5,-1
    7a4a:	00f776b3          	and	a3,a4,a5
    7a4e:	00f87833          	and	a6,a6,a5
    7a52:	06c2                	slli	a3,a3,0x10
    7a54:	96c2                	add	a3,a3,a6
    7a56:	00669993          	slli	s3,a3,0x6
    7a5a:	01075793          	srli	a5,a4,0x10
    7a5e:	013039b3          	snez	s3,s3
    7a62:	82e9                	srli	a3,a3,0x1a
    7a64:	97b2                	add	a5,a5,a2
    7a66:	079a                	slli	a5,a5,0x6
    7a68:	00d9e6b3          	or	a3,s3,a3
    7a6c:	00d7e9b3          	or	s3,a5,a3
    7a70:	00499793          	slli	a5,s3,0x4
    7a74:	0007d963          	bgez	a5,7a86 <__mulsf3+0x1f8>
    7a78:	0019d713          	srli	a4,s3,0x1
    7a7c:	0019f793          	andi	a5,s3,1
    7a80:	00f769b3          	or	s3,a4,a5
    7a84:	842e                	mv	s0,a1
    7a86:	07f40713          	addi	a4,s0,127
    7a8a:	04e05063          	blez	a4,7aca <__mulsf3+0x23c>
    7a8e:	0079f793          	andi	a5,s3,7
    7a92:	c799                	beqz	a5,7aa0 <__mulsf3+0x212>
    7a94:	00f9f793          	andi	a5,s3,15
    7a98:	4691                	li	a3,4
    7a9a:	00d78363          	beq	a5,a3,7aa0 <__mulsf3+0x212>
    7a9e:	0991                	addi	s3,s3,4
    7aa0:	00499793          	slli	a5,s3,0x4
    7aa4:	0007d963          	bgez	a5,7ab6 <__mulsf3+0x228>
    7aa8:	f80007b7          	lui	a5,0xf8000
    7aac:	17fd                	addi	a5,a5,-1
    7aae:	00f9f9b3          	and	s3,s3,a5
    7ab2:	08040713          	addi	a4,s0,128
    7ab6:	0fe00793          	li	a5,254
    7aba:	04e7cb63          	blt	a5,a4,7b10 <__mulsf3+0x282>
    7abe:	00699793          	slli	a5,s3,0x6
    7ac2:	83a5                	srli	a5,a5,0x9
    7ac4:	0ff77713          	andi	a4,a4,255
    7ac8:	bd9d                	j	793e <__mulsf3+0xb0>
    7aca:	4785                	li	a5,1
    7acc:	40e786b3          	sub	a3,a5,a4
    7ad0:	c711                	beqz	a4,7adc <__mulsf3+0x24e>
    7ad2:	466d                	li	a2,27
    7ad4:	4701                	li	a4,0
    7ad6:	4781                	li	a5,0
    7ad8:	e6d643e3          	blt	a2,a3,793e <__mulsf3+0xb0>
    7adc:	09e40713          	addi	a4,s0,158
    7ae0:	00e99733          	sll	a4,s3,a4
    7ae4:	00e03733          	snez	a4,a4
    7ae8:	00d9d7b3          	srl	a5,s3,a3
    7aec:	8fd9                	or	a5,a5,a4
    7aee:	0077f713          	andi	a4,a5,7
    7af2:	c719                	beqz	a4,7b00 <__mulsf3+0x272>
    7af4:	00f7f713          	andi	a4,a5,15
    7af8:	4691                	li	a3,4
    7afa:	00d70363          	beq	a4,a3,7b00 <__mulsf3+0x272>
    7afe:	0791                	addi	a5,a5,4
    7b00:	00579713          	slli	a4,a5,0x5
    7b04:	00074c63          	bltz	a4,7b1c <__mulsf3+0x28e>
    7b08:	079a                	slli	a5,a5,0x6
    7b0a:	83a5                	srli	a5,a5,0x9
    7b0c:	4701                	li	a4,0
    7b0e:	bd05                	j	793e <__mulsf3+0xb0>
    7b10:	0ff00713          	li	a4,255
    7b14:	4781                	li	a5,0
    7b16:	b525                	j	793e <__mulsf3+0xb0>
    7b18:	842e                	mv	s0,a1
    7b1a:	b7b5                	j	7a86 <__mulsf3+0x1f8>
    7b1c:	4705                	li	a4,1
    7b1e:	4781                	li	a5,0
    7b20:	bd39                	j	793e <__mulsf3+0xb0>

00007b22 <__subsf3>:
    7b22:	00800737          	lui	a4,0x800
    7b26:	1141                	addi	sp,sp,-16
    7b28:	177d                	addi	a4,a4,-1
    7b2a:	01755693          	srli	a3,a0,0x17
    7b2e:	0175d813          	srli	a6,a1,0x17
    7b32:	00a777b3          	and	a5,a4,a0
    7b36:	0ff6f693          	andi	a3,a3,255
    7b3a:	01f55e93          	srli	t4,a0,0x1f
    7b3e:	00b77633          	and	a2,a4,a1
    7b42:	c226                	sw	s1,4(sp)
    7b44:	c04a                	sw	s2,0(sp)
    7b46:	0ff87813          	andi	a6,a6,255
    7b4a:	c606                	sw	ra,12(sp)
    7b4c:	c422                	sw	s0,8(sp)
    7b4e:	0ff00313          	li	t1,255
    7b52:	8e3e                	mv	t3,a5
    7b54:	8936                	mv	s2,a3
    7b56:	84f6                	mv	s1,t4
    7b58:	00379f13          	slli	t5,a5,0x3
    7b5c:	81fd                	srli	a1,a1,0x1f
    7b5e:	00361513          	slli	a0,a2,0x3
    7b62:	410688b3          	sub	a7,a3,a6
    7b66:	10680263          	beq	a6,t1,7c6a <__subsf3+0x148>
    7b6a:	0015c593          	xori	a1,a1,1
    7b6e:	10be8c63          	beq	t4,a1,7c86 <__subsf3+0x164>
    7b72:	0d105463          	blez	a7,7c3a <__subsf3+0x118>
    7b76:	10081063          	bnez	a6,7c76 <__subsf3+0x154>
    7b7a:	1e050463          	beqz	a0,7d62 <__subsf3+0x240>
    7b7e:	18fd                	addi	a7,a7,-1
    7b80:	40af07b3          	sub	a5,t5,a0
    7b84:	02088663          	beqz	a7,7bb0 <__subsf3+0x8e>
    7b88:	0ff00793          	li	a5,255
    7b8c:	16f68863          	beq	a3,a5,7cfc <__subsf3+0x1da>
    7b90:	47ed                	li	a5,27
    7b92:	2917c763          	blt	a5,a7,7e20 <__subsf3+0x2fe>
    7b96:	02000713          	li	a4,32
    7b9a:	41170733          	sub	a4,a4,a7
    7b9e:	00e51733          	sll	a4,a0,a4
    7ba2:	011557b3          	srl	a5,a0,a7
    7ba6:	00e03733          	snez	a4,a4
    7baa:	8fd9                	or	a5,a5,a4
    7bac:	40ff07b3          	sub	a5,t5,a5
    7bb0:	00579713          	slli	a4,a5,0x5
    7bb4:	1a075163          	bgez	a4,7d56 <__subsf3+0x234>
    7bb8:	04000437          	lui	s0,0x4000
    7bbc:	147d                	addi	s0,s0,-1
    7bbe:	8c7d                	and	s0,s0,a5
    7bc0:	8522                	mv	a0,s0
    7bc2:	2f05                	jal	82f2 <__clzsi2>
    7bc4:	156d                	addi	a0,a0,-5
    7bc6:	00a417b3          	sll	a5,s0,a0
    7bca:	1b254e63          	blt	a0,s2,7d86 <__subsf3+0x264>
    7bce:	41250533          	sub	a0,a0,s2
    7bd2:	00150413          	addi	s0,a0,1
    7bd6:	02000713          	li	a4,32
    7bda:	8f01                	sub	a4,a4,s0
    7bdc:	00e79733          	sll	a4,a5,a4
    7be0:	00e03733          	snez	a4,a4
    7be4:	0087d7b3          	srl	a5,a5,s0
    7be8:	8fd9                	or	a5,a5,a4
    7bea:	4901                	li	s2,0
    7bec:	0077f713          	andi	a4,a5,7
    7bf0:	c719                	beqz	a4,7bfe <__subsf3+0xdc>
    7bf2:	00f7f713          	andi	a4,a5,15
    7bf6:	4691                	li	a3,4
    7bf8:	00d70363          	beq	a4,a3,7bfe <__subsf3+0xdc>
    7bfc:	0791                	addi	a5,a5,4
    7bfe:	00579713          	slli	a4,a5,0x5
    7c02:	14075e63          	bgez	a4,7d5e <__subsf3+0x23c>
    7c06:	00190693          	addi	a3,s2,1 # 800001 <_data_lma+0x7f42f9>
    7c0a:	0ff00713          	li	a4,255
    7c0e:	0014fe93          	andi	t4,s1,1
    7c12:	16e68663          	beq	a3,a4,7d7e <__subsf3+0x25c>
    7c16:	079a                	slli	a5,a5,0x6
    7c18:	83a5                	srli	a5,a5,0x9
    7c1a:	0ff6f693          	andi	a3,a3,255
    7c1e:	07a6                	slli	a5,a5,0x9
    7c20:	40b2                	lw	ra,12(sp)
    7c22:	4422                	lw	s0,8(sp)
    7c24:	0097d513          	srli	a0,a5,0x9
    7c28:	06de                	slli	a3,a3,0x17
    7c2a:	01fe9793          	slli	a5,t4,0x1f
    7c2e:	8d55                	or	a0,a0,a3
    7c30:	4492                	lw	s1,4(sp)
    7c32:	4902                	lw	s2,0(sp)
    7c34:	8d5d                	or	a0,a0,a5
    7c36:	0141                	addi	sp,sp,16
    7c38:	8082                	ret
    7c3a:	0a089263          	bnez	a7,7cde <__subsf3+0x1bc>
    7c3e:	00168713          	addi	a4,a3,1
    7c42:	0fe77713          	andi	a4,a4,254
    7c46:	14071b63          	bnez	a4,7d9c <__subsf3+0x27a>
    7c4a:	22069463          	bnez	a3,7e72 <__subsf3+0x350>
    7c4e:	200f0263          	beqz	t5,7e52 <__subsf3+0x330>
    7c52:	d571                	beqz	a0,7c1e <__subsf3+0xfc>
    7c54:	40af07b3          	sub	a5,t5,a0
    7c58:	00579713          	slli	a4,a5,0x5
    7c5c:	22075563          	bgez	a4,7e86 <__subsf3+0x364>
    7c60:	41e507b3          	sub	a5,a0,t5
    7c64:	4901                	li	s2,0
    7c66:	84ae                	mv	s1,a1
    7c68:	b751                	j	7bec <__subsf3+0xca>
    7c6a:	f00500e3          	beqz	a0,7b6a <__subsf3+0x48>
    7c6e:	0abe8a63          	beq	t4,a1,7d22 <__subsf3+0x200>
    7c72:	fd1054e3          	blez	a7,7c3a <__subsf3+0x118>
    7c76:	0ff00793          	li	a5,255
    7c7a:	08f68163          	beq	a3,a5,7cfc <__subsf3+0x1da>
    7c7e:	040007b7          	lui	a5,0x4000
    7c82:	8d5d                	or	a0,a0,a5
    7c84:	b731                	j	7b90 <__subsf3+0x6e>
    7c86:	09105e63          	blez	a7,7d22 <__subsf3+0x200>
    7c8a:	08080163          	beqz	a6,7d0c <__subsf3+0x1ea>
    7c8e:	0ff00793          	li	a5,255
    7c92:	06f68563          	beq	a3,a5,7cfc <__subsf3+0x1da>
    7c96:	040007b7          	lui	a5,0x4000
    7c9a:	8d5d                	or	a0,a0,a5
    7c9c:	47ed                	li	a5,27
    7c9e:	1f17c063          	blt	a5,a7,7e7e <__subsf3+0x35c>
    7ca2:	02000713          	li	a4,32
    7ca6:	41170733          	sub	a4,a4,a7
    7caa:	00e51733          	sll	a4,a0,a4
    7cae:	011557b3          	srl	a5,a0,a7
    7cb2:	00e03733          	snez	a4,a4
    7cb6:	8fd9                	or	a5,a5,a4
    7cb8:	97fa                	add	a5,a5,t5
    7cba:	00579713          	slli	a4,a5,0x5
    7cbe:	08075c63          	bgez	a4,7d56 <__subsf3+0x234>
    7cc2:	0905                	addi	s2,s2,1
    7cc4:	0ff00713          	li	a4,255
    7cc8:	0ae90b63          	beq	s2,a4,7d7e <__subsf3+0x25c>
    7ccc:	7e0006b7          	lui	a3,0x7e000
    7cd0:	0017d713          	srli	a4,a5,0x1
    7cd4:	16fd                	addi	a3,a3,-1
    7cd6:	8b85                	andi	a5,a5,1
    7cd8:	8f75                	and	a4,a4,a3
    7cda:	8fd9                	or	a5,a5,a4
    7cdc:	bf01                	j	7bec <__subsf3+0xca>
    7cde:	40d80733          	sub	a4,a6,a3
    7ce2:	10069563          	bnez	a3,7dec <__subsf3+0x2ca>
    7ce6:	140f0d63          	beqz	t5,7e40 <__subsf3+0x31e>
    7cea:	177d                	addi	a4,a4,-1
    7cec:	1a070363          	beqz	a4,7e92 <__subsf3+0x370>
    7cf0:	0ff00793          	li	a5,255
    7cf4:	10f81463          	bne	a6,a5,7dfc <__subsf3+0x2da>
    7cf8:	84ae                	mv	s1,a1
    7cfa:	8e32                	mv	t3,a2
    7cfc:	060e0f63          	beqz	t3,7d7a <__subsf3+0x258>
    7d00:	4e81                	li	t4,0
    7d02:	0ff00693          	li	a3,255
    7d06:	004007b7          	lui	a5,0x400
    7d0a:	bf11                	j	7c1e <__subsf3+0xfc>
    7d0c:	c939                	beqz	a0,7d62 <__subsf3+0x240>
    7d0e:	18fd                	addi	a7,a7,-1
    7d10:	00af07b3          	add	a5,t5,a0
    7d14:	fa0883e3          	beqz	a7,7cba <__subsf3+0x198>
    7d18:	0ff00793          	li	a5,255
    7d1c:	f8f690e3          	bne	a3,a5,7c9c <__subsf3+0x17a>
    7d20:	bff1                	j	7cfc <__subsf3+0x1da>
    7d22:	08089963          	bnez	a7,7db4 <__subsf3+0x292>
    7d26:	00168913          	addi	s2,a3,1 # 7e000001 <_eusrstack+0x5dffb001>
    7d2a:	0fe97713          	andi	a4,s2,254
    7d2e:	12071663          	bnez	a4,7e5a <__subsf3+0x338>
    7d32:	10069b63          	bnez	a3,7e48 <__subsf3+0x326>
    7d36:	160f0363          	beqz	t5,7e9c <__subsf3+0x37a>
    7d3a:	ee0502e3          	beqz	a0,7c1e <__subsf3+0xfc>
    7d3e:	00af07b3          	add	a5,t5,a0
    7d42:	00579713          	slli	a4,a5,0x5
    7d46:	4901                	li	s2,0
    7d48:	00075763          	bgez	a4,7d56 <__subsf3+0x234>
    7d4c:	fc000737          	lui	a4,0xfc000
    7d50:	177d                	addi	a4,a4,-1
    7d52:	8ff9                	and	a5,a5,a4
    7d54:	4905                	li	s2,1
    7d56:	0077f713          	andi	a4,a5,7
    7d5a:	e8071ce3          	bnez	a4,7bf2 <__subsf3+0xd0>
    7d5e:	0037de13          	srli	t3,a5,0x3
    7d62:	0ff00793          	li	a5,255
    7d66:	f8f90be3          	beq	s2,a5,7cfc <__subsf3+0x1da>
    7d6a:	009e1793          	slli	a5,t3,0x9
    7d6e:	83a5                	srli	a5,a5,0x9
    7d70:	0ff97693          	andi	a3,s2,255
    7d74:	0014fe93          	andi	t4,s1,1
    7d78:	b55d                	j	7c1e <__subsf3+0xfc>
    7d7a:	0014fe93          	andi	t4,s1,1
    7d7e:	0ff00693          	li	a3,255
    7d82:	4781                	li	a5,0
    7d84:	bd69                	j	7c1e <__subsf3+0xfc>
    7d86:	fc000737          	lui	a4,0xfc000
    7d8a:	177d                	addi	a4,a4,-1
    7d8c:	8ff9                	and	a5,a5,a4
    7d8e:	0077f713          	andi	a4,a5,7
    7d92:	40a90933          	sub	s2,s2,a0
    7d96:	e4071ee3          	bnez	a4,7bf2 <__subsf3+0xd0>
    7d9a:	b7d1                	j	7d5e <__subsf3+0x23c>
    7d9c:	40af0433          	sub	s0,t5,a0
    7da0:	00541793          	slli	a5,s0,0x5
    7da4:	0c07c363          	bltz	a5,7e6a <__subsf3+0x348>
    7da8:	e0041ce3          	bnez	s0,7bc0 <__subsf3+0x9e>
    7dac:	4e81                	li	t4,0
    7dae:	4681                	li	a3,0
    7db0:	4781                	li	a5,0
    7db2:	b5b5                	j	7c1e <__subsf3+0xfc>
    7db4:	40d80733          	sub	a4,a6,a3
    7db8:	c6b5                	beqz	a3,7e24 <__subsf3+0x302>
    7dba:	0ff00793          	li	a5,255
    7dbe:	f2f80ee3          	beq	a6,a5,7cfa <__subsf3+0x1d8>
    7dc2:	040007b7          	lui	a5,0x4000
    7dc6:	00ff6f33          	or	t5,t5,a5
    7dca:	47ed                	li	a5,27
    7dcc:	0ce7cd63          	blt	a5,a4,7ea6 <__subsf3+0x384>
    7dd0:	02000793          	li	a5,32
    7dd4:	8f99                	sub	a5,a5,a4
    7dd6:	00ff17b3          	sll	a5,t5,a5
    7dda:	00ef5733          	srl	a4,t5,a4
    7dde:	00f037b3          	snez	a5,a5
    7de2:	8f5d                	or	a4,a4,a5
    7de4:	00a707b3          	add	a5,a4,a0
    7de8:	8942                	mv	s2,a6
    7dea:	bdc1                	j	7cba <__subsf3+0x198>
    7dec:	0ff00793          	li	a5,255
    7df0:	f0f804e3          	beq	a6,a5,7cf8 <__subsf3+0x1d6>
    7df4:	040007b7          	lui	a5,0x4000
    7df8:	00ff6f33          	or	t5,t5,a5
    7dfc:	47ed                	li	a5,27
    7dfe:	08e7c263          	blt	a5,a4,7e82 <__subsf3+0x360>
    7e02:	02000793          	li	a5,32
    7e06:	8f99                	sub	a5,a5,a4
    7e08:	00ff17b3          	sll	a5,t5,a5
    7e0c:	00ef5733          	srl	a4,t5,a4
    7e10:	00f037b3          	snez	a5,a5
    7e14:	8fd9                	or	a5,a5,a4
    7e16:	40f507b3          	sub	a5,a0,a5
    7e1a:	8942                	mv	s2,a6
    7e1c:	84ae                	mv	s1,a1
    7e1e:	bb49                	j	7bb0 <__subsf3+0x8e>
    7e20:	4785                	li	a5,1
    7e22:	b369                	j	7bac <__subsf3+0x8a>
    7e24:	060f0e63          	beqz	t5,7ea0 <__subsf3+0x37e>
    7e28:	177d                	addi	a4,a4,-1
    7e2a:	00af07b3          	add	a5,t5,a0
    7e2e:	8942                	mv	s2,a6
    7e30:	e80705e3          	beqz	a4,7cba <__subsf3+0x198>
    7e34:	0ff00793          	li	a5,255
    7e38:	f8f819e3          	bne	a6,a5,7dca <__subsf3+0x2a8>
    7e3c:	8e32                	mv	t3,a2
    7e3e:	bd7d                	j	7cfc <__subsf3+0x1da>
    7e40:	8e32                	mv	t3,a2
    7e42:	8942                	mv	s2,a6
    7e44:	84ae                	mv	s1,a1
    7e46:	bf31                	j	7d62 <__subsf3+0x240>
    7e48:	ea0f09e3          	beqz	t5,7cfa <__subsf3+0x1d8>
    7e4c:	ea0508e3          	beqz	a0,7cfc <__subsf3+0x1da>
    7e50:	bd45                	j	7d00 <__subsf3+0x1de>
    7e52:	cd0d                	beqz	a0,7e8c <__subsf3+0x36a>
    7e54:	8eae                	mv	t4,a1
    7e56:	87b2                	mv	a5,a2
    7e58:	b3d9                	j	7c1e <__subsf3+0xfc>
    7e5a:	0ff00793          	li	a5,255
    7e5e:	f2f900e3          	beq	s2,a5,7d7e <__subsf3+0x25c>
    7e62:	00af07b3          	add	a5,t5,a0
    7e66:	8385                	srli	a5,a5,0x1
    7e68:	b5fd                	j	7d56 <__subsf3+0x234>
    7e6a:	41e50433          	sub	s0,a0,t5
    7e6e:	84ae                	mv	s1,a1
    7e70:	bb81                	j	7bc0 <__subsf3+0x9e>
    7e72:	fc0f1de3          	bnez	t5,7e4c <__subsf3+0x32a>
    7e76:	e80505e3          	beqz	a0,7d00 <__subsf3+0x1de>
    7e7a:	84ae                	mv	s1,a1
    7e7c:	bdbd                	j	7cfa <__subsf3+0x1d8>
    7e7e:	4785                	li	a5,1
    7e80:	bd25                	j	7cb8 <__subsf3+0x196>
    7e82:	4785                	li	a5,1
    7e84:	bf49                	j	7e16 <__subsf3+0x2f4>
    7e86:	4901                	li	s2,0
    7e88:	ec0797e3          	bnez	a5,7d56 <__subsf3+0x234>
    7e8c:	4e81                	li	t4,0
    7e8e:	4781                	li	a5,0
    7e90:	b379                	j	7c1e <__subsf3+0xfc>
    7e92:	41e507b3          	sub	a5,a0,t5
    7e96:	8942                	mv	s2,a6
    7e98:	84ae                	mv	s1,a1
    7e9a:	bb19                	j	7bb0 <__subsf3+0x8e>
    7e9c:	87b2                	mv	a5,a2
    7e9e:	b341                	j	7c1e <__subsf3+0xfc>
    7ea0:	8e32                	mv	t3,a2
    7ea2:	8942                	mv	s2,a6
    7ea4:	bd7d                	j	7d62 <__subsf3+0x240>
    7ea6:	4705                	li	a4,1
    7ea8:	bf35                	j	7de4 <__subsf3+0x2c2>

00007eaa <__unordsf2>:
    7eaa:	01755693          	srli	a3,a0,0x17
    7eae:	008007b7          	lui	a5,0x800
    7eb2:	17fd                	addi	a5,a5,-1
    7eb4:	0175d613          	srli	a2,a1,0x17
    7eb8:	0ff6f693          	andi	a3,a3,255
    7ebc:	0ff00813          	li	a6,255
    7ec0:	00a7f733          	and	a4,a5,a0
    7ec4:	0ff67613          	andi	a2,a2,255
    7ec8:	8fed                	and	a5,a5,a1
    7eca:	01068b63          	beq	a3,a6,7ee0 <__unordsf2+0x36>
    7ece:	0ff00713          	li	a4,255
    7ed2:	4501                	li	a0,0
    7ed4:	00e60363          	beq	a2,a4,7eda <__unordsf2+0x30>
    7ed8:	8082                	ret
    7eda:	00f03533          	snez	a0,a5
    7ede:	8082                	ret
    7ee0:	4505                	li	a0,1
    7ee2:	d775                	beqz	a4,7ece <__unordsf2+0x24>
    7ee4:	8082                	ret

00007ee6 <__fixsfsi>:
    7ee6:	00800637          	lui	a2,0x800
    7eea:	01755713          	srli	a4,a0,0x17
    7eee:	fff60793          	addi	a5,a2,-1 # 7fffff <_data_lma+0x7f42f7>
    7ef2:	0ff77713          	andi	a4,a4,255
    7ef6:	07e00593          	li	a1,126
    7efa:	00a7f6b3          	and	a3,a5,a0
    7efe:	01f55793          	srli	a5,a0,0x1f
    7f02:	00e5fc63          	bgeu	a1,a4,7f1a <__fixsfsi+0x34>
    7f06:	09d00593          	li	a1,157
    7f0a:	00e5fa63          	bgeu	a1,a4,7f1e <__fixsfsi+0x38>
    7f0e:	80000537          	lui	a0,0x80000
    7f12:	fff54513          	not	a0,a0
    7f16:	953e                	add	a0,a0,a5
    7f18:	8082                	ret
    7f1a:	4501                	li	a0,0
    7f1c:	8082                	ret
    7f1e:	09500593          	li	a1,149
    7f22:	8ed1                	or	a3,a3,a2
    7f24:	00e5cd63          	blt	a1,a4,7f3e <__fixsfsi+0x58>
    7f28:	09600613          	li	a2,150
    7f2c:	40e60733          	sub	a4,a2,a4
    7f30:	00e6d733          	srl	a4,a3,a4
    7f34:	40e00533          	neg	a0,a4
    7f38:	f3f5                	bnez	a5,7f1c <__fixsfsi+0x36>
    7f3a:	853a                	mv	a0,a4
    7f3c:	8082                	ret
    7f3e:	f6a70713          	addi	a4,a4,-150 # fbffff6a <_eusrstack+0xdbffaf6a>
    7f42:	00e69733          	sll	a4,a3,a4
    7f46:	b7fd                	j	7f34 <__fixsfsi+0x4e>

00007f48 <__floatsisf>:
    7f48:	1141                	addi	sp,sp,-16
    7f4a:	c606                	sw	ra,12(sp)
    7f4c:	c422                	sw	s0,8(sp)
    7f4e:	c226                	sw	s1,4(sp)
    7f50:	cd0d                	beqz	a0,7f8a <__floatsisf+0x42>
    7f52:	41f55793          	srai	a5,a0,0x1f
    7f56:	00a7c433          	xor	s0,a5,a0
    7f5a:	8c1d                	sub	s0,s0,a5
    7f5c:	84aa                	mv	s1,a0
    7f5e:	8522                	mv	a0,s0
    7f60:	2e49                	jal	82f2 <__clzsi2>
    7f62:	09e00793          	li	a5,158
    7f66:	40a78733          	sub	a4,a5,a0
    7f6a:	09600793          	li	a5,150
    7f6e:	80fd                	srli	s1,s1,0x1f
    7f70:	02e7cc63          	blt	a5,a4,7fa8 <__floatsisf+0x60>
    7f74:	46a1                	li	a3,8
    7f76:	0ff77793          	andi	a5,a4,255
    7f7a:	00a6d563          	bge	a3,a0,7f84 <__floatsisf+0x3c>
    7f7e:	1561                	addi	a0,a0,-8
    7f80:	00a41433          	sll	s0,s0,a0
    7f84:	0426                	slli	s0,s0,0x9
    7f86:	8025                	srli	s0,s0,0x9
    7f88:	a021                	j	7f90 <__floatsisf+0x48>
    7f8a:	4481                	li	s1,0
    7f8c:	4781                	li	a5,0
    7f8e:	4401                	li	s0,0
    7f90:	0426                	slli	s0,s0,0x9
    7f92:	00945513          	srli	a0,s0,0x9
    7f96:	40b2                	lw	ra,12(sp)
    7f98:	4422                	lw	s0,8(sp)
    7f9a:	07de                	slli	a5,a5,0x17
    7f9c:	04fe                	slli	s1,s1,0x1f
    7f9e:	8d5d                	or	a0,a0,a5
    7fa0:	8d45                	or	a0,a0,s1
    7fa2:	4492                	lw	s1,4(sp)
    7fa4:	0141                	addi	sp,sp,16
    7fa6:	8082                	ret
    7fa8:	09900793          	li	a5,153
    7fac:	00e7dd63          	bge	a5,a4,7fc6 <__floatsisf+0x7e>
    7fb0:	01b50793          	addi	a5,a0,27 # 8000001b <_eusrstack+0x5fffb01b>
    7fb4:	4695                	li	a3,5
    7fb6:	00f417b3          	sll	a5,s0,a5
    7fba:	8e89                	sub	a3,a3,a0
    7fbc:	00d45433          	srl	s0,s0,a3
    7fc0:	00f037b3          	snez	a5,a5
    7fc4:	8c5d                	or	s0,s0,a5
    7fc6:	4795                	li	a5,5
    7fc8:	00a7d663          	bge	a5,a0,7fd4 <__floatsisf+0x8c>
    7fcc:	ffb50793          	addi	a5,a0,-5
    7fd0:	00f41433          	sll	s0,s0,a5
    7fd4:	fc0006b7          	lui	a3,0xfc000
    7fd8:	16fd                	addi	a3,a3,-1
    7fda:	00747793          	andi	a5,s0,7
    7fde:	00d47633          	and	a2,s0,a3
    7fe2:	c385                	beqz	a5,8002 <__floatsisf+0xba>
    7fe4:	00f47793          	andi	a5,s0,15
    7fe8:	4591                	li	a1,4
    7fea:	00b78c63          	beq	a5,a1,8002 <__floatsisf+0xba>
    7fee:	0611                	addi	a2,a2,4
    7ff0:	00561793          	slli	a5,a2,0x5
    7ff4:	0007d763          	bgez	a5,8002 <__floatsisf+0xba>
    7ff8:	09f00793          	li	a5,159
    7ffc:	8e75                	and	a2,a2,a3
    7ffe:	40a78733          	sub	a4,a5,a0
    8002:	00661413          	slli	s0,a2,0x6
    8006:	8025                	srli	s0,s0,0x9
    8008:	0ff77793          	andi	a5,a4,255
    800c:	b751                	j	7f90 <__floatsisf+0x48>

0000800e <__floatunsisf>:
    800e:	1141                	addi	sp,sp,-16
    8010:	c606                	sw	ra,12(sp)
    8012:	c422                	sw	s0,8(sp)
    8014:	cd15                	beqz	a0,8050 <__floatunsisf+0x42>
    8016:	842a                	mv	s0,a0
    8018:	2ce9                	jal	82f2 <__clzsi2>
    801a:	09e00793          	li	a5,158
    801e:	40a78733          	sub	a4,a5,a0
    8022:	09600793          	li	a5,150
    8026:	04e7c063          	blt	a5,a4,8066 <__floatunsisf+0x58>
    802a:	46a1                	li	a3,8
    802c:	0ff77793          	andi	a5,a4,255
    8030:	00a6d563          	bge	a3,a0,803a <__floatunsisf+0x2c>
    8034:	1561                	addi	a0,a0,-8
    8036:	00a41433          	sll	s0,s0,a0
    803a:	0426                	slli	s0,s0,0x9
    803c:	8025                	srli	s0,s0,0x9
    803e:	0426                	slli	s0,s0,0x9
    8040:	00945513          	srli	a0,s0,0x9
    8044:	40b2                	lw	ra,12(sp)
    8046:	4422                	lw	s0,8(sp)
    8048:	07de                	slli	a5,a5,0x17
    804a:	8d5d                	or	a0,a0,a5
    804c:	0141                	addi	sp,sp,16
    804e:	8082                	ret
    8050:	4401                	li	s0,0
    8052:	0426                	slli	s0,s0,0x9
    8054:	00945513          	srli	a0,s0,0x9
    8058:	40b2                	lw	ra,12(sp)
    805a:	4422                	lw	s0,8(sp)
    805c:	4781                	li	a5,0
    805e:	07de                	slli	a5,a5,0x17
    8060:	8d5d                	or	a0,a0,a5
    8062:	0141                	addi	sp,sp,16
    8064:	8082                	ret
    8066:	09900793          	li	a5,153
    806a:	00e7dd63          	bge	a5,a4,8084 <__floatunsisf+0x76>
    806e:	01b50793          	addi	a5,a0,27
    8072:	4695                	li	a3,5
    8074:	00f417b3          	sll	a5,s0,a5
    8078:	8e89                	sub	a3,a3,a0
    807a:	00f037b3          	snez	a5,a5
    807e:	00d45433          	srl	s0,s0,a3
    8082:	8c5d                	or	s0,s0,a5
    8084:	4795                	li	a5,5
    8086:	00a7d663          	bge	a5,a0,8092 <__floatunsisf+0x84>
    808a:	ffb50793          	addi	a5,a0,-5
    808e:	00f41433          	sll	s0,s0,a5
    8092:	fc0006b7          	lui	a3,0xfc000
    8096:	16fd                	addi	a3,a3,-1
    8098:	00747793          	andi	a5,s0,7
    809c:	00d47633          	and	a2,s0,a3
    80a0:	c385                	beqz	a5,80c0 <__floatunsisf+0xb2>
    80a2:	00f47793          	andi	a5,s0,15
    80a6:	4591                	li	a1,4
    80a8:	00b78c63          	beq	a5,a1,80c0 <__floatunsisf+0xb2>
    80ac:	0611                	addi	a2,a2,4
    80ae:	00561793          	slli	a5,a2,0x5
    80b2:	0007d763          	bgez	a5,80c0 <__floatunsisf+0xb2>
    80b6:	09f00793          	li	a5,159
    80ba:	8e75                	and	a2,a2,a3
    80bc:	40a78733          	sub	a4,a5,a0
    80c0:	00661413          	slli	s0,a2,0x6
    80c4:	8025                	srli	s0,s0,0x9
    80c6:	0426                	slli	s0,s0,0x9
    80c8:	00945513          	srli	a0,s0,0x9
    80cc:	40b2                	lw	ra,12(sp)
    80ce:	4422                	lw	s0,8(sp)
    80d0:	0ff77793          	andi	a5,a4,255
    80d4:	07de                	slli	a5,a5,0x17
    80d6:	8d5d                	or	a0,a0,a5
    80d8:	0141                	addi	sp,sp,16
    80da:	8082                	ret

000080dc <__extendsfdf2>:
    80dc:	01755713          	srli	a4,a0,0x17
    80e0:	0ff77713          	andi	a4,a4,255
    80e4:	1141                	addi	sp,sp,-16
    80e6:	00170793          	addi	a5,a4,1
    80ea:	c422                	sw	s0,8(sp)
    80ec:	c226                	sw	s1,4(sp)
    80ee:	00951413          	slli	s0,a0,0x9
    80f2:	c606                	sw	ra,12(sp)
    80f4:	0fe7f793          	andi	a5,a5,254
    80f8:	8025                	srli	s0,s0,0x9
    80fa:	01f55493          	srli	s1,a0,0x1f
    80fe:	c785                	beqz	a5,8126 <__extendsfdf2+0x4a>
    8100:	00345793          	srli	a5,s0,0x3
    8104:	38070713          	addi	a4,a4,896
    8108:	0476                	slli	s0,s0,0x1d
    810a:	07b2                	slli	a5,a5,0xc
    810c:	0752                	slli	a4,a4,0x14
    810e:	83b1                	srli	a5,a5,0xc
    8110:	01f49513          	slli	a0,s1,0x1f
    8114:	8fd9                	or	a5,a5,a4
    8116:	8fc9                	or	a5,a5,a0
    8118:	40b2                	lw	ra,12(sp)
    811a:	8522                	mv	a0,s0
    811c:	4422                	lw	s0,8(sp)
    811e:	4492                	lw	s1,4(sp)
    8120:	85be                	mv	a1,a5
    8122:	0141                	addi	sp,sp,16
    8124:	8082                	ret
    8126:	eb05                	bnez	a4,8156 <__extendsfdf2+0x7a>
    8128:	c439                	beqz	s0,8176 <__extendsfdf2+0x9a>
    812a:	8522                	mv	a0,s0
    812c:	22d9                	jal	82f2 <__clzsi2>
    812e:	47a9                	li	a5,10
    8130:	04a7c663          	blt	a5,a0,817c <__extendsfdf2+0xa0>
    8134:	472d                	li	a4,11
    8136:	8f09                	sub	a4,a4,a0
    8138:	01550793          	addi	a5,a0,21
    813c:	00e45733          	srl	a4,s0,a4
    8140:	00f41433          	sll	s0,s0,a5
    8144:	00c71793          	slli	a5,a4,0xc
    8148:	38900713          	li	a4,905
    814c:	8f09                	sub	a4,a4,a0
    814e:	83b1                	srli	a5,a5,0xc
    8150:	7ff77713          	andi	a4,a4,2047
    8154:	bf5d                	j	810a <__extendsfdf2+0x2e>
    8156:	cc01                	beqz	s0,816e <__extendsfdf2+0x92>
    8158:	00345713          	srli	a4,s0,0x3
    815c:	000807b7          	lui	a5,0x80
    8160:	8fd9                	or	a5,a5,a4
    8162:	07b2                	slli	a5,a5,0xc
    8164:	0476                	slli	s0,s0,0x1d
    8166:	83b1                	srli	a5,a5,0xc
    8168:	7ff00713          	li	a4,2047
    816c:	bf79                	j	810a <__extendsfdf2+0x2e>
    816e:	7ff00713          	li	a4,2047
    8172:	4781                	li	a5,0
    8174:	bf59                	j	810a <__extendsfdf2+0x2e>
    8176:	4701                	li	a4,0
    8178:	4781                	li	a5,0
    817a:	bf41                	j	810a <__extendsfdf2+0x2e>
    817c:	ff550713          	addi	a4,a0,-11
    8180:	00e41733          	sll	a4,s0,a4
    8184:	4401                	li	s0,0
    8186:	bf7d                	j	8144 <__extendsfdf2+0x68>

00008188 <__truncdfsf2>:
    8188:	0145d693          	srli	a3,a1,0x14
    818c:	00c59793          	slli	a5,a1,0xc
    8190:	7ff6f693          	andi	a3,a3,2047
    8194:	83b1                	srli	a5,a5,0xc
    8196:	00168613          	addi	a2,a3,1 # fc000001 <_eusrstack+0xdbffb001>
    819a:	078e                	slli	a5,a5,0x3
    819c:	01d55713          	srli	a4,a0,0x1d
    81a0:	7fe67613          	andi	a2,a2,2046
    81a4:	81fd                	srli	a1,a1,0x1f
    81a6:	8f5d                	or	a4,a4,a5
    81a8:	00351893          	slli	a7,a0,0x3
    81ac:	ce35                	beqz	a2,8228 <__truncdfsf2+0xa0>
    81ae:	c8068813          	addi	a6,a3,-896
    81b2:	0fe00793          	li	a5,254
    81b6:	0107dd63          	bge	a5,a6,81d0 <__truncdfsf2+0x48>
    81ba:	4781                	li	a5,0
    81bc:	00979513          	slli	a0,a5,0x9
    81c0:	0ff00693          	li	a3,255
    81c4:	06de                	slli	a3,a3,0x17
    81c6:	8125                	srli	a0,a0,0x9
    81c8:	05fe                	slli	a1,a1,0x1f
    81ca:	8d55                	or	a0,a0,a3
    81cc:	8d4d                	or	a0,a0,a1
    81ce:	8082                	ret
    81d0:	0b005563          	blez	a6,827a <__truncdfsf2+0xf2>
    81d4:	00651793          	slli	a5,a0,0x6
    81d8:	070e                	slli	a4,a4,0x3
    81da:	00f037b3          	snez	a5,a5
    81de:	8fd9                	or	a5,a5,a4
    81e0:	01d8d893          	srli	a7,a7,0x1d
    81e4:	0117e7b3          	or	a5,a5,a7
    81e8:	0077f713          	andi	a4,a5,7
    81ec:	10070163          	beqz	a4,82ee <__truncdfsf2+0x166>
    81f0:	00f7f713          	andi	a4,a5,15
    81f4:	4691                	li	a3,4
    81f6:	00d70363          	beq	a4,a3,81fc <__truncdfsf2+0x74>
    81fa:	0791                	addi	a5,a5,4
    81fc:	04000737          	lui	a4,0x4000
    8200:	8f7d                	and	a4,a4,a5
    8202:	c775                	beqz	a4,82ee <__truncdfsf2+0x166>
    8204:	00180713          	addi	a4,a6,1
    8208:	0ff00613          	li	a2,255
    820c:	0ff77693          	andi	a3,a4,255
    8210:	fac705e3          	beq	a4,a2,81ba <__truncdfsf2+0x32>
    8214:	079a                	slli	a5,a5,0x6
    8216:	83a5                	srli	a5,a5,0x9
    8218:	00979513          	slli	a0,a5,0x9
    821c:	06de                	slli	a3,a3,0x17
    821e:	8125                	srli	a0,a0,0x9
    8220:	05fe                	slli	a1,a1,0x1f
    8222:	8d55                	or	a0,a0,a3
    8224:	8d4d                	or	a0,a0,a1
    8226:	8082                	ret
    8228:	011767b3          	or	a5,a4,a7
    822c:	ee99                	bnez	a3,824a <__truncdfsf2+0xc2>
    822e:	cf85                	beqz	a5,8266 <__truncdfsf2+0xde>
    8230:	4795                	li	a5,5
    8232:	079a                	slli	a5,a5,0x6
    8234:	83a5                	srli	a5,a5,0x9
    8236:	00979513          	slli	a0,a5,0x9
    823a:	0ff6f693          	andi	a3,a3,255
    823e:	06de                	slli	a3,a3,0x17
    8240:	8125                	srli	a0,a0,0x9
    8242:	05fe                	slli	a1,a1,0x1f
    8244:	8d55                	or	a0,a0,a3
    8246:	8d4d                	or	a0,a0,a1
    8248:	8082                	ret
    824a:	dba5                	beqz	a5,81ba <__truncdfsf2+0x32>
    824c:	004007b7          	lui	a5,0x400
    8250:	00979513          	slli	a0,a5,0x9
    8254:	0ff00693          	li	a3,255
    8258:	06de                	slli	a3,a3,0x17
    825a:	4581                	li	a1,0
    825c:	8125                	srli	a0,a0,0x9
    825e:	05fe                	slli	a1,a1,0x1f
    8260:	8d55                	or	a0,a0,a3
    8262:	8d4d                	or	a0,a0,a1
    8264:	8082                	ret
    8266:	4781                	li	a5,0
    8268:	00979513          	slli	a0,a5,0x9
    826c:	4681                	li	a3,0
    826e:	06de                	slli	a3,a3,0x17
    8270:	8125                	srli	a0,a0,0x9
    8272:	05fe                	slli	a1,a1,0x1f
    8274:	8d55                	or	a0,a0,a3
    8276:	8d4d                	or	a0,a0,a1
    8278:	8082                	ret
    827a:	57a5                	li	a5,-23
    827c:	04f84863          	blt	a6,a5,82cc <__truncdfsf2+0x144>
    8280:	47f9                	li	a5,30
    8282:	00800637          	lui	a2,0x800
    8286:	410787b3          	sub	a5,a5,a6
    828a:	457d                	li	a0,31
    828c:	8e59                	or	a2,a2,a4
    828e:	04f55163          	bge	a0,a5,82d0 <__truncdfsf2+0x148>
    8292:	5779                	li	a4,-2
    8294:	41070733          	sub	a4,a4,a6
    8298:	02000513          	li	a0,32
    829c:	00e65733          	srl	a4,a2,a4
    82a0:	00a78863          	beq	a5,a0,82b0 <__truncdfsf2+0x128>
    82a4:	ca268693          	addi	a3,a3,-862
    82a8:	00d616b3          	sll	a3,a2,a3
    82ac:	00d8e8b3          	or	a7,a7,a3
    82b0:	011037b3          	snez	a5,a7
    82b4:	8fd9                	or	a5,a5,a4
    82b6:	0077f713          	andi	a4,a5,7
    82ba:	4801                	li	a6,0
    82bc:	fb15                	bnez	a4,81f0 <__truncdfsf2+0x68>
    82be:	00579713          	slli	a4,a5,0x5
    82c2:	4685                	li	a3,1
    82c4:	f40748e3          	bltz	a4,8214 <__truncdfsf2+0x8c>
    82c8:	4681                	li	a3,0
    82ca:	b7a5                	j	8232 <__truncdfsf2+0xaa>
    82cc:	4681                	li	a3,0
    82ce:	b78d                	j	8230 <__truncdfsf2+0xa8>
    82d0:	c8268693          	addi	a3,a3,-894
    82d4:	00d89733          	sll	a4,a7,a3
    82d8:	00e03733          	snez	a4,a4
    82dc:	00d616b3          	sll	a3,a2,a3
    82e0:	00f8d8b3          	srl	a7,a7,a5
    82e4:	00d767b3          	or	a5,a4,a3
    82e8:	00f8e7b3          	or	a5,a7,a5
    82ec:	b7e9                	j	82b6 <__truncdfsf2+0x12e>
    82ee:	86c2                	mv	a3,a6
    82f0:	b789                	j	8232 <__truncdfsf2+0xaa>

000082f2 <__clzsi2>:
    82f2:	67c1                	lui	a5,0x10
    82f4:	02f57e63          	bgeu	a0,a5,8330 <__clzsi2+0x3e>
    82f8:	0ff00793          	li	a5,255
    82fc:	02000713          	li	a4,32
    8300:	00a7ec63          	bltu	a5,a0,8318 <__clzsi2+0x26>
    8304:	00003797          	auipc	a5,0x3
    8308:	67c78793          	addi	a5,a5,1660 # b980 <__clz_tab>
    830c:	97aa                	add	a5,a5,a0
    830e:	0007c503          	lbu	a0,0(a5)
    8312:	40a70533          	sub	a0,a4,a0
    8316:	8082                	ret
    8318:	8121                	srli	a0,a0,0x8
    831a:	00003797          	auipc	a5,0x3
    831e:	66678793          	addi	a5,a5,1638 # b980 <__clz_tab>
    8322:	97aa                	add	a5,a5,a0
    8324:	0007c503          	lbu	a0,0(a5)
    8328:	4761                	li	a4,24
    832a:	40a70533          	sub	a0,a4,a0
    832e:	8082                	ret
    8330:	010007b7          	lui	a5,0x1000
    8334:	00f56e63          	bltu	a0,a5,8350 <__clzsi2+0x5e>
    8338:	8161                	srli	a0,a0,0x18
    833a:	00003797          	auipc	a5,0x3
    833e:	64678793          	addi	a5,a5,1606 # b980 <__clz_tab>
    8342:	97aa                	add	a5,a5,a0
    8344:	0007c503          	lbu	a0,0(a5)
    8348:	4721                	li	a4,8
    834a:	40a70533          	sub	a0,a4,a0
    834e:	8082                	ret
    8350:	8141                	srli	a0,a0,0x10
    8352:	00003797          	auipc	a5,0x3
    8356:	62e78793          	addi	a5,a5,1582 # b980 <__clz_tab>
    835a:	97aa                	add	a5,a5,a0
    835c:	0007c503          	lbu	a0,0(a5)
    8360:	4741                	li	a4,16
    8362:	40a70533          	sub	a0,a4,a0
    8366:	8082                	ret

00008368 <__errno>:
    8368:	81818793          	addi	a5,gp,-2024 # 20000208 <_impure_ptr>
    836c:	4388                	lw	a0,0(a5)
    836e:	8082                	ret

00008370 <memcpy>:
    8370:	00a5c7b3          	xor	a5,a1,a0
    8374:	8b8d                	andi	a5,a5,3
    8376:	00c50733          	add	a4,a0,a2
    837a:	e781                	bnez	a5,8382 <memcpy+0x12>
    837c:	478d                	li	a5,3
    837e:	00c7ee63          	bltu	a5,a2,839a <memcpy+0x2a>
    8382:	87aa                	mv	a5,a0
    8384:	0ae57063          	bgeu	a0,a4,8424 <memcpy+0xb4>
    8388:	0005c683          	lbu	a3,0(a1)
    838c:	0785                	addi	a5,a5,1
    838e:	0585                	addi	a1,a1,1
    8390:	fed78fa3          	sb	a3,-1(a5)
    8394:	fee7eae3          	bltu	a5,a4,8388 <memcpy+0x18>
    8398:	8082                	ret
    839a:	00357693          	andi	a3,a0,3
    839e:	87aa                	mv	a5,a0
    83a0:	ca91                	beqz	a3,83b4 <memcpy+0x44>
    83a2:	0005c683          	lbu	a3,0(a1)
    83a6:	0785                	addi	a5,a5,1
    83a8:	0585                	addi	a1,a1,1
    83aa:	fed78fa3          	sb	a3,-1(a5)
    83ae:	0037f693          	andi	a3,a5,3
    83b2:	b7fd                	j	83a0 <memcpy+0x30>
    83b4:	ffc77693          	andi	a3,a4,-4
    83b8:	fe068613          	addi	a2,a3,-32
    83bc:	06c7f063          	bgeu	a5,a2,841c <memcpy+0xac>
    83c0:	0005a383          	lw	t2,0(a1)
    83c4:	0045a283          	lw	t0,4(a1)
    83c8:	0085af83          	lw	t6,8(a1)
    83cc:	00c5af03          	lw	t5,12(a1)
    83d0:	0105ae83          	lw	t4,16(a1)
    83d4:	0145ae03          	lw	t3,20(a1)
    83d8:	0185a303          	lw	t1,24(a1)
    83dc:	01c5a883          	lw	a7,28(a1)
    83e0:	02458593          	addi	a1,a1,36
    83e4:	0077a023          	sw	t2,0(a5)
    83e8:	ffc5a803          	lw	a6,-4(a1)
    83ec:	0057a223          	sw	t0,4(a5)
    83f0:	01f7a423          	sw	t6,8(a5)
    83f4:	01e7a623          	sw	t5,12(a5)
    83f8:	01d7a823          	sw	t4,16(a5)
    83fc:	01c7aa23          	sw	t3,20(a5)
    8400:	0067ac23          	sw	t1,24(a5)
    8404:	0117ae23          	sw	a7,28(a5)
    8408:	02478793          	addi	a5,a5,36
    840c:	ff07ae23          	sw	a6,-4(a5)
    8410:	b775                	j	83bc <memcpy+0x4c>
    8412:	4190                	lw	a2,0(a1)
    8414:	0791                	addi	a5,a5,4
    8416:	0591                	addi	a1,a1,4
    8418:	fec7ae23          	sw	a2,-4(a5)
    841c:	fed7ebe3          	bltu	a5,a3,8412 <memcpy+0xa2>
    8420:	f6e7e4e3          	bltu	a5,a4,8388 <memcpy+0x18>
    8424:	8082                	ret

00008426 <__cvt>:
    8426:	7179                	addi	sp,sp,-48
    8428:	d422                	sw	s0,40(sp)
    842a:	d04a                	sw	s2,32(sp)
    842c:	cc52                	sw	s4,24(sp)
    842e:	ca56                	sw	s5,20(sp)
    8430:	c85a                	sw	s6,16(sp)
    8432:	d606                	sw	ra,44(sp)
    8434:	d226                	sw	s1,36(sp)
    8436:	ce4e                	sw	s3,28(sp)
    8438:	8a3a                	mv	s4,a4
    843a:	8aae                	mv	s5,a1
    843c:	8432                	mv	s0,a2
    843e:	8936                	mv	s2,a3
    8440:	8b42                	mv	s6,a6
    8442:	4701                	li	a4,0
    8444:	00065863          	bgez	a2,8454 <__cvt+0x2e>
    8448:	80000737          	lui	a4,0x80000
    844c:	00c74433          	xor	s0,a4,a2
    8450:	02d00713          	li	a4,45
    8454:	00e78023          	sb	a4,0(a5)
    8458:	fdf8f493          	andi	s1,a7,-33
    845c:	04600793          	li	a5,70
    8460:	468d                	li	a3,3
    8462:	00f48863          	beq	s1,a5,8472 <__cvt+0x4c>
    8466:	04500793          	li	a5,69
    846a:	4689                	li	a3,2
    846c:	00f49363          	bne	s1,a5,8472 <__cvt+0x4c>
    8470:	0905                	addi	s2,s2,1
    8472:	87da                	mv	a5,s6
    8474:	00c10893          	addi	a7,sp,12
    8478:	00810813          	addi	a6,sp,8
    847c:	874a                	mv	a4,s2
    847e:	85d6                	mv	a1,s5
    8480:	8622                	mv	a2,s0
    8482:	04b000ef          	jal	ra,8ccc <_dtoa_r>
    8486:	04700793          	li	a5,71
    848a:	89aa                	mv	s3,a0
    848c:	00f49663          	bne	s1,a5,8498 <__cvt+0x72>
    8490:	001a7a13          	andi	s4,s4,1
    8494:	040a0a63          	beqz	s4,84e8 <__cvt+0xc2>
    8498:	04600793          	li	a5,70
    849c:	01298a33          	add	s4,s3,s2
    84a0:	02f49763          	bne	s1,a5,84ce <__cvt+0xa8>
    84a4:	0009c703          	lbu	a4,0(s3)
    84a8:	03000793          	li	a5,48
    84ac:	00f71e63          	bne	a4,a5,84c8 <__cvt+0xa2>
    84b0:	4601                	li	a2,0
    84b2:	4681                	li	a3,0
    84b4:	8556                	mv	a0,s5
    84b6:	85a2                	mv	a1,s0
    84b8:	3d8020ef          	jal	ra,a890 <__eqdf2>
    84bc:	c511                	beqz	a0,84c8 <__cvt+0xa2>
    84be:	4785                	li	a5,1
    84c0:	41278933          	sub	s2,a5,s2
    84c4:	012b2023          	sw	s2,0(s6)
    84c8:	000b2783          	lw	a5,0(s6)
    84cc:	9a3e                	add	s4,s4,a5
    84ce:	4601                	li	a2,0
    84d0:	4681                	li	a3,0
    84d2:	8556                	mv	a0,s5
    84d4:	85a2                	mv	a1,s0
    84d6:	3ba020ef          	jal	ra,a890 <__eqdf2>
    84da:	e111                	bnez	a0,84de <__cvt+0xb8>
    84dc:	c652                	sw	s4,12(sp)
    84de:	03000713          	li	a4,48
    84e2:	47b2                	lw	a5,12(sp)
    84e4:	0347e263          	bltu	a5,s4,8508 <__cvt+0xe2>
    84e8:	47b2                	lw	a5,12(sp)
    84ea:	5742                	lw	a4,48(sp)
    84ec:	50b2                	lw	ra,44(sp)
    84ee:	5422                	lw	s0,40(sp)
    84f0:	413787b3          	sub	a5,a5,s3
    84f4:	c31c                	sw	a5,0(a4)
    84f6:	854e                	mv	a0,s3
    84f8:	5492                	lw	s1,36(sp)
    84fa:	5902                	lw	s2,32(sp)
    84fc:	49f2                	lw	s3,28(sp)
    84fe:	4a62                	lw	s4,24(sp)
    8500:	4ad2                	lw	s5,20(sp)
    8502:	4b42                	lw	s6,16(sp)
    8504:	6145                	addi	sp,sp,48
    8506:	8082                	ret
    8508:	00178693          	addi	a3,a5,1
    850c:	c636                	sw	a3,12(sp)
    850e:	00e78023          	sb	a4,0(a5)
    8512:	bfc1                	j	84e2 <__cvt+0xbc>

00008514 <__exponent>:
    8514:	00c50023          	sb	a2,0(a0)
    8518:	00250713          	addi	a4,a0,2
    851c:	02b00793          	li	a5,43
    8520:	0005d663          	bgez	a1,852c <__exponent+0x18>
    8524:	40b005b3          	neg	a1,a1
    8528:	02d00793          	li	a5,45
    852c:	00f500a3          	sb	a5,1(a0)
    8530:	47a5                	li	a5,9
    8532:	04b7da63          	bge	a5,a1,8586 <__exponent+0x72>
    8536:	1141                	addi	sp,sp,-16
    8538:	00f10793          	addi	a5,sp,15
    853c:	88be                	mv	a7,a5
    853e:	4829                	li	a6,10
    8540:	06300313          	li	t1,99
    8544:	0305e6b3          	rem	a3,a1,a6
    8548:	fff78613          	addi	a2,a5,-1
    854c:	03068693          	addi	a3,a3,48
    8550:	fed78fa3          	sb	a3,-1(a5)
    8554:	0305c6b3          	div	a3,a1,a6
    8558:	00b34d63          	blt	t1,a1,8572 <__exponent+0x5e>
    855c:	03068693          	addi	a3,a3,48
    8560:	17f9                	addi	a5,a5,-2
    8562:	fed60fa3          	sb	a3,-1(a2) # 7fffff <_data_lma+0x7f42f7>
    8566:	0117e963          	bltu	a5,a7,8578 <__exponent+0x64>
    856a:	40a70533          	sub	a0,a4,a0
    856e:	0141                	addi	sp,sp,16
    8570:	8082                	ret
    8572:	87b2                	mv	a5,a2
    8574:	85b6                	mv	a1,a3
    8576:	b7f9                	j	8544 <__exponent+0x30>
    8578:	0785                	addi	a5,a5,1
    857a:	fff7c683          	lbu	a3,-1(a5)
    857e:	0705                	addi	a4,a4,1
    8580:	fed70fa3          	sb	a3,-1(a4) # 7fffffff <_eusrstack+0x5fffafff>
    8584:	b7cd                	j	8566 <__exponent+0x52>
    8586:	03000793          	li	a5,48
    858a:	00450713          	addi	a4,a0,4
    858e:	03058593          	addi	a1,a1,48
    8592:	00f50123          	sb	a5,2(a0)
    8596:	00b501a3          	sb	a1,3(a0)
    859a:	40a70533          	sub	a0,a4,a0
    859e:	8082                	ret

000085a0 <_printf_float>:
    85a0:	7119                	addi	sp,sp,-128
    85a2:	ce3a                	sw	a4,28(sp)
    85a4:	de86                	sw	ra,124(sp)
    85a6:	dca2                	sw	s0,120(sp)
    85a8:	daa6                	sw	s1,116(sp)
    85aa:	842e                	mv	s0,a1
    85ac:	d8ca                	sw	s2,112(sp)
    85ae:	d6ce                	sw	s3,108(sp)
    85b0:	d4d2                	sw	s4,104(sp)
    85b2:	89b6                	mv	s3,a3
    85b4:	d0da                	sw	s6,96(sp)
    85b6:	cede                	sw	s7,92(sp)
    85b8:	cce2                	sw	s8,88(sp)
    85ba:	8932                	mv	s2,a2
    85bc:	d2d6                	sw	s5,100(sp)
    85be:	cae6                	sw	s9,84(sp)
    85c0:	c8ea                	sw	s10,80(sp)
    85c2:	c6ee                	sw	s11,76(sp)
    85c4:	84aa                	mv	s1,a0
    85c6:	2fc010ef          	jal	ra,98c2 <_localeconv_r>
    85ca:	00052b83          	lw	s7,0(a0)
    85ce:	855e                	mv	a0,s7
    85d0:	2b45                	jal	8b80 <strlen>
    85d2:	00042b03          	lw	s6,0(s0) # 4000000 <_data_lma+0x3ff42f8>
    85d6:	4772                	lw	a4,28(sp)
    85d8:	dc02                	sw	zero,56(sp)
    85da:	100b7693          	andi	a3,s6,256
    85de:	8c2a                	mv	s8,a0
    85e0:	01844a03          	lbu	s4,24(s0)
    85e4:	431c                	lw	a5,0(a4)
    85e6:	caf1                	beqz	a3,86ba <_printf_float+0x11a>
    85e8:	00478693          	addi	a3,a5,4
    85ec:	c314                	sw	a3,0(a4)
    85ee:	439c                	lw	a5,0(a5)
    85f0:	1008                	addi	a0,sp,32
    85f2:	4398                	lw	a4,0(a5)
    85f4:	d03a                	sw	a4,32(sp)
    85f6:	43d8                	lw	a4,4(a5)
    85f8:	d23a                	sw	a4,36(sp)
    85fa:	4798                	lw	a4,8(a5)
    85fc:	d43a                	sw	a4,40(sp)
    85fe:	47dc                	lw	a5,12(a5)
    8600:	d63e                	sw	a5,44(sp)
    8602:	44a020ef          	jal	ra,aa4c <__trunctfdf2>
    8606:	c428                	sw	a0,72(s0)
    8608:	c46c                	sw	a1,76(s0)
    860a:	04c42c83          	lw	s9,76(s0)
    860e:	00003717          	auipc	a4,0x3
    8612:	47270713          	addi	a4,a4,1138 # ba80 <__clz_tab+0x100>
    8616:	04842a83          	lw	s5,72(s0)
    861a:	00072d03          	lw	s10,0(a4)
    861e:	00472d83          	lw	s11,4(a4)
    8622:	001c9793          	slli	a5,s9,0x1
    8626:	8385                	srli	a5,a5,0x1
    8628:	866a                	mv	a2,s10
    862a:	86ee                	mv	a3,s11
    862c:	8556                	mv	a0,s5
    862e:	85be                	mv	a1,a5
    8630:	ce3e                	sw	a5,28(sp)
    8632:	376020ef          	jal	ra,a9a8 <__unorddf2>
    8636:	ed41                	bnez	a0,86ce <_printf_float+0x12e>
    8638:	47f2                	lw	a5,28(sp)
    863a:	866a                	mv	a2,s10
    863c:	86ee                	mv	a3,s11
    863e:	8556                	mv	a0,s5
    8640:	85be                	mv	a1,a5
    8642:	acbfd0ef          	jal	ra,610c <__ledf2>
    8646:	08a05463          	blez	a0,86ce <_printf_float+0x12e>
    864a:	4601                	li	a2,0
    864c:	4681                	li	a3,0
    864e:	8556                	mv	a0,s5
    8650:	85e6                	mv	a1,s9
    8652:	abbfd0ef          	jal	ra,610c <__ledf2>
    8656:	00055663          	bgez	a0,8662 <_printf_float+0xc2>
    865a:	02d00793          	li	a5,45
    865e:	04f401a3          	sb	a5,67(s0)
    8662:	04700793          	li	a5,71
    8666:	00003a97          	auipc	s5,0x3
    866a:	422a8a93          	addi	s5,s5,1058 # ba88 <__clz_tab+0x108>
    866e:	0147f663          	bgeu	a5,s4,867a <_printf_float+0xda>
    8672:	00003a97          	auipc	s5,0x3
    8676:	41aa8a93          	addi	s5,s5,1050 # ba8c <__clz_tab+0x10c>
    867a:	ffbb7b13          	andi	s6,s6,-5
    867e:	478d                	li	a5,3
    8680:	01642023          	sw	s6,0(s0)
    8684:	c81c                	sw	a5,16(s0)
    8686:	4b01                	li	s6,0
    8688:	874e                	mv	a4,s3
    868a:	86ca                	mv	a3,s2
    868c:	1870                	addi	a2,sp,60
    868e:	85a2                	mv	a1,s0
    8690:	8526                	mv	a0,s1
    8692:	2ec1                	jal	8a62 <_printf_common>
    8694:	5cfd                	li	s9,-1
    8696:	15951e63          	bne	a0,s9,87f2 <_printf_float+0x252>
    869a:	557d                	li	a0,-1
    869c:	50f6                	lw	ra,124(sp)
    869e:	5466                	lw	s0,120(sp)
    86a0:	54d6                	lw	s1,116(sp)
    86a2:	5946                	lw	s2,112(sp)
    86a4:	59b6                	lw	s3,108(sp)
    86a6:	5a26                	lw	s4,104(sp)
    86a8:	5a96                	lw	s5,100(sp)
    86aa:	5b06                	lw	s6,96(sp)
    86ac:	4bf6                	lw	s7,92(sp)
    86ae:	4c66                	lw	s8,88(sp)
    86b0:	4cd6                	lw	s9,84(sp)
    86b2:	4d46                	lw	s10,80(sp)
    86b4:	4db6                	lw	s11,76(sp)
    86b6:	6109                	addi	sp,sp,128
    86b8:	8082                	ret
    86ba:	079d                	addi	a5,a5,7
    86bc:	9be1                	andi	a5,a5,-8
    86be:	00878693          	addi	a3,a5,8
    86c2:	c314                	sw	a3,0(a4)
    86c4:	4398                	lw	a4,0(a5)
    86c6:	43dc                	lw	a5,4(a5)
    86c8:	c438                	sw	a4,72(s0)
    86ca:	c47c                	sw	a5,76(s0)
    86cc:	bf3d                	j	860a <_printf_float+0x6a>
    86ce:	8656                	mv	a2,s5
    86d0:	86e6                	mv	a3,s9
    86d2:	8556                	mv	a0,s5
    86d4:	85e6                	mv	a1,s9
    86d6:	2d2020ef          	jal	ra,a9a8 <__unorddf2>
    86da:	cd11                	beqz	a0,86f6 <_printf_float+0x156>
    86dc:	04700793          	li	a5,71
    86e0:	00003a97          	auipc	s5,0x3
    86e4:	3b0a8a93          	addi	s5,s5,944 # ba90 <__clz_tab+0x110>
    86e8:	f947f9e3          	bgeu	a5,s4,867a <_printf_float+0xda>
    86ec:	00003a97          	auipc	s5,0x3
    86f0:	3a8a8a93          	addi	s5,s5,936 # ba94 <__clz_tab+0x114>
    86f4:	b759                	j	867a <_printf_float+0xda>
    86f6:	405c                	lw	a5,4(s0)
    86f8:	577d                	li	a4,-1
    86fa:	0dfa7d13          	andi	s10,s4,223
    86fe:	08e79563          	bne	a5,a4,8788 <_printf_float+0x1e8>
    8702:	4799                	li	a5,6
    8704:	c05c                	sw	a5,4(s0)
    8706:	4054                	lw	a3,4(s0)
    8708:	400b6713          	ori	a4,s6,1024
    870c:	183c                	addi	a5,sp,56
    870e:	85d6                	mv	a1,s5
    8710:	c03e                	sw	a5,0(sp)
    8712:	c018                	sw	a4,0(s0)
    8714:	03310793          	addi	a5,sp,51
    8718:	c202                	sw	zero,4(sp)
    871a:	88d2                	mv	a7,s4
    871c:	03410813          	addi	a6,sp,52
    8720:	8666                	mv	a2,s9
    8722:	8526                	mv	a0,s1
    8724:	d03ff0ef          	jal	ra,8426 <__cvt>
    8728:	04700793          	li	a5,71
    872c:	8aaa                	mv	s5,a0
    872e:	55d2                	lw	a1,52(sp)
    8730:	00fd1b63          	bne	s10,a5,8746 <_printf_float+0x1a6>
    8734:	57f5                	li	a5,-3
    8736:	00f5c563          	blt	a1,a5,8740 <_printf_float+0x1a0>
    873a:	405c                	lw	a5,4(s0)
    873c:	08b7d863          	bge	a5,a1,87cc <_printf_float+0x22c>
    8740:	1a79                	addi	s4,s4,-2
    8742:	0ffa7a13          	andi	s4,s4,255
    8746:	06500793          	li	a5,101
    874a:	0547e663          	bltu	a5,s4,8796 <_printf_float+0x1f6>
    874e:	15fd                	addi	a1,a1,-1
    8750:	8652                	mv	a2,s4
    8752:	05040513          	addi	a0,s0,80
    8756:	da2e                	sw	a1,52(sp)
    8758:	dbdff0ef          	jal	ra,8514 <__exponent>
    875c:	5762                	lw	a4,56(sp)
    875e:	4685                	li	a3,1
    8760:	8b2a                	mv	s6,a0
    8762:	00a707b3          	add	a5,a4,a0
    8766:	c81c                	sw	a5,16(s0)
    8768:	00e6c563          	blt	a3,a4,8772 <_printf_float+0x1d2>
    876c:	4018                	lw	a4,0(s0)
    876e:	8b05                	andi	a4,a4,1
    8770:	c319                	beqz	a4,8776 <_printf_float+0x1d6>
    8772:	0785                	addi	a5,a5,1
    8774:	c81c                	sw	a5,16(s0)
    8776:	03314783          	lbu	a5,51(sp)
    877a:	f00787e3          	beqz	a5,8688 <_printf_float+0xe8>
    877e:	02d00793          	li	a5,45
    8782:	04f401a3          	sb	a5,67(s0)
    8786:	b709                	j	8688 <_printf_float+0xe8>
    8788:	04700713          	li	a4,71
    878c:	f6ed1de3          	bne	s10,a4,8706 <_printf_float+0x166>
    8790:	fbbd                	bnez	a5,8706 <_printf_float+0x166>
    8792:	4785                	li	a5,1
    8794:	bf85                	j	8704 <_printf_float+0x164>
    8796:	06600793          	li	a5,102
    879a:	02fa1b63          	bne	s4,a5,87d0 <_printf_float+0x230>
    879e:	405c                	lw	a5,4(s0)
    87a0:	00b05b63          	blez	a1,87b6 <_printf_float+0x216>
    87a4:	c80c                	sw	a1,16(s0)
    87a6:	e781                	bnez	a5,87ae <_printf_float+0x20e>
    87a8:	4018                	lw	a4,0(s0)
    87aa:	8b05                	andi	a4,a4,1
    87ac:	cf09                	beqz	a4,87c6 <_printf_float+0x226>
    87ae:	0785                	addi	a5,a5,1
    87b0:	97ae                	add	a5,a5,a1
    87b2:	c81c                	sw	a5,16(s0)
    87b4:	a809                	j	87c6 <_printf_float+0x226>
    87b6:	e789                	bnez	a5,87c0 <_printf_float+0x220>
    87b8:	4018                	lw	a4,0(s0)
    87ba:	4685                	li	a3,1
    87bc:	8b05                	andi	a4,a4,1
    87be:	c319                	beqz	a4,87c4 <_printf_float+0x224>
    87c0:	00278693          	addi	a3,a5,2
    87c4:	c814                	sw	a3,16(s0)
    87c6:	cc2c                	sw	a1,88(s0)
    87c8:	4b01                	li	s6,0
    87ca:	b775                	j	8776 <_printf_float+0x1d6>
    87cc:	06700a13          	li	s4,103
    87d0:	57e2                	lw	a5,56(sp)
    87d2:	00f5c963          	blt	a1,a5,87e4 <_printf_float+0x244>
    87d6:	401c                	lw	a5,0(s0)
    87d8:	c80c                	sw	a1,16(s0)
    87da:	8b85                	andi	a5,a5,1
    87dc:	d7ed                	beqz	a5,87c6 <_printf_float+0x226>
    87de:	00158793          	addi	a5,a1,1
    87e2:	bfc1                	j	87b2 <_printf_float+0x212>
    87e4:	4705                	li	a4,1
    87e6:	00b04463          	bgtz	a1,87ee <_printf_float+0x24e>
    87ea:	4709                	li	a4,2
    87ec:	8f0d                	sub	a4,a4,a1
    87ee:	97ba                	add	a5,a5,a4
    87f0:	b7c9                	j	87b2 <_printf_float+0x212>
    87f2:	401c                	lw	a5,0(s0)
    87f4:	4007f713          	andi	a4,a5,1024
    87f8:	e315                	bnez	a4,881c <_printf_float+0x27c>
    87fa:	4814                	lw	a3,16(s0)
    87fc:	8656                	mv	a2,s5
    87fe:	85ca                	mv	a1,s2
    8800:	8526                	mv	a0,s1
    8802:	9982                	jalr	s3
    8804:	e9950be3          	beq	a0,s9,869a <_printf_float+0xfa>
    8808:	401c                	lw	a5,0(s0)
    880a:	8b89                	andi	a5,a5,2
    880c:	24079663          	bnez	a5,8a58 <_printf_float+0x4b8>
    8810:	57f2                	lw	a5,60(sp)
    8812:	4448                	lw	a0,12(s0)
    8814:	e8f554e3          	bge	a0,a5,869c <_printf_float+0xfc>
    8818:	853e                	mv	a0,a5
    881a:	b549                	j	869c <_printf_float+0xfc>
    881c:	06500713          	li	a4,101
    8820:	19477b63          	bgeu	a4,s4,89b6 <_printf_float+0x416>
    8824:	4428                	lw	a0,72(s0)
    8826:	446c                	lw	a1,76(s0)
    8828:	4601                	li	a2,0
    882a:	4681                	li	a3,0
    882c:	064020ef          	jal	ra,a890 <__eqdf2>
    8830:	e939                	bnez	a0,8886 <_printf_float+0x2e6>
    8832:	4685                	li	a3,1
    8834:	00003617          	auipc	a2,0x3
    8838:	26460613          	addi	a2,a2,612 # ba98 <__clz_tab+0x118>
    883c:	85ca                	mv	a1,s2
    883e:	8526                	mv	a0,s1
    8840:	9982                	jalr	s3
    8842:	e5950ce3          	beq	a0,s9,869a <_printf_float+0xfa>
    8846:	5752                	lw	a4,52(sp)
    8848:	57e2                	lw	a5,56(sp)
    884a:	00f74563          	blt	a4,a5,8854 <_printf_float+0x2b4>
    884e:	401c                	lw	a5,0(s0)
    8850:	8b85                	andi	a5,a5,1
    8852:	dbdd                	beqz	a5,8808 <_printf_float+0x268>
    8854:	86e2                	mv	a3,s8
    8856:	865e                	mv	a2,s7
    8858:	85ca                	mv	a1,s2
    885a:	8526                	mv	a0,s1
    885c:	9982                	jalr	s3
    885e:	57fd                	li	a5,-1
    8860:	e2f50de3          	beq	a0,a5,869a <_printf_float+0xfa>
    8864:	4a01                	li	s4,0
    8866:	01a40a93          	addi	s5,s0,26
    886a:	5b7d                	li	s6,-1
    886c:	57e2                	lw	a5,56(sp)
    886e:	17fd                	addi	a5,a5,-1
    8870:	f8fa5ce3          	bge	s4,a5,8808 <_printf_float+0x268>
    8874:	4685                	li	a3,1
    8876:	8656                	mv	a2,s5
    8878:	85ca                	mv	a1,s2
    887a:	8526                	mv	a0,s1
    887c:	9982                	jalr	s3
    887e:	e1650ee3          	beq	a0,s6,869a <_printf_float+0xfa>
    8882:	0a05                	addi	s4,s4,1
    8884:	b7e5                	j	886c <_printf_float+0x2cc>
    8886:	57d2                	lw	a5,52(sp)
    8888:	06f04663          	bgtz	a5,88f4 <_printf_float+0x354>
    888c:	4685                	li	a3,1
    888e:	00003617          	auipc	a2,0x3
    8892:	20a60613          	addi	a2,a2,522 # ba98 <__clz_tab+0x118>
    8896:	85ca                	mv	a1,s2
    8898:	8526                	mv	a0,s1
    889a:	9982                	jalr	s3
    889c:	df950fe3          	beq	a0,s9,869a <_printf_float+0xfa>
    88a0:	57d2                	lw	a5,52(sp)
    88a2:	5762                	lw	a4,56(sp)
    88a4:	8fd9                	or	a5,a5,a4
    88a6:	e781                	bnez	a5,88ae <_printf_float+0x30e>
    88a8:	401c                	lw	a5,0(s0)
    88aa:	8b85                	andi	a5,a5,1
    88ac:	dfb1                	beqz	a5,8808 <_printf_float+0x268>
    88ae:	86e2                	mv	a3,s8
    88b0:	865e                	mv	a2,s7
    88b2:	85ca                	mv	a1,s2
    88b4:	8526                	mv	a0,s1
    88b6:	9982                	jalr	s3
    88b8:	57fd                	li	a5,-1
    88ba:	def500e3          	beq	a0,a5,869a <_printf_float+0xfa>
    88be:	4a01                	li	s4,0
    88c0:	01a40b13          	addi	s6,s0,26
    88c4:	5bfd                	li	s7,-1
    88c6:	57d2                	lw	a5,52(sp)
    88c8:	40f007b3          	neg	a5,a5
    88cc:	00fa4b63          	blt	s4,a5,88e2 <_printf_float+0x342>
    88d0:	56e2                	lw	a3,56(sp)
    88d2:	8656                	mv	a2,s5
    88d4:	85ca                	mv	a1,s2
    88d6:	8526                	mv	a0,s1
    88d8:	9982                	jalr	s3
    88da:	57fd                	li	a5,-1
    88dc:	f2f516e3          	bne	a0,a5,8808 <_printf_float+0x268>
    88e0:	bb6d                	j	869a <_printf_float+0xfa>
    88e2:	4685                	li	a3,1
    88e4:	865a                	mv	a2,s6
    88e6:	85ca                	mv	a1,s2
    88e8:	8526                	mv	a0,s1
    88ea:	9982                	jalr	s3
    88ec:	db7507e3          	beq	a0,s7,869a <_printf_float+0xfa>
    88f0:	0a05                	addi	s4,s4,1
    88f2:	bfd1                	j	88c6 <_printf_float+0x326>
    88f4:	4c3c                	lw	a5,88(s0)
    88f6:	5a62                	lw	s4,56(sp)
    88f8:	0147d363          	bge	a5,s4,88fe <_printf_float+0x35e>
    88fc:	8a3e                	mv	s4,a5
    88fe:	01405a63          	blez	s4,8912 <_printf_float+0x372>
    8902:	86d2                	mv	a3,s4
    8904:	8656                	mv	a2,s5
    8906:	85ca                	mv	a1,s2
    8908:	8526                	mv	a0,s1
    890a:	9982                	jalr	s3
    890c:	57fd                	li	a5,-1
    890e:	d8f506e3          	beq	a0,a5,869a <_printf_float+0xfa>
    8912:	4c81                	li	s9,0
    8914:	01a40d13          	addi	s10,s0,26
    8918:	5dfd                	li	s11,-1
    891a:	a809                	j	892c <_printf_float+0x38c>
    891c:	4685                	li	a3,1
    891e:	866a                	mv	a2,s10
    8920:	85ca                	mv	a1,s2
    8922:	8526                	mv	a0,s1
    8924:	9982                	jalr	s3
    8926:	d7b50ae3          	beq	a0,s11,869a <_printf_float+0xfa>
    892a:	0c85                	addi	s9,s9,1
    892c:	05842b03          	lw	s6,88(s0)
    8930:	87d2                	mv	a5,s4
    8932:	000a5363          	bgez	s4,8938 <_printf_float+0x398>
    8936:	4781                	li	a5,0
    8938:	40fb07b3          	sub	a5,s6,a5
    893c:	fefcc0e3          	blt	s9,a5,891c <_printf_float+0x37c>
    8940:	5752                	lw	a4,52(sp)
    8942:	57e2                	lw	a5,56(sp)
    8944:	02f74d63          	blt	a4,a5,897e <_printf_float+0x3de>
    8948:	401c                	lw	a5,0(s0)
    894a:	8b85                	andi	a5,a5,1
    894c:	eb8d                	bnez	a5,897e <_printf_float+0x3de>
    894e:	57e2                	lw	a5,56(sp)
    8950:	5752                	lw	a4,52(sp)
    8952:	40e78a33          	sub	s4,a5,a4
    8956:	00eb4463          	blt	s6,a4,895e <_printf_float+0x3be>
    895a:	41678a33          	sub	s4,a5,s6
    895e:	01405b63          	blez	s4,8974 <_printf_float+0x3d4>
    8962:	86d2                	mv	a3,s4
    8964:	016a8633          	add	a2,s5,s6
    8968:	85ca                	mv	a1,s2
    896a:	8526                	mv	a0,s1
    896c:	9982                	jalr	s3
    896e:	57fd                	li	a5,-1
    8970:	d2f505e3          	beq	a0,a5,869a <_printf_float+0xfa>
    8974:	4a81                	li	s5,0
    8976:	01a40b13          	addi	s6,s0,26
    897a:	5bfd                	li	s7,-1
    897c:	a015                	j	89a0 <_printf_float+0x400>
    897e:	86e2                	mv	a3,s8
    8980:	865e                	mv	a2,s7
    8982:	85ca                	mv	a1,s2
    8984:	8526                	mv	a0,s1
    8986:	9982                	jalr	s3
    8988:	57fd                	li	a5,-1
    898a:	fcf512e3          	bne	a0,a5,894e <_printf_float+0x3ae>
    898e:	b331                	j	869a <_printf_float+0xfa>
    8990:	4685                	li	a3,1
    8992:	865a                	mv	a2,s6
    8994:	85ca                	mv	a1,s2
    8996:	8526                	mv	a0,s1
    8998:	9982                	jalr	s3
    899a:	d17500e3          	beq	a0,s7,869a <_printf_float+0xfa>
    899e:	0a85                	addi	s5,s5,1
    89a0:	5752                	lw	a4,52(sp)
    89a2:	57e2                	lw	a5,56(sp)
    89a4:	8f99                	sub	a5,a5,a4
    89a6:	8752                	mv	a4,s4
    89a8:	000a5363          	bgez	s4,89ae <_printf_float+0x40e>
    89ac:	4701                	li	a4,0
    89ae:	8f99                	sub	a5,a5,a4
    89b0:	fefac0e3          	blt	s5,a5,8990 <_printf_float+0x3f0>
    89b4:	bd91                	j	8808 <_printf_float+0x268>
    89b6:	56e2                	lw	a3,56(sp)
    89b8:	4705                	li	a4,1
    89ba:	00d74463          	blt	a4,a3,89c2 <_printf_float+0x422>
    89be:	8b85                	andi	a5,a5,1
    89c0:	c7b5                	beqz	a5,8a2c <_printf_float+0x48c>
    89c2:	4685                	li	a3,1
    89c4:	8656                	mv	a2,s5
    89c6:	85ca                	mv	a1,s2
    89c8:	8526                	mv	a0,s1
    89ca:	9982                	jalr	s3
    89cc:	5a7d                	li	s4,-1
    89ce:	cd4506e3          	beq	a0,s4,869a <_printf_float+0xfa>
    89d2:	86e2                	mv	a3,s8
    89d4:	865e                	mv	a2,s7
    89d6:	85ca                	mv	a1,s2
    89d8:	8526                	mv	a0,s1
    89da:	9982                	jalr	s3
    89dc:	cb450fe3          	beq	a0,s4,869a <_printf_float+0xfa>
    89e0:	4428                	lw	a0,72(s0)
    89e2:	446c                	lw	a1,76(s0)
    89e4:	4601                	li	a2,0
    89e6:	4681                	li	a3,0
    89e8:	6a9010ef          	jal	ra,a890 <__eqdf2>
    89ec:	c91d                	beqz	a0,8a22 <_printf_float+0x482>
    89ee:	56e2                	lw	a3,56(sp)
    89f0:	001a8613          	addi	a2,s5,1
    89f4:	85ca                	mv	a1,s2
    89f6:	16fd                	addi	a3,a3,-1
    89f8:	8526                	mv	a0,s1
    89fa:	9982                	jalr	s3
    89fc:	c9450fe3          	beq	a0,s4,869a <_printf_float+0xfa>
    8a00:	86da                	mv	a3,s6
    8a02:	05040613          	addi	a2,s0,80
    8a06:	b5f9                	j	88d4 <_printf_float+0x334>
    8a08:	4685                	li	a3,1
    8a0a:	8656                	mv	a2,s5
    8a0c:	85ca                	mv	a1,s2
    8a0e:	8526                	mv	a0,s1
    8a10:	9982                	jalr	s3
    8a12:	c97504e3          	beq	a0,s7,869a <_printf_float+0xfa>
    8a16:	0a05                	addi	s4,s4,1
    8a18:	57e2                	lw	a5,56(sp)
    8a1a:	17fd                	addi	a5,a5,-1
    8a1c:	fefa46e3          	blt	s4,a5,8a08 <_printf_float+0x468>
    8a20:	b7c5                	j	8a00 <_printf_float+0x460>
    8a22:	4a01                	li	s4,0
    8a24:	01a40a93          	addi	s5,s0,26
    8a28:	5bfd                	li	s7,-1
    8a2a:	b7fd                	j	8a18 <_printf_float+0x478>
    8a2c:	4685                	li	a3,1
    8a2e:	8656                	mv	a2,s5
    8a30:	85ca                	mv	a1,s2
    8a32:	8526                	mv	a0,s1
    8a34:	9982                	jalr	s3
    8a36:	fd9515e3          	bne	a0,s9,8a00 <_printf_float+0x460>
    8a3a:	b185                	j	869a <_printf_float+0xfa>
    8a3c:	4685                	li	a3,1
    8a3e:	8656                	mv	a2,s5
    8a40:	85ca                	mv	a1,s2
    8a42:	8526                	mv	a0,s1
    8a44:	9982                	jalr	s3
    8a46:	c5650ae3          	beq	a0,s6,869a <_printf_float+0xfa>
    8a4a:	0a05                	addi	s4,s4,1
    8a4c:	445c                	lw	a5,12(s0)
    8a4e:	5772                	lw	a4,60(sp)
    8a50:	8f99                	sub	a5,a5,a4
    8a52:	fefa45e3          	blt	s4,a5,8a3c <_printf_float+0x49c>
    8a56:	bb6d                	j	8810 <_printf_float+0x270>
    8a58:	4a01                	li	s4,0
    8a5a:	01940a93          	addi	s5,s0,25
    8a5e:	5b7d                	li	s6,-1
    8a60:	b7f5                	j	8a4c <_printf_float+0x4ac>

00008a62 <_printf_common>:
    8a62:	7179                	addi	sp,sp,-48
    8a64:	ca56                	sw	s5,20(sp)
    8a66:	499c                	lw	a5,16(a1)
    8a68:	8aba                	mv	s5,a4
    8a6a:	4598                	lw	a4,8(a1)
    8a6c:	d422                	sw	s0,40(sp)
    8a6e:	d226                	sw	s1,36(sp)
    8a70:	ce4e                	sw	s3,28(sp)
    8a72:	cc52                	sw	s4,24(sp)
    8a74:	d606                	sw	ra,44(sp)
    8a76:	d04a                	sw	s2,32(sp)
    8a78:	c85a                	sw	s6,16(sp)
    8a7a:	c65e                	sw	s7,12(sp)
    8a7c:	89aa                	mv	s3,a0
    8a7e:	842e                	mv	s0,a1
    8a80:	84b2                	mv	s1,a2
    8a82:	8a36                	mv	s4,a3
    8a84:	00e7d363          	bge	a5,a4,8a8a <_printf_common+0x28>
    8a88:	87ba                	mv	a5,a4
    8a8a:	c09c                	sw	a5,0(s1)
    8a8c:	04344703          	lbu	a4,67(s0)
    8a90:	c319                	beqz	a4,8a96 <_printf_common+0x34>
    8a92:	0785                	addi	a5,a5,1
    8a94:	c09c                	sw	a5,0(s1)
    8a96:	401c                	lw	a5,0(s0)
    8a98:	0207f793          	andi	a5,a5,32
    8a9c:	c781                	beqz	a5,8aa4 <_printf_common+0x42>
    8a9e:	409c                	lw	a5,0(s1)
    8aa0:	0789                	addi	a5,a5,2
    8aa2:	c09c                	sw	a5,0(s1)
    8aa4:	00042903          	lw	s2,0(s0)
    8aa8:	00697913          	andi	s2,s2,6
    8aac:	00091a63          	bnez	s2,8ac0 <_printf_common+0x5e>
    8ab0:	01940b13          	addi	s6,s0,25
    8ab4:	5bfd                	li	s7,-1
    8ab6:	445c                	lw	a5,12(s0)
    8ab8:	4098                	lw	a4,0(s1)
    8aba:	8f99                	sub	a5,a5,a4
    8abc:	04f94c63          	blt	s2,a5,8b14 <_printf_common+0xb2>
    8ac0:	401c                	lw	a5,0(s0)
    8ac2:	04344683          	lbu	a3,67(s0)
    8ac6:	0207f793          	andi	a5,a5,32
    8aca:	00d036b3          	snez	a3,a3
    8ace:	eba5                	bnez	a5,8b3e <_printf_common+0xdc>
    8ad0:	04340613          	addi	a2,s0,67
    8ad4:	85d2                	mv	a1,s4
    8ad6:	854e                	mv	a0,s3
    8ad8:	9a82                	jalr	s5
    8ada:	57fd                	li	a5,-1
    8adc:	04f50363          	beq	a0,a5,8b22 <_printf_common+0xc0>
    8ae0:	401c                	lw	a5,0(s0)
    8ae2:	4611                	li	a2,4
    8ae4:	4098                	lw	a4,0(s1)
    8ae6:	8b99                	andi	a5,a5,6
    8ae8:	4454                	lw	a3,12(s0)
    8aea:	4481                	li	s1,0
    8aec:	00c79763          	bne	a5,a2,8afa <_printf_common+0x98>
    8af0:	40e684b3          	sub	s1,a3,a4
    8af4:	0004d363          	bgez	s1,8afa <_printf_common+0x98>
    8af8:	4481                	li	s1,0
    8afa:	441c                	lw	a5,8(s0)
    8afc:	4818                	lw	a4,16(s0)
    8afe:	00f75463          	bge	a4,a5,8b06 <_printf_common+0xa4>
    8b02:	8f99                	sub	a5,a5,a4
    8b04:	94be                	add	s1,s1,a5
    8b06:	4901                	li	s2,0
    8b08:	0469                	addi	s0,s0,26
    8b0a:	5b7d                	li	s6,-1
    8b0c:	05249863          	bne	s1,s2,8b5c <_printf_common+0xfa>
    8b10:	4501                	li	a0,0
    8b12:	a809                	j	8b24 <_printf_common+0xc2>
    8b14:	4685                	li	a3,1
    8b16:	865a                	mv	a2,s6
    8b18:	85d2                	mv	a1,s4
    8b1a:	854e                	mv	a0,s3
    8b1c:	9a82                	jalr	s5
    8b1e:	01751e63          	bne	a0,s7,8b3a <_printf_common+0xd8>
    8b22:	557d                	li	a0,-1
    8b24:	50b2                	lw	ra,44(sp)
    8b26:	5422                	lw	s0,40(sp)
    8b28:	5492                	lw	s1,36(sp)
    8b2a:	5902                	lw	s2,32(sp)
    8b2c:	49f2                	lw	s3,28(sp)
    8b2e:	4a62                	lw	s4,24(sp)
    8b30:	4ad2                	lw	s5,20(sp)
    8b32:	4b42                	lw	s6,16(sp)
    8b34:	4bb2                	lw	s7,12(sp)
    8b36:	6145                	addi	sp,sp,48
    8b38:	8082                	ret
    8b3a:	0905                	addi	s2,s2,1
    8b3c:	bfad                	j	8ab6 <_printf_common+0x54>
    8b3e:	00d40733          	add	a4,s0,a3
    8b42:	03000613          	li	a2,48
    8b46:	04c701a3          	sb	a2,67(a4)
    8b4a:	04544703          	lbu	a4,69(s0)
    8b4e:	00168793          	addi	a5,a3,1
    8b52:	97a2                	add	a5,a5,s0
    8b54:	0689                	addi	a3,a3,2
    8b56:	04e781a3          	sb	a4,67(a5)
    8b5a:	bf9d                	j	8ad0 <_printf_common+0x6e>
    8b5c:	4685                	li	a3,1
    8b5e:	8622                	mv	a2,s0
    8b60:	85d2                	mv	a1,s4
    8b62:	854e                	mv	a0,s3
    8b64:	9a82                	jalr	s5
    8b66:	fb650ee3          	beq	a0,s6,8b22 <_printf_common+0xc0>
    8b6a:	0905                	addi	s2,s2,1
    8b6c:	b745                	j	8b0c <_printf_common+0xaa>

00008b6e <strcpy>:
    8b6e:	87aa                	mv	a5,a0
    8b70:	0005c703          	lbu	a4,0(a1)
    8b74:	0785                	addi	a5,a5,1
    8b76:	0585                	addi	a1,a1,1
    8b78:	fee78fa3          	sb	a4,-1(a5)
    8b7c:	fb75                	bnez	a4,8b70 <strcpy+0x2>
    8b7e:	8082                	ret

00008b80 <strlen>:
    8b80:	87aa                	mv	a5,a0
    8b82:	0785                	addi	a5,a5,1
    8b84:	fff7c703          	lbu	a4,-1(a5)
    8b88:	ff6d                	bnez	a4,8b82 <strlen+0x2>
    8b8a:	40a78533          	sub	a0,a5,a0
    8b8e:	157d                	addi	a0,a0,-1
    8b90:	8082                	ret

00008b92 <quorem>:
    8b92:	1101                	addi	sp,sp,-32
    8b94:	cc22                	sw	s0,24(sp)
    8b96:	491c                	lw	a5,16(a0)
    8b98:	4980                	lw	s0,16(a1)
    8b9a:	ce06                	sw	ra,28(sp)
    8b9c:	ca26                	sw	s1,20(sp)
    8b9e:	c84a                	sw	s2,16(sp)
    8ba0:	c64e                	sw	s3,12(sp)
    8ba2:	c452                	sw	s4,8(sp)
    8ba4:	c256                	sw	s5,4(sp)
    8ba6:	1287c163          	blt	a5,s0,8cc8 <quorem+0x136>
    8baa:	147d                	addi	s0,s0,-1
    8bac:	00241813          	slli	a6,s0,0x2
    8bb0:	01458993          	addi	s3,a1,20
    8bb4:	01098a33          	add	s4,s3,a6
    8bb8:	01450913          	addi	s2,a0,20
    8bbc:	984a                	add	a6,a6,s2
    8bbe:	000a2783          	lw	a5,0(s4)
    8bc2:	00082703          	lw	a4,0(a6)
    8bc6:	0785                	addi	a5,a5,1
    8bc8:	02f754b3          	divu	s1,a4,a5
    8bcc:	06f76663          	bltu	a4,a5,8c38 <quorem+0xa6>
    8bd0:	68c1                	lui	a7,0x10
    8bd2:	834e                	mv	t1,s3
    8bd4:	8e4a                	mv	t3,s2
    8bd6:	4e81                	li	t4,0
    8bd8:	4f01                	li	t5,0
    8bda:	18fd                	addi	a7,a7,-1
    8bdc:	0311                	addi	t1,t1,4
    8bde:	ffc32603          	lw	a2,-4(t1)
    8be2:	0e11                	addi	t3,t3,4
    8be4:	01167733          	and	a4,a2,a7
    8be8:	8241                	srli	a2,a2,0x10
    8bea:	02970733          	mul	a4,a4,s1
    8bee:	02960633          	mul	a2,a2,s1
    8bf2:	9776                	add	a4,a4,t4
    8bf4:	01075693          	srli	a3,a4,0x10
    8bf8:	011777b3          	and	a5,a4,a7
    8bfc:	40ff07b3          	sub	a5,t5,a5
    8c00:	9636                	add	a2,a2,a3
    8c02:	ffce2683          	lw	a3,-4(t3)
    8c06:	01065e93          	srli	t4,a2,0x10
    8c0a:	01167633          	and	a2,a2,a7
    8c0e:	0116f733          	and	a4,a3,a7
    8c12:	97ba                	add	a5,a5,a4
    8c14:	82c1                	srli	a3,a3,0x10
    8c16:	4107d713          	srai	a4,a5,0x10
    8c1a:	8e91                	sub	a3,a3,a2
    8c1c:	96ba                	add	a3,a3,a4
    8c1e:	4106df13          	srai	t5,a3,0x10
    8c22:	0117f7b3          	and	a5,a5,a7
    8c26:	06c2                	slli	a3,a3,0x10
    8c28:	8fd5                	or	a5,a5,a3
    8c2a:	fefe2e23          	sw	a5,-4(t3)
    8c2e:	fa6a77e3          	bgeu	s4,t1,8bdc <quorem+0x4a>
    8c32:	00082783          	lw	a5,0(a6)
    8c36:	cbbd                	beqz	a5,8cac <quorem+0x11a>
    8c38:	8aaa                	mv	s5,a0
    8c3a:	1aa010ef          	jal	ra,9de4 <__mcmp>
    8c3e:	04054963          	bltz	a0,8c90 <quorem+0xfe>
    8c42:	6641                	lui	a2,0x10
    8c44:	0485                	addi	s1,s1,1
    8c46:	85ca                	mv	a1,s2
    8c48:	4501                	li	a0,0
    8c4a:	167d                	addi	a2,a2,-1
    8c4c:	0991                	addi	s3,s3,4
    8c4e:	ffc9a803          	lw	a6,-4(s3)
    8c52:	4198                	lw	a4,0(a1)
    8c54:	0591                	addi	a1,a1,4
    8c56:	00c876b3          	and	a3,a6,a2
    8c5a:	8d15                	sub	a0,a0,a3
    8c5c:	00c776b3          	and	a3,a4,a2
    8c60:	96aa                	add	a3,a3,a0
    8c62:	01075793          	srli	a5,a4,0x10
    8c66:	01085813          	srli	a6,a6,0x10
    8c6a:	4106d713          	srai	a4,a3,0x10
    8c6e:	410787b3          	sub	a5,a5,a6
    8c72:	97ba                	add	a5,a5,a4
    8c74:	4107d513          	srai	a0,a5,0x10
    8c78:	8ef1                	and	a3,a3,a2
    8c7a:	07c2                	slli	a5,a5,0x10
    8c7c:	8fd5                	or	a5,a5,a3
    8c7e:	fef5ae23          	sw	a5,-4(a1)
    8c82:	fd3a75e3          	bgeu	s4,s3,8c4c <quorem+0xba>
    8c86:	00241793          	slli	a5,s0,0x2
    8c8a:	97ca                	add	a5,a5,s2
    8c8c:	4398                	lw	a4,0(a5)
    8c8e:	c71d                	beqz	a4,8cbc <quorem+0x12a>
    8c90:	8526                	mv	a0,s1
    8c92:	40f2                	lw	ra,28(sp)
    8c94:	4462                	lw	s0,24(sp)
    8c96:	44d2                	lw	s1,20(sp)
    8c98:	4942                	lw	s2,16(sp)
    8c9a:	49b2                	lw	s3,12(sp)
    8c9c:	4a22                	lw	s4,8(sp)
    8c9e:	4a92                	lw	s5,4(sp)
    8ca0:	6105                	addi	sp,sp,32
    8ca2:	8082                	ret
    8ca4:	00082783          	lw	a5,0(a6)
    8ca8:	e789                	bnez	a5,8cb2 <quorem+0x120>
    8caa:	147d                	addi	s0,s0,-1
    8cac:	1871                	addi	a6,a6,-4
    8cae:	ff096be3          	bltu	s2,a6,8ca4 <quorem+0x112>
    8cb2:	c900                	sw	s0,16(a0)
    8cb4:	b751                	j	8c38 <quorem+0xa6>
    8cb6:	4398                	lw	a4,0(a5)
    8cb8:	e709                	bnez	a4,8cc2 <quorem+0x130>
    8cba:	147d                	addi	s0,s0,-1
    8cbc:	17f1                	addi	a5,a5,-4
    8cbe:	fef96ce3          	bltu	s2,a5,8cb6 <quorem+0x124>
    8cc2:	008aa823          	sw	s0,16(s5)
    8cc6:	b7e9                	j	8c90 <quorem+0xfe>
    8cc8:	4501                	li	a0,0
    8cca:	b7e1                	j	8c92 <quorem+0x100>

00008ccc <_dtoa_r>:
    8ccc:	7175                	addi	sp,sp,-144
    8cce:	d83e                	sw	a5,48(sp)
    8cd0:	515c                	lw	a5,36(a0)
    8cd2:	c522                	sw	s0,136(sp)
    8cd4:	c326                	sw	s1,132(sp)
    8cd6:	c14a                	sw	s2,128(sp)
    8cd8:	dece                	sw	s3,124(sp)
    8cda:	dcd2                	sw	s4,120(sp)
    8cdc:	d4e2                	sw	s8,104(sp)
    8cde:	c706                	sw	ra,140(sp)
    8ce0:	dad6                	sw	s5,116(sp)
    8ce2:	d8da                	sw	s6,112(sp)
    8ce4:	d6de                	sw	s7,108(sp)
    8ce6:	d2e6                	sw	s9,100(sp)
    8ce8:	d0ea                	sw	s10,96(sp)
    8cea:	ceee                	sw	s11,92(sp)
    8cec:	c236                	sw	a3,4(sp)
    8cee:	c63a                	sw	a4,12(sp)
    8cf0:	ca46                	sw	a7,20(sp)
    8cf2:	84aa                	mv	s1,a0
    8cf4:	842e                	mv	s0,a1
    8cf6:	8932                	mv	s2,a2
    8cf8:	89c2                	mv	s3,a6
    8cfa:	8a2e                	mv	s4,a1
    8cfc:	8c32                	mv	s8,a2
    8cfe:	ef89                	bnez	a5,8d18 <_dtoa_r+0x4c>
    8d00:	4541                	li	a0,16
    8d02:	3d9000ef          	jal	ra,98da <malloc>
    8d06:	d0c8                	sw	a0,36(s1)
    8d08:	00052223          	sw	zero,4(a0)
    8d0c:	00052423          	sw	zero,8(a0)
    8d10:	00052023          	sw	zero,0(a0)
    8d14:	00052623          	sw	zero,12(a0)
    8d18:	50dc                	lw	a5,36(s1)
    8d1a:	438c                	lw	a1,0(a5)
    8d1c:	cd89                	beqz	a1,8d36 <_dtoa_r+0x6a>
    8d1e:	43d8                	lw	a4,4(a5)
    8d20:	4785                	li	a5,1
    8d22:	8526                	mv	a0,s1
    8d24:	00e797b3          	sll	a5,a5,a4
    8d28:	c59c                	sw	a5,8(a1)
    8d2a:	c1d8                	sw	a4,4(a1)
    8d2c:	441000ef          	jal	ra,996c <_Bfree>
    8d30:	50dc                	lw	a5,36(s1)
    8d32:	0007a023          	sw	zero,0(a5)
    8d36:	04095363          	bgez	s2,8d7c <_dtoa_r+0xb0>
    8d3a:	4785                	li	a5,1
    8d3c:	00191c13          	slli	s8,s2,0x1
    8d40:	00f9a023          	sw	a5,0(s3)
    8d44:	001c5c13          	srli	s8,s8,0x1
    8d48:	7ff007b7          	lui	a5,0x7ff00
    8d4c:	00fc7733          	and	a4,s8,a5
    8d50:	06f71463          	bne	a4,a5,8db8 <_dtoa_r+0xec>
    8d54:	5742                	lw	a4,48(sp)
    8d56:	6789                	lui	a5,0x2
    8d58:	0c32                	slli	s8,s8,0xc
    8d5a:	70f78793          	addi	a5,a5,1807 # 270f <USART1_IRQHandler+0x9d>
    8d5e:	00cc5c13          	srli	s8,s8,0xc
    8d62:	c31c                	sw	a5,0(a4)
    8d64:	008c6c33          	or	s8,s8,s0
    8d68:	300c01e3          	beqz	s8,986a <_dtoa_r+0xb9e>
    8d6c:	47d2                	lw	a5,20(sp)
    8d6e:	eb91                	bnez	a5,8d82 <_dtoa_r+0xb6>
    8d70:	00003797          	auipc	a5,0x3
    8d74:	d8478793          	addi	a5,a5,-636 # baf4 <__clz_tab+0x174>
    8d78:	c03e                	sw	a5,0(sp)
    8d7a:	a839                	j	8d98 <_dtoa_r+0xcc>
    8d7c:	0009a023          	sw	zero,0(s3)
    8d80:	b7e1                	j	8d48 <_dtoa_r+0x7c>
    8d82:	00003797          	auipc	a5,0x3
    8d86:	d7278793          	addi	a5,a5,-654 # baf4 <__clz_tab+0x174>
    8d8a:	c03e                	sw	a5,0(sp)
    8d8c:	00003797          	auipc	a5,0x3
    8d90:	d6b78793          	addi	a5,a5,-661 # baf7 <__clz_tab+0x177>
    8d94:	4752                	lw	a4,20(sp)
    8d96:	c31c                	sw	a5,0(a4)
    8d98:	40ba                	lw	ra,140(sp)
    8d9a:	442a                	lw	s0,136(sp)
    8d9c:	4502                	lw	a0,0(sp)
    8d9e:	449a                	lw	s1,132(sp)
    8da0:	490a                	lw	s2,128(sp)
    8da2:	59f6                	lw	s3,124(sp)
    8da4:	5a66                	lw	s4,120(sp)
    8da6:	5ad6                	lw	s5,116(sp)
    8da8:	5b46                	lw	s6,112(sp)
    8daa:	5bb6                	lw	s7,108(sp)
    8dac:	5c26                	lw	s8,104(sp)
    8dae:	5c96                	lw	s9,100(sp)
    8db0:	5d06                	lw	s10,96(sp)
    8db2:	4df6                	lw	s11,92(sp)
    8db4:	6149                	addi	sp,sp,144
    8db6:	8082                	ret
    8db8:	4601                	li	a2,0
    8dba:	4681                	li	a3,0
    8dbc:	8522                	mv	a0,s0
    8dbe:	85e2                	mv	a1,s8
    8dc0:	ce22                	sw	s0,28(sp)
    8dc2:	d462                	sw	s8,40(sp)
    8dc4:	2cd010ef          	jal	ra,a890 <__eqdf2>
    8dc8:	e105                	bnez	a0,8de8 <_dtoa_r+0x11c>
    8dca:	5742                	lw	a4,48(sp)
    8dcc:	4785                	li	a5,1
    8dce:	c31c                	sw	a5,0(a4)
    8dd0:	00003797          	auipc	a5,0x3
    8dd4:	cc878793          	addi	a5,a5,-824 # ba98 <__clz_tab+0x118>
    8dd8:	c03e                	sw	a5,0(sp)
    8dda:	47d2                	lw	a5,20(sp)
    8ddc:	dfd5                	beqz	a5,8d98 <_dtoa_r+0xcc>
    8dde:	00003797          	auipc	a5,0x3
    8de2:	cbb78793          	addi	a5,a5,-837 # ba99 <__clz_tab+0x119>
    8de6:	b77d                	j	8d94 <_dtoa_r+0xc8>
    8de8:	00b8                	addi	a4,sp,72
    8dea:	00f4                	addi	a3,sp,76
    8dec:	8662                	mv	a2,s8
    8dee:	85a2                	mv	a1,s0
    8df0:	8526                	mv	a0,s1
    8df2:	014c5913          	srli	s2,s8,0x14
    8df6:	112010ef          	jal	ra,9f08 <__d2b>
    8dfa:	7ff97913          	andi	s2,s2,2047
    8dfe:	89aa                	mv	s3,a0
    8e00:	4aa6                	lw	s5,72(sp)
    8e02:	10090d63          	beqz	s2,8f1c <_dtoa_r+0x250>
    8e06:	57a2                	lw	a5,40(sp)
    8e08:	4572                	lw	a0,28(sp)
    8e0a:	c0190913          	addi	s2,s2,-1023
    8e0e:	00c79593          	slli	a1,a5,0xc
    8e12:	81b1                	srli	a1,a1,0xc
    8e14:	3ff007b7          	lui	a5,0x3ff00
    8e18:	8ddd                	or	a1,a1,a5
    8e1a:	dc02                	sw	zero,56(sp)
    8e1c:	00003797          	auipc	a5,0x3
    8e20:	c8478793          	addi	a5,a5,-892 # baa0 <__clz_tab+0x120>
    8e24:	4390                	lw	a2,0(a5)
    8e26:	43d4                	lw	a3,4(a5)
    8e28:	853fd0ef          	jal	ra,667a <__subdf3>
    8e2c:	00003797          	auipc	a5,0x3
    8e30:	c7c78793          	addi	a5,a5,-900 # baa8 <__clz_tab+0x128>
    8e34:	4390                	lw	a2,0(a5)
    8e36:	43d4                	lw	a3,4(a5)
    8e38:	b8afd0ef          	jal	ra,61c2 <__muldf3>
    8e3c:	00003797          	auipc	a5,0x3
    8e40:	c7478793          	addi	a5,a5,-908 # bab0 <__clz_tab+0x130>
    8e44:	4390                	lw	a2,0(a5)
    8e46:	43d4                	lw	a3,4(a5)
    8e48:	318010ef          	jal	ra,a160 <__adddf3>
    8e4c:	8b2a                	mv	s6,a0
    8e4e:	854a                	mv	a0,s2
    8e50:	8bae                	mv	s7,a1
    8e52:	f67fd0ef          	jal	ra,6db8 <__floatsidf>
    8e56:	00003797          	auipc	a5,0x3
    8e5a:	c6278793          	addi	a5,a5,-926 # bab8 <__clz_tab+0x138>
    8e5e:	4390                	lw	a2,0(a5)
    8e60:	43d4                	lw	a3,4(a5)
    8e62:	b60fd0ef          	jal	ra,61c2 <__muldf3>
    8e66:	862a                	mv	a2,a0
    8e68:	86ae                	mv	a3,a1
    8e6a:	855a                	mv	a0,s6
    8e6c:	85de                	mv	a1,s7
    8e6e:	2f2010ef          	jal	ra,a160 <__adddf3>
    8e72:	8b2a                	mv	s6,a0
    8e74:	8bae                	mv	s7,a1
    8e76:	36f010ef          	jal	ra,a9e4 <__fixdfsi>
    8e7a:	842a                	mv	s0,a0
    8e7c:	4601                	li	a2,0
    8e7e:	4681                	li	a3,0
    8e80:	855a                	mv	a0,s6
    8e82:	85de                	mv	a1,s7
    8e84:	a88fd0ef          	jal	ra,610c <__ledf2>
    8e88:	00055b63          	bgez	a0,8e9e <_dtoa_r+0x1d2>
    8e8c:	8522                	mv	a0,s0
    8e8e:	f2bfd0ef          	jal	ra,6db8 <__floatsidf>
    8e92:	865a                	mv	a2,s6
    8e94:	86de                	mv	a3,s7
    8e96:	1fb010ef          	jal	ra,a890 <__eqdf2>
    8e9a:	c111                	beqz	a0,8e9e <_dtoa_r+0x1d2>
    8e9c:	147d                	addi	s0,s0,-1
    8e9e:	4705                	li	a4,1
    8ea0:	47d9                	li	a5,22
    8ea2:	d63a                	sw	a4,44(sp)
    8ea4:	0287e363          	bltu	a5,s0,8eca <_dtoa_r+0x1fe>
    8ea8:	00341713          	slli	a4,s0,0x3
    8eac:	00003797          	auipc	a5,0x3
    8eb0:	c7478793          	addi	a5,a5,-908 # bb20 <__mprec_tens>
    8eb4:	97ba                	add	a5,a5,a4
    8eb6:	4390                	lw	a2,0(a5)
    8eb8:	43d4                	lw	a3,4(a5)
    8eba:	4572                	lw	a0,28(sp)
    8ebc:	55a2                	lw	a1,40(sp)
    8ebe:	a4efd0ef          	jal	ra,610c <__ledf2>
    8ec2:	00055363          	bgez	a0,8ec8 <_dtoa_r+0x1fc>
    8ec6:	147d                	addi	s0,s0,-1
    8ec8:	d602                	sw	zero,44(sp)
    8eca:	412a8933          	sub	s2,s5,s2
    8ece:	fff90b93          	addi	s7,s2,-1
    8ed2:	4b01                	li	s6,0
    8ed4:	000bd663          	bgez	s7,8ee0 <_dtoa_r+0x214>
    8ed8:	4b05                	li	s6,1
    8eda:	412b0b33          	sub	s6,s6,s2
    8ede:	4b81                	li	s7,0
    8ee0:	06044e63          	bltz	s0,8f5c <_dtoa_r+0x290>
    8ee4:	9ba2                	add	s7,s7,s0
    8ee6:	cc22                	sw	s0,24(sp)
    8ee8:	4a81                	li	s5,0
    8eea:	4712                	lw	a4,4(sp)
    8eec:	47a5                	li	a5,9
    8eee:	14e7e563          	bltu	a5,a4,9038 <_dtoa_r+0x36c>
    8ef2:	4795                	li	a5,5
    8ef4:	4c85                	li	s9,1
    8ef6:	00e7d663          	bge	a5,a4,8f02 <_dtoa_r+0x236>
    8efa:	ffc70793          	addi	a5,a4,-4
    8efe:	c23e                	sw	a5,4(sp)
    8f00:	4c81                	li	s9,0
    8f02:	4712                	lw	a4,4(sp)
    8f04:	478d                	li	a5,3
    8f06:	10f70e63          	beq	a4,a5,9022 <_dtoa_r+0x356>
    8f0a:	04e7cf63          	blt	a5,a4,8f68 <_dtoa_r+0x29c>
    8f0e:	4789                	li	a5,2
    8f10:	c802                	sw	zero,16(sp)
    8f12:	06f70d63          	beq	a4,a5,8f8c <_dtoa_r+0x2c0>
    8f16:	4785                	li	a5,1
    8f18:	c83e                	sw	a5,16(sp)
    8f1a:	a08d                	j	8f7c <_dtoa_r+0x2b0>
    8f1c:	4936                	lw	s2,76(sp)
    8f1e:	02000793          	li	a5,32
    8f22:	9956                	add	s2,s2,s5
    8f24:	43290713          	addi	a4,s2,1074
    8f28:	02e7d563          	bge	a5,a4,8f52 <_dtoa_r+0x286>
    8f2c:	04000513          	li	a0,64
    8f30:	8d19                	sub	a0,a0,a4
    8f32:	41290793          	addi	a5,s2,1042
    8f36:	00ac1533          	sll	a0,s8,a0
    8f3a:	00f45433          	srl	s0,s0,a5
    8f3e:	8d41                	or	a0,a0,s0
    8f40:	eebfd0ef          	jal	ra,6e2a <__floatunsidf>
    8f44:	fe1007b7          	lui	a5,0xfe100
    8f48:	95be                	add	a1,a1,a5
    8f4a:	4785                	li	a5,1
    8f4c:	197d                	addi	s2,s2,-1
    8f4e:	dc3e                	sw	a5,56(sp)
    8f50:	b5f1                	j	8e1c <_dtoa_r+0x150>
    8f52:	40e78533          	sub	a0,a5,a4
    8f56:	00a41533          	sll	a0,s0,a0
    8f5a:	b7dd                	j	8f40 <_dtoa_r+0x274>
    8f5c:	408b0b33          	sub	s6,s6,s0
    8f60:	40800ab3          	neg	s5,s0
    8f64:	cc02                	sw	zero,24(sp)
    8f66:	b751                	j	8eea <_dtoa_r+0x21e>
    8f68:	4712                	lw	a4,4(sp)
    8f6a:	4791                	li	a5,4
    8f6c:	00f70e63          	beq	a4,a5,8f88 <_dtoa_r+0x2bc>
    8f70:	4705                	li	a4,1
    8f72:	c83a                	sw	a4,16(sp)
    8f74:	4712                	lw	a4,4(sp)
    8f76:	4795                	li	a5,5
    8f78:	0af70663          	beq	a4,a5,9024 <_dtoa_r+0x358>
    8f7c:	57fd                	li	a5,-1
    8f7e:	c43e                	sw	a5,8(sp)
    8f80:	5dfd                	li	s11,-1
    8f82:	47c9                	li	a5,18
    8f84:	c602                	sw	zero,12(sp)
    8f86:	a819                	j	8f9c <_dtoa_r+0x2d0>
    8f88:	4785                	li	a5,1
    8f8a:	c83e                	sw	a5,16(sp)
    8f8c:	47b2                	lw	a5,12(sp)
    8f8e:	0af04863          	bgtz	a5,903e <_dtoa_r+0x372>
    8f92:	4785                	li	a5,1
    8f94:	4705                	li	a4,1
    8f96:	c43e                	sw	a5,8(sp)
    8f98:	4d85                	li	s11,1
    8f9a:	c63a                	sw	a4,12(sp)
    8f9c:	0244a903          	lw	s2,36(s1)
    8fa0:	4711                	li	a4,4
    8fa2:	00092223          	sw	zero,4(s2)
    8fa6:	01470693          	addi	a3,a4,20
    8faa:	00492583          	lw	a1,4(s2)
    8fae:	08d7fc63          	bgeu	a5,a3,9046 <_dtoa_r+0x37a>
    8fb2:	8526                	mv	a0,s1
    8fb4:	131000ef          	jal	ra,98e4 <_Balloc>
    8fb8:	50dc                	lw	a5,36(s1)
    8fba:	00a92023          	sw	a0,0(s2)
    8fbe:	439c                	lw	a5,0(a5)
    8fc0:	c03e                	sw	a5,0(sp)
    8fc2:	47b9                	li	a5,14
    8fc4:	1db7e663          	bltu	a5,s11,9190 <_dtoa_r+0x4c4>
    8fc8:	1c0c8463          	beqz	s9,9190 <_dtoa_r+0x4c4>
    8fcc:	0a805e63          	blez	s0,9088 <_dtoa_r+0x3bc>
    8fd0:	00f47793          	andi	a5,s0,15
    8fd4:	00379713          	slli	a4,a5,0x3
    8fd8:	40445c93          	srai	s9,s0,0x4
    8fdc:	00003797          	auipc	a5,0x3
    8fe0:	b4478793          	addi	a5,a5,-1212 # bb20 <__mprec_tens>
    8fe4:	97ba                	add	a5,a5,a4
    8fe6:	010cf693          	andi	a3,s9,16
    8fea:	4398                	lw	a4,0(a5)
    8fec:	4909                	li	s2,2
    8fee:	43dc                	lw	a5,4(a5)
    8ff0:	c685                	beqz	a3,9018 <_dtoa_r+0x34c>
    8ff2:	00003697          	auipc	a3,0x3
    8ff6:	b0668693          	addi	a3,a3,-1274 # baf8 <__mprec_bigtens>
    8ffa:	5290                	lw	a2,32(a3)
    8ffc:	4572                	lw	a0,28(sp)
    8ffe:	52d4                	lw	a3,36(a3)
    9000:	55a2                	lw	a1,40(sp)
    9002:	d03a                	sw	a4,32(sp)
    9004:	d23e                	sw	a5,36(sp)
    9006:	b53fc0ef          	jal	ra,5b58 <__divdf3>
    900a:	5702                	lw	a4,32(sp)
    900c:	5792                	lw	a5,36(sp)
    900e:	00fcfc93          	andi	s9,s9,15
    9012:	8a2a                	mv	s4,a0
    9014:	8c2e                	mv	s8,a1
    9016:	490d                	li	s2,3
    9018:	00003d17          	auipc	s10,0x3
    901c:	ae0d0d13          	addi	s10,s10,-1312 # baf8 <__mprec_bigtens>
    9020:	a889                	j	9072 <_dtoa_r+0x3a6>
    9022:	c802                	sw	zero,16(sp)
    9024:	47b2                	lw	a5,12(sp)
    9026:	97a2                	add	a5,a5,s0
    9028:	c43e                	sw	a5,8(sp)
    902a:	00178d93          	addi	s11,a5,1
    902e:	87ee                	mv	a5,s11
    9030:	f7b046e3          	bgtz	s11,8f9c <_dtoa_r+0x2d0>
    9034:	4785                	li	a5,1
    9036:	b79d                	j	8f9c <_dtoa_r+0x2d0>
    9038:	4c85                	li	s9,1
    903a:	c202                	sw	zero,4(sp)
    903c:	bde9                	j	8f16 <_dtoa_r+0x24a>
    903e:	47b2                	lw	a5,12(sp)
    9040:	c43e                	sw	a5,8(sp)
    9042:	8dbe                	mv	s11,a5
    9044:	bfa1                	j	8f9c <_dtoa_r+0x2d0>
    9046:	0585                	addi	a1,a1,1
    9048:	00b92223          	sw	a1,4(s2)
    904c:	0706                	slli	a4,a4,0x1
    904e:	bfa1                	j	8fa6 <_dtoa_r+0x2da>
    9050:	001cf693          	andi	a3,s9,1
    9054:	ce81                	beqz	a3,906c <_dtoa_r+0x3a0>
    9056:	000d2603          	lw	a2,0(s10)
    905a:	004d2683          	lw	a3,4(s10)
    905e:	853a                	mv	a0,a4
    9060:	85be                	mv	a1,a5
    9062:	960fd0ef          	jal	ra,61c2 <__muldf3>
    9066:	0905                	addi	s2,s2,1
    9068:	872a                	mv	a4,a0
    906a:	87ae                	mv	a5,a1
    906c:	401cdc93          	srai	s9,s9,0x1
    9070:	0d21                	addi	s10,s10,8
    9072:	fc0c9fe3          	bnez	s9,9050 <_dtoa_r+0x384>
    9076:	863a                	mv	a2,a4
    9078:	86be                	mv	a3,a5
    907a:	8552                	mv	a0,s4
    907c:	85e2                	mv	a1,s8
    907e:	adbfc0ef          	jal	ra,5b58 <__divdf3>
    9082:	8a2a                	mv	s4,a0
    9084:	8c2e                	mv	s8,a1
    9086:	a081                	j	90c6 <_dtoa_r+0x3fa>
    9088:	4909                	li	s2,2
    908a:	cc15                	beqz	s0,90c6 <_dtoa_r+0x3fa>
    908c:	40800cb3          	neg	s9,s0
    9090:	00fcf793          	andi	a5,s9,15
    9094:	00379713          	slli	a4,a5,0x3
    9098:	00003797          	auipc	a5,0x3
    909c:	a8878793          	addi	a5,a5,-1400 # bb20 <__mprec_tens>
    90a0:	97ba                	add	a5,a5,a4
    90a2:	4390                	lw	a2,0(a5)
    90a4:	43d4                	lw	a3,4(a5)
    90a6:	4572                	lw	a0,28(sp)
    90a8:	55a2                	lw	a1,40(sp)
    90aa:	404cdc93          	srai	s9,s9,0x4
    90ae:	00003d17          	auipc	s10,0x3
    90b2:	a4ad0d13          	addi	s10,s10,-1462 # baf8 <__mprec_bigtens>
    90b6:	90cfd0ef          	jal	ra,61c2 <__muldf3>
    90ba:	8a2a                	mv	s4,a0
    90bc:	8c2e                	mv	s8,a1
    90be:	4781                	li	a5,0
    90c0:	120c9c63          	bnez	s9,91f8 <_dtoa_r+0x52c>
    90c4:	ffdd                	bnez	a5,9082 <_dtoa_r+0x3b6>
    90c6:	57b2                	lw	a5,44(sp)
    90c8:	14078763          	beqz	a5,9216 <_dtoa_r+0x54a>
    90cc:	00003717          	auipc	a4,0x3
    90d0:	9f470713          	addi	a4,a4,-1548 # bac0 <__clz_tab+0x140>
    90d4:	4310                	lw	a2,0(a4)
    90d6:	4354                	lw	a3,4(a4)
    90d8:	8552                	mv	a0,s4
    90da:	85e2                	mv	a1,s8
    90dc:	d052                	sw	s4,32(sp)
    90de:	82efd0ef          	jal	ra,610c <__ledf2>
    90e2:	12055a63          	bgez	a0,9216 <_dtoa_r+0x54a>
    90e6:	120d8b63          	beqz	s11,921c <_dtoa_r+0x550>
    90ea:	47a2                	lw	a5,8(sp)
    90ec:	0af05063          	blez	a5,918c <_dtoa_r+0x4c0>
    90f0:	00003717          	auipc	a4,0x3
    90f4:	9d870713          	addi	a4,a4,-1576 # bac8 <__clz_tab+0x148>
    90f8:	5782                	lw	a5,32(sp)
    90fa:	4310                	lw	a2,0(a4)
    90fc:	4354                	lw	a3,4(a4)
    90fe:	853e                	mv	a0,a5
    9100:	85e2                	mv	a1,s8
    9102:	8c0fd0ef          	jal	ra,61c2 <__muldf3>
    9106:	47a2                	lw	a5,8(sp)
    9108:	fff40d13          	addi	s10,s0,-1
    910c:	8a2a                	mv	s4,a0
    910e:	8c2e                	mv	s8,a1
    9110:	0905                	addi	s2,s2,1
    9112:	8762                	mv	a4,s8
    9114:	854a                	mv	a0,s2
    9116:	de3e                	sw	a5,60(sp)
    9118:	da52                	sw	s4,52(sp)
    911a:	8cba                	mv	s9,a4
    911c:	d03a                	sw	a4,32(sp)
    911e:	c9bfd0ef          	jal	ra,6db8 <__floatsidf>
    9122:	5852                	lw	a6,52(sp)
    9124:	5702                	lw	a4,32(sp)
    9126:	fcc00937          	lui	s2,0xfcc00
    912a:	8642                	mv	a2,a6
    912c:	86ba                	mv	a3,a4
    912e:	894fd0ef          	jal	ra,61c2 <__muldf3>
    9132:	00003697          	auipc	a3,0x3
    9136:	99e68693          	addi	a3,a3,-1634 # bad0 <__clz_tab+0x150>
    913a:	4290                	lw	a2,0(a3)
    913c:	42d4                	lw	a3,4(a3)
    913e:	8c52                	mv	s8,s4
    9140:	020010ef          	jal	ra,a160 <__adddf3>
    9144:	57f2                	lw	a5,60(sp)
    9146:	8a2a                	mv	s4,a0
    9148:	992e                	add	s2,s2,a1
    914a:	efe1                	bnez	a5,9222 <_dtoa_r+0x556>
    914c:	00003797          	auipc	a5,0x3
    9150:	98c78793          	addi	a5,a5,-1652 # bad8 <__clz_tab+0x158>
    9154:	5852                	lw	a6,52(sp)
    9156:	5702                	lw	a4,32(sp)
    9158:	4390                	lw	a2,0(a5)
    915a:	43d4                	lw	a3,4(a5)
    915c:	8542                	mv	a0,a6
    915e:	85ba                	mv	a1,a4
    9160:	d1afd0ef          	jal	ra,667a <__subdf3>
    9164:	8652                	mv	a2,s4
    9166:	86ca                	mv	a3,s2
    9168:	8c2a                	mv	s8,a0
    916a:	8cae                	mv	s9,a1
    916c:	78e010ef          	jal	ra,a8fa <__gedf2>
    9170:	52a04f63          	bgtz	a0,96ae <_dtoa_r+0x9e2>
    9174:	800007b7          	lui	a5,0x80000
    9178:	0127c7b3          	xor	a5,a5,s2
    917c:	8652                	mv	a2,s4
    917e:	86be                	mv	a3,a5
    9180:	8562                	mv	a0,s8
    9182:	85e6                	mv	a1,s9
    9184:	f89fc0ef          	jal	ra,610c <__ledf2>
    9188:	52054063          	bltz	a0,96a8 <_dtoa_r+0x9dc>
    918c:	4a72                	lw	s4,28(sp)
    918e:	5c22                	lw	s8,40(sp)
    9190:	47b6                	lw	a5,76(sp)
    9192:	3007c663          	bltz	a5,949e <_dtoa_r+0x7d2>
    9196:	4739                	li	a4,14
    9198:	30874363          	blt	a4,s0,949e <_dtoa_r+0x7d2>
    919c:	00341713          	slli	a4,s0,0x3
    91a0:	00003797          	auipc	a5,0x3
    91a4:	98078793          	addi	a5,a5,-1664 # bb20 <__mprec_tens>
    91a8:	97ba                	add	a5,a5,a4
    91aa:	0007ab03          	lw	s6,0(a5)
    91ae:	0047ab83          	lw	s7,4(a5)
    91b2:	47b2                	lw	a5,12(sp)
    91b4:	2007d263          	bgez	a5,93b8 <_dtoa_r+0x6ec>
    91b8:	21b04063          	bgtz	s11,93b8 <_dtoa_r+0x6ec>
    91bc:	4e0d9663          	bnez	s11,96a8 <_dtoa_r+0x9dc>
    91c0:	00003797          	auipc	a5,0x3
    91c4:	91878793          	addi	a5,a5,-1768 # bad8 <__clz_tab+0x158>
    91c8:	4390                	lw	a2,0(a5)
    91ca:	43d4                	lw	a3,4(a5)
    91cc:	855a                	mv	a0,s6
    91ce:	85de                	mv	a1,s7
    91d0:	ff3fc0ef          	jal	ra,61c2 <__muldf3>
    91d4:	8652                	mv	a2,s4
    91d6:	86e2                	mv	a3,s8
    91d8:	722010ef          	jal	ra,a8fa <__gedf2>
    91dc:	4a81                	li	s5,0
    91de:	4901                	li	s2,0
    91e0:	48055f63          	bgez	a0,967e <_dtoa_r+0x9b2>
    91e4:	4782                	lw	a5,0(sp)
    91e6:	4702                	lw	a4,0(sp)
    91e8:	0405                	addi	s0,s0,1
    91ea:	00178a13          	addi	s4,a5,1
    91ee:	03100793          	li	a5,49
    91f2:	00f70023          	sb	a5,0(a4)
    91f6:	a941                	j	9686 <_dtoa_r+0x9ba>
    91f8:	001cf713          	andi	a4,s9,1
    91fc:	cb09                	beqz	a4,920e <_dtoa_r+0x542>
    91fe:	000d2603          	lw	a2,0(s10)
    9202:	004d2683          	lw	a3,4(s10)
    9206:	0905                	addi	s2,s2,1
    9208:	fbbfc0ef          	jal	ra,61c2 <__muldf3>
    920c:	4785                	li	a5,1
    920e:	401cdc93          	srai	s9,s9,0x1
    9212:	0d21                	addi	s10,s10,8
    9214:	b575                	j	90c0 <_dtoa_r+0x3f4>
    9216:	8d22                	mv	s10,s0
    9218:	87ee                	mv	a5,s11
    921a:	bde5                	j	9112 <_dtoa_r+0x446>
    921c:	8d22                	mv	s10,s0
    921e:	4781                	li	a5,0
    9220:	bdcd                	j	9112 <_dtoa_r+0x446>
    9222:	fff78693          	addi	a3,a5,-1
    9226:	00369613          	slli	a2,a3,0x3
    922a:	00003697          	auipc	a3,0x3
    922e:	8f668693          	addi	a3,a3,-1802 # bb20 <__mprec_tens>
    9232:	96b2                	add	a3,a3,a2
    9234:	4288                	lw	a0,0(a3)
    9236:	42cc                	lw	a1,4(a3)
    9238:	4682                	lw	a3,0(sp)
    923a:	97b6                	add	a5,a5,a3
    923c:	da3e                	sw	a5,52(sp)
    923e:	47c2                	lw	a5,16(sp)
    9240:	c3e9                	beqz	a5,9302 <_dtoa_r+0x636>
    9242:	00003797          	auipc	a5,0x3
    9246:	89e78793          	addi	a5,a5,-1890 # bae0 <__clz_tab+0x160>
    924a:	862a                	mv	a2,a0
    924c:	86ae                	mv	a3,a1
    924e:	4388                	lw	a0,0(a5)
    9250:	43cc                	lw	a1,4(a5)
    9252:	de4a                	sw	s2,60(sp)
    9254:	d052                	sw	s4,32(sp)
    9256:	903fc0ef          	jal	ra,5b58 <__divdf3>
    925a:	5802                	lw	a6,32(sp)
    925c:	5772                	lw	a4,60(sp)
    925e:	00003917          	auipc	s2,0x3
    9262:	86a90913          	addi	s2,s2,-1942 # bac8 <__clz_tab+0x148>
    9266:	8642                	mv	a2,a6
    9268:	86ba                	mv	a3,a4
    926a:	c10fd0ef          	jal	ra,667a <__subdf3>
    926e:	4a02                	lw	s4,0(sp)
    9270:	d02a                	sw	a0,32(sp)
    9272:	d22e                	sw	a1,36(sp)
    9274:	85e6                	mv	a1,s9
    9276:	8562                	mv	a0,s8
    9278:	76c010ef          	jal	ra,a9e4 <__fixdfsi>
    927c:	de2a                	sw	a0,60(sp)
    927e:	b3bfd0ef          	jal	ra,6db8 <__floatsidf>
    9282:	862a                	mv	a2,a0
    9284:	86ae                	mv	a3,a1
    9286:	8562                	mv	a0,s8
    9288:	85e6                	mv	a1,s9
    928a:	bf0fd0ef          	jal	ra,667a <__subdf3>
    928e:	57f2                	lw	a5,60(sp)
    9290:	8c2a                	mv	s8,a0
    9292:	8cae                	mv	s9,a1
    9294:	862a                	mv	a2,a0
    9296:	86ae                	mv	a3,a1
    9298:	5502                	lw	a0,32(sp)
    929a:	5592                	lw	a1,36(sp)
    929c:	0a05                	addi	s4,s4,1
    929e:	03078793          	addi	a5,a5,48
    92a2:	fefa0fa3          	sb	a5,-1(s4)
    92a6:	654010ef          	jal	ra,a8fa <__gedf2>
    92aa:	0ea04863          	bgtz	a0,939a <_dtoa_r+0x6ce>
    92ae:	00003797          	auipc	a5,0x3
    92b2:	81278793          	addi	a5,a5,-2030 # bac0 <__clz_tab+0x140>
    92b6:	4388                	lw	a0,0(a5)
    92b8:	43cc                	lw	a1,4(a5)
    92ba:	8662                	mv	a2,s8
    92bc:	86e6                	mv	a3,s9
    92be:	bbcfd0ef          	jal	ra,667a <__subdf3>
    92c2:	862a                	mv	a2,a0
    92c4:	86ae                	mv	a3,a1
    92c6:	5502                	lw	a0,32(sp)
    92c8:	5592                	lw	a1,36(sp)
    92ca:	630010ef          	jal	ra,a8fa <__gedf2>
    92ce:	18a04163          	bgtz	a0,9450 <_dtoa_r+0x784>
    92d2:	57d2                	lw	a5,52(sp)
    92d4:	eafa0ce3          	beq	s4,a5,918c <_dtoa_r+0x4c0>
    92d8:	00092603          	lw	a2,0(s2)
    92dc:	00492683          	lw	a3,4(s2)
    92e0:	5502                	lw	a0,32(sp)
    92e2:	5592                	lw	a1,36(sp)
    92e4:	edffc0ef          	jal	ra,61c2 <__muldf3>
    92e8:	00092603          	lw	a2,0(s2)
    92ec:	00492683          	lw	a3,4(s2)
    92f0:	d02a                	sw	a0,32(sp)
    92f2:	d22e                	sw	a1,36(sp)
    92f4:	8562                	mv	a0,s8
    92f6:	85e6                	mv	a1,s9
    92f8:	ecbfc0ef          	jal	ra,61c2 <__muldf3>
    92fc:	8c2a                	mv	s8,a0
    92fe:	8cae                	mv	s9,a1
    9300:	bf95                	j	9274 <_dtoa_r+0x5a8>
    9302:	8652                	mv	a2,s4
    9304:	86ca                	mv	a3,s2
    9306:	ebdfc0ef          	jal	ra,61c2 <__muldf3>
    930a:	5a52                	lw	s4,52(sp)
    930c:	4902                	lw	s2,0(sp)
    930e:	d02a                	sw	a0,32(sp)
    9310:	d22e                	sw	a1,36(sp)
    9312:	85e6                	mv	a1,s9
    9314:	8562                	mv	a0,s8
    9316:	6ce010ef          	jal	ra,a9e4 <__fixdfsi>
    931a:	de2a                	sw	a0,60(sp)
    931c:	a9dfd0ef          	jal	ra,6db8 <__floatsidf>
    9320:	862a                	mv	a2,a0
    9322:	86ae                	mv	a3,a1
    9324:	8562                	mv	a0,s8
    9326:	85e6                	mv	a1,s9
    9328:	b52fd0ef          	jal	ra,667a <__subdf3>
    932c:	5772                	lw	a4,60(sp)
    932e:	57d2                	lw	a5,52(sp)
    9330:	0905                	addi	s2,s2,1
    9332:	03070713          	addi	a4,a4,48
    9336:	fee90fa3          	sb	a4,-1(s2)
    933a:	8c2a                	mv	s8,a0
    933c:	8cae                	mv	s9,a1
    933e:	06f91263          	bne	s2,a5,93a2 <_dtoa_r+0x6d6>
    9342:	00002917          	auipc	s2,0x2
    9346:	79e90913          	addi	s2,s2,1950 # bae0 <__clz_tab+0x160>
    934a:	00092603          	lw	a2,0(s2)
    934e:	00492683          	lw	a3,4(s2)
    9352:	5502                	lw	a0,32(sp)
    9354:	5592                	lw	a1,36(sp)
    9356:	60b000ef          	jal	ra,a160 <__adddf3>
    935a:	862a                	mv	a2,a0
    935c:	86ae                	mv	a3,a1
    935e:	8562                	mv	a0,s8
    9360:	85e6                	mv	a1,s9
    9362:	598010ef          	jal	ra,a8fa <__gedf2>
    9366:	0ea04563          	bgtz	a0,9450 <_dtoa_r+0x784>
    936a:	5602                	lw	a2,32(sp)
    936c:	5692                	lw	a3,36(sp)
    936e:	00092503          	lw	a0,0(s2)
    9372:	00492583          	lw	a1,4(s2)
    9376:	b04fd0ef          	jal	ra,667a <__subdf3>
    937a:	862a                	mv	a2,a0
    937c:	86ae                	mv	a3,a1
    937e:	8562                	mv	a0,s8
    9380:	85e6                	mv	a1,s9
    9382:	d8bfc0ef          	jal	ra,610c <__ledf2>
    9386:	03000793          	li	a5,48
    938a:	e00551e3          	bgez	a0,918c <_dtoa_r+0x4c0>
    938e:	fffa4703          	lbu	a4,-1(s4)
    9392:	fffa0693          	addi	a3,s4,-1
    9396:	00f70463          	beq	a4,a5,939e <_dtoa_r+0x6d2>
    939a:	846a                	mv	s0,s10
    939c:	a859                	j	9432 <_dtoa_r+0x766>
    939e:	8a36                	mv	s4,a3
    93a0:	b7fd                	j	938e <_dtoa_r+0x6c2>
    93a2:	00002797          	auipc	a5,0x2
    93a6:	72678793          	addi	a5,a5,1830 # bac8 <__clz_tab+0x148>
    93aa:	4390                	lw	a2,0(a5)
    93ac:	43d4                	lw	a3,4(a5)
    93ae:	e15fc0ef          	jal	ra,61c2 <__muldf3>
    93b2:	8c2a                	mv	s8,a0
    93b4:	8cae                	mv	s9,a1
    93b6:	bfb1                	j	9312 <_dtoa_r+0x646>
    93b8:	87e2                	mv	a5,s8
    93ba:	8cbe                	mv	s9,a5
    93bc:	4782                	lw	a5,0(sp)
    93be:	8c52                	mv	s8,s4
    93c0:	00002a97          	auipc	s5,0x2
    93c4:	708a8a93          	addi	s5,s5,1800 # bac8 <__clz_tab+0x148>
    93c8:	00178913          	addi	s2,a5,1
    93cc:	9dbe                	add	s11,s11,a5
    93ce:	865a                	mv	a2,s6
    93d0:	86de                	mv	a3,s7
    93d2:	8562                	mv	a0,s8
    93d4:	85e6                	mv	a1,s9
    93d6:	f82fc0ef          	jal	ra,5b58 <__divdf3>
    93da:	60a010ef          	jal	ra,a9e4 <__fixdfsi>
    93de:	8d2a                	mv	s10,a0
    93e0:	9d9fd0ef          	jal	ra,6db8 <__floatsidf>
    93e4:	865a                	mv	a2,s6
    93e6:	86de                	mv	a3,s7
    93e8:	ddbfc0ef          	jal	ra,61c2 <__muldf3>
    93ec:	862a                	mv	a2,a0
    93ee:	86ae                	mv	a3,a1
    93f0:	8562                	mv	a0,s8
    93f2:	85e6                	mv	a1,s9
    93f4:	a86fd0ef          	jal	ra,667a <__subdf3>
    93f8:	030d0793          	addi	a5,s10,48
    93fc:	fef90fa3          	sb	a5,-1(s2)
    9400:	862a                	mv	a2,a0
    9402:	86ae                	mv	a3,a1
    9404:	8a4a                	mv	s4,s2
    9406:	072d9d63          	bne	s11,s2,9480 <_dtoa_r+0x7b4>
    940a:	557000ef          	jal	ra,a160 <__adddf3>
    940e:	865a                	mv	a2,s6
    9410:	86de                	mv	a3,s7
    9412:	8c2a                	mv	s8,a0
    9414:	8cae                	mv	s9,a1
    9416:	4e4010ef          	jal	ra,a8fa <__gedf2>
    941a:	02a04a63          	bgtz	a0,944e <_dtoa_r+0x782>
    941e:	865a                	mv	a2,s6
    9420:	86de                	mv	a3,s7
    9422:	8562                	mv	a0,s8
    9424:	85e6                	mv	a1,s9
    9426:	46a010ef          	jal	ra,a890 <__eqdf2>
    942a:	e501                	bnez	a0,9432 <_dtoa_r+0x766>
    942c:	001d7793          	andi	a5,s10,1
    9430:	ef99                	bnez	a5,944e <_dtoa_r+0x782>
    9432:	85ce                	mv	a1,s3
    9434:	8526                	mv	a0,s1
    9436:	2b1d                	jal	996c <_Bfree>
    9438:	57c2                	lw	a5,48(sp)
    943a:	000a0023          	sb	zero,0(s4)
    943e:	0405                	addi	s0,s0,1
    9440:	c380                	sw	s0,0(a5)
    9442:	47d2                	lw	a5,20(sp)
    9444:	94078ae3          	beqz	a5,8d98 <_dtoa_r+0xcc>
    9448:	0147a023          	sw	s4,0(a5)
    944c:	b2b1                	j	8d98 <_dtoa_r+0xcc>
    944e:	8d22                	mv	s10,s0
    9450:	03900713          	li	a4,57
    9454:	fffa4683          	lbu	a3,-1(s4)
    9458:	fffa0793          	addi	a5,s4,-1
    945c:	00e69a63          	bne	a3,a4,9470 <_dtoa_r+0x7a4>
    9460:	4682                	lw	a3,0(sp)
    9462:	00f69d63          	bne	a3,a5,947c <_dtoa_r+0x7b0>
    9466:	03000713          	li	a4,48
    946a:	0d05                	addi	s10,s10,1
    946c:	00e68023          	sb	a4,0(a3)
    9470:	0007c703          	lbu	a4,0(a5)
    9474:	0705                	addi	a4,a4,1
    9476:	00e78023          	sb	a4,0(a5)
    947a:	b705                	j	939a <_dtoa_r+0x6ce>
    947c:	8a3e                	mv	s4,a5
    947e:	bfd9                	j	9454 <_dtoa_r+0x788>
    9480:	000aa603          	lw	a2,0(s5)
    9484:	004aa683          	lw	a3,4(s5)
    9488:	0905                	addi	s2,s2,1
    948a:	d39fc0ef          	jal	ra,61c2 <__muldf3>
    948e:	4601                	li	a2,0
    9490:	4681                	li	a3,0
    9492:	8c2a                	mv	s8,a0
    9494:	8cae                	mv	s9,a1
    9496:	3fa010ef          	jal	ra,a890 <__eqdf2>
    949a:	f915                	bnez	a0,93ce <_dtoa_r+0x702>
    949c:	bf59                	j	9432 <_dtoa_r+0x766>
    949e:	4742                	lw	a4,16(sp)
    94a0:	0e070d63          	beqz	a4,959a <_dtoa_r+0x8ce>
    94a4:	4692                	lw	a3,4(sp)
    94a6:	4705                	li	a4,1
    94a8:	0cd74263          	blt	a4,a3,956c <_dtoa_r+0x8a0>
    94ac:	5762                	lw	a4,56(sp)
    94ae:	43378793          	addi	a5,a5,1075
    94b2:	e709                	bnez	a4,94bc <_dtoa_r+0x7f0>
    94b4:	4726                	lw	a4,72(sp)
    94b6:	03600793          	li	a5,54
    94ba:	8f99                	sub	a5,a5,a4
    94bc:	8d56                	mv	s10,s5
    94be:	8cda                	mv	s9,s6
    94c0:	4585                	li	a1,1
    94c2:	8526                	mv	a0,s1
    94c4:	9b3e                	add	s6,s6,a5
    94c6:	9bbe                	add	s7,s7,a5
    94c8:	630000ef          	jal	ra,9af8 <__i2b>
    94cc:	892a                	mv	s2,a0
    94ce:	01905e63          	blez	s9,94ea <_dtoa_r+0x81e>
    94d2:	01705c63          	blez	s7,94ea <_dtoa_r+0x81e>
    94d6:	87e6                	mv	a5,s9
    94d8:	019bd363          	bge	s7,s9,94de <_dtoa_r+0x812>
    94dc:	87de                	mv	a5,s7
    94de:	40fb0b33          	sub	s6,s6,a5
    94e2:	40fc8cb3          	sub	s9,s9,a5
    94e6:	40fb8bb3          	sub	s7,s7,a5
    94ea:	020a8e63          	beqz	s5,9526 <_dtoa_r+0x85a>
    94ee:	47c2                	lw	a5,16(sp)
    94f0:	cbcd                	beqz	a5,95a2 <_dtoa_r+0x8d6>
    94f2:	03a05263          	blez	s10,9516 <_dtoa_r+0x84a>
    94f6:	85ca                	mv	a1,s2
    94f8:	866a                	mv	a2,s10
    94fa:	8526                	mv	a0,s1
    94fc:	75c000ef          	jal	ra,9c58 <__pow5mult>
    9500:	864e                	mv	a2,s3
    9502:	85aa                	mv	a1,a0
    9504:	892a                	mv	s2,a0
    9506:	8526                	mv	a0,s1
    9508:	2531                	jal	9b14 <__multiply>
    950a:	ce2a                	sw	a0,28(sp)
    950c:	85ce                	mv	a1,s3
    950e:	8526                	mv	a0,s1
    9510:	29b1                	jal	996c <_Bfree>
    9512:	47f2                	lw	a5,28(sp)
    9514:	89be                	mv	s3,a5
    9516:	41aa8633          	sub	a2,s5,s10
    951a:	c611                	beqz	a2,9526 <_dtoa_r+0x85a>
    951c:	85ce                	mv	a1,s3
    951e:	8526                	mv	a0,s1
    9520:	738000ef          	jal	ra,9c58 <__pow5mult>
    9524:	89aa                	mv	s3,a0
    9526:	4585                	li	a1,1
    9528:	8526                	mv	a0,s1
    952a:	23f9                	jal	9af8 <__i2b>
    952c:	47e2                	lw	a5,24(sp)
    952e:	8aaa                	mv	s5,a0
    9530:	06f05b63          	blez	a5,95a6 <_dtoa_r+0x8da>
    9534:	863e                	mv	a2,a5
    9536:	85aa                	mv	a1,a0
    9538:	8526                	mv	a0,s1
    953a:	71e000ef          	jal	ra,9c58 <__pow5mult>
    953e:	4712                	lw	a4,4(sp)
    9540:	4785                	li	a5,1
    9542:	8aaa                	mv	s5,a0
    9544:	4d01                	li	s10,0
    9546:	06e7c863          	blt	a5,a4,95b6 <_dtoa_r+0x8ea>
    954a:	4d01                	li	s10,0
    954c:	060a1263          	bnez	s4,95b0 <_dtoa_r+0x8e4>
    9550:	00cc1793          	slli	a5,s8,0xc
    9554:	8d52                	mv	s10,s4
    9556:	efa9                	bnez	a5,95b0 <_dtoa_r+0x8e4>
    9558:	7ff005b7          	lui	a1,0x7ff00
    955c:	00bc7c33          	and	s8,s8,a1
    9560:	040c0863          	beqz	s8,95b0 <_dtoa_r+0x8e4>
    9564:	0b05                	addi	s6,s6,1
    9566:	0b85                	addi	s7,s7,1
    9568:	4d05                	li	s10,1
    956a:	a099                	j	95b0 <_dtoa_r+0x8e4>
    956c:	fffd8d13          	addi	s10,s11,-1
    9570:	01aaca63          	blt	s5,s10,9584 <_dtoa_r+0x8b8>
    9574:	41aa8d33          	sub	s10,s5,s10
    9578:	000dde63          	bgez	s11,9594 <_dtoa_r+0x8c8>
    957c:	41bb0cb3          	sub	s9,s6,s11
    9580:	4781                	li	a5,0
    9582:	bf3d                	j	94c0 <_dtoa_r+0x7f4>
    9584:	47e2                	lw	a5,24(sp)
    9586:	415d0ab3          	sub	s5,s10,s5
    958a:	97d6                	add	a5,a5,s5
    958c:	cc3e                	sw	a5,24(sp)
    958e:	8aea                	mv	s5,s10
    9590:	4d01                	li	s10,0
    9592:	b7dd                	j	9578 <_dtoa_r+0x8ac>
    9594:	8cda                	mv	s9,s6
    9596:	87ee                	mv	a5,s11
    9598:	b725                	j	94c0 <_dtoa_r+0x7f4>
    959a:	8d56                	mv	s10,s5
    959c:	8cda                	mv	s9,s6
    959e:	4901                	li	s2,0
    95a0:	b73d                	j	94ce <_dtoa_r+0x802>
    95a2:	8656                	mv	a2,s5
    95a4:	bfa5                	j	951c <_dtoa_r+0x850>
    95a6:	4712                	lw	a4,4(sp)
    95a8:	4785                	li	a5,1
    95aa:	4d01                	li	s10,0
    95ac:	f8e7dfe3          	bge	a5,a4,954a <_dtoa_r+0x87e>
    95b0:	47e2                	lw	a5,24(sp)
    95b2:	4505                	li	a0,1
    95b4:	cf81                	beqz	a5,95cc <_dtoa_r+0x900>
    95b6:	010aa783          	lw	a5,16(s5)
    95ba:	078d                	addi	a5,a5,3
    95bc:	078a                	slli	a5,a5,0x2
    95be:	97d6                	add	a5,a5,s5
    95c0:	43c8                	lw	a0,4(a5)
    95c2:	2159                	jal	9a48 <__hi0bits>
    95c4:	02000793          	li	a5,32
    95c8:	40a78533          	sub	a0,a5,a0
    95cc:	955e                	add	a0,a0,s7
    95ce:	897d                	andi	a0,a0,31
    95d0:	c141                	beqz	a0,9650 <_dtoa_r+0x984>
    95d2:	02000793          	li	a5,32
    95d6:	8f89                	sub	a5,a5,a0
    95d8:	4711                	li	a4,4
    95da:	06f75863          	bge	a4,a5,964a <_dtoa_r+0x97e>
    95de:	47f1                	li	a5,28
    95e0:	40a78533          	sub	a0,a5,a0
    95e4:	9b2a                	add	s6,s6,a0
    95e6:	9caa                	add	s9,s9,a0
    95e8:	9baa                	add	s7,s7,a0
    95ea:	01605863          	blez	s6,95fa <_dtoa_r+0x92e>
    95ee:	85ce                	mv	a1,s3
    95f0:	865a                	mv	a2,s6
    95f2:	8526                	mv	a0,s1
    95f4:	722000ef          	jal	ra,9d16 <__lshift>
    95f8:	89aa                	mv	s3,a0
    95fa:	01705863          	blez	s7,960a <_dtoa_r+0x93e>
    95fe:	85d6                	mv	a1,s5
    9600:	865e                	mv	a2,s7
    9602:	8526                	mv	a0,s1
    9604:	712000ef          	jal	ra,9d16 <__lshift>
    9608:	8aaa                	mv	s5,a0
    960a:	57b2                	lw	a5,44(sp)
    960c:	c7a1                	beqz	a5,9654 <_dtoa_r+0x988>
    960e:	85d6                	mv	a1,s5
    9610:	854e                	mv	a0,s3
    9612:	7d2000ef          	jal	ra,9de4 <__mcmp>
    9616:	02055f63          	bgez	a0,9654 <_dtoa_r+0x988>
    961a:	85ce                	mv	a1,s3
    961c:	4681                	li	a3,0
    961e:	4629                	li	a2,10
    9620:	8526                	mv	a0,s1
    9622:	2679                	jal	99b0 <__multadd>
    9624:	47c2                	lw	a5,16(sp)
    9626:	147d                	addi	s0,s0,-1
    9628:	89aa                	mv	s3,a0
    962a:	24078e63          	beqz	a5,9886 <_dtoa_r+0xbba>
    962e:	85ca                	mv	a1,s2
    9630:	4681                	li	a3,0
    9632:	4629                	li	a2,10
    9634:	8526                	mv	a0,s1
    9636:	2ead                	jal	99b0 <__multadd>
    9638:	47a2                	lw	a5,8(sp)
    963a:	892a                	mv	s2,a0
    963c:	08f04163          	bgtz	a5,96be <_dtoa_r+0x9f2>
    9640:	4712                	lw	a4,4(sp)
    9642:	4789                	li	a5,2
    9644:	06e7dd63          	bge	a5,a4,96be <_dtoa_r+0x9f2>
    9648:	a829                	j	9662 <_dtoa_r+0x996>
    964a:	fae780e3          	beq	a5,a4,95ea <_dtoa_r+0x91e>
    964e:	853e                	mv	a0,a5
    9650:	0571                	addi	a0,a0,28
    9652:	bf49                	j	95e4 <_dtoa_r+0x918>
    9654:	07b04163          	bgtz	s11,96b6 <_dtoa_r+0x9ea>
    9658:	4712                	lw	a4,4(sp)
    965a:	4789                	li	a5,2
    965c:	04e7dd63          	bge	a5,a4,96b6 <_dtoa_r+0x9ea>
    9660:	c46e                	sw	s11,8(sp)
    9662:	47a2                	lw	a5,8(sp)
    9664:	ef89                	bnez	a5,967e <_dtoa_r+0x9b2>
    9666:	85d6                	mv	a1,s5
    9668:	4681                	li	a3,0
    966a:	4615                	li	a2,5
    966c:	8526                	mv	a0,s1
    966e:	2689                	jal	99b0 <__multadd>
    9670:	8aaa                	mv	s5,a0
    9672:	85aa                	mv	a1,a0
    9674:	854e                	mv	a0,s3
    9676:	76e000ef          	jal	ra,9de4 <__mcmp>
    967a:	b6a045e3          	bgtz	a0,91e4 <_dtoa_r+0x518>
    967e:	47b2                	lw	a5,12(sp)
    9680:	4a02                	lw	s4,0(sp)
    9682:	fff7c413          	not	s0,a5
    9686:	4b01                	li	s6,0
    9688:	85d6                	mv	a1,s5
    968a:	8526                	mv	a0,s1
    968c:	24c5                	jal	996c <_Bfree>
    968e:	da0902e3          	beqz	s2,9432 <_dtoa_r+0x766>
    9692:	000b0763          	beqz	s6,96a0 <_dtoa_r+0x9d4>
    9696:	012b0563          	beq	s6,s2,96a0 <_dtoa_r+0x9d4>
    969a:	85da                	mv	a1,s6
    969c:	8526                	mv	a0,s1
    969e:	24f9                	jal	996c <_Bfree>
    96a0:	85ca                	mv	a1,s2
    96a2:	8526                	mv	a0,s1
    96a4:	24e1                	jal	996c <_Bfree>
    96a6:	b371                	j	9432 <_dtoa_r+0x766>
    96a8:	4a81                	li	s5,0
    96aa:	4901                	li	s2,0
    96ac:	bfc9                	j	967e <_dtoa_r+0x9b2>
    96ae:	846a                	mv	s0,s10
    96b0:	4a81                	li	s5,0
    96b2:	4901                	li	s2,0
    96b4:	be05                	j	91e4 <_dtoa_r+0x518>
    96b6:	47c2                	lw	a5,16(sp)
    96b8:	c46e                	sw	s11,8(sp)
    96ba:	1c078d63          	beqz	a5,9894 <_dtoa_r+0xbc8>
    96be:	01905863          	blez	s9,96ce <_dtoa_r+0xa02>
    96c2:	85ca                	mv	a1,s2
    96c4:	8666                	mv	a2,s9
    96c6:	8526                	mv	a0,s1
    96c8:	64e000ef          	jal	ra,9d16 <__lshift>
    96cc:	892a                	mv	s2,a0
    96ce:	854a                	mv	a0,s2
    96d0:	020d0563          	beqz	s10,96fa <_dtoa_r+0xa2e>
    96d4:	00492583          	lw	a1,4(s2)
    96d8:	8526                	mv	a0,s1
    96da:	2429                	jal	98e4 <_Balloc>
    96dc:	01092603          	lw	a2,16(s2)
    96e0:	8b2a                	mv	s6,a0
    96e2:	00c90593          	addi	a1,s2,12
    96e6:	0609                	addi	a2,a2,2
    96e8:	060a                	slli	a2,a2,0x2
    96ea:	0531                	addi	a0,a0,12
    96ec:	c85fe0ef          	jal	ra,8370 <memcpy>
    96f0:	4605                	li	a2,1
    96f2:	85da                	mv	a1,s6
    96f4:	8526                	mv	a0,s1
    96f6:	620000ef          	jal	ra,9d16 <__lshift>
    96fa:	4782                	lw	a5,0(sp)
    96fc:	4722                	lw	a4,8(sp)
    96fe:	8b4a                	mv	s6,s2
    9700:	00178c13          	addi	s8,a5,1
    9704:	97ba                	add	a5,a5,a4
    9706:	c63e                	sw	a5,12(sp)
    9708:	001a7793          	andi	a5,s4,1
    970c:	892a                	mv	s2,a0
    970e:	c43e                	sw	a5,8(sp)
    9710:	85d6                	mv	a1,s5
    9712:	854e                	mv	a0,s3
    9714:	c7eff0ef          	jal	ra,8b92 <quorem>
    9718:	85da                	mv	a1,s6
    971a:	8d2a                	mv	s10,a0
    971c:	03050d93          	addi	s11,a0,48
    9720:	854e                	mv	a0,s3
    9722:	6c2000ef          	jal	ra,9de4 <__mcmp>
    9726:	864a                	mv	a2,s2
    9728:	8baa                	mv	s7,a0
    972a:	85d6                	mv	a1,s5
    972c:	8526                	mv	a0,s1
    972e:	6e8000ef          	jal	ra,9e16 <__mdiff>
    9732:	4550                	lw	a2,12(a0)
    9734:	fffc0c93          	addi	s9,s8,-1
    9738:	8a2a                	mv	s4,a0
    973a:	4705                	li	a4,1
    973c:	e611                	bnez	a2,9748 <_dtoa_r+0xa7c>
    973e:	85aa                	mv	a1,a0
    9740:	854e                	mv	a0,s3
    9742:	6a2000ef          	jal	ra,9de4 <__mcmp>
    9746:	872a                	mv	a4,a0
    9748:	85d2                	mv	a1,s4
    974a:	8526                	mv	a0,s1
    974c:	c83a                	sw	a4,16(sp)
    974e:	2c39                	jal	996c <_Bfree>
    9750:	4792                	lw	a5,4(sp)
    9752:	4742                	lw	a4,16(sp)
    9754:	8a62                	mv	s4,s8
    9756:	00e7e6b3          	or	a3,a5,a4
    975a:	47a2                	lw	a5,8(sp)
    975c:	8edd                	or	a3,a3,a5
    975e:	ee81                	bnez	a3,9776 <_dtoa_r+0xaaa>
    9760:	03900713          	li	a4,57
    9764:	04ed8763          	beq	s11,a4,97b2 <_dtoa_r+0xae6>
    9768:	01705463          	blez	s7,9770 <_dtoa_r+0xaa4>
    976c:	031d0d93          	addi	s11,s10,49
    9770:	01bc8023          	sb	s11,0(s9)
    9774:	bf11                	j	9688 <_dtoa_r+0x9bc>
    9776:	000bca63          	bltz	s7,978a <_dtoa_r+0xabe>
    977a:	4792                	lw	a5,4(sp)
    977c:	0177ebb3          	or	s7,a5,s7
    9780:	47a2                	lw	a5,8(sp)
    9782:	00fbebb3          	or	s7,s7,a5
    9786:	040b9463          	bnez	s7,97ce <_dtoa_r+0xb02>
    978a:	fee053e3          	blez	a4,9770 <_dtoa_r+0xaa4>
    978e:	85ce                	mv	a1,s3
    9790:	4605                	li	a2,1
    9792:	8526                	mv	a0,s1
    9794:	2349                	jal	9d16 <__lshift>
    9796:	85d6                	mv	a1,s5
    9798:	89aa                	mv	s3,a0
    979a:	64a000ef          	jal	ra,9de4 <__mcmp>
    979e:	00a04663          	bgtz	a0,97aa <_dtoa_r+0xade>
    97a2:	f579                	bnez	a0,9770 <_dtoa_r+0xaa4>
    97a4:	001df713          	andi	a4,s11,1
    97a8:	d761                	beqz	a4,9770 <_dtoa_r+0xaa4>
    97aa:	03900713          	li	a4,57
    97ae:	faed9fe3          	bne	s11,a4,976c <_dtoa_r+0xaa0>
    97b2:	03900793          	li	a5,57
    97b6:	00fc8023          	sb	a5,0(s9)
    97ba:	03900693          	li	a3,57
    97be:	fffa4783          	lbu	a5,-1(s4)
    97c2:	fffa0713          	addi	a4,s4,-1
    97c6:	08d78663          	beq	a5,a3,9852 <_dtoa_r+0xb86>
    97ca:	0785                	addi	a5,a5,1
    97cc:	a851                	j	9860 <_dtoa_r+0xb94>
    97ce:	00e05b63          	blez	a4,97e4 <_dtoa_r+0xb18>
    97d2:	03900713          	li	a4,57
    97d6:	fced8ee3          	beq	s11,a4,97b2 <_dtoa_r+0xae6>
    97da:	001d8793          	addi	a5,s11,1
    97de:	00fc8023          	sb	a5,0(s9)
    97e2:	b55d                	j	9688 <_dtoa_r+0x9bc>
    97e4:	47b2                	lw	a5,12(sp)
    97e6:	ffbc0fa3          	sb	s11,-1(s8)
    97ea:	03878d63          	beq	a5,s8,9824 <_dtoa_r+0xb58>
    97ee:	85ce                	mv	a1,s3
    97f0:	4681                	li	a3,0
    97f2:	4629                	li	a2,10
    97f4:	8526                	mv	a0,s1
    97f6:	2a6d                	jal	99b0 <__multadd>
    97f8:	89aa                	mv	s3,a0
    97fa:	4681                	li	a3,0
    97fc:	4629                	li	a2,10
    97fe:	85da                	mv	a1,s6
    9800:	8526                	mv	a0,s1
    9802:	012b1763          	bne	s6,s2,9810 <_dtoa_r+0xb44>
    9806:	226d                	jal	99b0 <__multadd>
    9808:	8b2a                	mv	s6,a0
    980a:	892a                	mv	s2,a0
    980c:	0c05                	addi	s8,s8,1
    980e:	b709                	j	9710 <_dtoa_r+0xa44>
    9810:	2245                	jal	99b0 <__multadd>
    9812:	85ca                	mv	a1,s2
    9814:	8b2a                	mv	s6,a0
    9816:	4681                	li	a3,0
    9818:	4629                	li	a2,10
    981a:	8526                	mv	a0,s1
    981c:	2a51                	jal	99b0 <__multadd>
    981e:	892a                	mv	s2,a0
    9820:	b7f5                	j	980c <_dtoa_r+0xb40>
    9822:	4b01                	li	s6,0
    9824:	85ce                	mv	a1,s3
    9826:	4605                	li	a2,1
    9828:	8526                	mv	a0,s1
    982a:	21f5                	jal	9d16 <__lshift>
    982c:	85d6                	mv	a1,s5
    982e:	89aa                	mv	s3,a0
    9830:	2b55                	jal	9de4 <__mcmp>
    9832:	f8a044e3          	bgtz	a0,97ba <_dtoa_r+0xaee>
    9836:	e501                	bnez	a0,983e <_dtoa_r+0xb72>
    9838:	001df793          	andi	a5,s11,1
    983c:	ffbd                	bnez	a5,97ba <_dtoa_r+0xaee>
    983e:	03000793          	li	a5,48
    9842:	fffa4703          	lbu	a4,-1(s4)
    9846:	fffa0693          	addi	a3,s4,-1
    984a:	e2f71fe3          	bne	a4,a5,9688 <_dtoa_r+0x9bc>
    984e:	8a36                	mv	s4,a3
    9850:	bfcd                	j	9842 <_dtoa_r+0xb76>
    9852:	4782                	lw	a5,0(sp)
    9854:	00e79963          	bne	a5,a4,9866 <_dtoa_r+0xb9a>
    9858:	4702                	lw	a4,0(sp)
    985a:	0405                	addi	s0,s0,1
    985c:	03100793          	li	a5,49
    9860:	00f70023          	sb	a5,0(a4)
    9864:	b515                	j	9688 <_dtoa_r+0x9bc>
    9866:	8a3a                	mv	s4,a4
    9868:	bf99                	j	97be <_dtoa_r+0xaf2>
    986a:	4752                	lw	a4,20(sp)
    986c:	00002797          	auipc	a5,0x2
    9870:	27c78793          	addi	a5,a5,636 # bae8 <__clz_tab+0x168>
    9874:	c03e                	sw	a5,0(sp)
    9876:	00002797          	auipc	a5,0x2
    987a:	27a78793          	addi	a5,a5,634 # baf0 <__clz_tab+0x170>
    987e:	d0071b63          	bnez	a4,8d94 <_dtoa_r+0xc8>
    9882:	d16ff06f          	j	8d98 <_dtoa_r+0xcc>
    9886:	47a2                	lw	a5,8(sp)
    9888:	00f04663          	bgtz	a5,9894 <_dtoa_r+0xbc8>
    988c:	4712                	lw	a4,4(sp)
    988e:	4789                	li	a5,2
    9890:	dce7c9e3          	blt	a5,a4,9662 <_dtoa_r+0x996>
    9894:	4a02                	lw	s4,0(sp)
    9896:	85d6                	mv	a1,s5
    9898:	854e                	mv	a0,s3
    989a:	af8ff0ef          	jal	ra,8b92 <quorem>
    989e:	4782                	lw	a5,0(sp)
    98a0:	0a05                	addi	s4,s4,1
    98a2:	03050d93          	addi	s11,a0,48
    98a6:	40fa0733          	sub	a4,s4,a5
    98aa:	47a2                	lw	a5,8(sp)
    98ac:	ffba0fa3          	sb	s11,-1(s4)
    98b0:	f6f759e3          	bge	a4,a5,9822 <_dtoa_r+0xb56>
    98b4:	85ce                	mv	a1,s3
    98b6:	4681                	li	a3,0
    98b8:	4629                	li	a2,10
    98ba:	8526                	mv	a0,s1
    98bc:	28d5                	jal	99b0 <__multadd>
    98be:	89aa                	mv	s3,a0
    98c0:	bfd9                	j	9896 <_dtoa_r+0xbca>

000098c2 <_localeconv_r>:
    98c2:	81818793          	addi	a5,gp,-2024 # 20000208 <_impure_ptr>
    98c6:	439c                	lw	a5,0(a5)
    98c8:	5388                	lw	a0,32(a5)
    98ca:	e509                	bnez	a0,98d4 <_localeconv_r+0x12>
    98cc:	1fff6517          	auipc	a0,0x1fff6
    98d0:	7b450513          	addi	a0,a0,1972 # 20000080 <__global_locale>
    98d4:	0f050513          	addi	a0,a0,240
    98d8:	8082                	ret

000098da <malloc>:
    98da:	81818793          	addi	a5,gp,-2024 # 20000208 <_impure_ptr>
    98de:	85aa                	mv	a1,a0
    98e0:	4388                	lw	a0,0(a5)
    98e2:	a705                	j	a002 <_malloc_r>

000098e4 <_Balloc>:
    98e4:	515c                	lw	a5,36(a0)
    98e6:	1141                	addi	sp,sp,-16
    98e8:	c422                	sw	s0,8(sp)
    98ea:	c04a                	sw	s2,0(sp)
    98ec:	c606                	sw	ra,12(sp)
    98ee:	c226                	sw	s1,4(sp)
    98f0:	842a                	mv	s0,a0
    98f2:	892e                	mv	s2,a1
    98f4:	ef89                	bnez	a5,990e <_Balloc+0x2a>
    98f6:	4541                	li	a0,16
    98f8:	fe3ff0ef          	jal	ra,98da <malloc>
    98fc:	d048                	sw	a0,36(s0)
    98fe:	00052223          	sw	zero,4(a0)
    9902:	00052423          	sw	zero,8(a0)
    9906:	00052023          	sw	zero,0(a0)
    990a:	00052623          	sw	zero,12(a0)
    990e:	5044                	lw	s1,36(s0)
    9910:	44dc                	lw	a5,12(s1)
    9912:	c795                	beqz	a5,993e <_Balloc+0x5a>
    9914:	5058                	lw	a4,36(s0)
    9916:	00291793          	slli	a5,s2,0x2
    991a:	4758                	lw	a4,12(a4)
    991c:	97ba                	add	a5,a5,a4
    991e:	4388                	lw	a0,0(a5)
    9920:	ed1d                	bnez	a0,995e <_Balloc+0x7a>
    9922:	4485                	li	s1,1
    9924:	012494b3          	sll	s1,s1,s2
    9928:	00548613          	addi	a2,s1,5
    992c:	060a                	slli	a2,a2,0x2
    992e:	4585                	li	a1,1
    9930:	8522                	mv	a0,s0
    9932:	256d                	jal	9fdc <_calloc_r>
    9934:	cd11                	beqz	a0,9950 <_Balloc+0x6c>
    9936:	01252223          	sw	s2,4(a0)
    993a:	c504                	sw	s1,8(a0)
    993c:	a01d                	j	9962 <_Balloc+0x7e>
    993e:	02100613          	li	a2,33
    9942:	4591                	li	a1,4
    9944:	8522                	mv	a0,s0
    9946:	2d59                	jal	9fdc <_calloc_r>
    9948:	505c                	lw	a5,36(s0)
    994a:	c4c8                	sw	a0,12(s1)
    994c:	47dc                	lw	a5,12(a5)
    994e:	f3f9                	bnez	a5,9914 <_Balloc+0x30>
    9950:	4501                	li	a0,0
    9952:	40b2                	lw	ra,12(sp)
    9954:	4422                	lw	s0,8(sp)
    9956:	4492                	lw	s1,4(sp)
    9958:	4902                	lw	s2,0(sp)
    995a:	0141                	addi	sp,sp,16
    995c:	8082                	ret
    995e:	4118                	lw	a4,0(a0)
    9960:	c398                	sw	a4,0(a5)
    9962:	00052823          	sw	zero,16(a0)
    9966:	00052623          	sw	zero,12(a0)
    996a:	b7e5                	j	9952 <_Balloc+0x6e>

0000996c <_Bfree>:
    996c:	515c                	lw	a5,36(a0)
    996e:	1101                	addi	sp,sp,-32
    9970:	cc22                	sw	s0,24(sp)
    9972:	ce06                	sw	ra,28(sp)
    9974:	842a                	mv	s0,a0
    9976:	ef99                	bnez	a5,9994 <_Bfree+0x28>
    9978:	4541                	li	a0,16
    997a:	c62e                	sw	a1,12(sp)
    997c:	f5fff0ef          	jal	ra,98da <malloc>
    9980:	45b2                	lw	a1,12(sp)
    9982:	d048                	sw	a0,36(s0)
    9984:	00052223          	sw	zero,4(a0)
    9988:	00052423          	sw	zero,8(a0)
    998c:	00052023          	sw	zero,0(a0)
    9990:	00052623          	sw	zero,12(a0)
    9994:	c991                	beqz	a1,99a8 <_Bfree+0x3c>
    9996:	5054                	lw	a3,36(s0)
    9998:	41dc                	lw	a5,4(a1)
    999a:	00279713          	slli	a4,a5,0x2
    999e:	46dc                	lw	a5,12(a3)
    99a0:	97ba                	add	a5,a5,a4
    99a2:	4398                	lw	a4,0(a5)
    99a4:	c198                	sw	a4,0(a1)
    99a6:	c38c                	sw	a1,0(a5)
    99a8:	40f2                	lw	ra,28(sp)
    99aa:	4462                	lw	s0,24(sp)
    99ac:	6105                	addi	sp,sp,32
    99ae:	8082                	ret

000099b0 <__multadd>:
    99b0:	7179                	addi	sp,sp,-48
    99b2:	ce4e                	sw	s3,28(sp)
    99b4:	89aa                	mv	s3,a0
    99b6:	6541                	lui	a0,0x10
    99b8:	d422                	sw	s0,40(sp)
    99ba:	d226                	sw	s1,36(sp)
    99bc:	842e                	mv	s0,a1
    99be:	4984                	lw	s1,16(a1)
    99c0:	d606                	sw	ra,44(sp)
    99c2:	d04a                	sw	s2,32(sp)
    99c4:	05d1                	addi	a1,a1,20
    99c6:	4801                	li	a6,0
    99c8:	157d                	addi	a0,a0,-1
    99ca:	419c                	lw	a5,0(a1)
    99cc:	0591                	addi	a1,a1,4
    99ce:	0805                	addi	a6,a6,1
    99d0:	00a7f733          	and	a4,a5,a0
    99d4:	02c70733          	mul	a4,a4,a2
    99d8:	83c1                	srli	a5,a5,0x10
    99da:	02c787b3          	mul	a5,a5,a2
    99de:	9736                	add	a4,a4,a3
    99e0:	01075693          	srli	a3,a4,0x10
    99e4:	8f69                	and	a4,a4,a0
    99e6:	97b6                	add	a5,a5,a3
    99e8:	0107d693          	srli	a3,a5,0x10
    99ec:	07c2                	slli	a5,a5,0x10
    99ee:	97ba                	add	a5,a5,a4
    99f0:	fef5ae23          	sw	a5,-4(a1) # 7feffffc <_eusrstack+0x5fefaffc>
    99f4:	fc984be3          	blt	a6,s1,99ca <__multadd+0x1a>
    99f8:	c2a1                	beqz	a3,9a38 <__multadd+0x88>
    99fa:	441c                	lw	a5,8(s0)
    99fc:	02f4c763          	blt	s1,a5,9a2a <__multadd+0x7a>
    9a00:	404c                	lw	a1,4(s0)
    9a02:	854e                	mv	a0,s3
    9a04:	c636                	sw	a3,12(sp)
    9a06:	0585                	addi	a1,a1,1
    9a08:	eddff0ef          	jal	ra,98e4 <_Balloc>
    9a0c:	4810                	lw	a2,16(s0)
    9a0e:	00c40593          	addi	a1,s0,12
    9a12:	892a                	mv	s2,a0
    9a14:	0609                	addi	a2,a2,2
    9a16:	060a                	slli	a2,a2,0x2
    9a18:	0531                	addi	a0,a0,12
    9a1a:	957fe0ef          	jal	ra,8370 <memcpy>
    9a1e:	85a2                	mv	a1,s0
    9a20:	854e                	mv	a0,s3
    9a22:	f4bff0ef          	jal	ra,996c <_Bfree>
    9a26:	46b2                	lw	a3,12(sp)
    9a28:	844a                	mv	s0,s2
    9a2a:	00448793          	addi	a5,s1,4
    9a2e:	078a                	slli	a5,a5,0x2
    9a30:	97a2                	add	a5,a5,s0
    9a32:	c3d4                	sw	a3,4(a5)
    9a34:	0485                	addi	s1,s1,1
    9a36:	c804                	sw	s1,16(s0)
    9a38:	8522                	mv	a0,s0
    9a3a:	50b2                	lw	ra,44(sp)
    9a3c:	5422                	lw	s0,40(sp)
    9a3e:	5492                	lw	s1,36(sp)
    9a40:	5902                	lw	s2,32(sp)
    9a42:	49f2                	lw	s3,28(sp)
    9a44:	6145                	addi	sp,sp,48
    9a46:	8082                	ret

00009a48 <__hi0bits>:
    9a48:	7741                	lui	a4,0xffff0
    9a4a:	8f69                	and	a4,a4,a0
    9a4c:	87aa                	mv	a5,a0
    9a4e:	4501                	li	a0,0
    9a50:	e319                	bnez	a4,9a56 <__hi0bits+0xe>
    9a52:	07c2                	slli	a5,a5,0x10
    9a54:	4541                	li	a0,16
    9a56:	ff000737          	lui	a4,0xff000
    9a5a:	8f7d                	and	a4,a4,a5
    9a5c:	e319                	bnez	a4,9a62 <__hi0bits+0x1a>
    9a5e:	0521                	addi	a0,a0,8
    9a60:	07a2                	slli	a5,a5,0x8
    9a62:	f0000737          	lui	a4,0xf0000
    9a66:	8f7d                	and	a4,a4,a5
    9a68:	e319                	bnez	a4,9a6e <__hi0bits+0x26>
    9a6a:	0511                	addi	a0,a0,4
    9a6c:	0792                	slli	a5,a5,0x4
    9a6e:	c0000737          	lui	a4,0xc0000
    9a72:	8f7d                	and	a4,a4,a5
    9a74:	e319                	bnez	a4,9a7a <__hi0bits+0x32>
    9a76:	0509                	addi	a0,a0,2
    9a78:	078a                	slli	a5,a5,0x2
    9a7a:	0007c963          	bltz	a5,9a8c <__hi0bits+0x44>
    9a7e:	00179713          	slli	a4,a5,0x1
    9a82:	0505                	addi	a0,a0,1
    9a84:	00074463          	bltz	a4,9a8c <__hi0bits+0x44>
    9a88:	02000513          	li	a0,32
    9a8c:	8082                	ret

00009a8e <__lo0bits>:
    9a8e:	411c                	lw	a5,0(a0)
    9a90:	0077f713          	andi	a4,a5,7
    9a94:	c30d                	beqz	a4,9ab6 <__lo0bits+0x28>
    9a96:	0017f693          	andi	a3,a5,1
    9a9a:	4701                	li	a4,0
    9a9c:	e699                	bnez	a3,9aaa <__lo0bits+0x1c>
    9a9e:	0027f713          	andi	a4,a5,2
    9aa2:	c711                	beqz	a4,9aae <__lo0bits+0x20>
    9aa4:	8385                	srli	a5,a5,0x1
    9aa6:	c11c                	sw	a5,0(a0)
    9aa8:	4705                	li	a4,1
    9aaa:	853a                	mv	a0,a4
    9aac:	8082                	ret
    9aae:	8389                	srli	a5,a5,0x2
    9ab0:	c11c                	sw	a5,0(a0)
    9ab2:	4709                	li	a4,2
    9ab4:	bfdd                	j	9aaa <__lo0bits+0x1c>
    9ab6:	01079693          	slli	a3,a5,0x10
    9aba:	82c1                	srli	a3,a3,0x10
    9abc:	4701                	li	a4,0
    9abe:	e299                	bnez	a3,9ac4 <__lo0bits+0x36>
    9ac0:	83c1                	srli	a5,a5,0x10
    9ac2:	4741                	li	a4,16
    9ac4:	0ff7f693          	andi	a3,a5,255
    9ac8:	e299                	bnez	a3,9ace <__lo0bits+0x40>
    9aca:	0721                	addi	a4,a4,8
    9acc:	83a1                	srli	a5,a5,0x8
    9ace:	00f7f693          	andi	a3,a5,15
    9ad2:	e299                	bnez	a3,9ad8 <__lo0bits+0x4a>
    9ad4:	0711                	addi	a4,a4,4
    9ad6:	8391                	srli	a5,a5,0x4
    9ad8:	0037f693          	andi	a3,a5,3
    9adc:	e299                	bnez	a3,9ae2 <__lo0bits+0x54>
    9ade:	0709                	addi	a4,a4,2
    9ae0:	8389                	srli	a5,a5,0x2
    9ae2:	0017f693          	andi	a3,a5,1
    9ae6:	e681                	bnez	a3,9aee <__lo0bits+0x60>
    9ae8:	8385                	srli	a5,a5,0x1
    9aea:	0705                	addi	a4,a4,1
    9aec:	c399                	beqz	a5,9af2 <__lo0bits+0x64>
    9aee:	c11c                	sw	a5,0(a0)
    9af0:	bf6d                	j	9aaa <__lo0bits+0x1c>
    9af2:	02000713          	li	a4,32
    9af6:	bf55                	j	9aaa <__lo0bits+0x1c>

00009af8 <__i2b>:
    9af8:	1141                	addi	sp,sp,-16
    9afa:	c422                	sw	s0,8(sp)
    9afc:	842e                	mv	s0,a1
    9afe:	4585                	li	a1,1
    9b00:	c606                	sw	ra,12(sp)
    9b02:	de3ff0ef          	jal	ra,98e4 <_Balloc>
    9b06:	c940                	sw	s0,20(a0)
    9b08:	40b2                	lw	ra,12(sp)
    9b0a:	4422                	lw	s0,8(sp)
    9b0c:	4705                	li	a4,1
    9b0e:	c918                	sw	a4,16(a0)
    9b10:	0141                	addi	sp,sp,16
    9b12:	8082                	ret

00009b14 <__multiply>:
    9b14:	4998                	lw	a4,16(a1)
    9b16:	4a1c                	lw	a5,16(a2)
    9b18:	7179                	addi	sp,sp,-48
    9b1a:	d226                	sw	s1,36(sp)
    9b1c:	d606                	sw	ra,44(sp)
    9b1e:	d422                	sw	s0,40(sp)
    9b20:	d04a                	sw	s2,32(sp)
    9b22:	ce4e                	sw	s3,28(sp)
    9b24:	84ae                	mv	s1,a1
    9b26:	00f75463          	bge	a4,a5,9b2e <__multiply+0x1a>
    9b2a:	84b2                	mv	s1,a2
    9b2c:	862e                	mv	a2,a1
    9b2e:	0104a983          	lw	s3,16(s1)
    9b32:	01062903          	lw	s2,16(a2) # 10010 <_data_lma+0x4308>
    9b36:	449c                	lw	a5,8(s1)
    9b38:	40cc                	lw	a1,4(s1)
    9b3a:	01298433          	add	s0,s3,s2
    9b3e:	0087d363          	bge	a5,s0,9b44 <__multiply+0x30>
    9b42:	0585                	addi	a1,a1,1
    9b44:	c632                	sw	a2,12(sp)
    9b46:	d9fff0ef          	jal	ra,98e4 <_Balloc>
    9b4a:	4632                	lw	a2,12(sp)
    9b4c:	01450813          	addi	a6,a0,20 # 10014 <_data_lma+0x430c>
    9b50:	00241313          	slli	t1,s0,0x2
    9b54:	9342                	add	t1,t1,a6
    9b56:	87c2                	mv	a5,a6
    9b58:	0267ed63          	bltu	a5,t1,9b92 <__multiply+0x7e>
    9b5c:	01448593          	addi	a1,s1,20
    9b60:	00299893          	slli	a7,s3,0x2
    9b64:	0651                	addi	a2,a2,20
    9b66:	00291e13          	slli	t3,s2,0x2
    9b6a:	66c1                	lui	a3,0x10
    9b6c:	98ae                	add	a7,a7,a1
    9b6e:	9e32                	add	t3,t3,a2
    9b70:	16fd                	addi	a3,a3,-1
    9b72:	03c66463          	bltu	a2,t3,9b9a <__multiply+0x86>
    9b76:	00805663          	blez	s0,9b82 <__multiply+0x6e>
    9b7a:	1371                	addi	t1,t1,-4
    9b7c:	00032783          	lw	a5,0(t1)
    9b80:	cbf1                	beqz	a5,9c54 <__multiply+0x140>
    9b82:	c900                	sw	s0,16(a0)
    9b84:	50b2                	lw	ra,44(sp)
    9b86:	5422                	lw	s0,40(sp)
    9b88:	5492                	lw	s1,36(sp)
    9b8a:	5902                	lw	s2,32(sp)
    9b8c:	49f2                	lw	s3,28(sp)
    9b8e:	6145                	addi	sp,sp,48
    9b90:	8082                	ret
    9b92:	0007a023          	sw	zero,0(a5)
    9b96:	0791                	addi	a5,a5,4
    9b98:	b7c1                	j	9b58 <__multiply+0x44>
    9b9a:	00062f83          	lw	t6,0(a2)
    9b9e:	00dfffb3          	and	t6,t6,a3
    9ba2:	040f8a63          	beqz	t6,9bf6 <__multiply+0xe2>
    9ba6:	8f42                	mv	t5,a6
    9ba8:	82ae                	mv	t0,a1
    9baa:	4481                	li	s1,0
    9bac:	0002a703          	lw	a4,0(t0)
    9bb0:	000f2383          	lw	t2,0(t5)
    9bb4:	0f11                	addi	t5,t5,4
    9bb6:	00d77eb3          	and	t4,a4,a3
    9bba:	03fe8eb3          	mul	t4,t4,t6
    9bbe:	00d3f7b3          	and	a5,t2,a3
    9bc2:	0103d393          	srli	t2,t2,0x10
    9bc6:	0291                	addi	t0,t0,4
    9bc8:	9ebe                	add	t4,t4,a5
    9bca:	01075793          	srli	a5,a4,0x10
    9bce:	03f787b3          	mul	a5,a5,t6
    9bd2:	9ea6                	add	t4,t4,s1
    9bd4:	010ed713          	srli	a4,t4,0x10
    9bd8:	00defeb3          	and	t4,t4,a3
    9bdc:	979e                	add	a5,a5,t2
    9bde:	97ba                	add	a5,a5,a4
    9be0:	0107d493          	srli	s1,a5,0x10
    9be4:	07c2                	slli	a5,a5,0x10
    9be6:	01d7e7b3          	or	a5,a5,t4
    9bea:	feff2e23          	sw	a5,-4(t5)
    9bee:	fb12efe3          	bltu	t0,a7,9bac <__multiply+0x98>
    9bf2:	009f2023          	sw	s1,0(t5)
    9bf6:	00265283          	lhu	t0,2(a2)
    9bfa:	04028a63          	beqz	t0,9c4e <__multiply+0x13a>
    9bfe:	00082783          	lw	a5,0(a6)
    9c02:	8ec2                	mv	t4,a6
    9c04:	8f2e                	mv	t5,a1
    9c06:	4f81                	li	t6,0
    9c08:	000f2703          	lw	a4,0(t5)
    9c0c:	002ed383          	lhu	t2,2(t4)
    9c10:	8ff5                	and	a5,a5,a3
    9c12:	8f75                	and	a4,a4,a3
    9c14:	02570733          	mul	a4,a4,t0
    9c18:	0e91                	addi	t4,t4,4
    9c1a:	0f11                	addi	t5,t5,4
    9c1c:	971e                	add	a4,a4,t2
    9c1e:	977e                	add	a4,a4,t6
    9c20:	01071f93          	slli	t6,a4,0x10
    9c24:	00ffe7b3          	or	a5,t6,a5
    9c28:	fefeae23          	sw	a5,-4(t4)
    9c2c:	ffef5783          	lhu	a5,-2(t5)
    9c30:	000eaf83          	lw	t6,0(t4)
    9c34:	8341                	srli	a4,a4,0x10
    9c36:	025787b3          	mul	a5,a5,t0
    9c3a:	00dfffb3          	and	t6,t6,a3
    9c3e:	97fe                	add	a5,a5,t6
    9c40:	97ba                	add	a5,a5,a4
    9c42:	0107df93          	srli	t6,a5,0x10
    9c46:	fd1f61e3          	bltu	t5,a7,9c08 <__multiply+0xf4>
    9c4a:	00fea023          	sw	a5,0(t4)
    9c4e:	0611                	addi	a2,a2,4
    9c50:	0811                	addi	a6,a6,4
    9c52:	b705                	j	9b72 <__multiply+0x5e>
    9c54:	147d                	addi	s0,s0,-1
    9c56:	b705                	j	9b76 <__multiply+0x62>

00009c58 <__pow5mult>:
    9c58:	1101                	addi	sp,sp,-32
    9c5a:	ca26                	sw	s1,20(sp)
    9c5c:	c84a                	sw	s2,16(sp)
    9c5e:	c64e                	sw	s3,12(sp)
    9c60:	ce06                	sw	ra,28(sp)
    9c62:	cc22                	sw	s0,24(sp)
    9c64:	c452                	sw	s4,8(sp)
    9c66:	00367793          	andi	a5,a2,3
    9c6a:	892a                	mv	s2,a0
    9c6c:	84b2                	mv	s1,a2
    9c6e:	89ae                	mv	s3,a1
    9c70:	cf89                	beqz	a5,9c8a <__pow5mult+0x32>
    9c72:	17fd                	addi	a5,a5,-1
    9c74:	00002717          	auipc	a4,0x2
    9c78:	f7470713          	addi	a4,a4,-140 # bbe8 <p05.3319>
    9c7c:	078a                	slli	a5,a5,0x2
    9c7e:	97ba                	add	a5,a5,a4
    9c80:	4390                	lw	a2,0(a5)
    9c82:	4681                	li	a3,0
    9c84:	d2dff0ef          	jal	ra,99b0 <__multadd>
    9c88:	89aa                	mv	s3,a0
    9c8a:	8489                	srai	s1,s1,0x2
    9c8c:	cca5                	beqz	s1,9d04 <__pow5mult+0xac>
    9c8e:	02492783          	lw	a5,36(s2)
    9c92:	ef91                	bnez	a5,9cae <__pow5mult+0x56>
    9c94:	4541                	li	a0,16
    9c96:	c45ff0ef          	jal	ra,98da <malloc>
    9c9a:	02a92223          	sw	a0,36(s2)
    9c9e:	00052223          	sw	zero,4(a0)
    9ca2:	00052423          	sw	zero,8(a0)
    9ca6:	00052023          	sw	zero,0(a0)
    9caa:	00052623          	sw	zero,12(a0)
    9cae:	02492a03          	lw	s4,36(s2)
    9cb2:	008a2403          	lw	s0,8(s4)
    9cb6:	e819                	bnez	s0,9ccc <__pow5mult+0x74>
    9cb8:	27100593          	li	a1,625
    9cbc:	854a                	mv	a0,s2
    9cbe:	e3bff0ef          	jal	ra,9af8 <__i2b>
    9cc2:	00aa2423          	sw	a0,8(s4)
    9cc6:	842a                	mv	s0,a0
    9cc8:	00052023          	sw	zero,0(a0)
    9ccc:	0014f793          	andi	a5,s1,1
    9cd0:	cf81                	beqz	a5,9ce8 <__pow5mult+0x90>
    9cd2:	85ce                	mv	a1,s3
    9cd4:	8622                	mv	a2,s0
    9cd6:	854a                	mv	a0,s2
    9cd8:	e3dff0ef          	jal	ra,9b14 <__multiply>
    9cdc:	8a2a                	mv	s4,a0
    9cde:	85ce                	mv	a1,s3
    9ce0:	854a                	mv	a0,s2
    9ce2:	c8bff0ef          	jal	ra,996c <_Bfree>
    9ce6:	89d2                	mv	s3,s4
    9ce8:	8485                	srai	s1,s1,0x1
    9cea:	cc89                	beqz	s1,9d04 <__pow5mult+0xac>
    9cec:	4008                	lw	a0,0(s0)
    9cee:	e909                	bnez	a0,9d00 <__pow5mult+0xa8>
    9cf0:	8622                	mv	a2,s0
    9cf2:	85a2                	mv	a1,s0
    9cf4:	854a                	mv	a0,s2
    9cf6:	e1fff0ef          	jal	ra,9b14 <__multiply>
    9cfa:	c008                	sw	a0,0(s0)
    9cfc:	00052023          	sw	zero,0(a0)
    9d00:	842a                	mv	s0,a0
    9d02:	b7e9                	j	9ccc <__pow5mult+0x74>
    9d04:	40f2                	lw	ra,28(sp)
    9d06:	4462                	lw	s0,24(sp)
    9d08:	854e                	mv	a0,s3
    9d0a:	44d2                	lw	s1,20(sp)
    9d0c:	4942                	lw	s2,16(sp)
    9d0e:	49b2                	lw	s3,12(sp)
    9d10:	4a22                	lw	s4,8(sp)
    9d12:	6105                	addi	sp,sp,32
    9d14:	8082                	ret

00009d16 <__lshift>:
    9d16:	7179                	addi	sp,sp,-48
    9d18:	d226                	sw	s1,36(sp)
    9d1a:	84ae                	mv	s1,a1
    9d1c:	ce4e                	sw	s3,28(sp)
    9d1e:	0104a983          	lw	s3,16(s1)
    9d22:	d422                	sw	s0,40(sp)
    9d24:	41cc                	lw	a1,4(a1)
    9d26:	40565413          	srai	s0,a2,0x5
    9d2a:	449c                	lw	a5,8(s1)
    9d2c:	99a2                	add	s3,s3,s0
    9d2e:	d04a                	sw	s2,32(sp)
    9d30:	ca56                	sw	s5,20(sp)
    9d32:	d606                	sw	ra,44(sp)
    9d34:	cc52                	sw	s4,24(sp)
    9d36:	8aaa                	mv	s5,a0
    9d38:	00198913          	addi	s2,s3,1
    9d3c:	0927c463          	blt	a5,s2,9dc4 <__lshift+0xae>
    9d40:	8556                	mv	a0,s5
    9d42:	c632                	sw	a2,12(sp)
    9d44:	ba1ff0ef          	jal	ra,98e4 <_Balloc>
    9d48:	4632                	lw	a2,12(sp)
    9d4a:	01450793          	addi	a5,a0,20
    9d4e:	8a2a                	mv	s4,a0
    9d50:	86be                	mv	a3,a5
    9d52:	4701                	li	a4,0
    9d54:	0691                	addi	a3,a3,4
    9d56:	06874a63          	blt	a4,s0,9dca <__lshift+0xb4>
    9d5a:	00045363          	bgez	s0,9d60 <__lshift+0x4a>
    9d5e:	4401                	li	s0,0
    9d60:	4894                	lw	a3,16(s1)
    9d62:	040a                	slli	s0,s0,0x2
    9d64:	00878733          	add	a4,a5,s0
    9d68:	068a                	slli	a3,a3,0x2
    9d6a:	01448793          	addi	a5,s1,20
    9d6e:	8a7d                	andi	a2,a2,31
    9d70:	96be                	add	a3,a3,a5
    9d72:	c225                	beqz	a2,9dd2 <__lshift+0xbc>
    9d74:	02000813          	li	a6,32
    9d78:	40c80833          	sub	a6,a6,a2
    9d7c:	4581                	li	a1,0
    9d7e:	4388                	lw	a0,0(a5)
    9d80:	0711                	addi	a4,a4,4
    9d82:	0791                	addi	a5,a5,4
    9d84:	00c51533          	sll	a0,a0,a2
    9d88:	8dc9                	or	a1,a1,a0
    9d8a:	feb72e23          	sw	a1,-4(a4)
    9d8e:	ffc7a583          	lw	a1,-4(a5)
    9d92:	0105d5b3          	srl	a1,a1,a6
    9d96:	fed7e4e3          	bltu	a5,a3,9d7e <__lshift+0x68>
    9d9a:	c30c                	sw	a1,0(a4)
    9d9c:	c199                	beqz	a1,9da2 <__lshift+0x8c>
    9d9e:	00298913          	addi	s2,s3,2
    9da2:	197d                	addi	s2,s2,-1
    9da4:	012a2823          	sw	s2,16(s4)
    9da8:	8556                	mv	a0,s5
    9daa:	85a6                	mv	a1,s1
    9dac:	bc1ff0ef          	jal	ra,996c <_Bfree>
    9db0:	50b2                	lw	ra,44(sp)
    9db2:	5422                	lw	s0,40(sp)
    9db4:	8552                	mv	a0,s4
    9db6:	5492                	lw	s1,36(sp)
    9db8:	5902                	lw	s2,32(sp)
    9dba:	49f2                	lw	s3,28(sp)
    9dbc:	4a62                	lw	s4,24(sp)
    9dbe:	4ad2                	lw	s5,20(sp)
    9dc0:	6145                	addi	sp,sp,48
    9dc2:	8082                	ret
    9dc4:	0585                	addi	a1,a1,1
    9dc6:	0786                	slli	a5,a5,0x1
    9dc8:	bf95                	j	9d3c <__lshift+0x26>
    9dca:	fe06ae23          	sw	zero,-4(a3) # fffc <_data_lma+0x42f4>
    9dce:	0705                	addi	a4,a4,1
    9dd0:	b751                	j	9d54 <__lshift+0x3e>
    9dd2:	0791                	addi	a5,a5,4
    9dd4:	ffc7a603          	lw	a2,-4(a5)
    9dd8:	0711                	addi	a4,a4,4
    9dda:	fec72e23          	sw	a2,-4(a4)
    9dde:	fed7eae3          	bltu	a5,a3,9dd2 <__lshift+0xbc>
    9de2:	b7c1                	j	9da2 <__lshift+0x8c>

00009de4 <__mcmp>:
    9de4:	491c                	lw	a5,16(a0)
    9de6:	4998                	lw	a4,16(a1)
    9de8:	8f99                	sub	a5,a5,a4
    9dea:	e38d                	bnez	a5,9e0c <__mcmp+0x28>
    9dec:	070a                	slli	a4,a4,0x2
    9dee:	0551                	addi	a0,a0,20
    9df0:	05d1                	addi	a1,a1,20
    9df2:	00e506b3          	add	a3,a0,a4
    9df6:	95ba                	add	a1,a1,a4
    9df8:	16f1                	addi	a3,a3,-4
    9dfa:	15f1                	addi	a1,a1,-4
    9dfc:	4290                	lw	a2,0(a3)
    9dfe:	4198                	lw	a4,0(a1)
    9e00:	00e60863          	beq	a2,a4,9e10 <__mcmp+0x2c>
    9e04:	57fd                	li	a5,-1
    9e06:	00e66363          	bltu	a2,a4,9e0c <__mcmp+0x28>
    9e0a:	4785                	li	a5,1
    9e0c:	853e                	mv	a0,a5
    9e0e:	8082                	ret
    9e10:	fed564e3          	bltu	a0,a3,9df8 <__mcmp+0x14>
    9e14:	bfe5                	j	9e0c <__mcmp+0x28>

00009e16 <__mdiff>:
    9e16:	1101                	addi	sp,sp,-32
    9e18:	ca26                	sw	s1,20(sp)
    9e1a:	84ae                	mv	s1,a1
    9e1c:	c64e                	sw	s3,12(sp)
    9e1e:	85b2                	mv	a1,a2
    9e20:	89aa                	mv	s3,a0
    9e22:	8526                	mv	a0,s1
    9e24:	cc22                	sw	s0,24(sp)
    9e26:	ce06                	sw	ra,28(sp)
    9e28:	c84a                	sw	s2,16(sp)
    9e2a:	8432                	mv	s0,a2
    9e2c:	fb9ff0ef          	jal	ra,9de4 <__mcmp>
    9e30:	e105                	bnez	a0,9e50 <__mdiff+0x3a>
    9e32:	4581                	li	a1,0
    9e34:	854e                	mv	a0,s3
    9e36:	aafff0ef          	jal	ra,98e4 <_Balloc>
    9e3a:	4785                	li	a5,1
    9e3c:	c91c                	sw	a5,16(a0)
    9e3e:	00052a23          	sw	zero,20(a0)
    9e42:	40f2                	lw	ra,28(sp)
    9e44:	4462                	lw	s0,24(sp)
    9e46:	44d2                	lw	s1,20(sp)
    9e48:	4942                	lw	s2,16(sp)
    9e4a:	49b2                	lw	s3,12(sp)
    9e4c:	6105                	addi	sp,sp,32
    9e4e:	8082                	ret
    9e50:	4905                	li	s2,1
    9e52:	00054663          	bltz	a0,9e5e <__mdiff+0x48>
    9e56:	87a2                	mv	a5,s0
    9e58:	4901                	li	s2,0
    9e5a:	8426                	mv	s0,s1
    9e5c:	84be                	mv	s1,a5
    9e5e:	404c                	lw	a1,4(s0)
    9e60:	854e                	mv	a0,s3
    9e62:	a83ff0ef          	jal	ra,98e4 <_Balloc>
    9e66:	01042303          	lw	t1,16(s0)
    9e6a:	0104a883          	lw	a7,16(s1)
    9e6e:	01440613          	addi	a2,s0,20
    9e72:	00231e13          	slli	t3,t1,0x2
    9e76:	01448813          	addi	a6,s1,20
    9e7a:	088a                	slli	a7,a7,0x2
    9e7c:	6ec1                	lui	t4,0x10
    9e7e:	01252623          	sw	s2,12(a0)
    9e82:	9e32                	add	t3,t3,a2
    9e84:	98c2                	add	a7,a7,a6
    9e86:	01450693          	addi	a3,a0,20
    9e8a:	4f01                	li	t5,0
    9e8c:	1efd                	addi	t4,t4,-1
    9e8e:	4218                	lw	a4,0(a2)
    9e90:	00082f83          	lw	t6,0(a6)
    9e94:	0691                	addi	a3,a3,4
    9e96:	01d775b3          	and	a1,a4,t4
    9e9a:	01dff7b3          	and	a5,t6,t4
    9e9e:	95fa                	add	a1,a1,t5
    9ea0:	8d9d                	sub	a1,a1,a5
    9ea2:	010fdf93          	srli	t6,t6,0x10
    9ea6:	01075793          	srli	a5,a4,0x10
    9eaa:	41f787b3          	sub	a5,a5,t6
    9eae:	4105d713          	srai	a4,a1,0x10
    9eb2:	97ba                	add	a5,a5,a4
    9eb4:	4107df13          	srai	t5,a5,0x10
    9eb8:	01d5f5b3          	and	a1,a1,t4
    9ebc:	07c2                	slli	a5,a5,0x10
    9ebe:	8fcd                	or	a5,a5,a1
    9ec0:	0811                	addi	a6,a6,4
    9ec2:	fef6ae23          	sw	a5,-4(a3)
    9ec6:	0611                	addi	a2,a2,4
    9ec8:	fd1863e3          	bltu	a6,a7,9e8e <__mdiff+0x78>
    9ecc:	65c1                	lui	a1,0x10
    9ece:	15fd                	addi	a1,a1,-1
    9ed0:	01c66863          	bltu	a2,t3,9ee0 <__mdiff+0xca>
    9ed4:	16f1                	addi	a3,a3,-4
    9ed6:	429c                	lw	a5,0(a3)
    9ed8:	c795                	beqz	a5,9f04 <__mdiff+0xee>
    9eda:	00652823          	sw	t1,16(a0)
    9ede:	b795                	j	9e42 <__mdiff+0x2c>
    9ee0:	421c                	lw	a5,0(a2)
    9ee2:	0691                	addi	a3,a3,4
    9ee4:	0611                	addi	a2,a2,4
    9ee6:	00b7f733          	and	a4,a5,a1
    9eea:	977a                	add	a4,a4,t5
    9eec:	41075813          	srai	a6,a4,0x10
    9ef0:	83c1                	srli	a5,a5,0x10
    9ef2:	97c2                	add	a5,a5,a6
    9ef4:	4107df13          	srai	t5,a5,0x10
    9ef8:	8f6d                	and	a4,a4,a1
    9efa:	07c2                	slli	a5,a5,0x10
    9efc:	8fd9                	or	a5,a5,a4
    9efe:	fef6ae23          	sw	a5,-4(a3)
    9f02:	b7f9                	j	9ed0 <__mdiff+0xba>
    9f04:	137d                	addi	t1,t1,-1
    9f06:	b7f9                	j	9ed4 <__mdiff+0xbe>

00009f08 <__d2b>:
    9f08:	7179                	addi	sp,sp,-48
    9f0a:	d422                	sw	s0,40(sp)
    9f0c:	842e                	mv	s0,a1
    9f0e:	4585                	li	a1,1
    9f10:	d226                	sw	s1,36(sp)
    9f12:	d04a                	sw	s2,32(sp)
    9f14:	84b2                	mv	s1,a2
    9f16:	ce4e                	sw	s3,28(sp)
    9f18:	cc52                	sw	s4,24(sp)
    9f1a:	893a                	mv	s2,a4
    9f1c:	d606                	sw	ra,44(sp)
    9f1e:	8a36                	mv	s4,a3
    9f20:	9c5ff0ef          	jal	ra,98e4 <_Balloc>
    9f24:	00100737          	lui	a4,0x100
    9f28:	fff70793          	addi	a5,a4,-1 # fffff <_data_lma+0xf42f7>
    9f2c:	8fe5                	and	a5,a5,s1
    9f2e:	80d1                	srli	s1,s1,0x14
    9f30:	7ff4f493          	andi	s1,s1,2047
    9f34:	89aa                	mv	s3,a0
    9f36:	e0b5                	bnez	s1,9f9a <__d2b+0x92>
    9f38:	c63e                	sw	a5,12(sp)
    9f3a:	c42d                	beqz	s0,9fa4 <__d2b+0x9c>
    9f3c:	0028                	addi	a0,sp,8
    9f3e:	c422                	sw	s0,8(sp)
    9f40:	b4fff0ef          	jal	ra,9a8e <__lo0bits>
    9f44:	46a2                	lw	a3,8(sp)
    9f46:	cd21                	beqz	a0,9f9e <__d2b+0x96>
    9f48:	4732                	lw	a4,12(sp)
    9f4a:	02000793          	li	a5,32
    9f4e:	8f89                	sub	a5,a5,a0
    9f50:	00f717b3          	sll	a5,a4,a5
    9f54:	8fd5                	or	a5,a5,a3
    9f56:	00a75733          	srl	a4,a4,a0
    9f5a:	00f9aa23          	sw	a5,20(s3)
    9f5e:	c63a                	sw	a4,12(sp)
    9f60:	4432                	lw	s0,12(sp)
    9f62:	0089ac23          	sw	s0,24(s3)
    9f66:	00803433          	snez	s0,s0
    9f6a:	0405                	addi	s0,s0,1
    9f6c:	0089a823          	sw	s0,16(s3)
    9f70:	c4b9                	beqz	s1,9fbe <__d2b+0xb6>
    9f72:	bcd48493          	addi	s1,s1,-1075
    9f76:	94aa                	add	s1,s1,a0
    9f78:	03500793          	li	a5,53
    9f7c:	009a2023          	sw	s1,0(s4)
    9f80:	40a78533          	sub	a0,a5,a0
    9f84:	00a92023          	sw	a0,0(s2)
    9f88:	50b2                	lw	ra,44(sp)
    9f8a:	5422                	lw	s0,40(sp)
    9f8c:	854e                	mv	a0,s3
    9f8e:	5492                	lw	s1,36(sp)
    9f90:	5902                	lw	s2,32(sp)
    9f92:	49f2                	lw	s3,28(sp)
    9f94:	4a62                	lw	s4,24(sp)
    9f96:	6145                	addi	sp,sp,48
    9f98:	8082                	ret
    9f9a:	8fd9                	or	a5,a5,a4
    9f9c:	bf71                	j	9f38 <__d2b+0x30>
    9f9e:	00d9aa23          	sw	a3,20(s3)
    9fa2:	bf7d                	j	9f60 <__d2b+0x58>
    9fa4:	0068                	addi	a0,sp,12
    9fa6:	ae9ff0ef          	jal	ra,9a8e <__lo0bits>
    9faa:	47b2                	lw	a5,12(sp)
    9fac:	02050513          	addi	a0,a0,32
    9fb0:	4405                	li	s0,1
    9fb2:	00f9aa23          	sw	a5,20(s3)
    9fb6:	4785                	li	a5,1
    9fb8:	00f9a823          	sw	a5,16(s3)
    9fbc:	bf55                	j	9f70 <__d2b+0x68>
    9fbe:	00241793          	slli	a5,s0,0x2
    9fc2:	bce50513          	addi	a0,a0,-1074
    9fc6:	97ce                	add	a5,a5,s3
    9fc8:	00aa2023          	sw	a0,0(s4)
    9fcc:	4b88                	lw	a0,16(a5)
    9fce:	0416                	slli	s0,s0,0x5
    9fd0:	a79ff0ef          	jal	ra,9a48 <__hi0bits>
    9fd4:	8c09                	sub	s0,s0,a0
    9fd6:	00892023          	sw	s0,0(s2)
    9fda:	b77d                	j	9f88 <__d2b+0x80>

00009fdc <_calloc_r>:
    9fdc:	02c58633          	mul	a2,a1,a2
    9fe0:	1101                	addi	sp,sp,-32
    9fe2:	cc22                	sw	s0,24(sp)
    9fe4:	ce06                	sw	ra,28(sp)
    9fe6:	85b2                	mv	a1,a2
    9fe8:	c632                	sw	a2,12(sp)
    9fea:	2821                	jal	a002 <_malloc_r>
    9fec:	842a                	mv	s0,a0
    9fee:	c509                	beqz	a0,9ff8 <_calloc_r+0x1c>
    9ff0:	4632                	lw	a2,12(sp)
    9ff2:	4581                	li	a1,0
    9ff4:	9acf60ef          	jal	ra,1a0 <memset>
    9ff8:	8522                	mv	a0,s0
    9ffa:	40f2                	lw	ra,28(sp)
    9ffc:	4462                	lw	s0,24(sp)
    9ffe:	6105                	addi	sp,sp,32
    a000:	8082                	ret

0000a002 <_malloc_r>:
    a002:	1101                	addi	sp,sp,-32
    a004:	ca26                	sw	s1,20(sp)
    a006:	00358493          	addi	s1,a1,3 # 10003 <_data_lma+0x42fb>
    a00a:	98f1                	andi	s1,s1,-4
    a00c:	ce06                	sw	ra,28(sp)
    a00e:	cc22                	sw	s0,24(sp)
    a010:	c84a                	sw	s2,16(sp)
    a012:	c64e                	sw	s3,12(sp)
    a014:	04a1                	addi	s1,s1,8
    a016:	47b1                	li	a5,12
    a018:	04f4f163          	bgeu	s1,a5,a05a <_malloc_r+0x58>
    a01c:	44b1                	li	s1,12
    a01e:	04b4e063          	bltu	s1,a1,a05e <_malloc_r+0x5c>
    a022:	892a                	mv	s2,a0
    a024:	2a21                	jal	a13c <__malloc_lock>
    a026:	85c18793          	addi	a5,gp,-1956 # 2000024c <__malloc_free_list>
    a02a:	4398                	lw	a4,0(a5)
    a02c:	843a                	mv	s0,a4
    a02e:	e031                	bnez	s0,a072 <_malloc_r+0x70>
    a030:	86018793          	addi	a5,gp,-1952 # 20000250 <__malloc_sbrk_start>
    a034:	439c                	lw	a5,0(a5)
    a036:	e791                	bnez	a5,a042 <_malloc_r+0x40>
    a038:	4581                	li	a1,0
    a03a:	854a                	mv	a0,s2
    a03c:	2851                	jal	a0d0 <_sbrk_r>
    a03e:	86a1a023          	sw	a0,-1952(gp) # 20000250 <__malloc_sbrk_start>
    a042:	85a6                	mv	a1,s1
    a044:	854a                	mv	a0,s2
    a046:	2069                	jal	a0d0 <_sbrk_r>
    a048:	59fd                	li	s3,-1
    a04a:	07351763          	bne	a0,s3,a0b8 <_malloc_r+0xb6>
    a04e:	47b1                	li	a5,12
    a050:	00f92023          	sw	a5,0(s2)
    a054:	854a                	mv	a0,s2
    a056:	20e5                	jal	a13e <__malloc_unlock>
    a058:	a029                	j	a062 <_malloc_r+0x60>
    a05a:	fc04d2e3          	bgez	s1,a01e <_malloc_r+0x1c>
    a05e:	47b1                	li	a5,12
    a060:	c11c                	sw	a5,0(a0)
    a062:	4501                	li	a0,0
    a064:	40f2                	lw	ra,28(sp)
    a066:	4462                	lw	s0,24(sp)
    a068:	44d2                	lw	s1,20(sp)
    a06a:	4942                	lw	s2,16(sp)
    a06c:	49b2                	lw	s3,12(sp)
    a06e:	6105                	addi	sp,sp,32
    a070:	8082                	ret
    a072:	401c                	lw	a5,0(s0)
    a074:	8f85                	sub	a5,a5,s1
    a076:	0207ce63          	bltz	a5,a0b2 <_malloc_r+0xb0>
    a07a:	46ad                	li	a3,11
    a07c:	00f6f663          	bgeu	a3,a5,a088 <_malloc_r+0x86>
    a080:	c01c                	sw	a5,0(s0)
    a082:	943e                	add	s0,s0,a5
    a084:	c004                	sw	s1,0(s0)
    a086:	a031                	j	a092 <_malloc_r+0x90>
    a088:	405c                	lw	a5,4(s0)
    a08a:	02871263          	bne	a4,s0,a0ae <_malloc_r+0xac>
    a08e:	84f1ae23          	sw	a5,-1956(gp) # 2000024c <__malloc_free_list>
    a092:	854a                	mv	a0,s2
    a094:	206d                	jal	a13e <__malloc_unlock>
    a096:	00b40513          	addi	a0,s0,11
    a09a:	00440793          	addi	a5,s0,4
    a09e:	9961                	andi	a0,a0,-8
    a0a0:	40f50733          	sub	a4,a0,a5
    a0a4:	d361                	beqz	a4,a064 <_malloc_r+0x62>
    a0a6:	943a                	add	s0,s0,a4
    a0a8:	8f89                	sub	a5,a5,a0
    a0aa:	c01c                	sw	a5,0(s0)
    a0ac:	bf65                	j	a064 <_malloc_r+0x62>
    a0ae:	c35c                	sw	a5,4(a4)
    a0b0:	b7cd                	j	a092 <_malloc_r+0x90>
    a0b2:	8722                	mv	a4,s0
    a0b4:	4040                	lw	s0,4(s0)
    a0b6:	bfa5                	j	a02e <_malloc_r+0x2c>
    a0b8:	00350413          	addi	s0,a0,3
    a0bc:	9871                	andi	s0,s0,-4
    a0be:	fc8503e3          	beq	a0,s0,a084 <_malloc_r+0x82>
    a0c2:	40a405b3          	sub	a1,s0,a0
    a0c6:	854a                	mv	a0,s2
    a0c8:	2021                	jal	a0d0 <_sbrk_r>
    a0ca:	fb351de3          	bne	a0,s3,a084 <_malloc_r+0x82>
    a0ce:	b741                	j	a04e <_malloc_r+0x4c>

0000a0d0 <_sbrk_r>:
    a0d0:	1141                	addi	sp,sp,-16
    a0d2:	c422                	sw	s0,8(sp)
    a0d4:	842a                	mv	s0,a0
    a0d6:	852e                	mv	a0,a1
    a0d8:	1fff8797          	auipc	a5,0x1fff8
    a0dc:	7c07a823          	sw	zero,2000(a5) # 200028a8 <errno>
    a0e0:	c606                	sw	ra,12(sp)
    a0e2:	c6ef90ef          	jal	ra,3550 <_sbrk>
    a0e6:	57fd                	li	a5,-1
    a0e8:	00f51963          	bne	a0,a5,a0fa <_sbrk_r+0x2a>
    a0ec:	1fff8797          	auipc	a5,0x1fff8
    a0f0:	7bc78793          	addi	a5,a5,1980 # 200028a8 <errno>
    a0f4:	439c                	lw	a5,0(a5)
    a0f6:	c391                	beqz	a5,a0fa <_sbrk_r+0x2a>
    a0f8:	c01c                	sw	a5,0(s0)
    a0fa:	40b2                	lw	ra,12(sp)
    a0fc:	4422                	lw	s0,8(sp)
    a0fe:	0141                	addi	sp,sp,16
    a100:	8082                	ret

0000a102 <__ascii_mbtowc>:
    a102:	e185                	bnez	a1,a122 <__ascii_mbtowc+0x20>
    a104:	1141                	addi	sp,sp,-16
    a106:	006c                	addi	a1,sp,12
    a108:	4501                	li	a0,0
    a10a:	ca11                	beqz	a2,a11e <__ascii_mbtowc+0x1c>
    a10c:	5579                	li	a0,-2
    a10e:	ca81                	beqz	a3,a11e <__ascii_mbtowc+0x1c>
    a110:	00064783          	lbu	a5,0(a2)
    a114:	c19c                	sw	a5,0(a1)
    a116:	00064503          	lbu	a0,0(a2)
    a11a:	00a03533          	snez	a0,a0
    a11e:	0141                	addi	sp,sp,16
    a120:	8082                	ret
    a122:	4501                	li	a0,0
    a124:	ca19                	beqz	a2,a13a <__ascii_mbtowc+0x38>
    a126:	5579                	li	a0,-2
    a128:	ca89                	beqz	a3,a13a <__ascii_mbtowc+0x38>
    a12a:	00064783          	lbu	a5,0(a2)
    a12e:	c19c                	sw	a5,0(a1)
    a130:	00064503          	lbu	a0,0(a2)
    a134:	00a03533          	snez	a0,a0
    a138:	8082                	ret
    a13a:	8082                	ret

0000a13c <__malloc_lock>:
    a13c:	8082                	ret

0000a13e <__malloc_unlock>:
    a13e:	8082                	ret

0000a140 <__ascii_wctomb>:
    a140:	cd91                	beqz	a1,a15c <__ascii_wctomb+0x1c>
    a142:	0ff00793          	li	a5,255
    a146:	00c7f763          	bgeu	a5,a2,a154 <__ascii_wctomb+0x14>
    a14a:	08a00793          	li	a5,138
    a14e:	c11c                	sw	a5,0(a0)
    a150:	557d                	li	a0,-1
    a152:	8082                	ret
    a154:	00c58023          	sb	a2,0(a1)
    a158:	4505                	li	a0,1
    a15a:	8082                	ret
    a15c:	4501                	li	a0,0
    a15e:	8082                	ret

0000a160 <__adddf3>:
    a160:	00100837          	lui	a6,0x100
    a164:	1101                	addi	sp,sp,-32
    a166:	187d                	addi	a6,a6,-1
    a168:	00b87733          	and	a4,a6,a1
    a16c:	ca26                	sw	s1,20(sp)
    a16e:	00d87833          	and	a6,a6,a3
    a172:	0145d493          	srli	s1,a1,0x14
    a176:	0146d313          	srli	t1,a3,0x14
    a17a:	00371e13          	slli	t3,a4,0x3
    a17e:	c64e                	sw	s3,12(sp)
    a180:	01d55713          	srli	a4,a0,0x1d
    a184:	080e                	slli	a6,a6,0x3
    a186:	01d65793          	srli	a5,a2,0x1d
    a18a:	7ff4f493          	andi	s1,s1,2047
    a18e:	7ff37313          	andi	t1,t1,2047
    a192:	ce06                	sw	ra,28(sp)
    a194:	cc22                	sw	s0,24(sp)
    a196:	c84a                	sw	s2,16(sp)
    a198:	01f5d993          	srli	s3,a1,0x1f
    a19c:	01f6de93          	srli	t4,a3,0x1f
    a1a0:	01c76733          	or	a4,a4,t3
    a1a4:	00351f13          	slli	t5,a0,0x3
    a1a8:	0107e833          	or	a6,a5,a6
    a1ac:	00361f93          	slli	t6,a2,0x3
    a1b0:	40648e33          	sub	t3,s1,t1
    a1b4:	19d98063          	beq	s3,t4,a334 <__adddf3+0x1d4>
    a1b8:	13c05663          	blez	t3,a2e4 <__adddf3+0x184>
    a1bc:	1c030463          	beqz	t1,a384 <__adddf3+0x224>
    a1c0:	008006b7          	lui	a3,0x800
    a1c4:	7ff00793          	li	a5,2047
    a1c8:	00d86833          	or	a6,a6,a3
    a1cc:	36f48f63          	beq	s1,a5,a54a <__adddf3+0x3ea>
    a1d0:	03800793          	li	a5,56
    a1d4:	35c7c063          	blt	a5,t3,a514 <__adddf3+0x3b4>
    a1d8:	47fd                	li	a5,31
    a1da:	47c7cd63          	blt	a5,t3,a654 <__adddf3+0x4f4>
    a1de:	02000513          	li	a0,32
    a1e2:	41c50533          	sub	a0,a0,t3
    a1e6:	01cfd7b3          	srl	a5,t6,t3
    a1ea:	00a816b3          	sll	a3,a6,a0
    a1ee:	00af9933          	sll	s2,t6,a0
    a1f2:	8edd                	or	a3,a3,a5
    a1f4:	01203933          	snez	s2,s2
    a1f8:	01c857b3          	srl	a5,a6,t3
    a1fc:	0126e933          	or	s2,a3,s2
    a200:	8f1d                	sub	a4,a4,a5
    a202:	412f0933          	sub	s2,t5,s2
    a206:	012f37b3          	sltu	a5,t5,s2
    a20a:	40f70633          	sub	a2,a4,a5
    a20e:	00861793          	slli	a5,a2,0x8
    a212:	2407d463          	bgez	a5,a45a <__adddf3+0x2fa>
    a216:	00800737          	lui	a4,0x800
    a21a:	177d                	addi	a4,a4,-1
    a21c:	00e67433          	and	s0,a2,a4
    a220:	2c040c63          	beqz	s0,a4f8 <__adddf3+0x398>
    a224:	8522                	mv	a0,s0
    a226:	8ccfe0ef          	jal	ra,82f2 <__clzsi2>
    a22a:	ff850713          	addi	a4,a0,-8
    a22e:	02000793          	li	a5,32
    a232:	8f99                	sub	a5,a5,a4
    a234:	00f957b3          	srl	a5,s2,a5
    a238:	00e41633          	sll	a2,s0,a4
    a23c:	8fd1                	or	a5,a5,a2
    a23e:	00e91933          	sll	s2,s2,a4
    a242:	2a974163          	blt	a4,s1,a4e4 <__adddf3+0x384>
    a246:	40970533          	sub	a0,a4,s1
    a24a:	00150613          	addi	a2,a0,1
    a24e:	477d                	li	a4,31
    a250:	38c74d63          	blt	a4,a2,a5ea <__adddf3+0x48a>
    a254:	02000713          	li	a4,32
    a258:	8f11                	sub	a4,a4,a2
    a25a:	00c956b3          	srl	a3,s2,a2
    a25e:	00e91933          	sll	s2,s2,a4
    a262:	00e79733          	sll	a4,a5,a4
    a266:	8f55                	or	a4,a4,a3
    a268:	01203933          	snez	s2,s2
    a26c:	01276933          	or	s2,a4,s2
    a270:	00c7d633          	srl	a2,a5,a2
    a274:	4481                	li	s1,0
    a276:	00797793          	andi	a5,s2,7
    a27a:	cf81                	beqz	a5,a292 <__adddf3+0x132>
    a27c:	00f97713          	andi	a4,s2,15
    a280:	4791                	li	a5,4
    a282:	00f70863          	beq	a4,a5,a292 <__adddf3+0x132>
    a286:	00490713          	addi	a4,s2,4
    a28a:	01273933          	sltu	s2,a4,s2
    a28e:	964a                	add	a2,a2,s2
    a290:	893a                	mv	s2,a4
    a292:	00861793          	slli	a5,a2,0x8
    a296:	1c07d663          	bgez	a5,a462 <__adddf3+0x302>
    a29a:	00148513          	addi	a0,s1,1
    a29e:	7ff00793          	li	a5,2047
    a2a2:	85ce                	mv	a1,s3
    a2a4:	20f50463          	beq	a0,a5,a4ac <__adddf3+0x34c>
    a2a8:	ff8007b7          	lui	a5,0xff800
    a2ac:	17fd                	addi	a5,a5,-1
    a2ae:	8ff1                	and	a5,a5,a2
    a2b0:	01d79893          	slli	a7,a5,0x1d
    a2b4:	00395913          	srli	s2,s2,0x3
    a2b8:	07a6                	slli	a5,a5,0x9
    a2ba:	0128e8b3          	or	a7,a7,s2
    a2be:	83b1                	srli	a5,a5,0xc
    a2c0:	7ff57513          	andi	a0,a0,2047
    a2c4:	00c79693          	slli	a3,a5,0xc
    a2c8:	0552                	slli	a0,a0,0x14
    a2ca:	40f2                	lw	ra,28(sp)
    a2cc:	4462                	lw	s0,24(sp)
    a2ce:	82b1                	srli	a3,a3,0xc
    a2d0:	05fe                	slli	a1,a1,0x1f
    a2d2:	8ec9                	or	a3,a3,a0
    a2d4:	8ecd                	or	a3,a3,a1
    a2d6:	44d2                	lw	s1,20(sp)
    a2d8:	4942                	lw	s2,16(sp)
    a2da:	49b2                	lw	s3,12(sp)
    a2dc:	8546                	mv	a0,a7
    a2de:	85b6                	mv	a1,a3
    a2e0:	6105                	addi	sp,sp,32
    a2e2:	8082                	ret
    a2e4:	0a0e1e63          	bnez	t3,a3a0 <__adddf3+0x240>
    a2e8:	00148313          	addi	t1,s1,1
    a2ec:	7fe37313          	andi	t1,t1,2046
    a2f0:	22031763          	bnez	t1,a51e <__adddf3+0x3be>
    a2f4:	01e767b3          	or	a5,a4,t5
    a2f8:	01f868b3          	or	a7,a6,t6
    a2fc:	1a049d63          	bnez	s1,a4b6 <__adddf3+0x356>
    a300:	40078763          	beqz	a5,a70e <__adddf3+0x5ae>
    a304:	44088663          	beqz	a7,a750 <__adddf3+0x5f0>
    a308:	41ff0933          	sub	s2,t5,t6
    a30c:	410707b3          	sub	a5,a4,a6
    a310:	012f3633          	sltu	a2,t5,s2
    a314:	40c78633          	sub	a2,a5,a2
    a318:	00861793          	slli	a5,a2,0x8
    a31c:	4c07d663          	bgez	a5,a7e8 <__adddf3+0x688>
    a320:	41ef8933          	sub	s2,t6,t5
    a324:	40e807b3          	sub	a5,a6,a4
    a328:	012fb633          	sltu	a2,t6,s2
    a32c:	40c78633          	sub	a2,a5,a2
    a330:	89f6                	mv	s3,t4
    a332:	b791                	j	a276 <__adddf3+0x116>
    a334:	0fc05063          	blez	t3,a414 <__adddf3+0x2b4>
    a338:	0c030063          	beqz	t1,a3f8 <__adddf3+0x298>
    a33c:	008006b7          	lui	a3,0x800
    a340:	7ff00793          	li	a5,2047
    a344:	00d86833          	or	a6,a6,a3
    a348:	3af48a63          	beq	s1,a5,a6fc <__adddf3+0x59c>
    a34c:	03800793          	li	a5,56
    a350:	13c7cb63          	blt	a5,t3,a486 <__adddf3+0x326>
    a354:	47fd                	li	a5,31
    a356:	35c7df63          	bge	a5,t3,a6b4 <__adddf3+0x554>
    a35a:	fe0e0913          	addi	s2,t3,-32
    a35e:	02000793          	li	a5,32
    a362:	012856b3          	srl	a3,a6,s2
    a366:	00fe0a63          	beq	t3,a5,a37a <__adddf3+0x21a>
    a36a:	04000913          	li	s2,64
    a36e:	41c90933          	sub	s2,s2,t3
    a372:	01281933          	sll	s2,a6,s2
    a376:	012fefb3          	or	t6,t6,s2
    a37a:	01f03933          	snez	s2,t6
    a37e:	00d96933          	or	s2,s2,a3
    a382:	a231                	j	a48e <__adddf3+0x32e>
    a384:	01f867b3          	or	a5,a6,t6
    a388:	1c078a63          	beqz	a5,a55c <__adddf3+0x3fc>
    a38c:	fffe0793          	addi	a5,t3,-1
    a390:	38078c63          	beqz	a5,a728 <__adddf3+0x5c8>
    a394:	7ff00693          	li	a3,2047
    a398:	1ade0963          	beq	t3,a3,a54a <__adddf3+0x3ea>
    a39c:	8e3e                	mv	t3,a5
    a39e:	bd0d                	j	a1d0 <__adddf3+0x70>
    a3a0:	409305b3          	sub	a1,t1,s1
    a3a4:	22049163          	bnez	s1,a5c6 <__adddf3+0x466>
    a3a8:	01e767b3          	or	a5,a4,t5
    a3ac:	32078763          	beqz	a5,a6da <__adddf3+0x57a>
    a3b0:	fff58793          	addi	a5,a1,-1
    a3b4:	44078163          	beqz	a5,a7f6 <__adddf3+0x696>
    a3b8:	7ff00693          	li	a3,2047
    a3bc:	20d58c63          	beq	a1,a3,a5d4 <__adddf3+0x474>
    a3c0:	85be                	mv	a1,a5
    a3c2:	03800793          	li	a5,56
    a3c6:	2ab7cc63          	blt	a5,a1,a67e <__adddf3+0x51e>
    a3ca:	47fd                	li	a5,31
    a3cc:	3cb7cf63          	blt	a5,a1,a7aa <__adddf3+0x64a>
    a3d0:	02000793          	li	a5,32
    a3d4:	8f8d                	sub	a5,a5,a1
    a3d6:	00f71933          	sll	s2,a4,a5
    a3da:	00bf56b3          	srl	a3,t5,a1
    a3de:	00ff17b3          	sll	a5,t5,a5
    a3e2:	00d96933          	or	s2,s2,a3
    a3e6:	00f037b3          	snez	a5,a5
    a3ea:	00b75733          	srl	a4,a4,a1
    a3ee:	00f96933          	or	s2,s2,a5
    a3f2:	40e80833          	sub	a6,a6,a4
    a3f6:	ac41                	j	a686 <__adddf3+0x526>
    a3f8:	01f867b3          	or	a5,a6,t6
    a3fc:	34078063          	beqz	a5,a73c <__adddf3+0x5dc>
    a400:	fffe0793          	addi	a5,t3,-1
    a404:	20078a63          	beqz	a5,a618 <__adddf3+0x4b8>
    a408:	7ff00693          	li	a3,2047
    a40c:	2ede0863          	beq	t3,a3,a6fc <__adddf3+0x59c>
    a410:	8e3e                	mv	t3,a5
    a412:	bf2d                	j	a34c <__adddf3+0x1ec>
    a414:	140e1e63          	bnez	t3,a570 <__adddf3+0x410>
    a418:	00148693          	addi	a3,s1,1
    a41c:	7fe6f793          	andi	a5,a3,2046
    a420:	34079163          	bnez	a5,a762 <__adddf3+0x602>
    a424:	01e767b3          	or	a5,a4,t5
    a428:	2c049563          	bnez	s1,a6f2 <__adddf3+0x592>
    a42c:	3e078063          	beqz	a5,a80c <__adddf3+0x6ac>
    a430:	01f867b3          	or	a5,a6,t6
    a434:	30078e63          	beqz	a5,a750 <__adddf3+0x5f0>
    a438:	01ff0933          	add	s2,t5,t6
    a43c:	010707b3          	add	a5,a4,a6
    a440:	01e93f33          	sltu	t5,s2,t5
    a444:	01e78633          	add	a2,a5,t5
    a448:	00861793          	slli	a5,a2,0x8
    a44c:	0007d763          	bgez	a5,a45a <__adddf3+0x2fa>
    a450:	ff8007b7          	lui	a5,0xff800
    a454:	17fd                	addi	a5,a5,-1
    a456:	8e7d                	and	a2,a2,a5
    a458:	4485                	li	s1,1
    a45a:	00797793          	andi	a5,s2,7
    a45e:	e0079fe3          	bnez	a5,a27c <__adddf3+0x11c>
    a462:	01d61793          	slli	a5,a2,0x1d
    a466:	00395893          	srli	a7,s2,0x3
    a46a:	00f8e8b3          	or	a7,a7,a5
    a46e:	00365793          	srli	a5,a2,0x3
    a472:	7ff00713          	li	a4,2047
    a476:	04e48d63          	beq	s1,a4,a4d0 <__adddf3+0x370>
    a47a:	07b2                	slli	a5,a5,0xc
    a47c:	83b1                	srli	a5,a5,0xc
    a47e:	7ff4f513          	andi	a0,s1,2047
    a482:	85ce                	mv	a1,s3
    a484:	b581                	j	a2c4 <__adddf3+0x164>
    a486:	01f86933          	or	s2,a6,t6
    a48a:	01203933          	snez	s2,s2
    a48e:	997a                	add	s2,s2,t5
    a490:	01e937b3          	sltu	a5,s2,t5
    a494:	00e78633          	add	a2,a5,a4
    a498:	00861793          	slli	a5,a2,0x8
    a49c:	fa07dfe3          	bgez	a5,a45a <__adddf3+0x2fa>
    a4a0:	0485                	addi	s1,s1,1
    a4a2:	7ff00793          	li	a5,2047
    a4a6:	18f49663          	bne	s1,a5,a632 <__adddf3+0x4d2>
    a4aa:	85ce                	mv	a1,s3
    a4ac:	7ff00513          	li	a0,2047
    a4b0:	4781                	li	a5,0
    a4b2:	4881                	li	a7,0
    a4b4:	bd01                	j	a2c4 <__adddf3+0x164>
    a4b6:	ebc1                	bnez	a5,a546 <__adddf3+0x3e6>
    a4b8:	3a088463          	beqz	a7,a860 <__adddf3+0x700>
    a4bc:	00361693          	slli	a3,a2,0x3
    a4c0:	01d81793          	slli	a5,a6,0x1d
    a4c4:	828d                	srli	a3,a3,0x3
    a4c6:	00d7e8b3          	or	a7,a5,a3
    a4ca:	89f6                	mv	s3,t4
    a4cc:	00385793          	srli	a5,a6,0x3
    a4d0:	00f8e7b3          	or	a5,a7,a5
    a4d4:	dbf9                	beqz	a5,a4aa <__adddf3+0x34a>
    a4d6:	4581                	li	a1,0
    a4d8:	7ff00513          	li	a0,2047
    a4dc:	000807b7          	lui	a5,0x80
    a4e0:	4881                	li	a7,0
    a4e2:	b3cd                	j	a2c4 <__adddf3+0x164>
    a4e4:	ff800637          	lui	a2,0xff800
    a4e8:	167d                	addi	a2,a2,-1
    a4ea:	8e7d                	and	a2,a2,a5
    a4ec:	00797793          	andi	a5,s2,7
    a4f0:	8c99                	sub	s1,s1,a4
    a4f2:	d80795e3          	bnez	a5,a27c <__adddf3+0x11c>
    a4f6:	b7b5                	j	a462 <__adddf3+0x302>
    a4f8:	854a                	mv	a0,s2
    a4fa:	df9fd0ef          	jal	ra,82f2 <__clzsi2>
    a4fe:	01850713          	addi	a4,a0,24
    a502:	47fd                	li	a5,31
    a504:	d2e7d5e3          	bge	a5,a4,a22e <__adddf3+0xce>
    a508:	ff850613          	addi	a2,a0,-8
    a50c:	00c917b3          	sll	a5,s2,a2
    a510:	4901                	li	s2,0
    a512:	bb05                	j	a242 <__adddf3+0xe2>
    a514:	01f86933          	or	s2,a6,t6
    a518:	01203933          	snez	s2,s2
    a51c:	b1dd                	j	a202 <__adddf3+0xa2>
    a51e:	41ff0933          	sub	s2,t5,t6
    a522:	41070633          	sub	a2,a4,a6
    a526:	012f3433          	sltu	s0,t5,s2
    a52a:	40860433          	sub	s0,a2,s0
    a52e:	00841793          	slli	a5,s0,0x8
    a532:	2407cd63          	bltz	a5,a78c <__adddf3+0x62c>
    a536:	008968b3          	or	a7,s2,s0
    a53a:	ce0893e3          	bnez	a7,a220 <__adddf3+0xc0>
    a53e:	4781                	li	a5,0
    a540:	4981                	li	s3,0
    a542:	4481                	li	s1,0
    a544:	bf1d                	j	a47a <__adddf3+0x31a>
    a546:	f80898e3          	bnez	a7,a4d6 <__adddf3+0x376>
    a54a:	050e                	slli	a0,a0,0x3
    a54c:	01d71793          	slli	a5,a4,0x1d
    a550:	810d                	srli	a0,a0,0x3
    a552:	00a7e8b3          	or	a7,a5,a0
    a556:	00375793          	srli	a5,a4,0x3
    a55a:	bf9d                	j	a4d0 <__adddf3+0x370>
    a55c:	050e                	slli	a0,a0,0x3
    a55e:	01d71793          	slli	a5,a4,0x1d
    a562:	810d                	srli	a0,a0,0x3
    a564:	00a7e8b3          	or	a7,a5,a0
    a568:	84f2                	mv	s1,t3
    a56a:	00375793          	srli	a5,a4,0x3
    a56e:	b711                	j	a472 <__adddf3+0x312>
    a570:	40930533          	sub	a0,t1,s1
    a574:	12048263          	beqz	s1,a698 <__adddf3+0x538>
    a578:	008006b7          	lui	a3,0x800
    a57c:	7ff00793          	li	a5,2047
    a580:	8f55                	or	a4,a4,a3
    a582:	2ef30d63          	beq	t1,a5,a87c <__adddf3+0x71c>
    a586:	03800793          	li	a5,56
    a58a:	20a7cb63          	blt	a5,a0,a7a0 <__adddf3+0x640>
    a58e:	47fd                	li	a5,31
    a590:	2aa7c363          	blt	a5,a0,a836 <__adddf3+0x6d6>
    a594:	02000793          	li	a5,32
    a598:	8f89                	sub	a5,a5,a0
    a59a:	00f71933          	sll	s2,a4,a5
    a59e:	00af56b3          	srl	a3,t5,a0
    a5a2:	00ff17b3          	sll	a5,t5,a5
    a5a6:	00d96933          	or	s2,s2,a3
    a5aa:	00f037b3          	snez	a5,a5
    a5ae:	00a75733          	srl	a4,a4,a0
    a5b2:	00f96933          	or	s2,s2,a5
    a5b6:	983a                	add	a6,a6,a4
    a5b8:	997e                	add	s2,s2,t6
    a5ba:	01f937b3          	sltu	a5,s2,t6
    a5be:	01078633          	add	a2,a5,a6
    a5c2:	849a                	mv	s1,t1
    a5c4:	bdd1                	j	a498 <__adddf3+0x338>
    a5c6:	008006b7          	lui	a3,0x800
    a5ca:	7ff00793          	li	a5,2047
    a5ce:	8f55                	or	a4,a4,a3
    a5d0:	def319e3          	bne	t1,a5,a3c2 <__adddf3+0x262>
    a5d4:	00361793          	slli	a5,a2,0x3
    a5d8:	838d                	srli	a5,a5,0x3
    a5da:	01d81893          	slli	a7,a6,0x1d
    a5de:	0117e8b3          	or	a7,a5,a7
    a5e2:	89f6                	mv	s3,t4
    a5e4:	00385793          	srli	a5,a6,0x3
    a5e8:	b5e5                	j	a4d0 <__adddf3+0x370>
    a5ea:	fe150713          	addi	a4,a0,-31
    a5ee:	02000693          	li	a3,32
    a5f2:	00e7d733          	srl	a4,a5,a4
    a5f6:	00d60a63          	beq	a2,a3,a60a <__adddf3+0x4aa>
    a5fa:	04000693          	li	a3,64
    a5fe:	40c68633          	sub	a2,a3,a2
    a602:	00c79633          	sll	a2,a5,a2
    a606:	00c96933          	or	s2,s2,a2
    a60a:	01203933          	snez	s2,s2
    a60e:	00e96933          	or	s2,s2,a4
    a612:	4601                	li	a2,0
    a614:	4481                	li	s1,0
    a616:	b591                	j	a45a <__adddf3+0x2fa>
    a618:	01ff0933          	add	s2,t5,t6
    a61c:	010707b3          	add	a5,a4,a6
    a620:	01e93633          	sltu	a2,s2,t5
    a624:	963e                	add	a2,a2,a5
    a626:	00861793          	slli	a5,a2,0x8
    a62a:	4485                	li	s1,1
    a62c:	e207d7e3          	bgez	a5,a45a <__adddf3+0x2fa>
    a630:	4489                	li	s1,2
    a632:	ff8007b7          	lui	a5,0xff800
    a636:	17fd                	addi	a5,a5,-1
    a638:	8ff1                	and	a5,a5,a2
    a63a:	00195713          	srli	a4,s2,0x1
    a63e:	00197913          	andi	s2,s2,1
    a642:	01276933          	or	s2,a4,s2
    a646:	01f79893          	slli	a7,a5,0x1f
    a64a:	0128e933          	or	s2,a7,s2
    a64e:	0017d613          	srli	a2,a5,0x1
    a652:	b115                	j	a276 <__adddf3+0x116>
    a654:	fe0e0913          	addi	s2,t3,-32
    a658:	02000793          	li	a5,32
    a65c:	012856b3          	srl	a3,a6,s2
    a660:	00fe0a63          	beq	t3,a5,a674 <__adddf3+0x514>
    a664:	04000913          	li	s2,64
    a668:	41c90933          	sub	s2,s2,t3
    a66c:	01281933          	sll	s2,a6,s2
    a670:	012fefb3          	or	t6,t6,s2
    a674:	01f03933          	snez	s2,t6
    a678:	00d96933          	or	s2,s2,a3
    a67c:	b659                	j	a202 <__adddf3+0xa2>
    a67e:	01e76933          	or	s2,a4,t5
    a682:	01203933          	snez	s2,s2
    a686:	412f8933          	sub	s2,t6,s2
    a68a:	012fb7b3          	sltu	a5,t6,s2
    a68e:	40f80633          	sub	a2,a6,a5
    a692:	849a                	mv	s1,t1
    a694:	89f6                	mv	s3,t4
    a696:	bea5                	j	a20e <__adddf3+0xae>
    a698:	01e767b3          	or	a5,a4,t5
    a69c:	18078263          	beqz	a5,a820 <__adddf3+0x6c0>
    a6a0:	fff50793          	addi	a5,a0,-1
    a6a4:	1c078463          	beqz	a5,a86c <__adddf3+0x70c>
    a6a8:	7ff00693          	li	a3,2047
    a6ac:	12d50463          	beq	a0,a3,a7d4 <__adddf3+0x674>
    a6b0:	853e                	mv	a0,a5
    a6b2:	bdd1                	j	a586 <__adddf3+0x426>
    a6b4:	02000793          	li	a5,32
    a6b8:	41c787b3          	sub	a5,a5,t3
    a6bc:	00f816b3          	sll	a3,a6,a5
    a6c0:	00ff9933          	sll	s2,t6,a5
    a6c4:	01cfd633          	srl	a2,t6,t3
    a6c8:	8ed1                	or	a3,a3,a2
    a6ca:	01203933          	snez	s2,s2
    a6ce:	01c857b3          	srl	a5,a6,t3
    a6d2:	0126e933          	or	s2,a3,s2
    a6d6:	973e                	add	a4,a4,a5
    a6d8:	bb5d                	j	a48e <__adddf3+0x32e>
    a6da:	00361793          	slli	a5,a2,0x3
    a6de:	838d                	srli	a5,a5,0x3
    a6e0:	01d81893          	slli	a7,a6,0x1d
    a6e4:	0117e8b3          	or	a7,a5,a7
    a6e8:	84ae                	mv	s1,a1
    a6ea:	00385793          	srli	a5,a6,0x3
    a6ee:	89f6                	mv	s3,t4
    a6f0:	b349                	j	a472 <__adddf3+0x312>
    a6f2:	c3ed                	beqz	a5,a7d4 <__adddf3+0x674>
    a6f4:	01f86933          	or	s2,a6,t6
    a6f8:	dc091fe3          	bnez	s2,a4d6 <__adddf3+0x376>
    a6fc:	050e                	slli	a0,a0,0x3
    a6fe:	01d71793          	slli	a5,a4,0x1d
    a702:	810d                	srli	a0,a0,0x3
    a704:	00f568b3          	or	a7,a0,a5
    a708:	00375793          	srli	a5,a4,0x3
    a70c:	b3d1                	j	a4d0 <__adddf3+0x370>
    a70e:	0e088163          	beqz	a7,a7f0 <__adddf3+0x690>
    a712:	00361693          	slli	a3,a2,0x3
    a716:	01d81793          	slli	a5,a6,0x1d
    a71a:	828d                	srli	a3,a3,0x3
    a71c:	00d7e8b3          	or	a7,a5,a3
    a720:	89f6                	mv	s3,t4
    a722:	00385793          	srli	a5,a6,0x3
    a726:	bb91                	j	a47a <__adddf3+0x31a>
    a728:	41ff0933          	sub	s2,t5,t6
    a72c:	410707b3          	sub	a5,a4,a6
    a730:	012f3f33          	sltu	t5,t5,s2
    a734:	41e78633          	sub	a2,a5,t5
    a738:	4485                	li	s1,1
    a73a:	bcd1                	j	a20e <__adddf3+0xae>
    a73c:	050e                	slli	a0,a0,0x3
    a73e:	01d71793          	slli	a5,a4,0x1d
    a742:	810d                	srli	a0,a0,0x3
    a744:	00f568b3          	or	a7,a0,a5
    a748:	84f2                	mv	s1,t3
    a74a:	00375793          	srli	a5,a4,0x3
    a74e:	b315                	j	a472 <__adddf3+0x312>
    a750:	050e                	slli	a0,a0,0x3
    a752:	01d71793          	slli	a5,a4,0x1d
    a756:	810d                	srli	a0,a0,0x3
    a758:	00a7e8b3          	or	a7,a5,a0
    a75c:	00375793          	srli	a5,a4,0x3
    a760:	bb29                	j	a47a <__adddf3+0x31a>
    a762:	7ff00793          	li	a5,2047
    a766:	d4f682e3          	beq	a3,a5,a4aa <__adddf3+0x34a>
    a76a:	01ff0933          	add	s2,t5,t6
    a76e:	01e93633          	sltu	a2,s2,t5
    a772:	010707b3          	add	a5,a4,a6
    a776:	97b2                	add	a5,a5,a2
    a778:	01f79893          	slli	a7,a5,0x1f
    a77c:	00195913          	srli	s2,s2,0x1
    a780:	0128e933          	or	s2,a7,s2
    a784:	0017d613          	srli	a2,a5,0x1
    a788:	84b6                	mv	s1,a3
    a78a:	b9c1                	j	a45a <__adddf3+0x2fa>
    a78c:	41ef8933          	sub	s2,t6,t5
    a790:	40e80733          	sub	a4,a6,a4
    a794:	012fb633          	sltu	a2,t6,s2
    a798:	40c70433          	sub	s0,a4,a2
    a79c:	89f6                	mv	s3,t4
    a79e:	b449                	j	a220 <__adddf3+0xc0>
    a7a0:	01e76933          	or	s2,a4,t5
    a7a4:	01203933          	snez	s2,s2
    a7a8:	bd01                	j	a5b8 <__adddf3+0x458>
    a7aa:	fe058793          	addi	a5,a1,-32
    a7ae:	02000693          	li	a3,32
    a7b2:	00f757b3          	srl	a5,a4,a5
    a7b6:	00d58a63          	beq	a1,a3,a7ca <__adddf3+0x66a>
    a7ba:	04000693          	li	a3,64
    a7be:	40b685b3          	sub	a1,a3,a1
    a7c2:	00b71733          	sll	a4,a4,a1
    a7c6:	00ef6f33          	or	t5,t5,a4
    a7ca:	01e03933          	snez	s2,t5
    a7ce:	00f96933          	or	s2,s2,a5
    a7d2:	bd55                	j	a686 <__adddf3+0x526>
    a7d4:	00361793          	slli	a5,a2,0x3
    a7d8:	838d                	srli	a5,a5,0x3
    a7da:	01d81893          	slli	a7,a6,0x1d
    a7de:	0117e8b3          	or	a7,a5,a7
    a7e2:	00385793          	srli	a5,a6,0x3
    a7e6:	b1ed                	j	a4d0 <__adddf3+0x370>
    a7e8:	00c968b3          	or	a7,s2,a2
    a7ec:	c60897e3          	bnez	a7,a45a <__adddf3+0x2fa>
    a7f0:	4781                	li	a5,0
    a7f2:	4981                	li	s3,0
    a7f4:	b159                	j	a47a <__adddf3+0x31a>
    a7f6:	41ef8933          	sub	s2,t6,t5
    a7fa:	40e807b3          	sub	a5,a6,a4
    a7fe:	012fb633          	sltu	a2,t6,s2
    a802:	40c78633          	sub	a2,a5,a2
    a806:	89f6                	mv	s3,t4
    a808:	4485                	li	s1,1
    a80a:	b411                	j	a20e <__adddf3+0xae>
    a80c:	00361693          	slli	a3,a2,0x3
    a810:	01d81793          	slli	a5,a6,0x1d
    a814:	828d                	srli	a3,a3,0x3
    a816:	00d7e8b3          	or	a7,a5,a3
    a81a:	00385793          	srli	a5,a6,0x3
    a81e:	b9b1                	j	a47a <__adddf3+0x31a>
    a820:	00361693          	slli	a3,a2,0x3
    a824:	01d81793          	slli	a5,a6,0x1d
    a828:	828d                	srli	a3,a3,0x3
    a82a:	00d7e8b3          	or	a7,a5,a3
    a82e:	84aa                	mv	s1,a0
    a830:	00385793          	srli	a5,a6,0x3
    a834:	b93d                	j	a472 <__adddf3+0x312>
    a836:	fe050793          	addi	a5,a0,-32
    a83a:	02000693          	li	a3,32
    a83e:	00f757b3          	srl	a5,a4,a5
    a842:	00d50a63          	beq	a0,a3,a856 <__adddf3+0x6f6>
    a846:	04000693          	li	a3,64
    a84a:	40a68533          	sub	a0,a3,a0
    a84e:	00a71733          	sll	a4,a4,a0
    a852:	00ef6f33          	or	t5,t5,a4
    a856:	01e03933          	snez	s2,t5
    a85a:	00f96933          	or	s2,s2,a5
    a85e:	bba9                	j	a5b8 <__adddf3+0x458>
    a860:	4581                	li	a1,0
    a862:	7ff00513          	li	a0,2047
    a866:	000807b7          	lui	a5,0x80
    a86a:	bca9                	j	a2c4 <__adddf3+0x164>
    a86c:	01ff0933          	add	s2,t5,t6
    a870:	010707b3          	add	a5,a4,a6
    a874:	01f93633          	sltu	a2,s2,t6
    a878:	963e                	add	a2,a2,a5
    a87a:	b375                	j	a626 <__adddf3+0x4c6>
    a87c:	00361693          	slli	a3,a2,0x3
    a880:	01d81793          	slli	a5,a6,0x1d
    a884:	828d                	srli	a3,a3,0x3
    a886:	00d7e8b3          	or	a7,a5,a3
    a88a:	00385793          	srli	a5,a6,0x3
    a88e:	b189                	j	a4d0 <__adddf3+0x370>

0000a890 <__eqdf2>:
    a890:	0145d713          	srli	a4,a1,0x14
    a894:	001007b7          	lui	a5,0x100
    a898:	17fd                	addi	a5,a5,-1
    a89a:	0146d813          	srli	a6,a3,0x14
    a89e:	7ff77713          	andi	a4,a4,2047
    a8a2:	7ff00893          	li	a7,2047
    a8a6:	00b7fe33          	and	t3,a5,a1
    a8aa:	8eaa                	mv	t4,a0
    a8ac:	8ff5                	and	a5,a5,a3
    a8ae:	81fd                	srli	a1,a1,0x1f
    a8b0:	8f32                	mv	t5,a2
    a8b2:	7ff87813          	andi	a6,a6,2047
    a8b6:	82fd                	srli	a3,a3,0x1f
    a8b8:	01170b63          	beq	a4,a7,a8ce <__eqdf2+0x3e>
    a8bc:	4305                	li	t1,1
    a8be:	01180663          	beq	a6,a7,a8ca <__eqdf2+0x3a>
    a8c2:	01071463          	bne	a4,a6,a8ca <__eqdf2+0x3a>
    a8c6:	00fe0d63          	beq	t3,a5,a8e0 <__eqdf2+0x50>
    a8ca:	851a                	mv	a0,t1
    a8cc:	8082                	ret
    a8ce:	00ae68b3          	or	a7,t3,a0
    a8d2:	4305                	li	t1,1
    a8d4:	fe089be3          	bnez	a7,a8ca <__eqdf2+0x3a>
    a8d8:	fee819e3          	bne	a6,a4,a8ca <__eqdf2+0x3a>
    a8dc:	8fd1                	or	a5,a5,a2
    a8de:	f7f5                	bnez	a5,a8ca <__eqdf2+0x3a>
    a8e0:	4305                	li	t1,1
    a8e2:	ffee94e3          	bne	t4,t5,a8ca <__eqdf2+0x3a>
    a8e6:	4301                	li	t1,0
    a8e8:	fed581e3          	beq	a1,a3,a8ca <__eqdf2+0x3a>
    a8ec:	4305                	li	t1,1
    a8ee:	ff71                	bnez	a4,a8ca <__eqdf2+0x3a>
    a8f0:	00ae6533          	or	a0,t3,a0
    a8f4:	00a03333          	snez	t1,a0
    a8f8:	bfc9                	j	a8ca <__eqdf2+0x3a>

0000a8fa <__gedf2>:
    a8fa:	0145d713          	srli	a4,a1,0x14
    a8fe:	001007b7          	lui	a5,0x100
    a902:	17fd                	addi	a5,a5,-1
    a904:	0146d813          	srli	a6,a3,0x14
    a908:	7ff77713          	andi	a4,a4,2047
    a90c:	7ff00893          	li	a7,2047
    a910:	00b7f333          	and	t1,a5,a1
    a914:	8e2a                	mv	t3,a0
    a916:	8ff5                	and	a5,a5,a3
    a918:	81fd                	srli	a1,a1,0x1f
    a91a:	8eb2                	mv	t4,a2
    a91c:	7ff87813          	andi	a6,a6,2047
    a920:	82fd                	srli	a3,a3,0x1f
    a922:	03170863          	beq	a4,a7,a952 <__gedf2+0x58>
    a926:	03180063          	beq	a6,a7,a946 <__gedf2+0x4c>
    a92a:	eb0d                	bnez	a4,a95c <__gedf2+0x62>
    a92c:	00a368b3          	or	a7,t1,a0
    a930:	00081463          	bnez	a6,a938 <__gedf2+0x3e>
    a934:	8e5d                	or	a2,a2,a5
    a936:	ca29                	beqz	a2,a988 <__gedf2+0x8e>
    a938:	04088563          	beqz	a7,a982 <__gedf2+0x88>
    a93c:	02d58863          	beq	a1,a3,a96c <__gedf2+0x72>
    a940:	4505                	li	a0,1
    a942:	ed95                	bnez	a1,a97e <__gedf2+0x84>
    a944:	8082                	ret
    a946:	00c7e8b3          	or	a7,a5,a2
    a94a:	fe0880e3          	beqz	a7,a92a <__gedf2+0x30>
    a94e:	5579                	li	a0,-2
    a950:	8082                	ret
    a952:	00a36533          	or	a0,t1,a0
    a956:	fd65                	bnez	a0,a94e <__gedf2+0x54>
    a958:	02e80c63          	beq	a6,a4,a990 <__gedf2+0x96>
    a95c:	00081463          	bnez	a6,a964 <__gedf2+0x6a>
    a960:	8e5d                	or	a2,a2,a5
    a962:	de79                	beqz	a2,a940 <__gedf2+0x46>
    a964:	fcd59ee3          	bne	a1,a3,a940 <__gedf2+0x46>
    a968:	fce84ce3          	blt	a6,a4,a940 <__gedf2+0x46>
    a96c:	01074863          	blt	a4,a6,a97c <__gedf2+0x82>
    a970:	fc67e8e3          	bltu	a5,t1,a940 <__gedf2+0x46>
    a974:	02f30363          	beq	t1,a5,a99a <__gedf2+0xa0>
    a978:	00f37f63          	bgeu	t1,a5,a996 <__gedf2+0x9c>
    a97c:	e581                	bnez	a1,a984 <__gedf2+0x8a>
    a97e:	557d                	li	a0,-1
    a980:	8082                	ret
    a982:	def5                	beqz	a3,a97e <__gedf2+0x84>
    a984:	4505                	li	a0,1
    a986:	8082                	ret
    a988:	4501                	li	a0,0
    a98a:	fa089be3          	bnez	a7,a940 <__gedf2+0x46>
    a98e:	8082                	ret
    a990:	8e5d                	or	a2,a2,a5
    a992:	da69                	beqz	a2,a964 <__gedf2+0x6a>
    a994:	bf6d                	j	a94e <__gedf2+0x54>
    a996:	4501                	li	a0,0
    a998:	8082                	ret
    a99a:	fbcee3e3          	bltu	t4,t3,a940 <__gedf2+0x46>
    a99e:	4501                	li	a0,0
    a9a0:	fbde72e3          	bgeu	t3,t4,a944 <__gedf2+0x4a>
    a9a4:	f1e5                	bnez	a1,a984 <__gedf2+0x8a>
    a9a6:	bfe1                	j	a97e <__gedf2+0x84>

0000a9a8 <__unorddf2>:
    a9a8:	0145d713          	srli	a4,a1,0x14
    a9ac:	001007b7          	lui	a5,0x100
    a9b0:	17fd                	addi	a5,a5,-1
    a9b2:	fff74713          	not	a4,a4
    a9b6:	0146d813          	srli	a6,a3,0x14
    a9ba:	8dfd                	and	a1,a1,a5
    a9bc:	8ff5                	and	a5,a5,a3
    a9be:	01571693          	slli	a3,a4,0x15
    a9c2:	7ff87813          	andi	a6,a6,2047
    a9c6:	ca99                	beqz	a3,a9dc <__unorddf2+0x34>
    a9c8:	7ff00713          	li	a4,2047
    a9cc:	4501                	li	a0,0
    a9ce:	00e80363          	beq	a6,a4,a9d4 <__unorddf2+0x2c>
    a9d2:	8082                	ret
    a9d4:	8fd1                	or	a5,a5,a2
    a9d6:	00f03533          	snez	a0,a5
    a9da:	8082                	ret
    a9dc:	8dc9                	or	a1,a1,a0
    a9de:	4505                	li	a0,1
    a9e0:	d5e5                	beqz	a1,a9c8 <__unorddf2+0x20>
    a9e2:	8082                	ret

0000a9e4 <__fixdfsi>:
    a9e4:	0145d793          	srli	a5,a1,0x14
    a9e8:	001006b7          	lui	a3,0x100
    a9ec:	fff68713          	addi	a4,a3,-1 # fffff <_data_lma+0xf42f7>
    a9f0:	7ff7f793          	andi	a5,a5,2047
    a9f4:	3fe00613          	li	a2,1022
    a9f8:	8f6d                	and	a4,a4,a1
    a9fa:	81fd                	srli	a1,a1,0x1f
    a9fc:	00f65c63          	bge	a2,a5,aa14 <__fixdfsi+0x30>
    aa00:	41d00613          	li	a2,1053
    aa04:	00f65a63          	bge	a2,a5,aa18 <__fixdfsi+0x34>
    aa08:	80000537          	lui	a0,0x80000
    aa0c:	fff54513          	not	a0,a0
    aa10:	952e                	add	a0,a0,a1
    aa12:	8082                	ret
    aa14:	4501                	li	a0,0
    aa16:	8082                	ret
    aa18:	43300613          	li	a2,1075
    aa1c:	8e1d                	sub	a2,a2,a5
    aa1e:	487d                	li	a6,31
    aa20:	8f55                	or	a4,a4,a3
    aa22:	00c85d63          	bge	a6,a2,aa3c <__fixdfsi+0x58>
    aa26:	41300693          	li	a3,1043
    aa2a:	40f687b3          	sub	a5,a3,a5
    aa2e:	00f757b3          	srl	a5,a4,a5
    aa32:	40f00533          	neg	a0,a5
    aa36:	f1e5                	bnez	a1,aa16 <__fixdfsi+0x32>
    aa38:	853e                	mv	a0,a5
    aa3a:	8082                	ret
    aa3c:	bed78793          	addi	a5,a5,-1043 # ffbed <_data_lma+0xf3ee5>
    aa40:	00f717b3          	sll	a5,a4,a5
    aa44:	00c55533          	srl	a0,a0,a2
    aa48:	8fc9                	or	a5,a5,a0
    aa4a:	b7e5                	j	aa32 <__fixdfsi+0x4e>

0000aa4c <__trunctfdf2>:
    aa4c:	00c52803          	lw	a6,12(a0) # 8000000c <_eusrstack+0x5fffb00c>
    aa50:	4118                	lw	a4,0(a0)
    aa52:	4154                	lw	a3,4(a0)
    aa54:	450c                	lw	a1,8(a0)
    aa56:	6521                	lui	a0,0x8
    aa58:	fff50793          	addi	a5,a0,-1 # 7fff <__floatsisf+0xb7>
    aa5c:	01085613          	srli	a2,a6,0x10
    aa60:	00359e13          	slli	t3,a1,0x3
    aa64:	8e7d                	and	a2,a2,a5
    aa66:	01d75893          	srli	a7,a4,0x1d
    aa6a:	01d6d793          	srli	a5,a3,0x1d
    aa6e:	01081313          	slli	t1,a6,0x10
    aa72:	068e                	slli	a3,a3,0x3
    aa74:	1141                	addi	sp,sp,-16
    aa76:	01c7e7b3          	or	a5,a5,t3
    aa7a:	0116e6b3          	or	a3,a3,a7
    aa7e:	01035313          	srli	t1,t1,0x10
    aa82:	00371e13          	slli	t3,a4,0x3
    aa86:	00160893          	addi	a7,a2,1 # ff800001 <_eusrstack+0xdf7fb001>
    aa8a:	1579                	addi	a0,a0,-2
    aa8c:	81f5                	srli	a1,a1,0x1d
    aa8e:	030e                	slli	t1,t1,0x3
    aa90:	c43e                	sw	a5,8(sp)
    aa92:	c236                	sw	a3,4(sp)
    aa94:	c072                	sw	t3,0(sp)
    aa96:	00a8f533          	and	a0,a7,a0
    aa9a:	01f85813          	srli	a6,a6,0x1f
    aa9e:	0065e5b3          	or	a1,a1,t1
    aaa2:	c905                	beqz	a0,aad2 <__trunctfdf2+0x86>
    aaa4:	7771                	lui	a4,0xffffc
    aaa6:	40070713          	addi	a4,a4,1024 # ffffc400 <_eusrstack+0xdfff7400>
    aaaa:	963a                	add	a2,a2,a4
    aaac:	7fe00713          	li	a4,2046
    aab0:	04c75d63          	bge	a4,a2,ab0a <__trunctfdf2+0xbe>
    aab4:	7ff00613          	li	a2,2047
    aab8:	4701                	li	a4,0
    aaba:	4781                	li	a5,0
    aabc:	0732                	slli	a4,a4,0xc
    aabe:	0652                	slli	a2,a2,0x14
    aac0:	8331                	srli	a4,a4,0xc
    aac2:	087e                	slli	a6,a6,0x1f
    aac4:	8f51                	or	a4,a4,a2
    aac6:	01076733          	or	a4,a4,a6
    aaca:	853e                	mv	a0,a5
    aacc:	85ba                	mv	a1,a4
    aace:	0141                	addi	sp,sp,16
    aad0:	8082                	ret
    aad2:	8fd5                	or	a5,a5,a3
    aad4:	8fcd                	or	a5,a5,a1
    aad6:	01c7e7b3          	or	a5,a5,t3
    aada:	e205                	bnez	a2,aafa <__trunctfdf2+0xae>
    aadc:	cbf1                	beqz	a5,abb0 <__trunctfdf2+0x164>
    aade:	4781                	li	a5,0
    aae0:	4695                	li	a3,5
    aae2:	0036d593          	srli	a1,a3,0x3
    aae6:	00979713          	slli	a4,a5,0x9
    aaea:	01d79693          	slli	a3,a5,0x1d
    aaee:	00b6e7b3          	or	a5,a3,a1
    aaf2:	8331                	srli	a4,a4,0xc
    aaf4:	7ff67613          	andi	a2,a2,2047
    aaf8:	b7d1                	j	aabc <__trunctfdf2+0x70>
    aafa:	dfcd                	beqz	a5,aab4 <__trunctfdf2+0x68>
    aafc:	4801                	li	a6,0
    aafe:	7ff00613          	li	a2,2047
    ab02:	00080737          	lui	a4,0x80
    ab06:	4781                	li	a5,0
    ab08:	bf55                	j	aabc <__trunctfdf2+0x70>
    ab0a:	0ac04663          	bgtz	a2,abb6 <__trunctfdf2+0x16a>
    ab0e:	fcc00793          	li	a5,-52
    ab12:	0ef64f63          	blt	a2,a5,ac10 <__trunctfdf2+0x1c4>
    ab16:	03d00793          	li	a5,61
    ab1a:	40c78633          	sub	a2,a5,a2
    ab1e:	40565793          	srai	a5,a2,0x5
    ab22:	00080737          	lui	a4,0x80
    ab26:	8dd9                	or	a1,a1,a4
    ab28:	00279513          	slli	a0,a5,0x2
    ab2c:	870a                	mv	a4,sp
    ab2e:	4681                	li	a3,0
    ab30:	c62e                	sw	a1,12(sp)
    ab32:	00a108b3          	add	a7,sp,a0
    ab36:	0711                	addi	a4,a4,4
    ab38:	8a7d                	andi	a2,a2,31
    ab3a:	01c6e6b3          	or	a3,a3,t3
    ab3e:	01170963          	beq	a4,a7,ab50 <__trunctfdf2+0x104>
    ab42:	00072e03          	lw	t3,0(a4) # 80000 <_data_lma+0x742f8>
    ab46:	0711                	addi	a4,a4,4
    ab48:	01c6e6b3          	or	a3,a3,t3
    ab4c:	ff171be3          	bne	a4,a7,ab42 <__trunctfdf2+0xf6>
    ab50:	470d                	li	a4,3
    ab52:	8f1d                	sub	a4,a4,a5
    ab54:	ca79                	beqz	a2,ac2a <__trunctfdf2+0x1de>
    ab56:	01010893          	addi	a7,sp,16
    ab5a:	98aa                	add	a7,a7,a0
    ab5c:	ff08a883          	lw	a7,-16(a7) # fff0 <_data_lma+0x42e8>
    ab60:	02000e13          	li	t3,32
    ab64:	40ce0e33          	sub	t3,t3,a2
    ab68:	01c898b3          	sll	a7,a7,t3
    ab6c:	0116e6b3          	or	a3,a3,a7
    ab70:	cb75                	beqz	a4,ac64 <__trunctfdf2+0x218>
    ab72:	070a                	slli	a4,a4,0x2
    ab74:	950a                	add	a0,a0,sp
    ab76:	00e10eb3          	add	t4,sp,a4
    ab7a:	888a                	mv	a7,sp
    ab7c:	410c                	lw	a1,0(a0)
    ab7e:	00452303          	lw	t1,4(a0)
    ab82:	0891                	addi	a7,a7,4
    ab84:	00c5d5b3          	srl	a1,a1,a2
    ab88:	01c31333          	sll	t1,t1,t3
    ab8c:	0065e5b3          	or	a1,a1,t1
    ab90:	feb8ae23          	sw	a1,-4(a7)
    ab94:	0511                	addi	a0,a0,4
    ab96:	ff1e93e3          	bne	t4,a7,ab7c <__trunctfdf2+0x130>
    ab9a:	4591                	li	a1,4
    ab9c:	40f587b3          	sub	a5,a1,a5
    aba0:	45b2                	lw	a1,12(sp)
    aba2:	0808                	addi	a0,sp,16
    aba4:	972a                	add	a4,a4,a0
    aba6:	00c5d5b3          	srl	a1,a1,a2
    abaa:	feb72823          	sw	a1,-16(a4)
    abae:	a861                	j	ac46 <__trunctfdf2+0x1fa>
    abb0:	4601                	li	a2,0
    abb2:	4701                	li	a4,0
    abb4:	b721                	j	aabc <__trunctfdf2+0x70>
    abb6:	00469713          	slli	a4,a3,0x4
    abba:	00479513          	slli	a0,a5,0x4
    abbe:	01c76733          	or	a4,a4,t3
    abc2:	82f1                	srli	a3,a3,0x1c
    abc4:	83f1                	srli	a5,a5,0x1c
    abc6:	0592                	slli	a1,a1,0x4
    abc8:	00e03733          	snez	a4,a4
    abcc:	8ec9                	or	a3,a3,a0
    abce:	8fcd                	or	a5,a5,a1
    abd0:	8ed9                	or	a3,a3,a4
    abd2:	0076f713          	andi	a4,a3,7
    abd6:	c711                	beqz	a4,abe2 <__trunctfdf2+0x196>
    abd8:	00f6f713          	andi	a4,a3,15
    abdc:	4591                	li	a1,4
    abde:	02b71c63          	bne	a4,a1,ac16 <__trunctfdf2+0x1ca>
    abe2:	00800737          	lui	a4,0x800
    abe6:	8f7d                	and	a4,a4,a5
    abe8:	ee070de3          	beqz	a4,aae2 <__trunctfdf2+0x96>
    abec:	0605                	addi	a2,a2,1
    abee:	7ff00713          	li	a4,2047
    abf2:	ece601e3          	beq	a2,a4,aab4 <__trunctfdf2+0x68>
    abf6:	ff800737          	lui	a4,0xff800
    abfa:	177d                	addi	a4,a4,-1
    abfc:	8f7d                	and	a4,a4,a5
    abfe:	01d71793          	slli	a5,a4,0x1d
    ac02:	828d                	srli	a3,a3,0x3
    ac04:	0726                	slli	a4,a4,0x9
    ac06:	7ff67613          	andi	a2,a2,2047
    ac0a:	8fd5                	or	a5,a5,a3
    ac0c:	8331                	srli	a4,a4,0xc
    ac0e:	b57d                	j	aabc <__trunctfdf2+0x70>
    ac10:	4685                	li	a3,1
    ac12:	4781                	li	a5,0
    ac14:	4601                	li	a2,0
    ac16:	ffc6b713          	sltiu	a4,a3,-4
    ac1a:	00174713          	xori	a4,a4,1
    ac1e:	97ba                	add	a5,a5,a4
    ac20:	00800737          	lui	a4,0x800
    ac24:	0691                	addi	a3,a3,4
    ac26:	8f7d                	and	a4,a4,a5
    ac28:	b7c1                	j	abe8 <__trunctfdf2+0x19c>
    ac2a:	858a                	mv	a1,sp
    ac2c:	00a588b3          	add	a7,a1,a0
    ac30:	0008a883          	lw	a7,0(a7)
    ac34:	0591                	addi	a1,a1,4
    ac36:	0605                	addi	a2,a2,1
    ac38:	ff15ae23          	sw	a7,-4(a1)
    ac3c:	fec758e3          	bge	a4,a2,ac2c <__trunctfdf2+0x1e0>
    ac40:	4711                	li	a4,4
    ac42:	40f707b3          	sub	a5,a4,a5
    ac46:	078a                	slli	a5,a5,0x2
    ac48:	978a                	add	a5,a5,sp
    ac4a:	0818                	addi	a4,sp,16
    ac4c:	0007a023          	sw	zero,0(a5)
    ac50:	0791                	addi	a5,a5,4
    ac52:	fee79de3          	bne	a5,a4,ac4c <__trunctfdf2+0x200>
    ac56:	4702                	lw	a4,0(sp)
    ac58:	00d036b3          	snez	a3,a3
    ac5c:	4792                	lw	a5,4(sp)
    ac5e:	8ed9                	or	a3,a3,a4
    ac60:	4601                	li	a2,0
    ac62:	bf85                	j	abd2 <__trunctfdf2+0x186>
    ac64:	4785                	li	a5,1
    ac66:	4701                	li	a4,0
    ac68:	bf2d                	j	aba2 <__trunctfdf2+0x156>
    ac6a:	0000                	unimp
    ac6c:	0000                	unimp
    ac6e:	c000                	sw	s0,0(s0)
    ac70:	0000                	unimp
    ac72:	4000                	lw	s0,0(s0)
    ac74:	0000                	unimp
    ac76:	3f00                	fld	fs0,56(a4)
    ac78:	0000                	unimp
    ac7a:	43b4                	lw	a3,64(a5)
    ac7c:	0000                	unimp
    ac7e:	4334                	lw	a3,64(a4)
    ac80:	0000                	unimp
    ac82:	c334                	sw	a3,64(a4)
    ac84:	0000                	unimp
    ac86:	3800                	fld	fs0,48(s0)
    ac88:	0000                	unimp
    ac8a:	4180                	lw	s0,0(a1)
    ac8c:	0000                	unimp
    ac8e:	44fa                	lw	s1,156(sp)
    ac90:	3a52                	fld	fs4,304(sp)
    ac92:	3425                	jal	a6ba <__adddf3+0x55a>
    ac94:	302e                	fld	ft0,232(sp)
    ac96:	2066                	fld	ft0,88(sp)
    ac98:	3a50                	fld	fa2,176(a2)
    ac9a:	3425                	jal	a6c2 <__adddf3+0x562>
    ac9c:	302e                	fld	ft0,232(sp)
    ac9e:	2066                	fld	ft0,88(sp)
    aca0:	0000                	unimp
    aca2:	0000                	unimp
    aca4:	6159                	addi	sp,sp,400
    aca6:	37253a77          	0x37253a77
    acaa:	312e                	fld	ft2,232(sp)
    acac:	2066                	fld	ft0,88(sp)
    acae:	0000                	unimp
    acb0:	6159                	addi	sp,sp,400
    acb2:	2d203a77          	0x2d203a77
    acb6:	2d2d                	jal	b2f0 <OLED_F8x16+0x5d8>
    acb8:	2d2d                	jal	b2f2 <OLED_F8x16+0x5da>
    acba:	202d                	jal	ace4 <__trunctfdf2+0x298>
    acbc:	0000                	unimp
    acbe:	0000                	unimp
    acc0:	6548                	flw	fa0,12(a0)
    acc2:	6461                	lui	s0,0x18
    acc4:	253a                	fld	fa0,392(sp)
    acc6:	2e36                	fld	ft8,328(sp)
    acc8:	6631                	lui	a2,0xc
    acca:	0020                	addi	s0,sp,8
    accc:	6548                	flw	fa0,12(a0)
    acce:	6461                	lui	s0,0x18
    acd0:	203a                	fld	ft0,392(sp)
    acd2:	2d2d                	jal	b30c <OLED_F8x16+0x5f4>
    acd4:	2d2d                	jal	b30e <OLED_F8x16+0x5f6>
    acd6:	0020                	addi	s0,sp,8
    acd8:	614c                	flw	fa1,4(a0)
    acda:	3a726573          	csrrsi	a0,0x3a7,4
    acde:	3425                	jal	a706 <__adddf3+0x5a6>
    ace0:	6d75                	lui	s10,0x1d
    ace2:	206d                	jal	ad8c <OLED_F8x16+0x74>
    ace4:	0000                	unimp
    ace6:	0000                	unimp
    ace8:	614c                	flw	fa1,4(a0)
    acea:	3a726573          	csrrsi	a0,0x3a7,4
    acee:	464e                	lw	a2,208(sp)
    acf0:	4d52                	lw	s10,20(sp)
    acf2:	2020                	fld	fs0,64(s0)
    acf4:	0000                	unimp
    acf6:	0000                	unimp
    acf8:	614c                	flw	fa1,4(a0)
    acfa:	3a726573          	csrrsi	a0,0x3a7,4
    acfe:	4142                	lw	sp,16(sp)
    ad00:	2044                	fld	fs1,128(s0)
    ad02:	2020                	fld	fs0,64(s0)
    ad04:	0000                	unimp
    ad06:	0000                	unimp
    ad08:	614c                	flw	fa1,4(a0)
    ad0a:	3a726573          	csrrsi	a0,0x3a7,4
    ad0e:	2d2d                	jal	b348 <OLED_F8x16+0x630>
    ad10:	2d2d                	jal	b34a <OLED_F8x16+0x632>
    ad12:	6d6d                	lui	s10,0x1b
    ad14:	0020                	addi	s0,sp,8
	...

0000ad18 <OLED_F8x16>:
	...
    ad28:	0000 f800 0000 0000 0000 3300 0030 0000     ...........30...
    ad38:	1000 060c 0c10 0006 0000 0000 0000 0000     ................
    ad48:	c040 4078 78c0 0040 3f04 0404 043f 0004     @.x@.x@..?..?...
    ad58:	7000 fc88 3008 0000 1800 ff20 1e21 0000     .p...0.... .!...
    ad68:	08f0 00f0 18e0 0000 2100 031c 211e 001e     .........!...!..
    ad78:	f000 8808 0070 0000 211e 2423 2719 1021     ....p....!#$.'!.
    ad88:	1610 000e 0000 0000 0000 0000 0000 0000     ................
    ad98:	0000 e000 0418 0002 0000 0700 2018 0040     ............. @.
    ada8:	0200 1804 00e0 0000 4000 1820 0007 0000     .........@ .....
    adb8:	4040 f080 4080 0040 0202 0f01 0201 0002     @@...@@.........
    adc8:	0000 f000 0000 0000 0101 1f01 0101 0001     ................
	...
    ade0:	b080 0070 0000 0000 0000 0000 0000 0000     ..p.............
    adf0:	0100 0101 0101 0101 0000 0000 0000 0000     ................
    ae00:	3000 0030 0000 0000 0000 0000 6080 0418     .00..........`..
    ae10:	6000 0618 0001 0000 e000 0810 1008 00e0     .`..............
    ae20:	0f00 2010 1020 000f 1000 f810 0000 0000     ...  ...........
    ae30:	2000 3f20 2020 0000 7000 0808 8808 0070     .  ?  ...p....p.
    ae40:	3000 2428 2122 0030 3000 8808 4888 0030     .0($"!0..0...H0.
    ae50:	1800 2020 1120 000e 0000 20c0 f810 0000     ..   ...... ....
    ae60:	0700 2404 3f24 0024 f800 8808 0888 0008     ...$$?$.........
    ae70:	1900 2021 1120 000e e000 8810 1888 0000     ..!  ...........
    ae80:	0f00 2011 1120 000e 3800 0808 38c8 0008     ...  ....8...8..
    ae90:	0000 3f00 0000 0000 7000 0888 8808 0070     ...?.....p....p.
    aea0:	1c00 2122 2221 001c e000 0810 1008 00e0     .."!!"..........
    aeb0:	0000 2231 1122 000f 0000 c000 00c0 0000     ..1""...........
    aec0:	0000 3000 0030 0000 0000 8000 0000 0000     ...00...........
    aed0:	0000 6080 0000 0000 0000 4080 1020 0008     ...`.......@ ...
    aee0:	0100 0402 1008 0020 4040 4040 4040 0040     ...... .@@@@@@@.
    aef0:	0404 0404 0404 0004 0800 2010 8040 0000     ........... @...
    af00:	2000 0810 0204 0001 7000 0848 0808 00f0     . .......pH.....
    af10:	0000 3000 0136 0000 30c0 28c8 10e8 00e0     ...06....0.(....
    af20:	1807 2427 1423 000b 0000 38c0 00e0 0000     ..'$#......8....
    af30:	3c20 0223 2702 2038 f808 8888 7088 0000      <#..'8 .....p..
    af40:	3f20 2020 1120 000e 30c0 0808 0808 0038      ?   ....0....8.
    af50:	1807 2020 1020 0008 f808 0808 1008 00e0     ..   ...........
    af60:	3f20 2020 1020 000f f808 8888 08e8 0010      ?   ...........
    af70:	3f20 2020 2023 0018 f808 8888 08e8 0010      ?  # ..........
    af80:	3f20 0020 0003 0000 30c0 0808 3808 0000      ? ......0...8..
    af90:	1807 2020 1e22 0002 f808 0008 0800 08f8     ..  "...........
    afa0:	3f20 0121 2101 203f 0800 f808 0808 0000      ?!..!? ........
    afb0:	2000 3f20 2020 0000 0000 0808 08f8 0008     .  ?  ..........
    afc0:	80c0 8080 007f 0000 f808 c088 1828 0008     ............(...
    afd0:	3f20 0120 3826 0020 f808 0008 0000 0000      ? .&8 .........
    afe0:	3f20 2020 2020 0030 f808 00f8 f8f8 0008      ?    0.........
    aff0:	3f20 3f00 3f00 0020 f808 c030 0800 08f8      ?.?.? ...0.....
    b000:	3f20 0020 1807 003f 10e0 0808 1008 00e0      ? ...?.........
    b010:	100f 2020 1020 000f f808 0808 0808 00f0     ..   ...........
    b020:	3f20 0121 0101 0000 10e0 0808 1008 00e0      ?!.............
    b030:	180f 2424 5038 004f f808 8888 8888 0070     ..$$8PO.......p.
    b040:	3f20 0020 0c03 2030 7000 0888 0808 0038      ? ...0 .p....8.
    b050:	3800 2120 2221 001c 0818 f808 0808 0018     .8 !!"..........
    b060:	0000 3f20 0020 0000 f808 0008 0800 08f8     .. ? ...........
    b070:	1f00 2020 2020 001f 7808 0088 c800 0838     ..    ...x....8.
    b080:	0000 3807 010e 0000 08f8 f800 0800 00f8     ...8............
    b090:	3c03 0007 3c07 0003 1808 8068 6880 0818     .<...<....h..h..
    b0a0:	3020 032c 2c03 2030 3808 00c8 38c8 0008      0,..,0 .8...8..
    b0b0:	0000 3f20 0020 0000 0810 0808 38c8 0008     .. ? ........8..
    b0c0:	3820 2126 2020 0018 0000 fe00 0202 0002      8&!  ..........
    b0d0:	0000 7f00 4040 0040 0c00 c030 0000 0000     ....@@@...0.....
    b0e0:	0000 0100 3806 00c0 0200 0202 00fe 0000     .....8..........
    b0f0:	4000 4040 007f 0000 0000 0204 0202 0004     .@@@............
	...
    b110:	8080 8080 8080 8080 0200 0402 0000 0000     ................
	...
    b128:	0000 8080 8080 0000 1900 2224 2222 203f     ..........$"""? 
    b138:	f808 8000 0080 0000 3f00 2011 1120 000e     .........?.  ...
    b148:	0000 8000 8080 0000 0e00 2011 2020 0011     ...........   ..
    b158:	0000 8000 8880 00f8 0e00 2011 1020 203f     ...........  .? 
    b168:	0000 8080 8080 0000 1f00 2222 2222 0013     ..........""""..
    b178:	8000 f080 8888 1888 2000 3f20 2020 0000     .........  ?  ..
    b188:	0000 8080 8080 0080 6b00 9494 9394 0060     .........k....`.
    b198:	f808 8000 8080 0000 3f20 0021 2000 203f     ........ ?!.. ? 
    b1a8:	8000 9898 0000 0000 2000 3f20 2020 0000     .........  ?  ..
    b1b8:	0000 8000 9898 0000 c000 8080 7f80 0000     ................
    b1c8:	f808 0000 8080 0080 3f20 0224 302d 0020     ........ ?$.-0 .
    b1d8:	0800 f808 0000 0000 2000 3f20 2020 0000     .........  ?  ..
    b1e8:	8080 8080 8080 0080 3f20 0020 203f 3f00     ........ ? .? .?
    b1f8:	8080 8000 8080 0000 3f20 0021 2000 203f     ........ ?!.. ? 
    b208:	0000 8080 8080 0000 1f00 2020 2020 001f     ..........    ..
    b218:	8080 8000 0080 0000 ff80 20a1 1120 000e     ...........  ...
    b228:	0000 8000 8080 0080 0e00 2011 a020 80ff     ...........  ...
    b238:	8080 0080 8080 0080 2020 213f 0020 0001     ........  ?! ...
    b248:	0000 8080 8080 0080 3300 2424 2424 0019     .........3$$$$..
    b258:	8000 e080 8080 0000 0000 1f00 2020 0000     ............  ..
    b268:	8080 0000 8000 0080 1f00 2020 1020 203f     ..........   .? 
    b278:	8080 0080 8000 8080 0100 300e 0608 0001     ...........0....
    b288:	8080 8000 8000 8080 300f 030c 300c 000f     .........0...0..
    b298:	8000 0080 8080 0080 2000 2e31 310e 0020     ......... 1..1 .
    b2a8:	8080 0080 8000 8080 8180 708e 0618 0001     ...........p....
    b2b8:	8000 8080 8080 0080 2100 2c30 2122 0030     .........!0,"!0.
    b2c8:	0000 0000 7c80 0202 0000 0000 3f00 4040     .....|.......?@@
    b2d8:	0000 0000 00ff 0000 0000 0000 00ff 0000     ................
    b2e8:	0200 7c02 0080 0000 4000 3f40 0000 0000     ...|.....@@?....
    b2f8:	0600 0101 0202 0404 0000 0000 0000 0000     ................
    b308:	1f0e 0000 1f8e 0000 2136 0000 21b6 0000     ........6!...!..
    b318:	21e0 0000 bc20 4cbe 0fda 4049 0000 43a5     .!.. ..L..I@...C
    b328:	0000 42a0 8000 4489 0000 3f80 0000 44c8     ...B...D...?...D
    b338:	0000 4461 0000 4396 0000 4348 0000 42f0     ..aD...C..HC...B
    b348:	5047 2053 6953 006d 6f4c 3a6e 0000 0000     GPS Sim.Lon:....
    b358:	7325 6c25 2e64 3025 6c36 0064 614c 3a74     %s%ld.%06ld.Lat:
    b368:	0000 0000 7173 7472 0066 0000 0fdb 3fc9     ....sqrtf......?
    b378:	0fdb 4049 0fdb c049 0000 8000 0fdb bfc9     ..I@..I.........
    b388:	cbe4 4016 cbe4 c016 0fdb 3f49 0fdb bf49     ...@......I?..I.
    b398:	bd2e 33bb 0f80 3fc9 4443 3735 4400 3735     ...3...?CD57.D57
    b3a8:	a308 2e85 f984 3f22 a300 2e85 3132 248d     ......"?....21.$
    b3b8:	0000 4380                                   ...C

0000b3bc <npio2_hw>:
    b3bc:	0f00 3fc9 0f00 4049 cb00 4096 0f00 40c9     ...?..I@...@...@
    b3cc:	5300 40fb cb00 4116 ed00 412f 0f00 4149     .S.@...A../A..IA
    b3dc:	3100 4162 5300 417b 3a00 418a cb00 4196     .1bA.S{A.:.A...A
    b3ec:	5c00 41a3 ed00 41af 7e00 41bc 0f00 41c9     .\.A...A.~.A...A
    b3fc:	a000 41d5 3100 41e2 c200 41ee 5300 41fb     ...A.1.A...A.S.A
    b40c:	f200 4203 3a00 420a 8300 4210 cb00 4216     ...B.:.B...B...B
    b41c:	1400 421d 5c00 4223 a500 4229 ed00 422f     ...B.\#B..)B../B
    b42c:	3600 4236 7e00 423c c700 4242 0f00 4249     .66B.~<B..BB..IB

0000b43c <two_over_pi>:
    b43c:	00a2 0000 00f9 0000 0083 0000 006e 0000     ............n...
    b44c:	004e 0000 0044 0000 0015 0000 0029 0000     N...D.......)...
    b45c:	00fc 0000 0027 0000 0057 0000 00d1 0000     ....'...W.......
    b46c:	00f5 0000 0034 0000 00dd 0000 00c0 0000     ....4...........
    b47c:	00db 0000 0062 0000 0095 0000 0099 0000     ....b...........
    b48c:	003c 0000 0043 0000 0090 0000 0041 0000     <...C.......A...
    b49c:	00fe 0000 0051 0000 0063 0000 00ab 0000     ....Q...c.......
    b4ac:	00de 0000 00bb 0000 00c5 0000 0061 0000     ............a...
    b4bc:	00b7 0000 0024 0000 006e 0000 003a 0000     ....$...n...:...
    b4cc:	0042 0000 004d 0000 00d2 0000 00e0 0000     B...M...........
    b4dc:	0006 0000 0049 0000 002e 0000 00ea 0000     ....I...........
    b4ec:	0009 0000 00d1 0000 0092 0000 001c 0000     ................
    b4fc:	00fe 0000 001d 0000 00eb 0000 001c 0000     ................
    b50c:	00b1 0000 0029 0000 00a7 0000 003e 0000     ....).......>...
    b51c:	00e8 0000 0082 0000 0035 0000 00f5 0000     ........5.......
    b52c:	002e 0000 00bb 0000 0044 0000 0084 0000     ........D.......
    b53c:	00e9 0000 009c 0000 0070 0000 0026 0000     ........p...&...
    b54c:	00b4 0000 005f 0000 007e 0000 0041 0000     ...._...~...A...
    b55c:	0039 0000 0091 0000 00d6 0000 0039 0000     9...........9...
    b56c:	0083 0000 0053 0000 0039 0000 00f4 0000     ....S...9.......
    b57c:	009c 0000 0084 0000 005f 0000 008b 0000     ........_.......
    b58c:	00bd 0000 00f9 0000 0028 0000 003b 0000     ........(...;...
    b59c:	001f 0000 00f8 0000 0097 0000 00ff 0000     ................
    b5ac:	00de 0000 0005 0000 0098 0000 000f 0000     ................
    b5bc:	00ef 0000 002f 0000 0011 0000 008b 0000     ..../...........
    b5cc:	005a 0000 000a 0000 006d 0000 001f 0000     Z.......m.......
    b5dc:	006d 0000 0036 0000 007e 0000 00cf 0000     m...6...~.......
    b5ec:	0027 0000 00cb 0000 0009 0000 00b7 0000     '...............
    b5fc:	004f 0000 0046 0000 003f 0000 0066 0000     O...F...?...f...
    b60c:	009e 0000 005f 0000 00ea 0000 002d 0000     ...._.......-...
    b61c:	0075 0000 0027 0000 00ba 0000 00c7 0000     u...'...........
    b62c:	00eb 0000 00e5 0000 00f1 0000 007b 0000     ............{...
    b63c:	003d 0000 0007 0000 0039 0000 00f7 0000     =.......9.......
    b64c:	008a 0000 0052 0000 0092 0000 00ea 0000     ....R...........
    b65c:	006b 0000 00fb 0000 005f 0000 00b1 0000     k......._.......
    b66c:	001f 0000 008d 0000 005d 0000 0008 0000     ........].......
    b67c:	0056 0000 0003 0000 0030 0000 0046 0000     V.......0...F...
    b68c:	00fc 0000 007b 0000 006b 0000 00ab 0000     ....{...k.......
    b69c:	00f0 0000 00cf 0000 00bc 0000 0020 0000     ............ ...
    b6ac:	009a 0000 00f4 0000 0036 0000 001d 0000     ........6.......
    b6bc:	00a9 0000 00e3 0000 0091 0000 0061 0000     ............a...
    b6cc:	005e 0000 00e6 0000 001b 0000 0008 0000     ^...............
    b6dc:	0065 0000 0099 0000 0085 0000 005f 0000     e..........._...
    b6ec:	0014 0000 00a0 0000 0068 0000 0040 0000     ........h...@...
    b6fc:	008d 0000 00ff 0000 00d8 0000 0080 0000     ................
    b70c:	004d 0000 0073 0000 0027 0000 0031 0000     M...s...'...1...
    b71c:	0006 0000 0006 0000 0015 0000 0056 0000     ............V...
    b72c:	00ca 0000 0073 0000 00a8 0000 00c9 0000     ....s...........
    b73c:	0060 0000 00e2 0000 007b 0000 00c0 0000     `.......{.......
    b74c:	008c 0000 006b 0000 0000 3f38 0000 3e90     ....k.....8?...>
    b75c:	d74e ad47 74f6 310f f27c 3493 0d01 37d0     N.G..t.1|..4...7
    b76c:	0b61 3ab6 aaab 3d2a                         a..:..*=

0000b774 <PIo2>:
    b774:	0000 3fc9 0000 39f0 0000 37da 0000 33a2     ...?...9...7...3
    b784:	0000 2e84 0000 2b50 0000 27c2 0000 22d0     ......P+...'..."
    b794:	0000 1fc4 0000 1bc6 0000 1744 0000 3fc9     ..........D....?
    b7a4:	0000 3b80 0000 3e00 0000 4100               ...;...>...A

0000b7b0 <init_jk>:
    b7b0:	0004 0000 0007 0000 0009 0000 c9d3 2f2e     .............../
    b7c0:	2f34 32d7 ef1b 3638 0d01 3950 8889 3c08     4/.2..86..P9...<
    b7d0:	aaab 3e2a f2ca 7149 0000 3fc0 0000 bf80     ..*>..Iq...?....
    b7e0:	69d7 3c85 da59 3d4b 6b35 3d88 2e6e 3dba     .i.<Y.K=5k.=n..=
    b7f0:	4925 3e12 aaab 3eaa a221 bd15 f16b 3d6e     %I.>...>!...k.n=
    b800:	8795 3d9d 8e38 3de3 cccd 3e4c               ...=8..=..L>

0000b80c <atanhi>:
    b80c:	6338 3eed 0fda 3f49 985e 3f7b 0fda 3fc9     8c.>..I?^.{?...?

0000b81c <atanlo>:
    b81c:	3769 31ac 2168 3322 0fb4 3314 2168 33a2     i7.1h!"3...3h!.3
    b82c:	0000 4c00 4260 0da2 0000 3300 6e28 6c75     ...L`B.....3(nul
    b83c:	296c 0000 a55a ffff a3de ffff a4ee ffff     l)..Z...........
    b84c:	a4f6 ffff a4ee ffff a40e ffff a4ee ffff     ................
    b85c:	a4f6 ffff a3de ffff a3de ffff a40e ffff     ................
    b86c:	a4f6 ffff a550 ffff a550 ffff a550 ffff     ....P...P...P...
    b87c:	a40e ffff ab52 ffff aa44 ffff aa44 ffff     ....R...D...D...
    b88c:	aa42 ffff aa4a ffff aa4a ffff aa10 ffff     B...J...J.......
    b89c:	aa42 ffff aa4a ffff aa10 ffff aa4a ffff     B...J.......J...
    b8ac:	aa42 ffff ab3e ffff ab3e ffff ab3e ffff     B...>...>...>...
    b8bc:	aa10 ffff bd68 ffff bc8e ffff bd62 ffff     ....h.......b...
    b8cc:	bc96 ffff bd62 ffff bc5c ffff bd62 ffff     ....b...\...b...
    b8dc:	bc96 ffff bc8e ffff bc8e ffff bc5c ffff     ............\...
    b8ec:	bc96 ffff bc9c ffff bc9c ffff bc9c ffff     ................
    b8fc:	bc5c ffff bc4e ffff bc4e ffff bd22 ffff     \...N...N..."...
    b90c:	bdfe ffff bd22 ffff bc1c ffff bd22 ffff     ...."......."...
    b91c:	bdfe ffff bc4e ffff bc4e ffff bc1c ffff     ....N...N.......
    b92c:	bdfe ffff bc5c ffff bc5c ffff bc5c ffff     ....\...\...\...
    b93c:	bc1c ffff c0d2 ffff c020 ffff c020 ffff     ........ ... ...
    b94c:	c01e ffff c024 ffff c024 ffff bff4 ffff     ....$...$.......
    b95c:	c01e ffff c024 ffff bff4 ffff c024 ffff     ....$.......$...
    b96c:	c01e ffff c0c0 ffff c0c0 ffff c0c0 ffff     ................
    b97c:	bff4 ffff                                   ....

0000b980 <__clz_tab>:
    b980:	0100 0202 0303 0303 0404 0404 0404 0404     ................
    b990:	0505 0505 0505 0505 0505 0505 0505 0505     ................
    b9a0:	0606 0606 0606 0606 0606 0606 0606 0606     ................
    b9b0:	0606 0606 0606 0606 0606 0606 0606 0606     ................
    b9c0:	0707 0707 0707 0707 0707 0707 0707 0707     ................
    b9d0:	0707 0707 0707 0707 0707 0707 0707 0707     ................
    b9e0:	0707 0707 0707 0707 0707 0707 0707 0707     ................
    b9f0:	0707 0707 0707 0707 0707 0707 0707 0707     ................
    ba00:	0808 0808 0808 0808 0808 0808 0808 0808     ................
    ba10:	0808 0808 0808 0808 0808 0808 0808 0808     ................
    ba20:	0808 0808 0808 0808 0808 0808 0808 0808     ................
    ba30:	0808 0808 0808 0808 0808 0808 0808 0808     ................
    ba40:	0808 0808 0808 0808 0808 0808 0808 0808     ................
    ba50:	0808 0808 0808 0808 0808 0808 0808 0808     ................
    ba60:	0808 0808 0808 0808 0808 0808 0808 0808     ................
    ba70:	0808 0808 0808 0808 0808 0808 0808 0808     ................
    ba80:	ffff ffff ffff 7fef 4e49 0046 6e69 0066     ........INF.inf.
    ba90:	414e 004e 616e 006e 0030 0000 0000 0000     NAN.nan.0.......
    baa0:	0000 0000 0000 3ff8 4361 636f 87a7 3fd2     .......?aCoc...?
    bab0:	c8b3 8b60 8a28 3fc6 79fb 509f 4413 3fd3     ..`.(..?.y.P.D.?
    bac0:	0000 0000 0000 3ff0 0000 0000 0000 4024     .......?......$@
    bad0:	0000 0000 0000 401c 0000 0000 0000 4014     .......@.......@
    bae0:	0000 0000 0000 3fe0 6e49 6966 696e 7974     .......?Infinity
    baf0:	0000 0000 614e 004e                         ....NaN.

0000baf8 <__mprec_bigtens>:
    baf8:	8000 37e0 c379 4341 6e17 b505 b8b5 4693     ...7y.AC.n.....F
    bb08:	f9f5 e93f 4f03 4d38 1d32 f930 7748 5a82     ..?..O8M2.0.Hw.Z
    bb18:	bf3c 7f73 4fdd 7515                         <.s..O.u

0000bb20 <__mprec_tens>:
    bb20:	0000 0000 0000 3ff0 0000 0000 0000 4024     .......?......$@
    bb30:	0000 0000 0000 4059 0000 0000 4000 408f     ......Y@.....@.@
    bb40:	0000 0000 8800 40c3 0000 0000 6a00 40f8     .......@.....j.@
    bb50:	0000 0000 8480 412e 0000 0000 12d0 4163     .......A......cA
    bb60:	0000 0000 d784 4197 0000 0000 cd65 41cd     .......A....e..A
    bb70:	0000 2000 a05f 4202 0000 e800 4876 4237     ... _..B....vH7B
    bb80:	0000 a200 1a94 426d 0000 e540 309c 42a2     ......mB..@..0.B
    bb90:	0000 1e90 bcc4 42d6 0000 2634 6bf5 430c     .......B..4&.k.C
    bba0:	8000 37e0 c379 4341 a000 85d8 3457 4376     ...7y.AC....W4vC
    bbb0:	c800 674e c16d 43ab 3d00 6091 58e4 43e1     ..Ngm..C.=.`.X.C
    bbc0:	8c40 78b5 af1d 4415 ef50 d6e2 1ae4 444b     @..x...DP.....KD
    bbd0:	d592 064d f0cf 4480 4af6 c7e1 2d02 44b5     ..M....D.J...-.D
    bbe0:	9db4 79d9 7843 44ea                         ...yCx.D

0000bbe8 <p05.3319>:
    bbe8:	0005 0000 0019 0000 007d 0000 0043 0000     ........}...C...
    bbf8:	4f50 4953 0058 0000 002e 0000               POSIX.......

0000bc04 <_ctype_>:
    bc04:	2000 2020 2020 2020 2020 2828 2828 2028     .         ((((( 
    bc14:	2020 2020 2020 2020 2020 2020 2020 2020                     
    bc24:	8820 1010 1010 1010 1010 1010 1010 1010      ...............
    bc34:	0410 0404 0404 0404 0404 1004 1010 1010     ................
    bc44:	1010 4141 4141 4141 0101 0101 0101 0101     ..AAAAAA........
    bc54:	0101 0101 0101 0101 0101 0101 1010 1010     ................
    bc64:	1010 4242 4242 4242 0202 0202 0202 0202     ..BBBBBB........
    bc74:	0202 0202 0202 0202 0202 0202 1010 1010     ................
    bc84:	0020 0000 0000 0000 0000 0000 0000 0000      ...............
	...
