
CH32V103C8T6.elf:     file format elf32-littleriscv
CH32V103C8T6.elf
architecture: riscv:rv32, flags 0x00000112:
EXEC_P, HAS_SYMS, D_PAGED
start address 0x00000000

Program Header:
    LOAD off    0x00001000 vaddr 0x00000000 paddr 0x00000000 align 2**12
         filesz 0x000053cc memsz 0x000053cc flags r-x
    LOAD off    0x00007000 vaddr 0x20000000 paddr 0x000053cc align 2**12
         filesz 0x000000a0 memsz 0x00003170 flags rw-
    LOAD off    0x00007800 vaddr 0x20004800 paddr 0x20004800 align 2**12
         filesz 0x00000000 memsz 0x00000800 flags rw-

Sections:
Idx Name          Size      VMA       LMA       File off  Algn
  0 .init         00000038  00000000  00000000  00001000  2**1
                  CONTENTS, ALLOC, LOAD, READONLY, CODE
  1 .vector       00000108  00000038  00000038  00001038  2**1
                  CONTENTS, ALLOC, LOAD, READONLY, CODE
  2 .text         0000528c  00000140  00000140  00001140  2**2
                  CONTENTS, ALLOC, LOAD, READONLY, CODE
  3 .fini         00000000  000053cc  000053cc  000070a0  2**0
                  CONTENTS, ALLOC, LOAD, CODE
  4 .dalign       00000000  20000000  20000000  000070a0  2**0
                  CONTENTS
  5 .dlalign      00000000  000053cc  000053cc  000070a0  2**0
                  CONTENTS
  6 .data         000000a0  20000000  000053cc  00007000  2**2
                  CONTENTS, ALLOC, LOAD, DATA
  7 .bss          000030d0  200000a0  0000546c  000070a0  2**2
                  ALLOC
  8 .stack        00000800  20004800  20004800  00007800  2**0
                  ALLOC
  9 .debug_info   0001748e  00000000  00000000  000070a0  2**0
                  CONTENTS, READONLY, DEBUGGING
 10 .debug_abbrev 00003665  00000000  00000000  0001e52e  2**0
                  CONTENTS, READONLY, DEBUGGING
 11 .debug_loc    000045c1  00000000  00000000  00021b93  2**0
                  CONTENTS, READONLY, DEBUGGING
 12 .debug_aranges 00000990  00000000  00000000  00026158  2**3
                  CONTENTS, READONLY, DEBUGGING
 13 .debug_ranges 00000b38  00000000  00000000  00026ae8  2**3
                  CONTENTS, READONLY, DEBUGGING
 14 .debug_line   0000e0a2  00000000  00000000  00027620  2**0
                  CONTENTS, READONLY, DEBUGGING
 15 .debug_str    00003012  00000000  00000000  000356c2  2**0
                  CONTENTS, READONLY, DEBUGGING
 16 .comment      00000033  00000000  00000000  000386d4  2**0
                  CONTENTS, READONLY
 17 .debug_frame  00002390  00000000  00000000  00038708  2**2
                  CONTENTS, READONLY, DEBUGGING
 18 .stab         00000084  00000000  00000000  0003aa98  2**2
                  CONTENTS, READONLY, DEBUGGING
 19 .stabstr      00000117  00000000  00000000  0003ab1c  2**0
                  CONTENTS, READONLY, DEBUGGING
SYMBOL TABLE:
00000000 l    d  .init	00000000 .init
00000038 l    d  .vector	00000000 .vector
00000140 l    d  .text	00000000 .text
000053cc l    d  .fini	00000000 .fini
20000000 l    d  .dalign	00000000 .dalign
000053cc l    d  .dlalign	00000000 .dlalign
20000000 l    d  .data	00000000 .data
200000a0 l    d  .bss	00000000 .bss
20004800 l    d  .stack	00000000 .stack
00000000 l    d  .debug_info	00000000 .debug_info
00000000 l    d  .debug_abbrev	00000000 .debug_abbrev
00000000 l    d  .debug_loc	00000000 .debug_loc
00000000 l    d  .debug_aranges	00000000 .debug_aranges
00000000 l    d  .debug_ranges	00000000 .debug_ranges
00000000 l    d  .debug_line	00000000 .debug_line
00000000 l    d  .debug_str	00000000 .debug_str
00000000 l    d  .comment	00000000 .comment
00000000 l    d  .debug_frame	00000000 .debug_frame
00000000 l    d  .stab	00000000 .stab
00000000 l    d  .stabstr	00000000 .stabstr
00000000 l    df *ABS*	00000000 ./Startup/startup_ch32v10x.o
00000038 l       .vector	00000000 _vector_base
00000000 l    df *ABS*	00000000 JY901.c
00000000 l    df *ABS*	00000000 Laser.c
00000000 l    df *ABS*	00000000 Motor.c
00000000 l    df *ABS*	00000000 Oled.c
00000000 l    df *ABS*	00000000 SR04.c
00000000 l    df *ABS*	00000000 Servo.c
00000000 l    df *ABS*	00000000 ch32v10x_it.c
00000000 l    df *ABS*	00000000 main.c
00000000 l    df *ABS*	00000000 radar_ch32.c
000010cc l     F .text	00000042 Radar_ClearFrame
20000090 l     O .data	00000007 kRadarDesc
00000000 l    df *ABS*	00000000 system_ch32v10x.c
00000000 l    df *ABS*	00000000 ch32v10x_dma.c
00000000 l    df *ABS*	00000000 ch32v10x_gpio.c
00000000 l    df *ABS*	00000000 ch32v10x_misc.c
00000000 l    df *ABS*	00000000 ch32v10x_rcc.c
20000010 l     O .data	00000010 APBAHBPrescTable
20000084 l     O .data	00000004 ADCPrescTable
00000000 l    df *ABS*	00000000 ch32v10x_tim.c
00001dd0 l     F .text	0000007a TI1_Config
00001e4a l     F .text	00000094 TI2_Config
00000000 l    df *ABS*	00000000 ch32v10x_usart.c
00000000 l    df *ABS*	00000000 debug.c
200000bc l     O .bss	00000002 p_ms
200000be l     O .bss	00000001 p_us
20000088 l     O .data	00000004 curbrk.4779
00000000 l    df *ABS*	00000000 addsf3.c
00000000 l    df *ABS*	00000000 divsf3.c
00000000 l    df *ABS*	00000000 mulsf3.c
00000000 l    df *ABS*	00000000 subsf3.c
00000000 l    df *ABS*	00000000 floatsisf.c
00000000 l    df *ABS*	00000000 extendsfdf2.c
00000000 l    df *ABS*	00000000 libgcc2.c
00000000 l    df *ABS*	00000000 memcmp.c
00000000 l    df *ABS*	00000000 memcpy.c
00000000 l    df *ABS*	00000000 memmove.c
00000000 l    df *ABS*	00000000 printf.c
00000000 l    df *ABS*	00000000 puts.c
00000000 l    df *ABS*	00000000 snprintf.c
00000000 l    df *ABS*	00000000 wbuf.c
00000000 l    df *ABS*	00000000 wsetup.c
00000000 l    df *ABS*	00000000 fflush.c
00000000 l    df *ABS*	00000000 findfp.c
0000390e l     F .text	0000006a std
00000000 l    df *ABS*	00000000 fwalk.c
00000000 l    df *ABS*	00000000 makebuf.c
00000000 l    df *ABS*	00000000 nano-mallocr.c
00000000 l    df *ABS*	00000000 nano-mallocr.c
00000000 l    df *ABS*	00000000 nano-vfprintf.c
00000000 l    df *ABS*	00000000 nano-vfprintf.c
00004126 l     F .text	0000002a __sfputc_r
00000000 l    df *ABS*	00000000 nano-vfprintf_i.c
00000000 l    df *ABS*	00000000 sbrkr.c
00000000 l    df *ABS*	00000000 stdio.c
00000000 l    df *ABS*	00000000 writer.c
00000000 l    df *ABS*	00000000 closer.c
00000000 l    df *ABS*	00000000 fstatr.c
00000000 l    df *ABS*	00000000 isattyr.c
00000000 l    df *ABS*	00000000 lseekr.c
00000000 l    df *ABS*	00000000 memchr.c
00000000 l    df *ABS*	00000000 mlock.c
00000000 l    df *ABS*	00000000 nano-mallocr.c
00000000 l    df *ABS*	00000000 readr.c
00000000 l    df *ABS*	00000000 nano-mallocr.c
00000000 l    df *ABS*	00000000 close.c
00000000 l    df *ABS*	00000000 fstat.c
00000000 l    df *ABS*	00000000 isatty.c
00000000 l    df *ABS*	00000000 lseek.c
00000000 l    df *ABS*	00000000 read.c
00000000 l    df *ABS*	00000000 libgcc2.c
00000000 l    df *ABS*	00000000 impure.c
20000020 l     O .data	00000060 impure_data
00000000 l    df *ABS*	00000000 reent.c
00004a78 g     F .text	00000014 _malloc_usable_size_r
000018fa  w      .text	00000000 EXTI2_IRQHandler
0000496a g     F .text	00000030 _isatty_r
0000344c g     F .text	000000da _puts_r
0000499a g     F .text	00000034 _lseek_r
00001aac g     F .text	00000014 DMA_Cmd
000015a2 g     F .text	000000be Radar_USART1_CFG
0000340c g     F .text	00000040 printf
20000880 g       .data	00000000 __global_pointer$
000020ba g     F .text	00000022 TIM_SetIC4Prescaler
00000148 g     F .text	00000028 .hidden __riscv_save_8
000018fa  w      .text	00000000 TIM1_CC_IRQHandler
00004896 g     F .text	00000036 __sseek
000039c8 g     F .text	0000006c __sinit
000035a0 g     F .text	000000c0 __swbuf_r
00000db8 g     F .text	00000010 HardFault_Handler
20000128 g     O .bss	00000080 RX3_Buffer
00004af4 g     O .text	000005f0 OLED_F8x16
00003982 g     F .text	00000046 __sfmoreglue
000049ea g     F .text	00000002 __malloc_unlock
00000194 g     F .text	0000000c .hidden __riscv_restore_3
00002834 g     F .text	000002b2 .hidden __divsf3
00000cfc g     F .text	000000ba TIM3_PWMOut_Init
00002044 g     F .text	00000012 TIM_OC1PreloadConfig
000018fa  w      .text	00000000 SysTick_Handler
00001c4c g     F .text	0000006e NVIC_Init
000018fa  w      .text	00000000 PVD_IRQHandler
000033c2 g     F .text	0000004a memmove
00000180 g     F .text	00000020 .hidden __riscv_restore_10
00003530 g     F .text	00000070 snprintf
00000db6 g     F .text	00000002 NMI_Handler
0000087a g     F .text	00000060 OLED_I2C_Init
000018fa  w      .text	00000000 EXTI3_IRQHandler
000007c6 g     F .text	000000b4 TIM1_Motor_Init
00000148 g     F .text	00000028 .hidden __riscv_save_11
000008da g     F .text	00000044 OLED_I2C_Start
0000209c g     F .text	0000001e TIM_SetIC3Prescaler
000023bc g     F .text	0000000c USART_GetFlagStatus
00004938 g     F .text	00000032 _fstat_r
2000316c g     O .bss	00000004 errno
200000a0 g       .bss	00000000 _sbss
00000800 g       *ABS*	00000000 __stack_size
00001a74 g     F .text	00000038 DMA_Init
00002d76 g     F .text	00000388 .hidden __subsf3
000018fa  w      .text	00000000 USBFS_IRQHandler
00001ad6 g     F .text	00000008 DMA_GetCurrDataCounter
00000194 g     F .text	0000000c .hidden __riscv_restore_2
200000ae g     O .bss	00000002 startFlag
00001ffa g     F .text	00000016 TIM_CtrlPWMOutputs
0000330c g     F .text	000000b6 memcpy
00000ad4 g     F .text	00000098 OLED_Init
00003978 g     F .text	0000000a _cleanup_r
000016e2 g     F .text	0000000c Radar_USART1_Start
00001bae g     F .text	0000008e GPIO_PinRemapConfig
00003ea6 g     F .text	00000280 _svfprintf_r
000018fa  w      .text	00000000 EXTI0_IRQHandler
000018fa  w      .text	00000000 I2C2_EV_IRQHandler
00001fde g     F .text	0000001c TIM_Cmd
00003526 g     F .text	0000000a puts
20000080 g     O .data	00000004 SystemCoreClock
000023b2 g     F .text	0000000a USART_ReceiveData
00004a9c g     F .text	00000010 _fstat
200000b2 g     O .bss	00000002 Rx3_len
00000038 g       .init	00000000 _einit
0000228a g     F .text	0000000e TIM_ClearITPendingBit
00001ad2 g     F .text	00000004 DMA_SetCurrDataCounter
00001d94 g     F .text	0000001e RCC_APB2PeriphClockCmd
00000140 g     F .text	00000030 .hidden __riscv_save_12
000018fa  w      .text	00000000 ADC1_2_IRQHandler
000006d6 g     F .text	00000052 asciiToDigit
00001ade g     F .text	000000c2 GPIO_Init
00000180 g     F .text	00000020 .hidden __riscv_restore_11
200000b8 g     O .bss	00000004 NVIC_Priority_Group
000018fa  w      .text	00000000 SPI1_IRQHandler
00002340 g     F .text	0000001c USART_Cmd
000047e6 g     F .text	00000032 _sbrk_r
00002262 g     F .text	00000006 TIM_GetCapture1
000018fa  w      .text	00000000 TAMPER_IRQHandler
00000170 g     F .text	0000000c .hidden __riscv_save_1
00000194 g     F .text	0000000c .hidden __riscv_restore_0
00004a44 g     F .text	00000034 _read_r
00000156 g     F .text	0000001a .hidden __riscv_save_7
000031c4 g     F .text	000000ac .hidden __extendsfdf2
00001db2 g     F .text	0000001e RCC_APB1PeriphClockCmd
20004800 g       .stack	00000000 _heap_end
00004aac g     F .text	00000010 _isatty
0000077e g     F .text	00000048 LaserDistance
20000098 g     O .data	00000004 _global_impure_ptr
0000018a g     F .text	00000016 .hidden __riscv_restore_5
000049ec g     F .text	00000058 _realloc_r
00001d76 g     F .text	0000001e RCC_AHBPeriphClockCmd
000018fa  w      .text	00000000 DMA1_Channel4_IRQHandler
000024a0 g     F .text	0000002a _sbrk
00000954 g     F .text	00000066 OLED_I2C_SendByte
00000728 g     F .text	00000056 extractSubarray
0000018a g     F .text	00000016 .hidden __riscv_restore_6
0000107a g     F .text	00000052 USART3_IRQHandler
200000ac g     O .bss	00000002 rising_cnt
000018fa  w      .text	00000000 RTC_IRQHandler
20003170 g       .bss	00000000 _ebss
000023c8 g     F .text	00000044 USART_GetITStatus
0000091e g     F .text	00000036 OLED_I2C_Stop
000018fa  w      .text	00000000 DMA1_Channel7_IRQHandler
00001f56 g     F .text	00000088 TIM_OC1Init
00000368 g     F .text	000001b8 JY901_Process
00000a3c g     F .text	0000006a OLED_ShowChar
0000240c g     F .text	0000002a Delay_Init
00001728 g     F .text	00000042 Radar_SendScanCmd
000018fa  w      .text	00000000 TIM4_IRQHandler
00000520 g     F .text	0000000e MA_Init
00000aa6 g     F .text	0000002e OLED_ShowString
00002026 g     F .text	0000001e TIM_ARRPreloadConfig
00000148 g     F .text	00000028 .hidden __riscv_save_9
00001ba4 g     F .text	0000000a GPIO_WriteBit
00005330 g     O .text	00000020 __sf_fake_stderr
00003530 g     F .text	00000070 sniprintf
00000156 g     F .text	0000001a .hidden __riscv_save_4
000018fa  w      .text	00000000 I2C1_EV_IRQHandler
00003db8 g     F .text	000000ee __ssputs_r
0000226e g     F .text	0000001c TIM_GetITStatus
00001cba g     F .text	000000bc RCC_GetClocksFreq
000018fa  w      .text	00000000 DMA1_Channel6_IRQHandler
00003270 g     F .text	00000076 .hidden __clzsi2
00004150 g     F .text	00000044 __sfputs_r
000049ce g     F .text	0000001a memchr
00002298 g     F .text	000000a8 USART_Init
00003c36 g     F .text	000000a8 _free_r
000018fa  w      .text	00000000 TIM3_IRQHandler
000018fa  w      .text	00000000 RCC_IRQHandler
00000170 g     F .text	0000000c .hidden __riscv_save_3
000018fa  w      .text	00000000 TIM1_TRG_COM_IRQHandler
000018fa  w      .text	00000000 DMA1_Channel1_IRQHandler
00000000 g       .init	00000000 _start
20000000 g     O .data	00000010 AHBPrescTable
00004abc g     F .text	00000010 _lseek
000030fe g     F .text	000000c6 .hidden __floatsisf
000018fa  w      .text	00000000 EXTI15_10_IRQHandler
00002010 g     F .text	00000016 TIM_ITConfig
200000b0 g     O .bss	00000001 RX3_rev_flag
000011d6 g     F .text	000000c0 Radar_OnUartIdleIRQ
0000235c g     F .text	00000036 USART_ITConfig
00000b6c g     F .text	00000110 Input_Capture_SR40init
00001ba0 g     F .text	00000004 GPIO_ResetBits
00004908 g     F .text	00000030 _close_r
20000000 g       .dalign	00000000 _data_vma
000032e6 g     F .text	00000026 memcmp
0000110e g     F .text	00000038 Radar_SetBinResolution
00003660 g     F .text	0000010c __swsetup_r
20000228 g     O .bss	00002f44 gRadar
000018fa  w      .text	00000000 EXTI9_5_IRQHandler
00003a34 g     F .text	0000009e __sfp
000009d6 g     F .text	0000001e OLED_WriteData
00000148 g     F .text	00000028 .hidden __riscv_save_10
00004818 g     F .text	00000030 __sread
0000205c g     F .text	0000001e TIM_SetIC1Prescaler
000049e8 g     F .text	00000002 __malloc_lock
0000018a g     F .text	00000016 .hidden __riscv_restore_4
00000180 g     F .text	00000020 .hidden __riscv_restore_8
000038a8 g     F .text	00000066 _fflush_r
00000156 g     F .text	0000001a .hidden __riscv_save_6
00000a14 g     F .text	00000028 OLED_Clear
000018fa  w      .text	00000000 SPI2_IRQHandler
00005350 g     O .text	00000020 __sf_fake_stdin
000001a0 g     F .text	000000a8 memset
00000180 g     F .text	00000020 .hidden __riscv_restore_9
0000018a g     F .text	00000016 .hidden __riscv_restore_7
00000dc8 g     F .text	00000244 main
000048cc g     F .text	00000006 __sclose
00000248 g     F .text	000000aa USART2_CFG
00003cde g     F .text	000000da _malloc_r
000018fa  w      .text	00000000 DMA1_Channel5_IRQHandler
000009f4 g     F .text	00000020 OLED_SetCursor
000018fa  w      .text	00000000 EXTI4_IRQHandler
00002436 g     F .text	00000030 Delay_Ms
00002ae6 g     F .text	00000290 .hidden __mulsf3
0000063c g     F .text	0000009a USART3_DMA1_CH3_INIT
00002268 g     F .text	00000006 TIM_GetCapture2
0000176a g     F .text	00000106 SystemInit
200000a8 g     O .bss	00000002 count
000020dc g     F .text	00000186 TIM_ICInit
0000340c g     F .text	00000040 iprintf
0000058a g     F .text	000000b2 USART3_CFG
000002f2 g     F .text	00000076 USART2_DMA1_CH6_INIT
00005230 g     O .text	00000100 .hidden __clz_tab
00000000 g       .init	00000000 _sinit
000048d2 g     F .text	00000036 _write_r
00001146 g     F .text	0000004a Radar_PrepareForScan
000018fa  w      .text	00000000 DMA1_Channel3_IRQHandler
200000a0 g     O .bss	00000008 stcAcc
00004430 g     F .text	0000010c _printf_common
2000008c g     O .data	00000004 _impure_ptr
000018fa  w      .text	00000000 TIM1_UP_IRQHandler
0000376c g     F .text	0000013c __sflush_r
000016ee g     F .text	0000003a Radar_USART1_IRQHandler_Callback
00001190 g     F .text	00000046 Radar_Init
00003ea6 g     F .text	00000280 _svfiprintf_r
000018fa  w      .text	00000000 WWDG_IRQHandler
00001ac0 g     F .text	00000012 DMA_ITConfig
00000c7c g     F .text	00000080 TIM2_IRQHandler
20005000 g       .stack	00000000 _eusrstack
00000170 g     F .text	0000000c .hidden __riscv_save_2
0000052e g     F .text	0000005c MA_Update
200000c8 g     O .bss	00000060 JY901_data
000018fa  w      .text	00000000 SW_Handler
00001660 g     F .text	00000082 Radar_USART1_DMA1_CH5_INIT
000018fa  w      .text	00000000 TIM1_BRK_IRQHandler
00003b3e g     F .text	0000005a __swhatbuf_r
000023a8 g     F .text	0000000a USART_SendData
200001a8 g     O .bss	00000080 RadarRxBuf
000018fa  w      .text	00000000 EXTI1_IRQHandler
00000156 g     F .text	0000001a .hidden __riscv_save_5
00002466 g     F .text	0000003a _write
200000a0 g       .data	00000000 _edata
20003170 g       .bss	00000000 _end
00001ede g     F .text	00000078 TIM_TimeBaseInit
000018fa  w      .text	00000000 RTCAlarm_IRQHandler
000053cc g       .dlalign	00000000 _data_lma
00001012 g     F .text	00000068 USART2_IRQHandler
00004848 g     F .text	0000004e __swrite
00004194 g     F .text	0000029c _vfiprintf_r
00003ad2 g     F .text	0000006c _fwalk_reent
00001870 g     F .text	0000008a SystemCoreClockUpdate
000018fa  w      .text	00000000 I2C2_ER_IRQHandler
000018fa  w      .text	00000000 DMA1_Channel2_IRQHandler
00005370 g     O .text	00000020 __sf_fake_stdout
0000017c g     F .text	00000024 .hidden __riscv_restore_12
00004acc g     F .text	00000010 _read
000018fc  w      .text	00000000 handle_reset
000018fa  w      .text	00000000 FLASH_IRQHandler
00000170 g     F .text	0000000c .hidden __riscv_save_0
00001572 g     F .text	00000030 Radar_GetReadyFrame
0000100c g     F .text	00000006 USART1_IRQHandler
00003b98 g     F .text	0000009e __smakebuf_r
0000453c g     F .text	000002aa _printf_i
0000207a g     F .text	00000022 TIM_SetIC2Prescaler
200000c4 g     O .bss	00000004 __malloc_sbrk_start
000018fa  w      .text	00000000 I2C1_ER_IRQHandler
200000b4 g     O .bss	00000004 hangxiangjiao
00001c3c g     F .text	00000010 NVIC_PriorityGroupConfig
0000197a g     F .text	000000fa DMA_DeInit
200000c0 g     O .bss	00000004 __malloc_free_list
00000194 g     F .text	0000000c .hidden __riscv_restore_1
00004194 g     F .text	0000029c _vfprintf_r
00002056 g     F .text	00000006 TIM_SetCompare1
00002392 g     F .text	00000016 USART_DMACmd
000024ca g     F .text	0000036a .hidden __addsf3
00001296 g     F .text	000002dc Radar_Task
000018fa  w      .text	00000000 USBWakeUp_IRQHandler
000009ba g     F .text	0000001c OLED_WriteCommand
00004a8c g     F .text	00000010 _close
200000aa g     O .bss	00000002 falling_cnt



Disassembly of section .init:

00000000 <_sinit>:
   0:	0fd0106f          	j	18fc <handle_reset>
   4:	00000013          	nop
   8:	00000013          	nop
   c:	00000013          	nop
  10:	00000013          	nop
  14:	00000013          	nop
  18:	00000013          	nop
  1c:	00000013          	nop
  20:	00000013          	nop
  24:	00000013          	nop
  28:	00000013          	nop
  2c:	00000013          	nop
  30:	00000013          	nop
  34:	00100073          	ebreak

Disassembly of section .vector:

00000038 <_vector_base>:
  38:	fc9ff06f          	j	0 <_sinit>
  3c:	0000                	unimp
  3e:	0000                	unimp
  40:	5770006f          	j	db6 <NMI_Handler>
  44:	5750006f          	j	db8 <HardFault_Handler>
	...
  68:	0930106f          	j	18fa <ADC1_2_IRQHandler>
  6c:	0000                	unimp
  6e:	0000                	unimp
  70:	08b0106f          	j	18fa <ADC1_2_IRQHandler>
  74:	0000                	unimp
  76:	0000                	unimp
  78:	0830106f          	j	18fa <ADC1_2_IRQHandler>
  7c:	07f0106f          	j	18fa <ADC1_2_IRQHandler>
  80:	07b0106f          	j	18fa <ADC1_2_IRQHandler>
  84:	0770106f          	j	18fa <ADC1_2_IRQHandler>
  88:	0730106f          	j	18fa <ADC1_2_IRQHandler>
  8c:	06f0106f          	j	18fa <ADC1_2_IRQHandler>
  90:	06b0106f          	j	18fa <ADC1_2_IRQHandler>
  94:	0670106f          	j	18fa <ADC1_2_IRQHandler>
  98:	0630106f          	j	18fa <ADC1_2_IRQHandler>
  9c:	05f0106f          	j	18fa <ADC1_2_IRQHandler>
  a0:	05b0106f          	j	18fa <ADC1_2_IRQHandler>
  a4:	0570106f          	j	18fa <ADC1_2_IRQHandler>
  a8:	0530106f          	j	18fa <ADC1_2_IRQHandler>
  ac:	04f0106f          	j	18fa <ADC1_2_IRQHandler>
  b0:	04b0106f          	j	18fa <ADC1_2_IRQHandler>
  b4:	0470106f          	j	18fa <ADC1_2_IRQHandler>
  b8:	0430106f          	j	18fa <ADC1_2_IRQHandler>
  bc:	03f0106f          	j	18fa <ADC1_2_IRQHandler>
  c0:	03b0106f          	j	18fa <ADC1_2_IRQHandler>
	...
  d4:	0270106f          	j	18fa <ADC1_2_IRQHandler>
  d8:	0230106f          	j	18fa <ADC1_2_IRQHandler>
  dc:	01f0106f          	j	18fa <ADC1_2_IRQHandler>
  e0:	01b0106f          	j	18fa <ADC1_2_IRQHandler>
  e4:	0170106f          	j	18fa <ADC1_2_IRQHandler>
  e8:	3950006f          	j	c7c <TIM2_IRQHandler>
  ec:	00f0106f          	j	18fa <ADC1_2_IRQHandler>
  f0:	00b0106f          	j	18fa <ADC1_2_IRQHandler>
  f4:	0070106f          	j	18fa <ADC1_2_IRQHandler>
  f8:	0030106f          	j	18fa <ADC1_2_IRQHandler>
  fc:	7fe0106f          	j	18fa <ADC1_2_IRQHandler>
 100:	7fa0106f          	j	18fa <ADC1_2_IRQHandler>
 104:	7f60106f          	j	18fa <ADC1_2_IRQHandler>
 108:	7f20106f          	j	18fa <ADC1_2_IRQHandler>
 10c:	7010006f          	j	100c <USART1_IRQHandler>
 110:	7030006f          	j	1012 <USART2_IRQHandler>
 114:	7670006f          	j	107a <USART3_IRQHandler>
 118:	7e20106f          	j	18fa <ADC1_2_IRQHandler>
 11c:	7de0106f          	j	18fa <ADC1_2_IRQHandler>
 120:	7da0106f          	j	18fa <ADC1_2_IRQHandler>
 124:	7d60106f          	j	18fa <ADC1_2_IRQHandler>
	...

Disassembly of section .text:

00000140 <__riscv_save_12>:
     140:	7139                	addi	sp,sp,-64
     142:	4301                	li	t1,0
     144:	c66e                	sw	s11,12(sp)
     146:	a019                	j	14c <__riscv_save_10+0x4>

00000148 <__riscv_save_10>:
     148:	7139                	addi	sp,sp,-64
     14a:	5341                	li	t1,-16
     14c:	c86a                	sw	s10,16(sp)
     14e:	ca66                	sw	s9,20(sp)
     150:	cc62                	sw	s8,24(sp)
     152:	ce5e                	sw	s7,28(sp)
     154:	a019                	j	15a <__riscv_save_4+0x4>

00000156 <__riscv_save_4>:
     156:	7139                	addi	sp,sp,-64
     158:	5301                	li	t1,-32
     15a:	d05a                	sw	s6,32(sp)
     15c:	d256                	sw	s5,36(sp)
     15e:	d452                	sw	s4,40(sp)
     160:	d64e                	sw	s3,44(sp)
     162:	d84a                	sw	s2,48(sp)
     164:	da26                	sw	s1,52(sp)
     166:	dc22                	sw	s0,56(sp)
     168:	de06                	sw	ra,60(sp)
     16a:	40610133          	sub	sp,sp,t1
     16e:	8282                	jr	t0

00000170 <__riscv_save_0>:
     170:	1141                	addi	sp,sp,-16
     172:	c04a                	sw	s2,0(sp)
     174:	c226                	sw	s1,4(sp)
     176:	c422                	sw	s0,8(sp)
     178:	c606                	sw	ra,12(sp)
     17a:	8282                	jr	t0

0000017c <__riscv_restore_12>:
     17c:	4db2                	lw	s11,12(sp)
     17e:	0141                	addi	sp,sp,16

00000180 <__riscv_restore_10>:
     180:	4d02                	lw	s10,0(sp)
     182:	4c92                	lw	s9,4(sp)
     184:	4c22                	lw	s8,8(sp)
     186:	4bb2                	lw	s7,12(sp)
     188:	0141                	addi	sp,sp,16

0000018a <__riscv_restore_4>:
     18a:	4b02                	lw	s6,0(sp)
     18c:	4a92                	lw	s5,4(sp)
     18e:	4a22                	lw	s4,8(sp)
     190:	49b2                	lw	s3,12(sp)
     192:	0141                	addi	sp,sp,16

00000194 <__riscv_restore_0>:
     194:	4902                	lw	s2,0(sp)
     196:	4492                	lw	s1,4(sp)
     198:	4422                	lw	s0,8(sp)
     19a:	40b2                	lw	ra,12(sp)
     19c:	0141                	addi	sp,sp,16
     19e:	8082                	ret

000001a0 <memset>:
     1a0:	433d                	li	t1,15
     1a2:	872a                	mv	a4,a0
     1a4:	02c37363          	bgeu	t1,a2,1ca <memset+0x2a>
     1a8:	00f77793          	andi	a5,a4,15
     1ac:	efbd                	bnez	a5,22a <memset+0x8a>
     1ae:	e5ad                	bnez	a1,218 <memset+0x78>
     1b0:	ff067693          	andi	a3,a2,-16
     1b4:	8a3d                	andi	a2,a2,15
     1b6:	96ba                	add	a3,a3,a4
     1b8:	c30c                	sw	a1,0(a4)
     1ba:	c34c                	sw	a1,4(a4)
     1bc:	c70c                	sw	a1,8(a4)
     1be:	c74c                	sw	a1,12(a4)
     1c0:	0741                	addi	a4,a4,16
     1c2:	fed76be3          	bltu	a4,a3,1b8 <memset+0x18>
     1c6:	e211                	bnez	a2,1ca <memset+0x2a>
     1c8:	8082                	ret
     1ca:	40c306b3          	sub	a3,t1,a2
     1ce:	068a                	slli	a3,a3,0x2
     1d0:	00000297          	auipc	t0,0x0
     1d4:	9696                	add	a3,a3,t0
     1d6:	00a68067          	jr	10(a3)
     1da:	00b70723          	sb	a1,14(a4)
     1de:	00b706a3          	sb	a1,13(a4)
     1e2:	00b70623          	sb	a1,12(a4)
     1e6:	00b705a3          	sb	a1,11(a4)
     1ea:	00b70523          	sb	a1,10(a4)
     1ee:	00b704a3          	sb	a1,9(a4)
     1f2:	00b70423          	sb	a1,8(a4)
     1f6:	00b703a3          	sb	a1,7(a4)
     1fa:	00b70323          	sb	a1,6(a4)
     1fe:	00b702a3          	sb	a1,5(a4)
     202:	00b70223          	sb	a1,4(a4)
     206:	00b701a3          	sb	a1,3(a4)
     20a:	00b70123          	sb	a1,2(a4)
     20e:	00b700a3          	sb	a1,1(a4)
     212:	00b70023          	sb	a1,0(a4)
     216:	8082                	ret
     218:	0ff5f593          	andi	a1,a1,255
     21c:	00859693          	slli	a3,a1,0x8
     220:	8dd5                	or	a1,a1,a3
     222:	01059693          	slli	a3,a1,0x10
     226:	8dd5                	or	a1,a1,a3
     228:	b761                	j	1b0 <memset+0x10>
     22a:	00279693          	slli	a3,a5,0x2
     22e:	00000297          	auipc	t0,0x0
     232:	9696                	add	a3,a3,t0
     234:	8286                	mv	t0,ra
     236:	fa8680e7          	jalr	-88(a3)
     23a:	8096                	mv	ra,t0
     23c:	17c1                	addi	a5,a5,-16
     23e:	8f1d                	sub	a4,a4,a5
     240:	963e                	add	a2,a2,a5
     242:	f8c374e3          	bgeu	t1,a2,1ca <memset+0x2a>
     246:	b7a5                	j	1ae <memset+0xe>

00000248 <USART2_CFG>:
     248:	f29ff2ef          	jal	t0,170 <__riscv_save_0>
     24c:	7179                	addi	sp,sp,-48
     24e:	892a                	mv	s2,a0
     250:	4585                	li	a1,1
     252:	4511                	li	a0,4
     254:	ca02                	sw	zero,20(sp)
     256:	cc02                	sw	zero,24(sp)
     258:	ce02                	sw	zero,28(sp)
     25a:	d002                	sw	zero,32(sp)
     25c:	d202                	sw	zero,36(sp)
     25e:	d402                	sw	zero,40(sp)
     260:	d602                	sw	zero,44(sp)
     262:	c602                	sw	zero,12(sp)
     264:	c802                	sw	zero,16(sp)
     266:	32f010ef          	jal	ra,1d94 <RCC_APB2PeriphClockCmd>
     26a:	4585                	li	a1,1
     26c:	00020537          	lui	a0,0x20
     270:	343010ef          	jal	ra,1db2 <RCC_APB1PeriphClockCmd>
     274:	4791                	li	a5,4
     276:	00f11a23          	sh	a5,20(sp)
     27a:	40011437          	lui	s0,0x40011
     27e:	478d                	li	a5,3
     280:	cc3e                	sw	a5,24(sp)
     282:	084c                	addi	a1,sp,20
     284:	47e1                	li	a5,24
     286:	80040513          	addi	a0,s0,-2048 # 40010800 <_eusrstack+0x2000b800>
     28a:	ce3e                	sw	a5,28(sp)
     28c:	053010ef          	jal	ra,1ade <GPIO_Init>
     290:	44a1                	li	s1,8
     292:	4791                	li	a5,4
     294:	084c                	addi	a1,sp,20
     296:	80040513          	addi	a0,s0,-2048
     29a:	00911a23          	sh	s1,20(sp)
     29e:	40004437          	lui	s0,0x40004
     2a2:	ce3e                	sw	a5,28(sp)
     2a4:	03b010ef          	jal	ra,1ade <GPIO_Init>
     2a8:	000c07b7          	lui	a5,0xc0
     2ac:	100c                	addi	a1,sp,32
     2ae:	40040513          	addi	a0,s0,1024 # 40004400 <_eusrstack+0x1ffff400>
     2b2:	d43e                	sw	a5,40(sp)
     2b4:	d04a                	sw	s2,32(sp)
     2b6:	d202                	sw	zero,36(sp)
     2b8:	02011623          	sh	zero,44(sp)
     2bc:	7dd010ef          	jal	ra,2298 <USART_Init>
     2c0:	4605                	li	a2,1
     2c2:	42400593          	li	a1,1060
     2c6:	40040513          	addi	a0,s0,1024
     2ca:	092020ef          	jal	ra,235c <USART_ITConfig>
     2ce:	13600793          	li	a5,310
     2d2:	00f11623          	sh	a5,12(sp)
     2d6:	0068                	addi	a0,sp,12
     2d8:	4785                	li	a5,1
     2da:	c83e                	sw	a5,16(sp)
     2dc:	00910723          	sb	s1,14(sp)
     2e0:	16d010ef          	jal	ra,1c4c <NVIC_Init>
     2e4:	4585                	li	a1,1
     2e6:	40040513          	addi	a0,s0,1024
     2ea:	056020ef          	jal	ra,2340 <USART_Cmd>
     2ee:	6145                	addi	sp,sp,48
     2f0:	b555                	j	194 <__riscv_restore_0>

000002f2 <USART2_DMA1_CH6_INIT>:
     2f2:	e7fff2ef          	jal	t0,170 <__riscv_save_0>
     2f6:	7179                	addi	sp,sp,-48
     2f8:	02c00613          	li	a2,44
     2fc:	4581                	li	a1,0
     2fe:	0048                	addi	a0,sp,4
     300:	3545                	jal	1a0 <memset>
     302:	4585                	li	a1,1
     304:	4505                	li	a0,1
     306:	271010ef          	jal	ra,1d76 <RCC_AHBPeriphClockCmd>
     30a:	40020437          	lui	s0,0x40020
     30e:	06c40513          	addi	a0,s0,108 # 4002006c <_eusrstack+0x2001b06c>
     312:	668010ef          	jal	ra,197a <DMA_DeInit>
     316:	08000793          	li	a5,128
     31a:	cc3e                	sw	a5,24(sp)
     31c:	400044b7          	lui	s1,0x40004
     320:	678d                	lui	a5,0x3
     322:	d43e                	sw	a5,40(sp)
     324:	40448793          	addi	a5,s1,1028 # 40004404 <_eusrstack+0x1ffff404>
     328:	c23e                	sw	a5,4(sp)
     32a:	84a18793          	addi	a5,gp,-1974 # 200000ca <JY901_data+0x2>
     32e:	c43e                	sw	a5,8(sp)
     330:	004c                	addi	a1,sp,4
     332:	02c00793          	li	a5,44
     336:	06c40513          	addi	a0,s0,108
     33a:	c83e                	sw	a5,16(sp)
     33c:	ca02                	sw	zero,20(sp)
     33e:	ce02                	sw	zero,28(sp)
     340:	d002                	sw	zero,32(sp)
     342:	d202                	sw	zero,36(sp)
     344:	d602                	sw	zero,44(sp)
     346:	c602                	sw	zero,12(sp)
     348:	72c010ef          	jal	ra,1a74 <DMA_Init>
     34c:	06c40513          	addi	a0,s0,108
     350:	4585                	li	a1,1
     352:	75a010ef          	jal	ra,1aac <DMA_Cmd>
     356:	4605                	li	a2,1
     358:	04000593          	li	a1,64
     35c:	40048513          	addi	a0,s1,1024
     360:	032020ef          	jal	ra,2392 <USART_DMACmd>
     364:	6145                	addi	sp,sp,48
     366:	b53d                	j	194 <__riscv_restore_0>

00000368 <JY901_Process>:
     368:	dd9ff2ef          	jal	t0,140 <__riscv_save_12>
     36c:	84818793          	addi	a5,gp,-1976 # 200000c8 <JY901_data>
     370:	0017c783          	lbu	a5,1(a5) # 3001 <__subsf3+0x28b>
     374:	715d                	addi	sp,sp,-80
     376:	de02                	sw	zero,60(sp)
     378:	c082                	sw	zero,64(sp)
     37a:	c282                	sw	zero,68(sp)
     37c:	c482                	sw	zero,72(sp)
     37e:	c682                	sw	zero,76(sp)
     380:	02b00713          	li	a4,43
     384:	04f77e63          	bgeu	a4,a5,3e0 <JY901_Process+0x78>
     388:	00005ab7          	lui	s5,0x5
     38c:	adcaa983          	lw	s3,-1316(s5) # 4adc <_read+0x10>
     390:	000057b7          	lui	a5,0x5
     394:	00005a37          	lui	s4,0x5
     398:	ae07ab83          	lw	s7,-1312(a5) # 4ae0 <_read+0x14>
     39c:	ae4a2c83          	lw	s9,-1308(s4) # 4ae4 <_read+0x18>
     3a0:	84818493          	addi	s1,gp,-1976 # 200000c8 <JY901_data>
     3a4:	02c48b13          	addi	s6,s1,44
     3a8:	84818413          	addi	s0,gp,-1976 # 200000c8 <JY901_data>
     3ac:	8c4e                	mv	s8,s3
     3ae:	8d4e                	mv	s10,s3
     3b0:	00244703          	lbu	a4,2(s0)
     3b4:	de02                	sw	zero,60(sp)
     3b6:	c082                	sw	zero,64(sp)
     3b8:	c282                	sw	zero,68(sp)
     3ba:	c482                	sw	zero,72(sp)
     3bc:	c682                	sw	zero,76(sp)
     3be:	05500793          	li	a5,85
     3c2:	00f71f63          	bne	a4,a5,3e0 <JY901_Process+0x78>
     3c6:	00344783          	lbu	a5,3(s0)
     3ca:	05100713          	li	a4,81
     3ce:	00e78b63          	beq	a5,a4,3e4 <JY901_Process+0x7c>
     3d2:	05300713          	li	a4,83
     3d6:	06e78f63          	beq	a5,a4,454 <JY901_Process+0xec>
     3da:	042d                	addi	s0,s0,11
     3dc:	fd641ae3          	bne	s0,s6,3b0 <JY901_Process+0x48>
     3e0:	6161                	addi	sp,sp,80
     3e2:	bb69                	j	17c <__riscv_restore_12>
     3e4:	82018513          	addi	a0,gp,-2016 # 200000a0 <_edata>
     3e8:	4621                	li	a2,8
     3ea:	00440593          	addi	a1,s0,4
     3ee:	71f020ef          	jal	ra,330c <memcpy>
     3f2:	82018913          	addi	s2,gp,-2016 # 200000a0 <_edata>
     3f6:	8da6                	mv	s11,s1
     3f8:	00091503          	lh	a0,0(s2)
     3fc:	0d91                	addi	s11,s11,4
     3fe:	0909                	addi	s2,s2,2
     400:	4ff020ef          	jal	ra,30fe <__floatsisf>
     404:	85ce                	mv	a1,s3
     406:	6e0020ef          	jal	ra,2ae6 <__mulsf3>
     40a:	85de                	mv	a1,s7
     40c:	6da020ef          	jal	ra,2ae6 <__mulsf3>
     410:	02adac23          	sw	a0,56(s11)
     414:	85418793          	addi	a5,gp,-1964 # 200000d4 <JY901_data+0xc>
     418:	fefd90e3          	bne	s11,a5,3f8 <JY901_Process+0x90>
     41c:	40a8                	lw	a0,64(s1)
     41e:	5a7020ef          	jal	ra,31c4 <__extendsfdf2>
     422:	d02a                	sw	a0,32(sp)
     424:	5cc8                	lw	a0,60(s1)
     426:	d22e                	sw	a1,36(sp)
     428:	59d020ef          	jal	ra,31c4 <__extendsfdf2>
     42c:	cc2a                	sw	a0,24(sp)
     42e:	40e8                	lw	a0,68(s1)
     430:	ce2e                	sw	a1,28(sp)
     432:	593020ef          	jal	ra,31c4 <__extendsfdf2>
     436:	5802                	lw	a6,32(sp)
     438:	5892                	lw	a7,36(sp)
     43a:	4762                	lw	a4,24(sp)
     43c:	47f2                	lw	a5,28(sp)
     43e:	00005637          	lui	a2,0x5
     442:	c02a                	sw	a0,0(sp)
     444:	c22e                	sw	a1,4(sp)
     446:	ae860613          	addi	a2,a2,-1304 # 4ae8 <_read+0x1c>
     44a:	45d1                	li	a1,20
     44c:	1868                	addi	a0,sp,60
     44e:	0e2030ef          	jal	ra,3530 <sniprintf>
     452:	b761                	j	3da <JY901_Process+0x72>
     454:	4621                	li	a2,8
     456:	00440593          	addi	a1,s0,4
     45a:	1848                	addi	a0,sp,52
     45c:	6b1020ef          	jal	ra,330c <memcpy>
     460:	03514503          	lbu	a0,53(sp)
     464:	03414783          	lbu	a5,52(sp)
     468:	03814703          	lbu	a4,56(sp)
     46c:	0522                	slli	a0,a0,0x8
     46e:	8d5d                	or	a0,a0,a5
     470:	03614683          	lbu	a3,54(sp)
     474:	0542                	slli	a0,a0,0x10
     476:	8541                	srai	a0,a0,0x10
     478:	d03a                	sw	a4,32(sp)
     47a:	d636                	sw	a3,44(sp)
     47c:	483020ef          	jal	ra,30fe <__floatsisf>
     480:	85e2                	mv	a1,s8
     482:	664020ef          	jal	ra,2ae6 <__mulsf3>
     486:	85e6                	mv	a1,s9
     488:	65e020ef          	jal	ra,2ae6 <__mulsf3>
     48c:	03714d83          	lbu	s11,55(sp)
     490:	56b2                	lw	a3,44(sp)
     492:	d888                	sw	a0,48(s1)
     494:	cc2a                	sw	a0,24(sp)
     496:	008d9513          	slli	a0,s11,0x8
     49a:	8d55                	or	a0,a0,a3
     49c:	0542                	slli	a0,a0,0x10
     49e:	8541                	srai	a0,a0,0x10
     4a0:	45f020ef          	jal	ra,30fe <__floatsisf>
     4a4:	85ea                	mv	a1,s10
     4a6:	640020ef          	jal	ra,2ae6 <__mulsf3>
     4aa:	ae4a2583          	lw	a1,-1308(s4)
     4ae:	03914903          	lbu	s2,57(sp)
     4b2:	634020ef          	jal	ra,2ae6 <__mulsf3>
     4b6:	5702                	lw	a4,32(sp)
     4b8:	8daa                	mv	s11,a0
     4ba:	d8c8                	sw	a0,52(s1)
     4bc:	00891513          	slli	a0,s2,0x8
     4c0:	8d59                	or	a0,a0,a4
     4c2:	0542                	slli	a0,a0,0x10
     4c4:	8541                	srai	a0,a0,0x10
     4c6:	439020ef          	jal	ra,30fe <__floatsisf>
     4ca:	adcaa583          	lw	a1,-1316(s5)
     4ce:	618020ef          	jal	ra,2ae6 <__mulsf3>
     4d2:	ae4a2583          	lw	a1,-1308(s4)
     4d6:	610020ef          	jal	ra,2ae6 <__mulsf3>
     4da:	892a                	mv	s2,a0
     4dc:	dc88                	sw	a0,56(s1)
     4de:	856e                	mv	a0,s11
     4e0:	4e5020ef          	jal	ra,31c4 <__extendsfdf2>
     4e4:	47e2                	lw	a5,24(sp)
     4e6:	d02a                	sw	a0,32(sp)
     4e8:	d22e                	sw	a1,36(sp)
     4ea:	853e                	mv	a0,a5
     4ec:	4d9020ef          	jal	ra,31c4 <__extendsfdf2>
     4f0:	cc2a                	sw	a0,24(sp)
     4f2:	854a                	mv	a0,s2
     4f4:	ce2e                	sw	a1,28(sp)
     4f6:	4cf020ef          	jal	ra,31c4 <__extendsfdf2>
     4fa:	5802                	lw	a6,32(sp)
     4fc:	5892                	lw	a7,36(sp)
     4fe:	4762                	lw	a4,24(sp)
     500:	47f2                	lw	a5,28(sp)
     502:	00005637          	lui	a2,0x5
     506:	c02a                	sw	a0,0(sp)
     508:	c22e                	sw	a1,4(sp)
     50a:	ae860613          	addi	a2,a2,-1304 # 4ae8 <_read+0x1c>
     50e:	45d1                	li	a1,20
     510:	1868                	addi	a0,sp,60
     512:	01e030ef          	jal	ra,3530 <sniprintf>
     516:	1870                	addi	a2,sp,60
     518:	4585                	li	a1,1
     51a:	4509                	li	a0,2
     51c:	2369                	jal	aa6 <OLED_ShowString>
     51e:	bd75                	j	3da <JY901_Process+0x72>

00000520 <MA_Init>:
     520:	c51ff2ef          	jal	t0,170 <__riscv_save_0>
     524:	02800613          	li	a2,40
     528:	4581                	li	a1,0
     52a:	399d                	jal	1a0 <memset>
     52c:	b1a5                	j	194 <__riscv_restore_0>

0000052e <MA_Update>:
     52e:	c29ff2ef          	jal	t0,156 <__riscv_save_4>
     532:	02054483          	lbu	s1,32(a0) # 20020 <_data_lma+0x1ac54>
     536:	02154783          	lbu	a5,33(a0)
     53a:	4721                	li	a4,8
     53c:	842a                	mv	s0,a0
     53e:	89ae                	mv	s3,a1
     540:	00249913          	slli	s2,s1,0x2
     544:	02e79f63          	bne	a5,a4,582 <MA_Update+0x54>
     548:	012507b3          	add	a5,a0,s2
     54c:	438c                	lw	a1,0(a5)
     54e:	5148                	lw	a0,36(a0)
     550:	027020ef          	jal	ra,2d76 <__subsf3>
     554:	d048                	sw	a0,36(s0)
     556:	504c                	lw	a1,36(s0)
     558:	9922                	add	s2,s2,s0
     55a:	01392023          	sw	s3,0(s2)
     55e:	854e                	mv	a0,s3
     560:	76b010ef          	jal	ra,24ca <__addsf3>
     564:	892a                	mv	s2,a0
     566:	d048                	sw	a0,36(s0)
     568:	0485                	addi	s1,s1,1
     56a:	02144503          	lbu	a0,33(s0)
     56e:	889d                	andi	s1,s1,7
     570:	02940023          	sb	s1,32(s0)
     574:	38b020ef          	jal	ra,30fe <__floatsisf>
     578:	85aa                	mv	a1,a0
     57a:	854a                	mv	a0,s2
     57c:	2b8020ef          	jal	ra,2834 <__divsf3>
     580:	b129                	j	18a <__riscv_restore_4>
     582:	0785                	addi	a5,a5,1
     584:	02f500a3          	sb	a5,33(a0)
     588:	b7f9                	j	556 <MA_Update+0x28>

0000058a <USART3_CFG>:
     58a:	be7ff2ef          	jal	t0,170 <__riscv_save_0>
     58e:	7179                	addi	sp,sp,-48
     590:	84aa                	mv	s1,a0
     592:	4585                	li	a1,1
     594:	4521                	li	a0,8
     596:	ca02                	sw	zero,20(sp)
     598:	cc02                	sw	zero,24(sp)
     59a:	ce02                	sw	zero,28(sp)
     59c:	d002                	sw	zero,32(sp)
     59e:	d202                	sw	zero,36(sp)
     5a0:	d402                	sw	zero,40(sp)
     5a2:	d602                	sw	zero,44(sp)
     5a4:	c602                	sw	zero,12(sp)
     5a6:	c802                	sw	zero,16(sp)
     5a8:	7ec010ef          	jal	ra,1d94 <RCC_APB2PeriphClockCmd>
     5ac:	4585                	li	a1,1
     5ae:	00040537          	lui	a0,0x40
     5b2:	001010ef          	jal	ra,1db2 <RCC_APB1PeriphClockCmd>
     5b6:	40000793          	li	a5,1024
     5ba:	00f11a23          	sh	a5,20(sp)
     5be:	40011437          	lui	s0,0x40011
     5c2:	478d                	li	a5,3
     5c4:	cc3e                	sw	a5,24(sp)
     5c6:	084c                	addi	a1,sp,20
     5c8:	47e1                	li	a5,24
     5ca:	c0040513          	addi	a0,s0,-1024 # 40010c00 <_eusrstack+0x2000bc00>
     5ce:	ce3e                	sw	a5,28(sp)
     5d0:	50e010ef          	jal	ra,1ade <GPIO_Init>
     5d4:	6785                	lui	a5,0x1
     5d6:	80078793          	addi	a5,a5,-2048 # 800 <__stack_size>
     5da:	00f11a23          	sh	a5,20(sp)
     5de:	084c                	addi	a1,sp,20
     5e0:	4791                	li	a5,4
     5e2:	c0040513          	addi	a0,s0,-1024
     5e6:	ce3e                	sw	a5,28(sp)
     5e8:	40005437          	lui	s0,0x40005
     5ec:	4f2010ef          	jal	ra,1ade <GPIO_Init>
     5f0:	100c                	addi	a1,sp,32
     5f2:	000c07b7          	lui	a5,0xc0
     5f6:	80040513          	addi	a0,s0,-2048 # 40004800 <_eusrstack+0x1ffff800>
     5fa:	d026                	sw	s1,32(sp)
     5fc:	d43e                	sw	a5,40(sp)
     5fe:	d202                	sw	zero,36(sp)
     600:	02011623          	sh	zero,44(sp)
     604:	495010ef          	jal	ra,2298 <USART_Init>
     608:	13700793          	li	a5,311
     60c:	00f11623          	sh	a5,12(sp)
     610:	4785                	li	a5,1
     612:	00f10723          	sb	a5,14(sp)
     616:	0068                	addi	a0,sp,12
     618:	4785                	li	a5,1
     61a:	c83e                	sw	a5,16(sp)
     61c:	630010ef          	jal	ra,1c4c <NVIC_Init>
     620:	4605                	li	a2,1
     622:	80040513          	addi	a0,s0,-2048
     626:	42400593          	li	a1,1060
     62a:	533010ef          	jal	ra,235c <USART_ITConfig>
     62e:	4585                	li	a1,1
     630:	80040513          	addi	a0,s0,-2048
     634:	50d010ef          	jal	ra,2340 <USART_Cmd>
     638:	6145                	addi	sp,sp,48
     63a:	bea9                	j	194 <__riscv_restore_0>

0000063c <USART3_DMA1_CH3_INIT>:
     63c:	b35ff2ef          	jal	t0,170 <__riscv_save_0>
     640:	7139                	addi	sp,sp,-64
     642:	02c00613          	li	a2,44
     646:	4581                	li	a1,0
     648:	0848                	addi	a0,sp,20
     64a:	3e99                	jal	1a0 <memset>
     64c:	4585                	li	a1,1
     64e:	4505                	li	a0,1
     650:	40020437          	lui	s0,0x40020
     654:	c602                	sw	zero,12(sp)
     656:	c802                	sw	zero,16(sp)
     658:	71e010ef          	jal	ra,1d76 <RCC_AHBPeriphClockCmd>
     65c:	03040513          	addi	a0,s0,48 # 40020030 <_eusrstack+0x2001b030>
     660:	31a010ef          	jal	ra,197a <DMA_DeInit>
     664:	400054b7          	lui	s1,0x40005
     668:	678d                	lui	a5,0x3
     66a:	dc3e                	sw	a5,56(sp)
     66c:	80448793          	addi	a5,s1,-2044 # 40004804 <_eusrstack+0x1ffff804>
     670:	ca3e                	sw	a5,20(sp)
     672:	08000713          	li	a4,128
     676:	8a818793          	addi	a5,gp,-1880 # 20000128 <RX3_Buffer>
     67a:	084c                	addi	a1,sp,20
     67c:	03040513          	addi	a0,s0,48
     680:	d43a                	sw	a4,40(sp)
     682:	d03a                	sw	a4,32(sp)
     684:	cc3e                	sw	a5,24(sp)
     686:	d202                	sw	zero,36(sp)
     688:	d602                	sw	zero,44(sp)
     68a:	d802                	sw	zero,48(sp)
     68c:	da02                	sw	zero,52(sp)
     68e:	de02                	sw	zero,60(sp)
     690:	ce02                	sw	zero,28(sp)
     692:	3e2010ef          	jal	ra,1a74 <DMA_Init>
     696:	4605                	li	a2,1
     698:	4589                	li	a1,2
     69a:	03040513          	addi	a0,s0,48
     69e:	422010ef          	jal	ra,1ac0 <DMA_ITConfig>
     6a2:	11f00793          	li	a5,287
     6a6:	00f11623          	sh	a5,12(sp)
     6aa:	4789                	li	a5,2
     6ac:	00f10723          	sb	a5,14(sp)
     6b0:	0068                	addi	a0,sp,12
     6b2:	4785                	li	a5,1
     6b4:	c83e                	sw	a5,16(sp)
     6b6:	596010ef          	jal	ra,1c4c <NVIC_Init>
     6ba:	03040513          	addi	a0,s0,48
     6be:	4585                	li	a1,1
     6c0:	3ec010ef          	jal	ra,1aac <DMA_Cmd>
     6c4:	4605                	li	a2,1
     6c6:	04000593          	li	a1,64
     6ca:	80048513          	addi	a0,s1,-2048
     6ce:	4c5010ef          	jal	ra,2392 <USART_DMACmd>
     6d2:	6121                	addi	sp,sp,64
     6d4:	b4c1                	j	194 <__riscv_restore_0>

000006d6 <asciiToDigit>:
     6d6:	a9bff2ef          	jal	t0,170 <__riscv_save_0>
     6da:	7151                	addi	sp,sp,-240
     6dc:	842a                	mv	s0,a0
     6de:	0c400613          	li	a2,196
     6e2:	4581                	li	a1,0
     6e4:	0028                	addi	a0,sp,8
     6e6:	3c6d                	jal	1a0 <memset>
     6e8:	4785                	li	a5,1
     6ea:	c7be                	sw	a5,204(sp)
     6ec:	4789                	li	a5,2
     6ee:	c9be                	sw	a5,208(sp)
     6f0:	478d                	li	a5,3
     6f2:	cbbe                	sw	a5,212(sp)
     6f4:	4791                	li	a5,4
     6f6:	cdbe                	sw	a5,216(sp)
     6f8:	4795                	li	a5,5
     6fa:	cfbe                	sw	a5,220(sp)
     6fc:	4799                	li	a5,6
     6fe:	d1be                	sw	a5,224(sp)
     700:	479d                	li	a5,7
     702:	d3be                	sw	a5,228(sp)
     704:	47a1                	li	a5,8
     706:	d5be                	sw	a5,232(sp)
     708:	4725                	li	a4,9
     70a:	fd040793          	addi	a5,s0,-48
     70e:	d7ba                	sw	a4,236(sp)
     710:	0ff7f793          	andi	a5,a5,255
     714:	4501                	li	a0,0
     716:	00f76763          	bltu	a4,a5,724 <asciiToDigit+0x4e>
     71a:	040a                	slli	s0,s0,0x2
     71c:	199c                	addi	a5,sp,240
     71e:	943e                	add	s0,s0,a5
     720:	f1842503          	lw	a0,-232(s0)
     724:	616d                	addi	sp,sp,240
     726:	b4bd                	j	194 <__riscv_restore_0>

00000728 <extractSubarray>:
     728:	04064a63          	bltz	a2,77c <extractSubarray+0x54>
     72c:	04b6d863          	bge	a3,a1,77c <extractSubarray+0x54>
     730:	04c6c663          	blt	a3,a2,77c <extractSubarray+0x54>
     734:	a3dff2ef          	jal	t0,170 <__riscv_save_0>
     738:	1141                	addi	sp,sp,-16
     73a:	c002                	sw	zero,0(sp)
     73c:	c202                	sw	zero,4(sp)
     73e:	c402                	sw	zero,8(sp)
     740:	00011623          	sh	zero,12(sp)
     744:	00010723          	sb	zero,14(sp)
     748:	0ff67613          	andi	a2,a2,255
     74c:	4701                	li	a4,0
     74e:	00c707b3          	add	a5,a4,a2
     752:	0ff7f793          	andi	a5,a5,255
     756:	00f6d863          	bge	a3,a5,766 <extractSubarray+0x3e>
     75a:	860a                	mv	a2,sp
     75c:	4589                	li	a1,2
     75e:	4511                	li	a0,4
     760:	2699                	jal	aa6 <OLED_ShowString>
     762:	0141                	addi	sp,sp,16
     764:	bc05                	j	194 <__riscv_restore_0>
     766:	97aa                	add	a5,a5,a0
     768:	0007c783          	lbu	a5,0(a5) # 3000 <__subsf3+0x28a>
     76c:	080c                	addi	a1,sp,16
     76e:	95ba                	add	a1,a1,a4
     770:	0705                	addi	a4,a4,1
     772:	fef58823          	sb	a5,-16(a1)
     776:	0ff77713          	andi	a4,a4,255
     77a:	bfd1                	j	74e <extractSubarray+0x26>
     77c:	8082                	ret

0000077e <LaserDistance>:
     77e:	9f3ff2ef          	jal	t0,170 <__riscv_save_0>
     782:	892a                	mv	s2,a0
     784:	01954503          	lbu	a0,25(a0) # 40019 <_data_lma+0x3ac4d>
     788:	37b9                	jal	6d6 <asciiToDigit>
     78a:	842a                	mv	s0,a0
     78c:	01a94503          	lbu	a0,26(s2)
     790:	3799                	jal	6d6 <asciiToDigit>
     792:	3e800793          	li	a5,1000
     796:	02f40433          	mul	s0,s0,a5
     79a:	06400793          	li	a5,100
     79e:	02f50533          	mul	a0,a0,a5
     7a2:	942a                	add	s0,s0,a0
     7a4:	01b94503          	lbu	a0,27(s2)
     7a8:	0442                	slli	s0,s0,0x10
     7aa:	8041                	srli	s0,s0,0x10
     7ac:	372d                	jal	6d6 <asciiToDigit>
     7ae:	84aa                	mv	s1,a0
     7b0:	01c94503          	lbu	a0,28(s2)
     7b4:	370d                	jal	6d6 <asciiToDigit>
     7b6:	47a9                	li	a5,10
     7b8:	02f487b3          	mul	a5,s1,a5
     7bc:	9522                	add	a0,a0,s0
     7be:	953e                	add	a0,a0,a5
     7c0:	0542                	slli	a0,a0,0x10
     7c2:	8141                	srli	a0,a0,0x10
     7c4:	bac1                	j	194 <__riscv_restore_0>

000007c6 <TIM1_Motor_Init>:
     7c6:	9abff2ef          	jal	t0,170 <__riscv_save_0>
     7ca:	6505                	lui	a0,0x1
     7cc:	7179                	addi	sp,sp,-48
     7ce:	4585                	li	a1,1
     7d0:	80450513          	addi	a0,a0,-2044 # 804 <__stack_size+0x4>
     7d4:	ca02                	sw	zero,20(sp)
     7d6:	cc02                	sw	zero,24(sp)
     7d8:	ce02                	sw	zero,28(sp)
     7da:	d002                	sw	zero,32(sp)
     7dc:	d202                	sw	zero,36(sp)
     7de:	d402                	sw	zero,40(sp)
     7e0:	d602                	sw	zero,44(sp)
     7e2:	c402                	sw	zero,8(sp)
     7e4:	c602                	sw	zero,12(sp)
     7e6:	00011823          	sh	zero,16(sp)
     7ea:	5aa010ef          	jal	ra,1d94 <RCC_APB2PeriphClockCmd>
     7ee:	4585                	li	a1,1
     7f0:	4505                	li	a0,1
     7f2:	5a2010ef          	jal	ra,1d94 <RCC_APB2PeriphClockCmd>
     7f6:	10000793          	li	a5,256
     7fa:	00f11a23          	sh	a5,20(sp)
     7fe:	40011537          	lui	a0,0x40011
     802:	47e1                	li	a5,24
     804:	ce3e                	sw	a5,28(sp)
     806:	084c                	addi	a1,sp,20
     808:	478d                	li	a5,3
     80a:	80050513          	addi	a0,a0,-2048 # 40010800 <_eusrstack+0x2000b800>
     80e:	cc3e                	sw	a5,24(sp)
     810:	2ce010ef          	jal	ra,1ade <GPIO_Init>
     814:	40013437          	lui	s0,0x40013
     818:	04700793          	li	a5,71
     81c:	c43e                	sw	a5,8(sp)
     81e:	002c                	addi	a1,sp,8
     820:	06300793          	li	a5,99
     824:	c0040513          	addi	a0,s0,-1024 # 40012c00 <_eusrstack+0x2000dc00>
     828:	c63e                	sw	a5,12(sp)
     82a:	6b4010ef          	jal	ra,1ede <TIM_TimeBaseInit>
     82e:	67c1                	lui	a5,0x10
     830:	07078793          	addi	a5,a5,112 # 10070 <_data_lma+0xaca4>
     834:	d03e                	sw	a5,32(sp)
     836:	100c                	addi	a1,sp,32
     838:	04600793          	li	a5,70
     83c:	c0040513          	addi	a0,s0,-1024
     840:	02f11323          	sh	a5,38(sp)
     844:	02011423          	sh	zero,40(sp)
     848:	70e010ef          	jal	ra,1f56 <TIM_OC1Init>
     84c:	c0040513          	addi	a0,s0,-1024
     850:	4585                	li	a1,1
     852:	7a8010ef          	jal	ra,1ffa <TIM_CtrlPWMOutputs>
     856:	c0040513          	addi	a0,s0,-1024
     85a:	4581                	li	a1,0
     85c:	7e8010ef          	jal	ra,2044 <TIM_OC1PreloadConfig>
     860:	c0040513          	addi	a0,s0,-1024
     864:	4585                	li	a1,1
     866:	7c0010ef          	jal	ra,2026 <TIM_ARRPreloadConfig>
     86a:	4585                	li	a1,1
     86c:	c0040513          	addi	a0,s0,-1024
     870:	76e010ef          	jal	ra,1fde <TIM_Cmd>
     874:	6145                	addi	sp,sp,48
     876:	91fff06f          	j	194 <__riscv_restore_0>

0000087a <OLED_I2C_Init>:
     87a:	8f7ff2ef          	jal	t0,170 <__riscv_save_0>
     87e:	1141                	addi	sp,sp,-16
     880:	4585                	li	a1,1
     882:	4521                	li	a0,8
     884:	510010ef          	jal	ra,1d94 <RCC_APB2PeriphClockCmd>
     888:	47d1                	li	a5,20
     88a:	40011437          	lui	s0,0x40011
     88e:	c63e                	sw	a5,12(sp)
     890:	478d                	li	a5,3
     892:	c43e                	sw	a5,8(sp)
     894:	004c                	addi	a1,sp,4
     896:	04000793          	li	a5,64
     89a:	c0040513          	addi	a0,s0,-1024 # 40010c00 <_eusrstack+0x2000bc00>
     89e:	00f11223          	sh	a5,4(sp)
     8a2:	23c010ef          	jal	ra,1ade <GPIO_Init>
     8a6:	08000793          	li	a5,128
     8aa:	004c                	addi	a1,sp,4
     8ac:	c0040513          	addi	a0,s0,-1024
     8b0:	00f11223          	sh	a5,4(sp)
     8b4:	22a010ef          	jal	ra,1ade <GPIO_Init>
     8b8:	c0040513          	addi	a0,s0,-1024
     8bc:	4605                	li	a2,1
     8be:	04000593          	li	a1,64
     8c2:	2e2010ef          	jal	ra,1ba4 <GPIO_WriteBit>
     8c6:	4605                	li	a2,1
     8c8:	08000593          	li	a1,128
     8cc:	c0040513          	addi	a0,s0,-1024
     8d0:	2d4010ef          	jal	ra,1ba4 <GPIO_WriteBit>
     8d4:	0141                	addi	sp,sp,16
     8d6:	8bfff06f          	j	194 <__riscv_restore_0>

000008da <OLED_I2C_Start>:
     8da:	897ff2ef          	jal	t0,170 <__riscv_save_0>
     8de:	40011437          	lui	s0,0x40011
     8e2:	c0040513          	addi	a0,s0,-1024 # 40010c00 <_eusrstack+0x2000bc00>
     8e6:	4605                	li	a2,1
     8e8:	08000593          	li	a1,128
     8ec:	2b8010ef          	jal	ra,1ba4 <GPIO_WriteBit>
     8f0:	c0040513          	addi	a0,s0,-1024
     8f4:	4605                	li	a2,1
     8f6:	04000593          	li	a1,64
     8fa:	2aa010ef          	jal	ra,1ba4 <GPIO_WriteBit>
     8fe:	c0040513          	addi	a0,s0,-1024
     902:	4601                	li	a2,0
     904:	08000593          	li	a1,128
     908:	29c010ef          	jal	ra,1ba4 <GPIO_WriteBit>
     90c:	4601                	li	a2,0
     90e:	04000593          	li	a1,64
     912:	c0040513          	addi	a0,s0,-1024
     916:	28e010ef          	jal	ra,1ba4 <GPIO_WriteBit>
     91a:	87bff06f          	j	194 <__riscv_restore_0>

0000091e <OLED_I2C_Stop>:
     91e:	853ff2ef          	jal	t0,170 <__riscv_save_0>
     922:	40011437          	lui	s0,0x40011
     926:	c0040513          	addi	a0,s0,-1024 # 40010c00 <_eusrstack+0x2000bc00>
     92a:	4601                	li	a2,0
     92c:	08000593          	li	a1,128
     930:	274010ef          	jal	ra,1ba4 <GPIO_WriteBit>
     934:	c0040513          	addi	a0,s0,-1024
     938:	4605                	li	a2,1
     93a:	04000593          	li	a1,64
     93e:	266010ef          	jal	ra,1ba4 <GPIO_WriteBit>
     942:	4605                	li	a2,1
     944:	08000593          	li	a1,128
     948:	c0040513          	addi	a0,s0,-1024
     94c:	258010ef          	jal	ra,1ba4 <GPIO_WriteBit>
     950:	845ff06f          	j	194 <__riscv_restore_0>

00000954 <OLED_I2C_SendByte>:
     954:	803ff2ef          	jal	t0,156 <__riscv_save_4>
     958:	400114b7          	lui	s1,0x40011
     95c:	8a2a                	mv	s4,a0
     95e:	4401                	li	s0,0
     960:	08000a93          	li	s5,128
     964:	c0048913          	addi	s2,s1,-1024 # 40010c00 <_eusrstack+0x2000bc00>
     968:	49a1                	li	s3,8
     96a:	408ad633          	sra	a2,s5,s0
     96e:	01467633          	and	a2,a2,s4
     972:	08000593          	li	a1,128
     976:	854a                	mv	a0,s2
     978:	22c010ef          	jal	ra,1ba4 <GPIO_WriteBit>
     97c:	4605                	li	a2,1
     97e:	04000593          	li	a1,64
     982:	854a                	mv	a0,s2
     984:	220010ef          	jal	ra,1ba4 <GPIO_WriteBit>
     988:	4601                	li	a2,0
     98a:	04000593          	li	a1,64
     98e:	854a                	mv	a0,s2
     990:	0405                	addi	s0,s0,1
     992:	212010ef          	jal	ra,1ba4 <GPIO_WriteBit>
     996:	fd341ae3          	bne	s0,s3,96a <OLED_I2C_SendByte+0x16>
     99a:	c0048513          	addi	a0,s1,-1024
     99e:	4605                	li	a2,1
     9a0:	04000593          	li	a1,64
     9a4:	200010ef          	jal	ra,1ba4 <GPIO_WriteBit>
     9a8:	4601                	li	a2,0
     9aa:	04000593          	li	a1,64
     9ae:	c0048513          	addi	a0,s1,-1024
     9b2:	1f2010ef          	jal	ra,1ba4 <GPIO_WriteBit>
     9b6:	fd4ff06f          	j	18a <__riscv_restore_4>

000009ba <OLED_WriteCommand>:
     9ba:	fb6ff2ef          	jal	t0,170 <__riscv_save_0>
     9be:	842a                	mv	s0,a0
     9c0:	3f29                	jal	8da <OLED_I2C_Start>
     9c2:	07800513          	li	a0,120
     9c6:	3779                	jal	954 <OLED_I2C_SendByte>
     9c8:	4501                	li	a0,0
     9ca:	3769                	jal	954 <OLED_I2C_SendByte>
     9cc:	8522                	mv	a0,s0
     9ce:	3759                	jal	954 <OLED_I2C_SendByte>
     9d0:	37b9                	jal	91e <OLED_I2C_Stop>
     9d2:	fc2ff06f          	j	194 <__riscv_restore_0>

000009d6 <OLED_WriteData>:
     9d6:	f9aff2ef          	jal	t0,170 <__riscv_save_0>
     9da:	842a                	mv	s0,a0
     9dc:	3dfd                	jal	8da <OLED_I2C_Start>
     9de:	07800513          	li	a0,120
     9e2:	3f8d                	jal	954 <OLED_I2C_SendByte>
     9e4:	04000513          	li	a0,64
     9e8:	37b5                	jal	954 <OLED_I2C_SendByte>
     9ea:	8522                	mv	a0,s0
     9ec:	37a5                	jal	954 <OLED_I2C_SendByte>
     9ee:	3f05                	jal	91e <OLED_I2C_Stop>
     9f0:	fa4ff06f          	j	194 <__riscv_restore_0>

000009f4 <OLED_SetCursor>:
     9f4:	f7cff2ef          	jal	t0,170 <__riscv_save_0>
     9f8:	0b056513          	ori	a0,a0,176
     9fc:	842e                	mv	s0,a1
     9fe:	3f75                	jal	9ba <OLED_WriteCommand>
     a00:	00445513          	srli	a0,s0,0x4
     a04:	01056513          	ori	a0,a0,16
     a08:	3f4d                	jal	9ba <OLED_WriteCommand>
     a0a:	00f47513          	andi	a0,s0,15
     a0e:	3775                	jal	9ba <OLED_WriteCommand>
     a10:	f84ff06f          	j	194 <__riscv_restore_0>

00000a14 <OLED_Clear>:
     a14:	f5cff2ef          	jal	t0,170 <__riscv_save_0>
     a18:	4401                	li	s0,0
     a1a:	4921                	li	s2,8
     a1c:	4581                	li	a1,0
     a1e:	8522                	mv	a0,s0
     a20:	3fd1                	jal	9f4 <OLED_SetCursor>
     a22:	08000493          	li	s1,128
     a26:	4501                	li	a0,0
     a28:	14fd                	addi	s1,s1,-1
     a2a:	3775                	jal	9d6 <OLED_WriteData>
     a2c:	fced                	bnez	s1,a26 <OLED_Clear+0x12>
     a2e:	0405                	addi	s0,s0,1
     a30:	0ff47413          	andi	s0,s0,255
     a34:	ff2414e3          	bne	s0,s2,a1c <OLED_Clear+0x8>
     a38:	f5cff06f          	j	194 <__riscv_restore_0>

00000a3c <OLED_ShowChar>:
     a3c:	f1aff2ef          	jal	t0,156 <__riscv_save_4>
     a40:	07f50493          	addi	s1,a0,127
     a44:	01f58993          	addi	s3,a1,31
     a48:	0486                	slli	s1,s1,0x1
     a4a:	098e                	slli	s3,s3,0x3
     a4c:	8932                	mv	s2,a2
     a4e:	6415                	lui	s0,0x5
     a50:	0ff4f493          	andi	s1,s1,255
     a54:	0ff9f993          	andi	s3,s3,255
     a58:	af440a93          	addi	s5,s0,-1292 # 4af4 <OLED_F8x16>
     a5c:	85ce                	mv	a1,s3
     a5e:	8526                	mv	a0,s1
     a60:	0912                	slli	s2,s2,0x4
     a62:	3f49                	jal	9f4 <OLED_SetCursor>
     a64:	9aca                	add	s5,s5,s2
     a66:	4a21                	li	s4,8
     a68:	af440413          	addi	s0,s0,-1292
     a6c:	e00ac503          	lbu	a0,-512(s5)
     a70:	1a7d                	addi	s4,s4,-1
     a72:	0ffa7a13          	andi	s4,s4,255
     a76:	3785                	jal	9d6 <OLED_WriteData>
     a78:	0a85                	addi	s5,s5,1
     a7a:	fe0a19e3          	bnez	s4,a6c <OLED_ShowChar+0x30>
     a7e:	00148513          	addi	a0,s1,1
     a82:	85ce                	mv	a1,s3
     a84:	0ff57513          	andi	a0,a0,255
     a88:	e0090913          	addi	s2,s2,-512
     a8c:	37a5                	jal	9f4 <OLED_SetCursor>
     a8e:	944a                	add	s0,s0,s2
     a90:	44a1                	li	s1,8
     a92:	00844503          	lbu	a0,8(s0)
     a96:	14fd                	addi	s1,s1,-1
     a98:	0ff4f493          	andi	s1,s1,255
     a9c:	3f2d                	jal	9d6 <OLED_WriteData>
     a9e:	0405                	addi	s0,s0,1
     aa0:	f8ed                	bnez	s1,a92 <OLED_ShowChar+0x56>
     aa2:	ee8ff06f          	j	18a <__riscv_restore_4>

00000aa6 <OLED_ShowString>:
     aa6:	eb0ff2ef          	jal	t0,156 <__riscv_save_4>
     aaa:	892a                	mv	s2,a0
     aac:	89ae                	mv	s3,a1
     aae:	84b2                	mv	s1,a2
     ab0:	4401                	li	s0,0
     ab2:	008487b3          	add	a5,s1,s0
     ab6:	00078603          	lb	a2,0(a5)
     aba:	e219                	bnez	a2,ac0 <OLED_ShowString+0x1a>
     abc:	eceff06f          	j	18a <__riscv_restore_4>
     ac0:	013405b3          	add	a1,s0,s3
     ac4:	0ff5f593          	andi	a1,a1,255
     ac8:	854a                	mv	a0,s2
     aca:	0405                	addi	s0,s0,1
     acc:	3f85                	jal	a3c <OLED_ShowChar>
     ace:	0ff47413          	andi	s0,s0,255
     ad2:	b7c5                	j	ab2 <OLED_ShowString+0xc>

00000ad4 <OLED_Init>:
     ad4:	e9cff2ef          	jal	t0,170 <__riscv_save_0>
     ad8:	03200513          	li	a0,50
     adc:	15b010ef          	jal	ra,2436 <Delay_Ms>
     ae0:	3b69                	jal	87a <OLED_I2C_Init>
     ae2:	0ae00513          	li	a0,174
     ae6:	3dd1                	jal	9ba <OLED_WriteCommand>
     ae8:	0d500513          	li	a0,213
     aec:	35f9                	jal	9ba <OLED_WriteCommand>
     aee:	08000513          	li	a0,128
     af2:	35e1                	jal	9ba <OLED_WriteCommand>
     af4:	0a800513          	li	a0,168
     af8:	35c9                	jal	9ba <OLED_WriteCommand>
     afa:	03f00513          	li	a0,63
     afe:	3d75                	jal	9ba <OLED_WriteCommand>
     b00:	0d300513          	li	a0,211
     b04:	3d5d                	jal	9ba <OLED_WriteCommand>
     b06:	4501                	li	a0,0
     b08:	3d4d                	jal	9ba <OLED_WriteCommand>
     b0a:	04000513          	li	a0,64
     b0e:	3575                	jal	9ba <OLED_WriteCommand>
     b10:	0a100513          	li	a0,161
     b14:	355d                	jal	9ba <OLED_WriteCommand>
     b16:	0c800513          	li	a0,200
     b1a:	3545                	jal	9ba <OLED_WriteCommand>
     b1c:	0da00513          	li	a0,218
     b20:	3d69                	jal	9ba <OLED_WriteCommand>
     b22:	4549                	li	a0,18
     b24:	3d59                	jal	9ba <OLED_WriteCommand>
     b26:	08100513          	li	a0,129
     b2a:	3d41                	jal	9ba <OLED_WriteCommand>
     b2c:	0cf00513          	li	a0,207
     b30:	3569                	jal	9ba <OLED_WriteCommand>
     b32:	0d900513          	li	a0,217
     b36:	3551                	jal	9ba <OLED_WriteCommand>
     b38:	0f100513          	li	a0,241
     b3c:	3dbd                	jal	9ba <OLED_WriteCommand>
     b3e:	0db00513          	li	a0,219
     b42:	3da5                	jal	9ba <OLED_WriteCommand>
     b44:	03000513          	li	a0,48
     b48:	3d8d                	jal	9ba <OLED_WriteCommand>
     b4a:	0a400513          	li	a0,164
     b4e:	35b5                	jal	9ba <OLED_WriteCommand>
     b50:	0a600513          	li	a0,166
     b54:	359d                	jal	9ba <OLED_WriteCommand>
     b56:	08d00513          	li	a0,141
     b5a:	3585                	jal	9ba <OLED_WriteCommand>
     b5c:	4551                	li	a0,20
     b5e:	3db1                	jal	9ba <OLED_WriteCommand>
     b60:	0af00513          	li	a0,175
     b64:	3d99                	jal	9ba <OLED_WriteCommand>
     b66:	357d                	jal	a14 <OLED_Clear>
     b68:	e2cff06f          	j	194 <__riscv_restore_0>

00000b6c <Input_Capture_SR40init>:
     b6c:	e04ff2ef          	jal	t0,170 <__riscv_save_0>
     b70:	7179                	addi	sp,sp,-48
     b72:	4585                	li	a1,1
     b74:	4511                	li	a0,4
     b76:	d202                	sw	zero,36(sp)
     b78:	d402                	sw	zero,40(sp)
     b7a:	d602                	sw	zero,44(sp)
     b7c:	c602                	sw	zero,12(sp)
     b7e:	c802                	sw	zero,16(sp)
     b80:	00011a23          	sh	zero,20(sp)
     b84:	cc02                	sw	zero,24(sp)
     b86:	ce02                	sw	zero,28(sp)
     b88:	02011023          	sh	zero,32(sp)
     b8c:	c202                	sw	zero,4(sp)
     b8e:	c402                	sw	zero,8(sp)
     b90:	204010ef          	jal	ra,1d94 <RCC_APB2PeriphClockCmd>
     b94:	4585                	li	a1,1
     b96:	4505                	li	a0,1
     b98:	21a010ef          	jal	ra,1db2 <RCC_APB1PeriphClockCmd>
     b9c:	00180537          	lui	a0,0x180
     ba0:	4585                	li	a1,1
     ba2:	30050513          	addi	a0,a0,768 # 180300 <_data_lma+0x17af34>
     ba6:	008010ef          	jal	ra,1bae <GPIO_PinRemapConfig>
     baa:	40011437          	lui	s0,0x40011
     bae:	77e1                	lui	a5,0xffff8
     bb0:	02f11223          	sh	a5,36(sp)
     bb4:	104c                	addi	a1,sp,36
     bb6:	4791                	li	a5,4
     bb8:	80040513          	addi	a0,s0,-2048 # 40010800 <_eusrstack+0x2000b800>
     bbc:	d63e                	sw	a5,44(sp)
     bbe:	721000ef          	jal	ra,1ade <GPIO_Init>
     bc2:	47c1                	li	a5,16
     bc4:	02f11223          	sh	a5,36(sp)
     bc8:	448d                	li	s1,3
     bca:	47c1                	li	a5,16
     bcc:	104c                	addi	a1,sp,36
     bce:	80040513          	addi	a0,s0,-2048
     bd2:	d63e                	sw	a5,44(sp)
     bd4:	d426                	sw	s1,40(sp)
     bd6:	709000ef          	jal	ra,1ade <GPIO_Init>
     bda:	80040513          	addi	a0,s0,-2048
     bde:	45c1                	li	a1,16
     be0:	7c1000ef          	jal	ra,1ba0 <GPIO_ResetBits>
     be4:	04700793          	li	a5,71
     be8:	cc3e                	sw	a5,24(sp)
     bea:	67c1                	lui	a5,0x10
     bec:	17fd                	addi	a5,a5,-1
     bee:	082c                	addi	a1,sp,24
     bf0:	40000537          	lui	a0,0x40000
     bf4:	ce3e                	sw	a5,28(sp)
     bf6:	02010023          	sb	zero,32(sp)
     bfa:	2e4010ef          	jal	ra,1ede <TIM_TimeBaseInit>
     bfe:	4405                	li	s0,1
     c00:	006c                	addi	a1,sp,12
     c02:	40000537          	lui	a0,0x40000
     c06:	c822                	sw	s0,16(sp)
     c08:	c602                	sw	zero,12(sp)
     c0a:	00011a23          	sh	zero,20(sp)
     c0e:	4ce010ef          	jal	ra,20dc <TIM_ICInit>
     c12:	000207b7          	lui	a5,0x20
     c16:	0791                	addi	a5,a5,4
     c18:	006c                	addi	a1,sp,12
     c1a:	c63e                	sw	a5,12(sp)
     c1c:	40000537          	lui	a0,0x40000
     c20:	4789                	li	a5,2
     c22:	c83e                	sw	a5,16(sp)
     c24:	00011a23          	sh	zero,20(sp)
     c28:	4b4010ef          	jal	ra,20dc <TIM_ICInit>
     c2c:	02c00793          	li	a5,44
     c30:	0048                	addi	a0,sp,4
     c32:	00f11223          	sh	a5,4(sp)
     c36:	00910323          	sb	s1,6(sp)
     c3a:	c422                	sw	s0,8(sp)
     c3c:	010010ef          	jal	ra,1c4c <NVIC_Init>
     c40:	4605                	li	a2,1
     c42:	4589                	li	a1,2
     c44:	40000537          	lui	a0,0x40000
     c48:	3c8010ef          	jal	ra,2010 <TIM_ITConfig>
     c4c:	4605                	li	a2,1
     c4e:	4591                	li	a1,4
     c50:	40000537          	lui	a0,0x40000
     c54:	3bc010ef          	jal	ra,2010 <TIM_ITConfig>
     c58:	4605                	li	a2,1
     c5a:	4585                	li	a1,1
     c5c:	40000537          	lui	a0,0x40000
     c60:	3b0010ef          	jal	ra,2010 <TIM_ITConfig>
     c64:	400007b7          	lui	a5,0x40000
     c68:	00079823          	sh	zero,16(a5) # 40000010 <_eusrstack+0x1fffb010>
     c6c:	4585                	li	a1,1
     c6e:	40000537          	lui	a0,0x40000
     c72:	36c010ef          	jal	ra,1fde <TIM_Cmd>
     c76:	6145                	addi	sp,sp,48
     c78:	d1cff06f          	j	194 <__riscv_restore_0>

00000c7c <TIM2_IRQHandler>:
     c7c:	4589                	li	a1,2
     c7e:	40000537          	lui	a0,0x40000
     c82:	5ec010ef          	jal	ra,226e <TIM_GetITStatus>
     c86:	cd19                	beqz	a0,ca4 <TIM2_IRQHandler+0x28>
     c88:	40000537          	lui	a0,0x40000
     c8c:	5d6010ef          	jal	ra,2262 <TIM_GetCapture1>
     c90:	82a19623          	sh	a0,-2004(gp) # 200000ac <rising_cnt>
     c94:	4705                	li	a4,1
     c96:	4589                	li	a1,2
     c98:	40000537          	lui	a0,0x40000
     c9c:	82e19723          	sh	a4,-2002(gp) # 200000ae <startFlag>
     ca0:	5ea010ef          	jal	ra,228a <TIM_ClearITPendingBit>
     ca4:	4591                	li	a1,4
     ca6:	40000537          	lui	a0,0x40000
     caa:	5c4010ef          	jal	ra,226e <TIM_GetITStatus>
     cae:	cd11                	beqz	a0,cca <TIM2_IRQHandler+0x4e>
     cb0:	40000537          	lui	a0,0x40000
     cb4:	5b4010ef          	jal	ra,2268 <TIM_GetCapture2>
     cb8:	82a19523          	sh	a0,-2006(gp) # 200000aa <falling_cnt>
     cbc:	4591                	li	a1,4
     cbe:	40000537          	lui	a0,0x40000
     cc2:	82019723          	sh	zero,-2002(gp) # 200000ae <startFlag>
     cc6:	5c4010ef          	jal	ra,228a <TIM_ClearITPendingBit>
     cca:	4585                	li	a1,1
     ccc:	40000537          	lui	a0,0x40000
     cd0:	59e010ef          	jal	ra,226e <TIM_GetITStatus>
     cd4:	c115                	beqz	a0,cf8 <TIM2_IRQHandler+0x7c>
     cd6:	82e1d703          	lhu	a4,-2002(gp) # 200000ae <startFlag>
     cda:	4785                	li	a5,1
     cdc:	00f71963          	bne	a4,a5,cee <TIM2_IRQHandler+0x72>
     ce0:	82818793          	addi	a5,gp,-2008 # 200000a8 <count>
     ce4:	0007d703          	lhu	a4,0(a5)
     ce8:	0705                	addi	a4,a4,1
     cea:	00e79023          	sh	a4,0(a5)
     cee:	4585                	li	a1,1
     cf0:	40000537          	lui	a0,0x40000
     cf4:	596010ef          	jal	ra,228a <TIM_ClearITPendingBit>
     cf8:	30200073          	mret

00000cfc <TIM3_PWMOut_Init>:
     cfc:	c74ff2ef          	jal	t0,170 <__riscv_save_0>
     d00:	7179                	addi	sp,sp,-48
     d02:	4585                	li	a1,1
     d04:	4511                	li	a0,4
     d06:	ca02                	sw	zero,20(sp)
     d08:	cc02                	sw	zero,24(sp)
     d0a:	ce02                	sw	zero,28(sp)
     d0c:	d002                	sw	zero,32(sp)
     d0e:	d202                	sw	zero,36(sp)
     d10:	d402                	sw	zero,40(sp)
     d12:	d602                	sw	zero,44(sp)
     d14:	c402                	sw	zero,8(sp)
     d16:	c602                	sw	zero,12(sp)
     d18:	00011823          	sh	zero,16(sp)
     d1c:	078010ef          	jal	ra,1d94 <RCC_APB2PeriphClockCmd>
     d20:	4585                	li	a1,1
     d22:	4509                	li	a0,2
     d24:	08e010ef          	jal	ra,1db2 <RCC_APB1PeriphClockCmd>
     d28:	4585                	li	a1,1
     d2a:	4505                	li	a0,1
     d2c:	068010ef          	jal	ra,1d94 <RCC_APB2PeriphClockCmd>
     d30:	04000793          	li	a5,64
     d34:	00f11a23          	sh	a5,20(sp)
     d38:	40011537          	lui	a0,0x40011
     d3c:	47e1                	li	a5,24
     d3e:	ce3e                	sw	a5,28(sp)
     d40:	084c                	addi	a1,sp,20
     d42:	478d                	li	a5,3
     d44:	80050513          	addi	a0,a0,-2048 # 40010800 <_eusrstack+0x2000b800>
     d48:	cc3e                	sw	a5,24(sp)
     d4a:	595000ef          	jal	ra,1ade <GPIO_Init>
     d4e:	04700793          	li	a5,71
     d52:	40000437          	lui	s0,0x40000
     d56:	c43e                	sw	a5,8(sp)
     d58:	6795                	lui	a5,0x5
     d5a:	e1f78793          	addi	a5,a5,-481 # 4e1f <OLED_F8x16+0x32b>
     d5e:	002c                	addi	a1,sp,8
     d60:	40040513          	addi	a0,s0,1024 # 40000400 <_eusrstack+0x1fffb400>
     d64:	c63e                	sw	a5,12(sp)
     d66:	178010ef          	jal	ra,1ede <TIM_TimeBaseInit>
     d6a:	67c1                	lui	a5,0x10
     d6c:	06078793          	addi	a5,a5,96 # 10060 <_data_lma+0xac94>
     d70:	d03e                	sw	a5,32(sp)
     d72:	100c                	addi	a1,sp,32
     d74:	5dc00793          	li	a5,1500
     d78:	40040513          	addi	a0,s0,1024
     d7c:	02f11323          	sh	a5,38(sp)
     d80:	02011423          	sh	zero,40(sp)
     d84:	1d2010ef          	jal	ra,1f56 <TIM_OC1Init>
     d88:	40040513          	addi	a0,s0,1024
     d8c:	4585                	li	a1,1
     d8e:	26c010ef          	jal	ra,1ffa <TIM_CtrlPWMOutputs>
     d92:	40040513          	addi	a0,s0,1024
     d96:	4581                	li	a1,0
     d98:	2ac010ef          	jal	ra,2044 <TIM_OC1PreloadConfig>
     d9c:	40040513          	addi	a0,s0,1024
     da0:	4585                	li	a1,1
     da2:	284010ef          	jal	ra,2026 <TIM_ARRPreloadConfig>
     da6:	4585                	li	a1,1
     da8:	40040513          	addi	a0,s0,1024
     dac:	232010ef          	jal	ra,1fde <TIM_Cmd>
     db0:	6145                	addi	sp,sp,48
     db2:	be2ff06f          	j	194 <__riscv_restore_0>

00000db6 <NMI_Handler>:
     db6:	a001                	j	db6 <NMI_Handler>

00000db8 <HardFault_Handler>:
     db8:	beef07b7          	lui	a5,0xbeef0
     dbc:	e000e737          	lui	a4,0xe000e
     dc0:	08078793          	addi	a5,a5,128 # beef0080 <_eusrstack+0x9eeeb080>
     dc4:	c73c                	sw	a5,72(a4)
     dc6:	a001                	j	dc6 <HardFault_Handler+0xe>

00000dc8 <main>:
     dc8:	b80ff2ef          	jal	t0,148 <__riscv_save_10>
     dcc:	711d                	addi	sp,sp,-96
     dce:	4505                	li	a0,1
     dd0:	66d000ef          	jal	ra,1c3c <NVIC_PriorityGroupConfig>
     dd4:	29d000ef          	jal	ra,1870 <SystemCoreClockUpdate>
     dd8:	634010ef          	jal	ra,240c <Delay_Init>
     ddc:	3705                	jal	cfc <TIM3_PWMOut_Init>
     dde:	40000537          	lui	a0,0x40000
     de2:	5dc00593          	li	a1,1500
     de6:	40050513          	addi	a0,a0,1024 # 40000400 <_eusrstack+0x1fffb400>
     dea:	26c010ef          	jal	ra,2056 <TIM_SetCompare1>
     dee:	9d9ff0ef          	jal	ra,7c6 <TIM1_Motor_Init>
     df2:	31cd                	jal	ad4 <OLED_Init>
     df4:	3ba5                	jal	b6c <Input_Capture_SR40init>
     df6:	0808                	addi	a0,sp,16
     df8:	f28ff0ef          	jal	ra,520 <MA_Init>
     dfc:	6509                	lui	a0,0x2
     dfe:	58050513          	addi	a0,a0,1408 # 2580 <__addsf3+0xb6>
     e02:	c46ff0ef          	jal	ra,248 <USART2_CFG>
     e06:	cecff0ef          	jal	ra,2f2 <USART2_DMA1_CH6_INIT>
     e0a:	1828                	addi	a0,sp,56
     e0c:	f14ff0ef          	jal	ra,520 <MA_Init>
     e10:	64f1                	lui	s1,0x1c
     e12:	20048513          	addi	a0,s1,512 # 1c200 <_data_lma+0x16e34>
     e16:	f74ff0ef          	jal	ra,58a <USART3_CFG>
     e1a:	20000437          	lui	s0,0x20000
     e1e:	81fff0ef          	jal	ra,63c <USART3_DMA1_CH3_INIT>
     e22:	4621                	li	a2,8
     e24:	45d1                	li	a1,20
     e26:	22840513          	addi	a0,s0,552 # 20000228 <gRadar>
     e2a:	269d                	jal	1190 <Radar_Init>
     e2c:	20048513          	addi	a0,s1,512
     e30:	0b3000ef          	jal	ra,16e2 <Radar_USART1_Start>
     e34:	03200513          	li	a0,50
     e38:	5fe010ef          	jal	ra,2436 <Delay_Ms>
     e3c:	22840513          	addi	a0,s0,552
     e40:	2619                	jal	1146 <Radar_PrepareForScan>
     e42:	40014537          	lui	a0,0x40014
     e46:	80050513          	addi	a0,a0,-2048 # 40013800 <_eusrstack+0x2000e800>
     e4a:	200009b7          	lui	s3,0x20000
     e4e:	0db000ef          	jal	ra,1728 <Radar_SendScanCmd>
     e52:	00005ab7          	lui	s5,0x5
     e56:	00005b37          	lui	s6,0x5
     e5a:	00005bb7          	lui	s7,0x5
     e5e:	0c898a13          	addi	s4,s3,200 # 200000c8 <JY901_data>
     e62:	40013537          	lui	a0,0x40013
     e66:	45f9                	li	a1,30
     e68:	c0050513          	addi	a0,a0,-1024 # 40012c00 <_eusrstack+0x2000dc00>
     e6c:	1ea010ef          	jal	ra,2056 <TIM_SetCompare1>
     e70:	4585                	li	a1,1
     e72:	0e4a8613          	addi	a2,s5,228 # 50e4 <OLED_F8x16+0x5f0>
     e76:	4505                	li	a0,1
     e78:	313d                	jal	aa6 <OLED_ShowString>
     e7a:	22840513          	addi	a0,s0,552
     e7e:	2921                	jal	1296 <Radar_Task>
     e80:	006c                	addi	a1,sp,12
     e82:	22840513          	addi	a0,s0,552
     e86:	6ec000ef          	jal	ra,1572 <Radar_GetReadyFrame>
     e8a:	cd05                	beqz	a0,ec2 <main+0xfa>
     e8c:	47b2                	lw	a5,12(sp)
     e8e:	22840693          	addi	a3,s0,552
     e92:	2186a703          	lw	a4,536(a3)
     e96:	0047d603          	lhu	a2,4(a5)
     e9a:	2106a683          	lw	a3,528(a3)
     e9e:	438c                	lw	a1,0(a5)
     ea0:	0ecb0513          	addi	a0,s6,236 # 50ec <OLED_F8x16+0x5f8>
     ea4:	4481                	li	s1,0
     ea6:	566020ef          	jal	ra,340c <iprintf>
     eaa:	4c29                	li	s8,10
     eac:	4732                	lw	a4,12(sp)
     eae:	00875783          	lhu	a5,8(a4) # e000e008 <_eusrstack+0xc0009008>
     eb2:	12f4e463          	bltu	s1,a5,fda <main+0x212>
     eb6:	00005537          	lui	a0,0x5
     eba:	14850513          	addi	a0,a0,328 # 5148 <OLED_F8x16+0x654>
     ebe:	668020ef          	jal	ra,3526 <puts>
     ec2:	0c89c783          	lbu	a5,200(s3)
     ec6:	4705                	li	a4,1
     ec8:	02f71663          	bne	a4,a5,ef4 <main+0x12c>
     ecc:	c9cff0ef          	jal	ra,368 <JY901_Process>
     ed0:	038a2583          	lw	a1,56(s4)
     ed4:	1828                	addi	a0,sp,56
     ed6:	e58ff0ef          	jal	ra,52e <MA_Update>
     eda:	82a1aa23          	sw	a0,-1996(gp) # 200000b4 <hangxiangjiao>
     ede:	40020537          	lui	a0,0x40020
     ee2:	000a00a3          	sb	zero,1(s4)
     ee6:	4585                	li	a1,1
     ee8:	06c50513          	addi	a0,a0,108 # 4002006c <_eusrstack+0x2001b06c>
     eec:	0c098423          	sb	zero,200(s3)
     ef0:	3bd000ef          	jal	ra,1aac <DMA_Cmd>
     ef4:	83018713          	addi	a4,gp,-2000 # 200000b0 <RX3_rev_flag>
     ef8:	00074703          	lbu	a4,0(a4)
     efc:	4685                	li	a3,1
     efe:	83018c13          	addi	s8,gp,-2000 # 200000b0 <RX3_rev_flag>
     f02:	f6e690e3          	bne	a3,a4,e62 <main+0x9a>
     f06:	8321d683          	lhu	a3,-1998(gp) # 200000b2 <Rx3_len>
     f0a:	02200713          	li	a4,34
     f0e:	83218493          	addi	s1,gp,-1998 # 200000b2 <Rx3_len>
     f12:	0ae69863          	bne	a3,a4,fc2 <main+0x1fa>
     f16:	46fd                	li	a3,31
     f18:	4659                	li	a2,22
     f1a:	08000593          	li	a1,128
     f1e:	8a818513          	addi	a0,gp,-1880 # 20000128 <RX3_Buffer>
     f22:	807ff0ef          	jal	ra,728 <extractSubarray>
     f26:	8a818513          	addi	a0,gp,-1880 # 20000128 <RX3_Buffer>
     f2a:	855ff0ef          	jal	ra,77e <LaserDistance>
     f2e:	09500793          	li	a5,149
     f32:	00a7e963          	bltu	a5,a0,f44 <main+0x17c>
     f36:	40013537          	lui	a0,0x40013
     f3a:	4581                	li	a1,0
     f3c:	c0050513          	addi	a0,a0,-1024 # 40012c00 <_eusrstack+0x2000dc00>
     f40:	116010ef          	jal	ra,2056 <TIM_SetCompare1>
     f44:	8a818513          	addi	a0,gp,-1880 # 20000128 <RX3_Buffer>
     f48:	837ff0ef          	jal	ra,77e <LaserDistance>
     f4c:	0c800793          	li	a5,200
     f50:	00a7f963          	bgeu	a5,a0,f62 <main+0x19a>
     f54:	40013537          	lui	a0,0x40013
     f58:	45f9                	li	a1,30
     f5a:	c0050513          	addi	a0,a0,-1024 # 40012c00 <_eusrstack+0x2000dc00>
     f5e:	0f8010ef          	jal	ra,2056 <TIM_SetCompare1>
     f62:	8a818513          	addi	a0,gp,-1880 # 20000128 <RX3_Buffer>
     f66:	819ff0ef          	jal	ra,77e <LaserDistance>
     f6a:	12c00793          	li	a5,300
     f6e:	00a7fa63          	bgeu	a5,a0,f82 <main+0x1ba>
     f72:	40000537          	lui	a0,0x40000
     f76:	3e800593          	li	a1,1000
     f7a:	40050513          	addi	a0,a0,1024 # 40000400 <_eusrstack+0x1fffb400>
     f7e:	0d8010ef          	jal	ra,2056 <TIM_SetCompare1>
     f82:	8a818513          	addi	a0,gp,-1880 # 20000128 <RX3_Buffer>
     f86:	ff8ff0ef          	jal	ra,77e <LaserDistance>
     f8a:	19000793          	li	a5,400
     f8e:	00a7fa63          	bgeu	a5,a0,fa2 <main+0x1da>
     f92:	40000537          	lui	a0,0x40000
     f96:	5dc00593          	li	a1,1500
     f9a:	40050513          	addi	a0,a0,1024 # 40000400 <_eusrstack+0x1fffb400>
     f9e:	0b8010ef          	jal	ra,2056 <TIM_SetCompare1>
     fa2:	8a818513          	addi	a0,gp,-1880 # 20000128 <RX3_Buffer>
     fa6:	fd8ff0ef          	jal	ra,77e <LaserDistance>
     faa:	1f400793          	li	a5,500
     fae:	00a7fa63          	bgeu	a5,a0,fc2 <main+0x1fa>
     fb2:	40000537          	lui	a0,0x40000
     fb6:	7d000593          	li	a1,2000
     fba:	40050513          	addi	a0,a0,1024 # 40000400 <_eusrstack+0x1fffb400>
     fbe:	098010ef          	jal	ra,2056 <TIM_SetCompare1>
     fc2:	40020537          	lui	a0,0x40020
     fc6:	4585                	li	a1,1
     fc8:	03050513          	addi	a0,a0,48 # 40020030 <_eusrstack+0x2001b030>
     fcc:	000c0023          	sb	zero,0(s8)
     fd0:	00049023          	sh	zero,0(s1)
     fd4:	2d9000ef          	jal	ra,1aac <DMA_Cmd>
     fd8:	b569                	j	e62 <main+0x9a>
     fda:	00349793          	slli	a5,s1,0x3
     fde:	973e                	add	a4,a4,a5
     fe0:	01174783          	lbu	a5,17(a4)
     fe4:	c385                	beqz	a5,1004 <main+0x23c>
     fe6:	00c75603          	lhu	a2,12(a4)
     fea:	01074783          	lbu	a5,16(a4)
     fee:	00e75703          	lhu	a4,14(a4)
     ff2:	038676b3          	remu	a3,a2,s8
     ff6:	85a6                	mv	a1,s1
     ff8:	124b8513          	addi	a0,s7,292 # 5124 <OLED_F8x16+0x630>
     ffc:	03865633          	divu	a2,a2,s8
    1000:	40c020ef          	jal	ra,340c <iprintf>
    1004:	0485                	addi	s1,s1,1
    1006:	04c2                	slli	s1,s1,0x10
    1008:	80c1                	srli	s1,s1,0x10
    100a:	b54d                	j	eac <main+0xe4>

0000100c <USART1_IRQHandler>:
    100c:	25cd                	jal	16ee <Radar_USART1_IRQHandler_Callback>
    100e:	30200073          	mret

00001012 <USART2_IRQHandler>:
    1012:	1141                	addi	sp,sp,-16
    1014:	c622                	sw	s0,12(sp)
    1016:	40004437          	lui	s0,0x40004
    101a:	42400593          	li	a1,1060
    101e:	40040513          	addi	a0,s0,1024 # 40004400 <_eusrstack+0x1ffff400>
    1022:	c426                	sw	s1,8(sp)
    1024:	3a4010ef          	jal	ra,23c8 <USART_GetITStatus>
    1028:	c521                	beqz	a0,1070 <USART2_IRQHandler+0x5e>
    102a:	40040513          	addi	a0,s0,1024
    102e:	384010ef          	jal	ra,23b2 <USART_ReceiveData>
    1032:	40020437          	lui	s0,0x40020
    1036:	5838                	lw	a4,112(s0)
    1038:	02c00793          	li	a5,44
    103c:	06c40413          	addi	s0,s0,108 # 4002006c <_eusrstack+0x2001b06c>
    1040:	8f99                	sub	a5,a5,a4
    1042:	200004b7          	lui	s1,0x20000
    1046:	0ff7f793          	andi	a5,a5,255
    104a:	0c848713          	addi	a4,s1,200 # 200000c8 <JY901_data>
    104e:	4581                	li	a1,0
    1050:	8522                	mv	a0,s0
    1052:	00f700a3          	sb	a5,1(a4)
    1056:	257000ef          	jal	ra,1aac <DMA_Cmd>
    105a:	02c00793          	li	a5,44
    105e:	c05c                	sw	a5,4(s0)
    1060:	200007b7          	lui	a5,0x20000
    1064:	0ca78793          	addi	a5,a5,202 # 200000ca <JY901_data+0x2>
    1068:	c45c                	sw	a5,12(s0)
    106a:	4785                	li	a5,1
    106c:	0cf48423          	sb	a5,200(s1)
    1070:	4432                	lw	s0,12(sp)
    1072:	44a2                	lw	s1,8(sp)
    1074:	0141                	addi	sp,sp,16
    1076:	30200073          	mret

0000107a <USART3_IRQHandler>:
    107a:	1141                	addi	sp,sp,-16
    107c:	c622                	sw	s0,12(sp)
    107e:	40005437          	lui	s0,0x40005
    1082:	42400593          	li	a1,1060
    1086:	80040513          	addi	a0,s0,-2048 # 40004800 <_eusrstack+0x1ffff800>
    108a:	33e010ef          	jal	ra,23c8 <USART_GetITStatus>
    108e:	c91d                	beqz	a0,10c4 <USART3_IRQHandler+0x4a>
    1090:	80040513          	addi	a0,s0,-2048
    1094:	31e010ef          	jal	ra,23b2 <USART_ReceiveData>
    1098:	40020437          	lui	s0,0x40020
    109c:	4581                	li	a1,0
    109e:	03040513          	addi	a0,s0,48 # 40020030 <_eusrstack+0x2001b030>
    10a2:	20b000ef          	jal	ra,1aac <DMA_Cmd>
    10a6:	5854                	lw	a3,52(s0)
    10a8:	08000713          	li	a4,128
    10ac:	8f15                	sub	a4,a4,a3
    10ae:	82e19923          	sh	a4,-1998(gp) # 200000b2 <Rx3_len>
    10b2:	08000713          	li	a4,128
    10b6:	d858                	sw	a4,52(s0)
    10b8:	8a818713          	addi	a4,gp,-1880 # 20000128 <RX3_Buffer>
    10bc:	dc58                	sw	a4,60(s0)
    10be:	4705                	li	a4,1
    10c0:	82e18823          	sb	a4,-2000(gp) # 200000b0 <RX3_rev_flag>
    10c4:	4432                	lw	s0,12(sp)
    10c6:	0141                	addi	sp,sp,16
    10c8:	30200073          	mret

000010cc <Radar_ClearFrame>:
    10cc:	21c55783          	lhu	a5,540(a0)
    10d0:	0005a023          	sw	zero,0(a1)
    10d4:	00059223          	sh	zero,4(a1)
    10d8:	00f59323          	sh	a5,6(a1)
    10dc:	21e55783          	lhu	a5,542(a0)
    10e0:	00f59423          	sh	a5,8(a1)
    10e4:	4781                	li	a5,0
    10e6:	21e55703          	lhu	a4,542(a0)
    10ea:	00e7e363          	bltu	a5,a4,10f0 <Radar_ClearFrame+0x24>
    10ee:	8082                	ret
    10f0:	00379713          	slli	a4,a5,0x3
    10f4:	0785                	addi	a5,a5,1
    10f6:	972e                	add	a4,a4,a1
    10f8:	07c2                	slli	a5,a5,0x10
    10fa:	00071523          	sh	zero,10(a4)
    10fe:	00071623          	sh	zero,12(a4)
    1102:	00071723          	sh	zero,14(a4)
    1106:	00071823          	sh	zero,16(a4)
    110a:	83c1                	srli	a5,a5,0x10
    110c:	bfe9                	j	10e6 <Radar_ClearFrame+0x1a>

0000110e <Radar_SetBinResolution>:
    110e:	4701                	li	a4,0
    1110:	c98d                	beqz	a1,1142 <Radar_SetBinResolution+0x34>
    1112:	6785                	lui	a5,0x1
    1114:	e1078793          	addi	a5,a5,-496 # e10 <main+0x48>
    1118:	02b7f6b3          	remu	a3,a5,a1
    111c:	4701                	li	a4,0
    111e:	e295                	bnez	a3,1142 <Radar_SetBinResolution+0x34>
    1120:	02b7d7b3          	divu	a5,a5,a1
    1124:	2cf00613          	li	a2,719
    1128:	07c2                	slli	a5,a5,0x10
    112a:	83c1                	srli	a5,a5,0x10
    112c:	fff78693          	addi	a3,a5,-1
    1130:	06c2                	slli	a3,a3,0x10
    1132:	82c1                	srli	a3,a3,0x10
    1134:	00d66763          	bltu	a2,a3,1142 <Radar_SetBinResolution+0x34>
    1138:	20b51e23          	sh	a1,540(a0)
    113c:	20f51f23          	sh	a5,542(a0)
    1140:	4705                	li	a4,1
    1142:	853a                	mv	a0,a4
    1144:	8082                	ret

00001146 <Radar_PrepareForScan>:
    1146:	82aff2ef          	jal	t0,170 <__riscv_save_0>
    114a:	10050223          	sb	zero,260(a0)
    114e:	67c1                	lui	a5,0x10
    1150:	20f52623          	sw	a5,524(a0)
    1154:	100502a3          	sb	zero,261(a0)
    1158:	678d                	lui	a5,0x3
    115a:	97aa                	add	a5,a5,a0
    115c:	20052823          	sw	zero,528(a0)
    1160:	20052a23          	sw	zero,532(a0)
    1164:	20052c23          	sw	zero,536(a0)
    1168:	10050323          	sb	zero,262(a0)
    116c:	f0000713          	li	a4,-256
    1170:	f2e79e23          	sh	a4,-196(a5) # 2f3c <__subsf3+0x1c6>
    1174:	f2078f23          	sb	zero,-194(a5)
    1178:	22450593          	addi	a1,a0,548
    117c:	842a                	mv	s0,a0
    117e:	37b9                	jal	10cc <Radar_ClearFrame>
    1180:	6589                	lui	a1,0x2
    1182:	8b058593          	addi	a1,a1,-1872 # 18b0 <SystemCoreClockUpdate+0x40>
    1186:	95a2                	add	a1,a1,s0
    1188:	8522                	mv	a0,s0
    118a:	3789                	jal	10cc <Radar_ClearFrame>
    118c:	808ff06f          	j	194 <__riscv_restore_0>

00001190 <Radar_Init>:
    1190:	fc7fe2ef          	jal	t0,156 <__riscv_save_4>
    1194:	648d                	lui	s1,0x3
    1196:	892e                	mv	s2,a1
    1198:	89b2                	mv	s3,a2
    119a:	4581                	li	a1,0
    119c:	f4448613          	addi	a2,s1,-188 # 2f44 <__subsf3+0x1ce>
    11a0:	842a                	mv	s0,a0
    11a2:	ffffe0ef          	jal	ra,1a0 <memset>
    11a6:	f0000793          	li	a5,-256
    11aa:	94a2                	add	s1,s1,s0
    11ac:	f2f49e23          	sh	a5,-196(s1)
    11b0:	85ca                	mv	a1,s2
    11b2:	23340023          	sb	s3,544(s0)
    11b6:	8522                	mv	a0,s0
    11b8:	3f99                	jal	110e <Radar_SetBinResolution>
    11ba:	22440593          	addi	a1,s0,548
    11be:	8522                	mv	a0,s0
    11c0:	3731                	jal	10cc <Radar_ClearFrame>
    11c2:	6589                	lui	a1,0x2
    11c4:	8b058593          	addi	a1,a1,-1872 # 18b0 <SystemCoreClockUpdate+0x40>
    11c8:	95a2                	add	a1,a1,s0
    11ca:	8522                	mv	a0,s0
    11cc:	3701                	jal	10cc <Radar_ClearFrame>
    11ce:	8522                	mv	a0,s0
    11d0:	3f9d                	jal	1146 <Radar_PrepareForScan>
    11d2:	fb9fe06f          	j	18a <__riscv_restore_4>

000011d6 <Radar_OnUartIdleIRQ>:
    11d6:	f81fe2ef          	jal	t0,156 <__riscv_save_4>
    11da:	0005d783          	lhu	a5,0(a1)
    11de:	1141                	addi	sp,sp,-16
    11e0:	842a                	mv	s0,a0
    11e2:	07c2                	slli	a5,a5,0x10
    11e4:	83c1                	srli	a5,a5,0x10
    11e6:	00f11723          	sh	a5,14(sp)
    11ea:	0045d783          	lhu	a5,4(a1)
    11ee:	8532                	mv	a0,a2
    11f0:	4581                	li	a1,0
    11f2:	07c2                	slli	a5,a5,0x10
    11f4:	83c1                	srli	a5,a5,0x10
    11f6:	00f11723          	sh	a5,14(sp)
    11fa:	00e15783          	lhu	a5,14(sp)
    11fe:	8932                	mv	s2,a2
    1200:	8a3a                	mv	s4,a4
    1202:	89b6                	mv	s3,a3
    1204:	0a9000ef          	jal	ra,1aac <DMA_Cmd>
    1208:	854a                	mv	a0,s2
    120a:	0cd000ef          	jal	ra,1ad6 <DMA_GetCurrDataCounter>
    120e:	40aa0533          	sub	a0,s4,a0
    1212:	01051493          	slli	s1,a0,0x10
    1216:	80c1                	srli	s1,s1,0x10
    1218:	cca1                	beqz	s1,1270 <Radar_OnUartIdleIRQ+0x9a>
    121a:	0544fb63          	bgeu	s1,s4,1270 <Radar_OnUartIdleIRQ+0x9a>
    121e:	10644783          	lbu	a5,262(s0)
    1222:	4a85                	li	s5,1
    1224:	06fae363          	bltu	s5,a5,128a <Radar_OnUartIdleIRQ+0xb4>
    1228:	10444503          	lbu	a0,260(s0)
    122c:	8626                	mv	a2,s1
    122e:	85ce                	mv	a1,s3
    1230:	051e                	slli	a0,a0,0x7
    1232:	9522                	add	a0,a0,s0
    1234:	0d8020ef          	jal	ra,330c <memcpy>
    1238:	10444783          	lbu	a5,260(s0)
    123c:	08078793          	addi	a5,a5,128
    1240:	0786                	slli	a5,a5,0x1
    1242:	97a2                	add	a5,a5,s0
    1244:	00979023          	sh	s1,0(a5)
    1248:	10444783          	lbu	a5,260(s0)
    124c:	0785                	addi	a5,a5,1
    124e:	0ff7f793          	andi	a5,a5,255
    1252:	10f40223          	sb	a5,260(s0)
    1256:	10444783          	lbu	a5,260(s0)
    125a:	00faf463          	bgeu	s5,a5,1262 <Radar_OnUartIdleIRQ+0x8c>
    125e:	10040223          	sb	zero,260(s0)
    1262:	10644783          	lbu	a5,262(s0)
    1266:	0785                	addi	a5,a5,1
    1268:	0ff7f793          	andi	a5,a5,255
    126c:	10f40323          	sb	a5,262(s0)
    1270:	85d2                	mv	a1,s4
    1272:	854a                	mv	a0,s2
    1274:	05f000ef          	jal	ra,1ad2 <DMA_SetCurrDataCounter>
    1278:	4585                	li	a1,1
    127a:	01392623          	sw	s3,12(s2)
    127e:	854a                	mv	a0,s2
    1280:	02d000ef          	jal	ra,1aac <DMA_Cmd>
    1284:	0141                	addi	sp,sp,16
    1286:	f05fe06f          	j	18a <__riscv_restore_4>
    128a:	10842783          	lw	a5,264(s0)
    128e:	0785                	addi	a5,a5,1
    1290:	10f42423          	sw	a5,264(s0)
    1294:	bff1                	j	1270 <Radar_OnUartIdleIRQ+0x9a>

00001296 <Radar_Task>:
    1296:	eb3fe2ef          	jal	t0,148 <__riscv_save_10>
    129a:	6a19                	lui	s4,0x6
    129c:	698d                	lui	s3,0x3
    129e:	842a                	mv	s0,a0
    12a0:	9ffa0a13          	addi	s4,s4,-1537 # 59ff <_data_lma+0x633>
    12a4:	99aa                	add	s3,s3,a0
    12a6:	10644783          	lbu	a5,262(s0)
    12aa:	0ff7f793          	andi	a5,a5,255
    12ae:	e399                	bnez	a5,12b4 <Radar_Task+0x1e>
    12b0:	ed1fe06f          	j	180 <__riscv_restore_10>
    12b4:	10544583          	lbu	a1,261(s0)
    12b8:	20c45503          	lhu	a0,524(s0)
    12bc:	0ff5f593          	andi	a1,a1,255
    12c0:	08058793          	addi	a5,a1,128
    12c4:	0786                	slli	a5,a5,0x1
    12c6:	97a2                	add	a5,a5,s0
    12c8:	0007d483          	lhu	s1,0(a5)
    12cc:	10000793          	li	a5,256
    12d0:	00950733          	add	a4,a0,s1
    12d4:	02e7db63          	bge	a5,a4,130a <Radar_Task+0x74>
    12d8:	67c1                	lui	a5,0x10
    12da:	20f42623          	sw	a5,524(s0)
    12de:	10544783          	lbu	a5,261(s0)
    12e2:	4705                	li	a4,1
    12e4:	0785                	addi	a5,a5,1
    12e6:	0ff7f793          	andi	a5,a5,255
    12ea:	10f402a3          	sb	a5,261(s0)
    12ee:	10544783          	lbu	a5,261(s0)
    12f2:	00f77463          	bgeu	a4,a5,12fa <Radar_Task+0x64>
    12f6:	100402a3          	sb	zero,261(s0)
    12fa:	10644783          	lbu	a5,262(s0)
    12fe:	17fd                	addi	a5,a5,-1
    1300:	0ff7f793          	andi	a5,a5,255
    1304:	10f40323          	sb	a5,262(s0)
    1308:	bf79                	j	12a6 <Radar_Task+0x10>
    130a:	10c50513          	addi	a0,a0,268
    130e:	059e                	slli	a1,a1,0x7
    1310:	8626                	mv	a2,s1
    1312:	95a2                	add	a1,a1,s0
    1314:	9522                	add	a0,a0,s0
    1316:	7f7010ef          	jal	ra,330c <memcpy>
    131a:	20c45783          	lhu	a5,524(s0)
    131e:	10c40b13          	addi	s6,s0,268
    1322:	4b99                	li	s7,6
    1324:	94be                	add	s1,s1,a5
    1326:	20941623          	sh	s1,524(s0)
    132a:	11340c13          	addi	s8,s0,275
    132e:	20e44783          	lbu	a5,526(s0)
    1332:	20c45903          	lhu	s2,524(s0)
    1336:	c3cd                	beqz	a5,13d8 <Radar_Task+0x142>
    1338:	fb2bf3e3          	bgeu	s7,s2,12de <Radar_Task+0x48>
    133c:	ff990d13          	addi	s10,s2,-7
    1340:	0d42                	slli	s10,s10,0x10
    1342:	4481                	li	s1,0
    1344:	010d5d13          	srli	s10,s10,0x10
    1348:	01049c93          	slli	s9,s1,0x10
    134c:	461d                	li	a2,7
    134e:	81018593          	addi	a1,gp,-2032 # 20000090 <kRadarDesc>
    1352:	009b0533          	add	a0,s6,s1
    1356:	010cdc93          	srli	s9,s9,0x10
    135a:	78d010ef          	jal	ra,32e6 <memcmp>
    135e:	e10d                	bnez	a0,1380 <Radar_Task+0xea>
    1360:	01049613          	slli	a2,s1,0x10
    1364:	8641                	srai	a2,a2,0x10
    1366:	02065463          	bgez	a2,138e <Radar_Task+0xf8>
    136a:	10690593          	addi	a1,s2,262
    136e:	4619                	li	a2,6
    1370:	95a2                	add	a1,a1,s0
    1372:	855a                	mv	a0,s6
    1374:	04e020ef          	jal	ra,33c2 <memmove>
    1378:	4799                	li	a5,6
    137a:	20f41623          	sh	a5,524(s0)
    137e:	b785                	j	12de <Radar_Task+0x48>
    1380:	0485                	addi	s1,s1,1
    1382:	01049793          	slli	a5,s1,0x10
    1386:	83c1                	srli	a5,a5,0x10
    1388:	fcfd70e3          	bgeu	s10,a5,1348 <Radar_Task+0xb2>
    138c:	bff9                	j	136a <Radar_Task+0xd4>
    138e:	c605                	beqz	a2,13b6 <Radar_Task+0x120>
    1390:	21842783          	lw	a5,536(s0)
    1394:	10c60593          	addi	a1,a2,268
    1398:	95a2                	add	a1,a1,s0
    139a:	97b2                	add	a5,a5,a2
    139c:	20f42c23          	sw	a5,536(s0)
    13a0:	40c90633          	sub	a2,s2,a2
    13a4:	855a                	mv	a0,s6
    13a6:	01c020ef          	jal	ra,33c2 <memmove>
    13aa:	20c45783          	lhu	a5,524(s0)
    13ae:	419787b3          	sub	a5,a5,s9
    13b2:	20f41623          	sh	a5,524(s0)
    13b6:	20c45603          	lhu	a2,524(s0)
    13ba:	f2cbf2e3          	bgeu	s7,a2,12de <Radar_Task+0x48>
    13be:	1665                	addi	a2,a2,-7
    13c0:	85e2                	mv	a1,s8
    13c2:	855a                	mv	a0,s6
    13c4:	7ff010ef          	jal	ra,33c2 <memmove>
    13c8:	20c45783          	lhu	a5,524(s0)
    13cc:	20040723          	sb	zero,526(s0)
    13d0:	17e5                	addi	a5,a5,-7
    13d2:	20f41623          	sh	a5,524(s0)
    13d6:	bfa1                	j	132e <Radar_Task+0x98>
    13d8:	4791                	li	a5,4
    13da:	f127f2e3          	bgeu	a5,s2,12de <Radar_Task+0x48>
    13de:	6c85                	lui	s9,0x1
    13e0:	4481                	li	s1,0
    13e2:	4b11                	li	s6,4
    13e4:	4ba9                	li	s7,10
    13e6:	68cc8c93          	addi	s9,s9,1676 # 168c <Radar_USART1_DMA1_CH5_INIT+0x2c>
    13ea:	20c45603          	lhu	a2,524(s0)
    13ee:	8e05                	sub	a2,a2,s1
    13f0:	02cb4263          	blt	s6,a2,1414 <Radar_Task+0x17e>
    13f4:	ee0485e3          	beqz	s1,12de <Radar_Task+0x48>
    13f8:	10c48593          	addi	a1,s1,268
    13fc:	95a2                	add	a1,a1,s0
    13fe:	10c40513          	addi	a0,s0,268
    1402:	7c1010ef          	jal	ra,33c2 <memmove>
    1406:	20c45783          	lhu	a5,524(s0)
    140a:	409784b3          	sub	s1,a5,s1
    140e:	20941623          	sh	s1,524(s0)
    1412:	b5f1                	j	12de <Radar_Task+0x48>
    1414:	009407b3          	add	a5,s0,s1
    1418:	10c7c783          	lbu	a5,268(a5) # 1010c <_data_lma+0xad40>
    141c:	0017d713          	srli	a4,a5,0x1
    1420:	8f3d                	xor	a4,a4,a5
    1422:	8b05                	andi	a4,a4,1
    1424:	12070963          	beqz	a4,1556 <Radar_Task+0x2c0>
    1428:	10c48713          	addi	a4,s1,268
    142c:	9722                	add	a4,a4,s0
    142e:	00174683          	lbu	a3,1(a4)
    1432:	0016f613          	andi	a2,a3,1
    1436:	12060063          	beqz	a2,1556 <Radar_Task+0x2c0>
    143a:	00274903          	lbu	s2,2(a4)
    143e:	8285                	srli	a3,a3,0x1
    1440:	0027dd13          	srli	s10,a5,0x2
    1444:	091e                	slli	s2,s2,0x7
    1446:	00d96933          	or	s2,s2,a3
    144a:	112a4663          	blt	s4,s2,1556 <Radar_Task+0x2c0>
    144e:	00474c03          	lbu	s8,4(a4)
    1452:	00374703          	lbu	a4,3(a4)
    1456:	0c22                	slli	s8,s8,0x8
    1458:	00ec6c33          	or	s8,s8,a4
    145c:	0e0c0d63          	beqz	s8,1556 <Radar_Task+0x2c0>
    1460:	21442703          	lw	a4,532(s0)
    1464:	0495                	addi	s1,s1,5
    1466:	04c2                	slli	s1,s1,0x10
    1468:	0705                	addi	a4,a4,1
    146a:	20e42a23          	sw	a4,532(s0)
    146e:	20f44703          	lbu	a4,527(s0)
    1472:	8b85                	andi	a5,a5,1
    1474:	80c1                	srli	s1,s1,0x10
    1476:	e755                	bnez	a4,1522 <Radar_Task+0x28c>
    1478:	dbad                	beqz	a5,13ea <Radar_Task+0x154>
    147a:	4785                	li	a5,1
    147c:	20f407a3          	sb	a5,527(s0)
    1480:	f3c9c583          	lbu	a1,-196(s3) # 2f3c <__subsf3+0x1c6>
    1484:	039585b3          	mul	a1,a1,s9
    1488:	8522                	mv	a0,s0
    148a:	22458593          	addi	a1,a1,548
    148e:	95a2                	add	a1,a1,s0
    1490:	c3dff0ef          	jal	ra,10cc <Radar_ClearFrame>
    1494:	22044783          	lbu	a5,544(s0)
    1498:	f4fd69e3          	bltu	s10,a5,13ea <Radar_Task+0x154>
    149c:	01091613          	slli	a2,s2,0x10
    14a0:	03790933          	mul	s2,s2,s7
    14a4:	21c45703          	lhu	a4,540(s0)
    14a8:	21e45683          	lhu	a3,542(s0)
    14ac:	8241                	srli	a2,a2,0x10
    14ae:	fff68793          	addi	a5,a3,-1
    14b2:	02090913          	addi	s2,s2,32
    14b6:	00695913          	srli	s2,s2,0x6
    14ba:	02e95733          	divu	a4,s2,a4
    14be:	00d77363          	bgeu	a4,a3,14c4 <Radar_Task+0x22e>
    14c2:	87ba                	mv	a5,a4
    14c4:	f3c9c703          	lbu	a4,-196(s3)
    14c8:	078e                	slli	a5,a5,0x3
    14ca:	002c5c13          	srli	s8,s8,0x2
    14ce:	039706b3          	mul	a3,a4,s9
    14d2:	96be                	add	a3,a3,a5
    14d4:	96a2                	add	a3,a3,s0
    14d6:	2356c583          	lbu	a1,565(a3)
    14da:	c999                	beqz	a1,14f0 <Radar_Task+0x25a>
    14dc:	2346c503          	lbu	a0,564(a3)
    14e0:	01a56863          	bltu	a0,s10,14f0 <Radar_Task+0x25a>
    14e4:	f0ad13e3          	bne	s10,a0,13ea <Radar_Task+0x154>
    14e8:	2326d683          	lhu	a3,562(a3)
    14ec:	eedc7fe3          	bgeu	s8,a3,13ea <Radar_Task+0x154>
    14f0:	03970733          	mul	a4,a4,s9
    14f4:	4685                	li	a3,1
    14f6:	97ba                	add	a5,a5,a4
    14f8:	97a2                	add	a5,a5,s0
    14fa:	22c79723          	sh	a2,558(a5)
    14fe:	23279823          	sh	s2,560(a5)
    1502:	23879923          	sh	s8,562(a5)
    1506:	23a78a23          	sb	s10,564(a5)
    150a:	22d78aa3          	sb	a3,565(a5)
    150e:	ec059ee3          	bnez	a1,13ea <Radar_Task+0x154>
    1512:	00e407b3          	add	a5,s0,a4
    1516:	2287d703          	lhu	a4,552(a5)
    151a:	0705                	addi	a4,a4,1
    151c:	22e79423          	sh	a4,552(a5)
    1520:	b5e9                	j	13ea <Radar_Task+0x154>
    1522:	dbad                	beqz	a5,1494 <Radar_Task+0x1fe>
    1524:	f3c9c583          	lbu	a1,-196(s3)
    1528:	039587b3          	mul	a5,a1,s9
    152c:	97a2                	add	a5,a5,s0
    152e:	2287d703          	lhu	a4,552(a5)
    1532:	d32d                	beqz	a4,1494 <Radar_Task+0x1fe>
    1534:	f409a703          	lw	a4,-192(s3)
    1538:	0705                	addi	a4,a4,1
    153a:	f4e9a023          	sw	a4,-192(s3)
    153e:	22e7a223          	sw	a4,548(a5)
    1542:	f2b98ea3          	sb	a1,-195(s3)
    1546:	4785                	li	a5,1
    1548:	0015c593          	xori	a1,a1,1
    154c:	f2f98f23          	sb	a5,-194(s3)
    1550:	f2b98e23          	sb	a1,-196(s3)
    1554:	bf05                	j	1484 <Radar_Task+0x1ee>
    1556:	21042783          	lw	a5,528(s0)
    155a:	0485                	addi	s1,s1,1
    155c:	04c2                	slli	s1,s1,0x10
    155e:	0785                	addi	a5,a5,1
    1560:	20f42823          	sw	a5,528(s0)
    1564:	21842783          	lw	a5,536(s0)
    1568:	80c1                	srli	s1,s1,0x10
    156a:	0785                	addi	a5,a5,1
    156c:	20f42c23          	sw	a5,536(s0)
    1570:	bdad                	j	13ea <Radar_Task+0x154>

00001572 <Radar_GetReadyFrame>:
    1572:	670d                	lui	a4,0x3
    1574:	972a                	add	a4,a4,a0
    1576:	f3e74683          	lbu	a3,-194(a4) # 2f3e <__subsf3+0x1c8>
    157a:	c295                	beqz	a3,159e <Radar_GetReadyFrame+0x2c>
    157c:	f3d70783          	lb	a5,-195(a4)
    1580:	4681                	li	a3,0
    1582:	0007ce63          	bltz	a5,159e <Radar_GetReadyFrame+0x2c>
    1586:	6685                	lui	a3,0x1
    1588:	68c68693          	addi	a3,a3,1676 # 168c <Radar_USART1_DMA1_CH5_INIT+0x2c>
    158c:	02d787b3          	mul	a5,a5,a3
    1590:	4685                	li	a3,1
    1592:	22478793          	addi	a5,a5,548
    1596:	97aa                	add	a5,a5,a0
    1598:	c19c                	sw	a5,0(a1)
    159a:	f2070f23          	sb	zero,-194(a4)
    159e:	8536                	mv	a0,a3
    15a0:	8082                	ret

000015a2 <Radar_USART1_CFG>:
    15a2:	bcffe2ef          	jal	t0,170 <__riscv_save_0>
    15a6:	892a                	mv	s2,a0
    15a8:	6511                	lui	a0,0x4
    15aa:	7179                	addi	sp,sp,-48
    15ac:	4585                	li	a1,1
    15ae:	0511                	addi	a0,a0,4
    15b0:	ca02                	sw	zero,20(sp)
    15b2:	cc02                	sw	zero,24(sp)
    15b4:	ce02                	sw	zero,28(sp)
    15b6:	d002                	sw	zero,32(sp)
    15b8:	d202                	sw	zero,36(sp)
    15ba:	d402                	sw	zero,40(sp)
    15bc:	d602                	sw	zero,44(sp)
    15be:	c602                	sw	zero,12(sp)
    15c0:	c802                	sw	zero,16(sp)
    15c2:	7d2000ef          	jal	ra,1d94 <RCC_APB2PeriphClockCmd>
    15c6:	40011437          	lui	s0,0x40011
    15ca:	20000793          	li	a5,512
    15ce:	00f11a23          	sh	a5,20(sp)
    15d2:	448d                	li	s1,3
    15d4:	47e1                	li	a5,24
    15d6:	084c                	addi	a1,sp,20
    15d8:	80040513          	addi	a0,s0,-2048 # 40010800 <_eusrstack+0x2000b800>
    15dc:	cc26                	sw	s1,24(sp)
    15de:	ce3e                	sw	a5,28(sp)
    15e0:	29fd                	jal	1ade <GPIO_Init>
    15e2:	40000793          	li	a5,1024
    15e6:	00f11a23          	sh	a5,20(sp)
    15ea:	084c                	addi	a1,sp,20
    15ec:	4791                	li	a5,4
    15ee:	80040513          	addi	a0,s0,-2048
    15f2:	ce3e                	sw	a5,28(sp)
    15f4:	40014437          	lui	s0,0x40014
    15f8:	21dd                	jal	1ade <GPIO_Init>
    15fa:	100c                	addi	a1,sp,32
    15fc:	000c07b7          	lui	a5,0xc0
    1600:	80040513          	addi	a0,s0,-2048 # 40013800 <_eusrstack+0x2000e800>
    1604:	d04a                	sw	s2,32(sp)
    1606:	d43e                	sw	a5,40(sp)
    1608:	d202                	sw	zero,36(sp)
    160a:	02011623          	sh	zero,44(sp)
    160e:	48b000ef          	jal	ra,2298 <USART_Init>
    1612:	13500793          	li	a5,309
    1616:	00f11623          	sh	a5,12(sp)
    161a:	0068                	addi	a0,sp,12
    161c:	4785                	li	a5,1
    161e:	c83e                	sw	a5,16(sp)
    1620:	00910723          	sb	s1,14(sp)
    1624:	2525                	jal	1c4c <NVIC_Init>
    1626:	80040513          	addi	a0,s0,-2048
    162a:	4585                	li	a1,1
    162c:	515000ef          	jal	ra,2340 <USART_Cmd>
    1630:	80045783          	lhu	a5,-2048(s0)
    1634:	80040513          	addi	a0,s0,-2048
    1638:	4605                	li	a2,1
    163a:	07c2                	slli	a5,a5,0x10
    163c:	83c1                	srli	a5,a5,0x10
    163e:	00f11523          	sh	a5,10(sp)
    1642:	00455783          	lhu	a5,4(a0) # 4004 <_svfiprintf_r+0x15e>
    1646:	42400593          	li	a1,1060
    164a:	07c2                	slli	a5,a5,0x10
    164c:	83c1                	srli	a5,a5,0x10
    164e:	00f11523          	sh	a5,10(sp)
    1652:	00a15783          	lhu	a5,10(sp)
    1656:	507000ef          	jal	ra,235c <USART_ITConfig>
    165a:	6145                	addi	sp,sp,48
    165c:	b39fe06f          	j	194 <__riscv_restore_0>

00001660 <Radar_USART1_DMA1_CH5_INIT>:
    1660:	b11fe2ef          	jal	t0,170 <__riscv_save_0>
    1664:	7179                	addi	sp,sp,-48
    1666:	02c00613          	li	a2,44
    166a:	4581                	li	a1,0
    166c:	0048                	addi	a0,sp,4
    166e:	b33fe0ef          	jal	ra,1a0 <memset>
    1672:	4585                	li	a1,1
    1674:	4505                	li	a0,1
    1676:	40020437          	lui	s0,0x40020
    167a:	2df5                	jal	1d76 <RCC_AHBPeriphClockCmd>
    167c:	4581                	li	a1,0
    167e:	05840513          	addi	a0,s0,88 # 40020058 <_eusrstack+0x2001b058>
    1682:	212d                	jal	1aac <DMA_Cmd>
    1684:	05840513          	addi	a0,s0,88
    1688:	2ccd                	jal	197a <DMA_DeInit>
    168a:	40014937          	lui	s2,0x40014
    168e:	80490793          	addi	a5,s2,-2044 # 40013804 <_eusrstack+0x2000e804>
    1692:	c23e                	sw	a5,4(sp)
    1694:	08000793          	li	a5,128
    1698:	92818493          	addi	s1,gp,-1752 # 200001a8 <RadarRxBuf>
    169c:	c83e                	sw	a5,16(sp)
    169e:	cc3e                	sw	a5,24(sp)
    16a0:	004c                	addi	a1,sp,4
    16a2:	678d                	lui	a5,0x3
    16a4:	05840513          	addi	a0,s0,88
    16a8:	d43e                	sw	a5,40(sp)
    16aa:	c426                	sw	s1,8(sp)
    16ac:	c602                	sw	zero,12(sp)
    16ae:	ca02                	sw	zero,20(sp)
    16b0:	ce02                	sw	zero,28(sp)
    16b2:	d002                	sw	zero,32(sp)
    16b4:	d202                	sw	zero,36(sp)
    16b6:	d602                	sw	zero,44(sp)
    16b8:	2e75                	jal	1a74 <DMA_Init>
    16ba:	4605                	li	a2,1
    16bc:	80090513          	addi	a0,s2,-2048
    16c0:	04000593          	li	a1,64
    16c4:	4cf000ef          	jal	ra,2392 <USART_DMACmd>
    16c8:	05840513          	addi	a0,s0,88
    16cc:	08000593          	li	a1,128
    16d0:	2109                	jal	1ad2 <DMA_SetCurrDataCounter>
    16d2:	05840513          	addi	a0,s0,88
    16d6:	c544                	sw	s1,12(a0)
    16d8:	4585                	li	a1,1
    16da:	2ec9                	jal	1aac <DMA_Cmd>
    16dc:	6145                	addi	sp,sp,48
    16de:	ab7fe06f          	j	194 <__riscv_restore_0>

000016e2 <Radar_USART1_Start>:
    16e2:	a8ffe2ef          	jal	t0,170 <__riscv_save_0>
    16e6:	3d75                	jal	15a2 <Radar_USART1_CFG>
    16e8:	3fa5                	jal	1660 <Radar_USART1_DMA1_CH5_INIT>
    16ea:	aabfe06f          	j	194 <__riscv_restore_0>

000016ee <Radar_USART1_IRQHandler_Callback>:
    16ee:	a83fe2ef          	jal	t0,170 <__riscv_save_0>
    16f2:	40014437          	lui	s0,0x40014
    16f6:	42400593          	li	a1,1060
    16fa:	80040513          	addi	a0,s0,-2048 # 40013800 <_eusrstack+0x2000e800>
    16fe:	4cb000ef          	jal	ra,23c8 <USART_GetITStatus>
    1702:	c10d                	beqz	a0,1724 <Radar_USART1_IRQHandler_Callback+0x36>
    1704:	40020637          	lui	a2,0x40020
    1708:	20000537          	lui	a0,0x20000
    170c:	08000713          	li	a4,128
    1710:	92818693          	addi	a3,gp,-1752 # 200001a8 <RadarRxBuf>
    1714:	05860613          	addi	a2,a2,88 # 40020058 <_eusrstack+0x2001b058>
    1718:	80040593          	addi	a1,s0,-2048
    171c:	22850513          	addi	a0,a0,552 # 20000228 <gRadar>
    1720:	ab7ff0ef          	jal	ra,11d6 <Radar_OnUartIdleIRQ>
    1724:	a71fe06f          	j	194 <__riscv_restore_0>

00001728 <Radar_SendScanCmd>:
    1728:	a49fe2ef          	jal	t0,170 <__riscv_save_0>
    172c:	842a                	mv	s0,a0
    172e:	04000593          	li	a1,64
    1732:	8522                	mv	a0,s0
    1734:	489000ef          	jal	ra,23bc <USART_GetFlagStatus>
    1738:	d97d                	beqz	a0,172e <Radar_SendScanCmd+0x6>
    173a:	0a500593          	li	a1,165
    173e:	8522                	mv	a0,s0
    1740:	469000ef          	jal	ra,23a8 <USART_SendData>
    1744:	04000593          	li	a1,64
    1748:	8522                	mv	a0,s0
    174a:	473000ef          	jal	ra,23bc <USART_GetFlagStatus>
    174e:	d97d                	beqz	a0,1744 <Radar_SendScanCmd+0x1c>
    1750:	02000593          	li	a1,32
    1754:	8522                	mv	a0,s0
    1756:	453000ef          	jal	ra,23a8 <USART_SendData>
    175a:	04000593          	li	a1,64
    175e:	8522                	mv	a0,s0
    1760:	45d000ef          	jal	ra,23bc <USART_GetFlagStatus>
    1764:	d97d                	beqz	a0,175a <Radar_SendScanCmd+0x32>
    1766:	a2ffe06f          	j	194 <__riscv_restore_0>

0000176a <SystemInit>:
    176a:	400217b7          	lui	a5,0x40021
    176e:	4398                	lw	a4,0(a5)
    1770:	f8ff06b7          	lui	a3,0xf8ff0
    1774:	1141                	addi	sp,sp,-16
    1776:	00176713          	ori	a4,a4,1
    177a:	c398                	sw	a4,0(a5)
    177c:	43d8                	lw	a4,4(a5)
    177e:	00020637          	lui	a2,0x20
    1782:	8f75                	and	a4,a4,a3
    1784:	c3d8                	sw	a4,4(a5)
    1786:	4398                	lw	a4,0(a5)
    1788:	fef706b7          	lui	a3,0xfef70
    178c:	16fd                	addi	a3,a3,-1
    178e:	8f75                	and	a4,a4,a3
    1790:	c398                	sw	a4,0(a5)
    1792:	4398                	lw	a4,0(a5)
    1794:	fffc06b7          	lui	a3,0xfffc0
    1798:	16fd                	addi	a3,a3,-1
    179a:	8f75                	and	a4,a4,a3
    179c:	c398                	sw	a4,0(a5)
    179e:	43d8                	lw	a4,4(a5)
    17a0:	ff8106b7          	lui	a3,0xff810
    17a4:	16fd                	addi	a3,a3,-1
    17a6:	8f75                	and	a4,a4,a3
    17a8:	c3d8                	sw	a4,4(a5)
    17aa:	009f0737          	lui	a4,0x9f0
    17ae:	c798                	sw	a4,8(a5)
    17b0:	c402                	sw	zero,8(sp)
    17b2:	c602                	sw	zero,12(sp)
    17b4:	4398                	lw	a4,0(a5)
    17b6:	66c1                	lui	a3,0x10
    17b8:	8f55                	or	a4,a4,a3
    17ba:	c398                	sw	a4,0(a5)
    17bc:	400216b7          	lui	a3,0x40021
    17c0:	50000713          	li	a4,1280
    17c4:	429c                	lw	a5,0(a3)
    17c6:	8ff1                	and	a5,a5,a2
    17c8:	c63e                	sw	a5,12(sp)
    17ca:	47a2                	lw	a5,8(sp)
    17cc:	0785                	addi	a5,a5,1
    17ce:	c43e                	sw	a5,8(sp)
    17d0:	47b2                	lw	a5,12(sp)
    17d2:	e781                	bnez	a5,17da <SystemInit+0x70>
    17d4:	47a2                	lw	a5,8(sp)
    17d6:	fee797e3          	bne	a5,a4,17c4 <SystemInit+0x5a>
    17da:	400217b7          	lui	a5,0x40021
    17de:	439c                	lw	a5,0(a5)
    17e0:	00e79713          	slli	a4,a5,0xe
    17e4:	08075463          	bgez	a4,186c <SystemInit+0x102>
    17e8:	4785                	li	a5,1
    17ea:	c63e                	sw	a5,12(sp)
    17ec:	4732                	lw	a4,12(sp)
    17ee:	4785                	li	a5,1
    17f0:	06f71c63          	bne	a4,a5,1868 <SystemInit+0xfe>
    17f4:	400227b7          	lui	a5,0x40022
    17f8:	4398                	lw	a4,0(a5)
    17fa:	ffc106b7          	lui	a3,0xffc10
    17fe:	16fd                	addi	a3,a3,-1
    1800:	01076713          	ori	a4,a4,16
    1804:	c398                	sw	a4,0(a5)
    1806:	4398                	lw	a4,0(a5)
    1808:	9b71                	andi	a4,a4,-4
    180a:	c398                	sw	a4,0(a5)
    180c:	4398                	lw	a4,0(a5)
    180e:	00276713          	ori	a4,a4,2
    1812:	c398                	sw	a4,0(a5)
    1814:	400217b7          	lui	a5,0x40021
    1818:	43d8                	lw	a4,4(a5)
    181a:	c3d8                	sw	a4,4(a5)
    181c:	43d8                	lw	a4,4(a5)
    181e:	c3d8                	sw	a4,4(a5)
    1820:	43d8                	lw	a4,4(a5)
    1822:	40076713          	ori	a4,a4,1024
    1826:	c3d8                	sw	a4,4(a5)
    1828:	43d8                	lw	a4,4(a5)
    182a:	8f75                	and	a4,a4,a3
    182c:	c3d8                	sw	a4,4(a5)
    182e:	43d8                	lw	a4,4(a5)
    1830:	001d06b7          	lui	a3,0x1d0
    1834:	8f55                	or	a4,a4,a3
    1836:	c3d8                	sw	a4,4(a5)
    1838:	4398                	lw	a4,0(a5)
    183a:	010006b7          	lui	a3,0x1000
    183e:	8f55                	or	a4,a4,a3
    1840:	c398                	sw	a4,0(a5)
    1842:	4398                	lw	a4,0(a5)
    1844:	00671693          	slli	a3,a4,0x6
    1848:	fe06dde3          	bgez	a3,1842 <SystemInit+0xd8>
    184c:	43d8                	lw	a4,4(a5)
    184e:	400216b7          	lui	a3,0x40021
    1852:	9b71                	andi	a4,a4,-4
    1854:	c3d8                	sw	a4,4(a5)
    1856:	43d8                	lw	a4,4(a5)
    1858:	00276713          	ori	a4,a4,2
    185c:	c3d8                	sw	a4,4(a5)
    185e:	4721                	li	a4,8
    1860:	42dc                	lw	a5,4(a3)
    1862:	8bb1                	andi	a5,a5,12
    1864:	fee79ee3          	bne	a5,a4,1860 <SystemInit+0xf6>
    1868:	0141                	addi	sp,sp,16
    186a:	8082                	ret
    186c:	c602                	sw	zero,12(sp)
    186e:	bfbd                	j	17ec <SystemInit+0x82>

00001870 <SystemCoreClockUpdate>:
    1870:	400216b7          	lui	a3,0x40021
    1874:	42dc                	lw	a5,4(a3)
    1876:	20000737          	lui	a4,0x20000
    187a:	4611                	li	a2,4
    187c:	8bb1                	andi	a5,a5,12
    187e:	08070713          	addi	a4,a4,128 # 20000080 <SystemCoreClock>
    1882:	00c78563          	beq	a5,a2,188c <SystemCoreClockUpdate+0x1c>
    1886:	4621                	li	a2,8
    1888:	02c78963          	beq	a5,a2,18ba <SystemCoreClockUpdate+0x4a>
    188c:	007a17b7          	lui	a5,0x7a1
    1890:	20078793          	addi	a5,a5,512 # 7a1200 <_data_lma+0x79be34>
    1894:	c31c                	sw	a5,0(a4)
    1896:	400217b7          	lui	a5,0x40021
    189a:	43dc                	lw	a5,4(a5)
    189c:	8391                	srli	a5,a5,0x4
    189e:	00f7f693          	andi	a3,a5,15
    18a2:	200007b7          	lui	a5,0x20000
    18a6:	00078793          	mv	a5,a5
    18aa:	97b6                	add	a5,a5,a3
    18ac:	0007c683          	lbu	a3,0(a5) # 20000000 <_data_vma>
    18b0:	431c                	lw	a5,0(a4)
    18b2:	00d7d7b3          	srl	a5,a5,a3
    18b6:	c31c                	sw	a5,0(a4)
    18b8:	8082                	ret
    18ba:	42dc                	lw	a5,4(a3)
    18bc:	42d0                	lw	a2,4(a3)
    18be:	83c9                	srli	a5,a5,0x12
    18c0:	8bbd                	andi	a5,a5,15
    18c2:	00f61593          	slli	a1,a2,0xf
    18c6:	0789                	addi	a5,a5,2
    18c8:	0005cd63          	bltz	a1,18e2 <SystemCoreClockUpdate+0x72>
    18cc:	400246b7          	lui	a3,0x40024
    18d0:	8006a683          	lw	a3,-2048(a3) # 40023800 <_eusrstack+0x2001e800>
    18d4:	8ac1                	andi	a3,a3,16
    18d6:	ca99                	beqz	a3,18ec <SystemCoreClockUpdate+0x7c>
    18d8:	007a16b7          	lui	a3,0x7a1
    18dc:	20068693          	addi	a3,a3,512 # 7a1200 <_data_lma+0x79be34>
    18e0:	a811                	j	18f4 <SystemCoreClockUpdate+0x84>
    18e2:	42d4                	lw	a3,4(a3)
    18e4:	00e69613          	slli	a2,a3,0xe
    18e8:	fe0658e3          	bgez	a2,18d8 <SystemCoreClockUpdate+0x68>
    18ec:	003d16b7          	lui	a3,0x3d1
    18f0:	90068693          	addi	a3,a3,-1792 # 3d0900 <_data_lma+0x3cb534>
    18f4:	02d787b3          	mul	a5,a5,a3
    18f8:	bf71                	j	1894 <SystemCoreClockUpdate+0x24>

000018fa <ADC1_2_IRQHandler>:
    18fa:	a001                	j	18fa <ADC1_2_IRQHandler>

000018fc <handle_reset>:
    18fc:	1ffff197          	auipc	gp,0x1ffff
    1900:	f8418193          	addi	gp,gp,-124 # 20000880 <__global_pointer$>
    1904:	20003117          	auipc	sp,0x20003
    1908:	6fc10113          	addi	sp,sp,1788 # 20005000 <_eusrstack>
    190c:	00004517          	auipc	a0,0x4
    1910:	ac050513          	addi	a0,a0,-1344 # 53cc <_data_lma>
    1914:	1fffe597          	auipc	a1,0x1fffe
    1918:	6ec58593          	addi	a1,a1,1772 # 20000000 <_data_vma>
    191c:	82018613          	addi	a2,gp,-2016 # 200000a0 <_edata>
    1920:	00c5fa63          	bgeu	a1,a2,1934 <handle_reset+0x38>
    1924:	00052283          	lw	t0,0(a0)
    1928:	0055a023          	sw	t0,0(a1)
    192c:	0511                	addi	a0,a0,4
    192e:	0591                	addi	a1,a1,4
    1930:	fec5eae3          	bltu	a1,a2,1924 <handle_reset+0x28>
    1934:	82018513          	addi	a0,gp,-2016 # 200000a0 <_edata>
    1938:	20002597          	auipc	a1,0x20002
    193c:	83858593          	addi	a1,a1,-1992 # 20003170 <_ebss>
    1940:	00b57763          	bgeu	a0,a1,194e <handle_reset+0x52>
    1944:	00052023          	sw	zero,0(a0)
    1948:	0511                	addi	a0,a0,4
    194a:	feb56de3          	bltu	a0,a1,1944 <handle_reset+0x48>
    194e:	08800293          	li	t0,136
    1952:	30029073          	csrw	mstatus,t0
    1956:	ffffe297          	auipc	t0,0xffffe
    195a:	6e228293          	addi	t0,t0,1762 # 38 <_einit>
    195e:	0012e293          	ori	t0,t0,1
    1962:	30529073          	csrw	mtvec,t0
    1966:	e05ff0ef          	jal	ra,176a <SystemInit>
    196a:	fffff297          	auipc	t0,0xfffff
    196e:	45e28293          	addi	t0,t0,1118 # dc8 <main>
    1972:	34129073          	csrw	mepc,t0
    1976:	30200073          	mret

0000197a <DMA_DeInit>:
    197a:	411c                	lw	a5,0(a0)
    197c:	6741                	lui	a4,0x10
    197e:	1779                	addi	a4,a4,-2
    1980:	8ff9                	and	a5,a5,a4
    1982:	c11c                	sw	a5,0(a0)
    1984:	00052023          	sw	zero,0(a0)
    1988:	00052223          	sw	zero,4(a0)
    198c:	00052423          	sw	zero,8(a0)
    1990:	400207b7          	lui	a5,0x40020
    1994:	00052623          	sw	zero,12(a0)
    1998:	00878713          	addi	a4,a5,8 # 40020008 <_eusrstack+0x2001b008>
    199c:	00e51763          	bne	a0,a4,19aa <DMA_DeInit+0x30>
    19a0:	43d8                	lw	a4,4(a5)
    19a2:	00f76713          	ori	a4,a4,15
    19a6:	c3d8                	sw	a4,4(a5)
    19a8:	8082                	ret
    19aa:	01c78713          	addi	a4,a5,28
    19ae:	00e51663          	bne	a0,a4,19ba <DMA_DeInit+0x40>
    19b2:	43d8                	lw	a4,4(a5)
    19b4:	0f076713          	ori	a4,a4,240
    19b8:	b7fd                	j	19a6 <DMA_DeInit+0x2c>
    19ba:	03078713          	addi	a4,a5,48
    19be:	00e51863          	bne	a0,a4,19ce <DMA_DeInit+0x54>
    19c2:	43d8                	lw	a4,4(a5)
    19c4:	6685                	lui	a3,0x1
    19c6:	f0068693          	addi	a3,a3,-256 # f00 <main+0x138>
    19ca:	8f55                	or	a4,a4,a3
    19cc:	bfe9                	j	19a6 <DMA_DeInit+0x2c>
    19ce:	04478713          	addi	a4,a5,68
    19d2:	00e51563          	bne	a0,a4,19dc <DMA_DeInit+0x62>
    19d6:	43d8                	lw	a4,4(a5)
    19d8:	66bd                	lui	a3,0xf
    19da:	bfc5                	j	19ca <DMA_DeInit+0x50>
    19dc:	05878713          	addi	a4,a5,88
    19e0:	00e51663          	bne	a0,a4,19ec <DMA_DeInit+0x72>
    19e4:	43d8                	lw	a4,4(a5)
    19e6:	000f06b7          	lui	a3,0xf0
    19ea:	b7c5                	j	19ca <DMA_DeInit+0x50>
    19ec:	06c78713          	addi	a4,a5,108
    19f0:	00e51663          	bne	a0,a4,19fc <DMA_DeInit+0x82>
    19f4:	43d8                	lw	a4,4(a5)
    19f6:	00f006b7          	lui	a3,0xf00
    19fa:	bfc1                	j	19ca <DMA_DeInit+0x50>
    19fc:	08078713          	addi	a4,a5,128
    1a00:	00e51663          	bne	a0,a4,1a0c <DMA_DeInit+0x92>
    1a04:	43d8                	lw	a4,4(a5)
    1a06:	0f0006b7          	lui	a3,0xf000
    1a0a:	b7c1                	j	19ca <DMA_DeInit+0x50>
    1a0c:	40878713          	addi	a4,a5,1032
    1a10:	00e51963          	bne	a0,a4,1a22 <DMA_DeInit+0xa8>
    1a14:	4047a703          	lw	a4,1028(a5)
    1a18:	00f76713          	ori	a4,a4,15
    1a1c:	40e7a223          	sw	a4,1028(a5)
    1a20:	8082                	ret
    1a22:	41c78713          	addi	a4,a5,1052
    1a26:	00e51763          	bne	a0,a4,1a34 <DMA_DeInit+0xba>
    1a2a:	4047a703          	lw	a4,1028(a5)
    1a2e:	0f076713          	ori	a4,a4,240
    1a32:	b7ed                	j	1a1c <DMA_DeInit+0xa2>
    1a34:	43078793          	addi	a5,a5,1072
    1a38:	00f51b63          	bne	a0,a5,1a4e <DMA_DeInit+0xd4>
    1a3c:	400207b7          	lui	a5,0x40020
    1a40:	4047a703          	lw	a4,1028(a5) # 40020404 <_eusrstack+0x2001b404>
    1a44:	6685                	lui	a3,0x1
    1a46:	f0068693          	addi	a3,a3,-256 # f00 <main+0x138>
    1a4a:	8f55                	or	a4,a4,a3
    1a4c:	bfc1                	j	1a1c <DMA_DeInit+0xa2>
    1a4e:	400207b7          	lui	a5,0x40020
    1a52:	44478713          	addi	a4,a5,1092 # 40020444 <_eusrstack+0x2001b444>
    1a56:	00e51663          	bne	a0,a4,1a62 <DMA_DeInit+0xe8>
    1a5a:	4047a703          	lw	a4,1028(a5)
    1a5e:	66bd                	lui	a3,0xf
    1a60:	b7ed                	j	1a4a <DMA_DeInit+0xd0>
    1a62:	45878713          	addi	a4,a5,1112
    1a66:	fae51de3          	bne	a0,a4,1a20 <DMA_DeInit+0xa6>
    1a6a:	4047a703          	lw	a4,1028(a5)
    1a6e:	000f06b7          	lui	a3,0xf0
    1a72:	bfe1                	j	1a4a <DMA_DeInit+0xd0>

00001a74 <DMA_Init>:
    1a74:	411c                	lw	a5,0(a0)
    1a76:	7761                	lui	a4,0xffff8
    1a78:	073d                	addi	a4,a4,15
    1a7a:	5194                	lw	a3,32(a1)
    1a7c:	8f7d                	and	a4,a4,a5
    1a7e:	459c                	lw	a5,8(a1)
    1a80:	8fd5                	or	a5,a5,a3
    1a82:	4994                	lw	a3,16(a1)
    1a84:	8fd5                	or	a5,a5,a3
    1a86:	49d4                	lw	a3,20(a1)
    1a88:	8fd5                	or	a5,a5,a3
    1a8a:	4d94                	lw	a3,24(a1)
    1a8c:	8fd5                	or	a5,a5,a3
    1a8e:	4dd4                	lw	a3,28(a1)
    1a90:	8fd5                	or	a5,a5,a3
    1a92:	51d4                	lw	a3,36(a1)
    1a94:	8fd5                	or	a5,a5,a3
    1a96:	5594                	lw	a3,40(a1)
    1a98:	8fd5                	or	a5,a5,a3
    1a9a:	8fd9                	or	a5,a5,a4
    1a9c:	c11c                	sw	a5,0(a0)
    1a9e:	45dc                	lw	a5,12(a1)
    1aa0:	c15c                	sw	a5,4(a0)
    1aa2:	419c                	lw	a5,0(a1)
    1aa4:	c51c                	sw	a5,8(a0)
    1aa6:	41dc                	lw	a5,4(a1)
    1aa8:	c55c                	sw	a5,12(a0)
    1aaa:	8082                	ret

00001aac <DMA_Cmd>:
    1aac:	411c                	lw	a5,0(a0)
    1aae:	c589                	beqz	a1,1ab8 <DMA_Cmd+0xc>
    1ab0:	0017e793          	ori	a5,a5,1
    1ab4:	c11c                	sw	a5,0(a0)
    1ab6:	8082                	ret
    1ab8:	6741                	lui	a4,0x10
    1aba:	1779                	addi	a4,a4,-2
    1abc:	8ff9                	and	a5,a5,a4
    1abe:	bfdd                	j	1ab4 <DMA_Cmd+0x8>

00001ac0 <DMA_ITConfig>:
    1ac0:	411c                	lw	a5,0(a0)
    1ac2:	c601                	beqz	a2,1aca <DMA_ITConfig+0xa>
    1ac4:	8ddd                	or	a1,a1,a5
    1ac6:	c10c                	sw	a1,0(a0)
    1ac8:	8082                	ret
    1aca:	fff5c593          	not	a1,a1
    1ace:	8dfd                	and	a1,a1,a5
    1ad0:	bfdd                	j	1ac6 <DMA_ITConfig+0x6>

00001ad2 <DMA_SetCurrDataCounter>:
    1ad2:	c14c                	sw	a1,4(a0)
    1ad4:	8082                	ret

00001ad6 <DMA_GetCurrDataCounter>:
    1ad6:	4148                	lw	a0,4(a0)
    1ad8:	0542                	slli	a0,a0,0x10
    1ada:	8141                	srli	a0,a0,0x10
    1adc:	8082                	ret

00001ade <GPIO_Init>:
    1ade:	459c                	lw	a5,8(a1)
    1ae0:	0107f713          	andi	a4,a5,16
    1ae4:	00f7f813          	andi	a6,a5,15
    1ae8:	c701                	beqz	a4,1af0 <GPIO_Init+0x12>
    1aea:	41d8                	lw	a4,4(a1)
    1aec:	00e86833          	or	a6,a6,a4
    1af0:	0005d583          	lhu	a1,0(a1)
    1af4:	0ff5f713          	andi	a4,a1,255
    1af8:	c339                	beqz	a4,1b3e <GPIO_Init+0x60>
    1afa:	4118                	lw	a4,0(a0)
    1afc:	4681                	li	a3,0
    1afe:	4e85                	li	t4,1
    1b00:	4f3d                	li	t5,15
    1b02:	02800f93          	li	t6,40
    1b06:	04800293          	li	t0,72
    1b0a:	4e21                	li	t3,8
    1b0c:	00de9633          	sll	a2,t4,a3
    1b10:	00c5f8b3          	and	a7,a1,a2
    1b14:	03161163          	bne	a2,a7,1b36 <GPIO_Init+0x58>
    1b18:	00269893          	slli	a7,a3,0x2
    1b1c:	011f1333          	sll	t1,t5,a7
    1b20:	fff34313          	not	t1,t1
    1b24:	00e37733          	and	a4,t1,a4
    1b28:	011818b3          	sll	a7,a6,a7
    1b2c:	00e8e733          	or	a4,a7,a4
    1b30:	05f79f63          	bne	a5,t6,1b8e <GPIO_Init+0xb0>
    1b34:	c950                	sw	a2,20(a0)
    1b36:	0685                	addi	a3,a3,1
    1b38:	fdc69ae3          	bne	a3,t3,1b0c <GPIO_Init+0x2e>
    1b3c:	c118                	sw	a4,0(a0)
    1b3e:	0ff00713          	li	a4,255
    1b42:	04b77563          	bgeu	a4,a1,1b8c <GPIO_Init+0xae>
    1b46:	4154                	lw	a3,4(a0)
    1b48:	4621                	li	a2,8
    1b4a:	4e85                	li	t4,1
    1b4c:	4f3d                	li	t5,15
    1b4e:	02800f93          	li	t6,40
    1b52:	04800293          	li	t0,72
    1b56:	4e41                	li	t3,16
    1b58:	00ce98b3          	sll	a7,t4,a2
    1b5c:	0115f733          	and	a4,a1,a7
    1b60:	02e89263          	bne	a7,a4,1b84 <GPIO_Init+0xa6>
    1b64:	00261713          	slli	a4,a2,0x2
    1b68:	1701                	addi	a4,a4,-32
    1b6a:	00ef1333          	sll	t1,t5,a4
    1b6e:	fff34313          	not	t1,t1
    1b72:	00d376b3          	and	a3,t1,a3
    1b76:	00e81733          	sll	a4,a6,a4
    1b7a:	8ed9                	or	a3,a3,a4
    1b7c:	01f79d63          	bne	a5,t6,1b96 <GPIO_Init+0xb8>
    1b80:	01152a23          	sw	a7,20(a0)
    1b84:	0605                	addi	a2,a2,1
    1b86:	fdc619e3          	bne	a2,t3,1b58 <GPIO_Init+0x7a>
    1b8a:	c154                	sw	a3,4(a0)
    1b8c:	8082                	ret
    1b8e:	fa5794e3          	bne	a5,t0,1b36 <GPIO_Init+0x58>
    1b92:	c910                	sw	a2,16(a0)
    1b94:	b74d                	j	1b36 <GPIO_Init+0x58>
    1b96:	fe5797e3          	bne	a5,t0,1b84 <GPIO_Init+0xa6>
    1b9a:	01152823          	sw	a7,16(a0)
    1b9e:	b7dd                	j	1b84 <GPIO_Init+0xa6>

00001ba0 <GPIO_ResetBits>:
    1ba0:	c94c                	sw	a1,20(a0)
    1ba2:	8082                	ret

00001ba4 <GPIO_WriteBit>:
    1ba4:	c219                	beqz	a2,1baa <GPIO_WriteBit+0x6>
    1ba6:	c90c                	sw	a1,16(a0)
    1ba8:	8082                	ret
    1baa:	c94c                	sw	a1,20(a0)
    1bac:	8082                	ret

00001bae <GPIO_PinRemapConfig>:
    1bae:	400107b7          	lui	a5,0x40010
    1bb2:	04055763          	bgez	a0,1c00 <GPIO_PinRemapConfig+0x52>
    1bb6:	4fd8                	lw	a4,28(a5)
    1bb8:	003007b7          	lui	a5,0x300
    1bbc:	01051693          	slli	a3,a0,0x10
    1bc0:	00f57633          	and	a2,a0,a5
    1bc4:	82c1                	srli	a3,a3,0x10
    1bc6:	02f61f63          	bne	a2,a5,1c04 <GPIO_PinRemapConfig+0x56>
    1bca:	f1000637          	lui	a2,0xf1000
    1bce:	167d                	addi	a2,a2,-1
    1bd0:	40010837          	lui	a6,0x40010
    1bd4:	00c777b3          	and	a5,a4,a2
    1bd8:	00482703          	lw	a4,4(a6) # 40010004 <_eusrstack+0x2000b004>
    1bdc:	8e79                	and	a2,a2,a4
    1bde:	00c82223          	sw	a2,4(a6)
    1be2:	c989                	beqz	a1,1bf4 <GPIO_PinRemapConfig+0x46>
    1be4:	01555713          	srli	a4,a0,0x15
    1be8:	3ff77713          	andi	a4,a4,1023
    1bec:	0712                	slli	a4,a4,0x4
    1bee:	00e69733          	sll	a4,a3,a4
    1bf2:	8fd9                	or	a5,a5,a4
    1bf4:	40010737          	lui	a4,0x40010
    1bf8:	04055063          	bgez	a0,1c38 <GPIO_PinRemapConfig+0x8a>
    1bfc:	cf5c                	sw	a5,28(a4)
    1bfe:	8082                	ret
    1c00:	43d8                	lw	a4,4(a5)
    1c02:	bf5d                	j	1bb8 <GPIO_PinRemapConfig+0xa>
    1c04:	00b51793          	slli	a5,a0,0xb
    1c08:	0207d063          	bgez	a5,1c28 <GPIO_PinRemapConfig+0x7a>
    1c0c:	01055793          	srli	a5,a0,0x10
    1c10:	00f7f613          	andi	a2,a5,15
    1c14:	478d                	li	a5,3
    1c16:	00c797b3          	sll	a5,a5,a2
    1c1a:	fff7c793          	not	a5,a5
    1c1e:	8ff9                	and	a5,a5,a4
    1c20:	0f000737          	lui	a4,0xf000
    1c24:	8fd9                	or	a5,a5,a4
    1c26:	bf75                	j	1be2 <GPIO_PinRemapConfig+0x34>
    1c28:	01555793          	srli	a5,a0,0x15
    1c2c:	3ff7f793          	andi	a5,a5,1023
    1c30:	0792                	slli	a5,a5,0x4
    1c32:	00f697b3          	sll	a5,a3,a5
    1c36:	b7d5                	j	1c1a <GPIO_PinRemapConfig+0x6c>
    1c38:	c35c                	sw	a5,4(a4)
    1c3a:	8082                	ret

00001c3c <NVIC_PriorityGroupConfig>:
    1c3c:	e000e7b7          	lui	a5,0xe000e
    1c40:	fa050737          	lui	a4,0xfa050
    1c44:	c7b8                	sw	a4,72(a5)
    1c46:	82a1ac23          	sw	a0,-1992(gp) # 200000b8 <NVIC_Priority_Group>
    1c4a:	8082                	ret

00001c4c <NVIC_Init>:
    1c4c:	8381a683          	lw	a3,-1992(gp) # 200000b8 <NVIC_Priority_Group>
    1c50:	4785                	li	a5,1
    1c52:	00054703          	lbu	a4,0(a0)
    1c56:	02f69263          	bne	a3,a5,1c7a <NVIC_Init+0x2e>
    1c5a:	00154783          	lbu	a5,1(a0)
    1c5e:	02d79d63          	bne	a5,a3,1c98 <NVIC_Init+0x4c>
    1c62:	00254783          	lbu	a5,2(a0)
    1c66:	0792                	slli	a5,a5,0x4
    1c68:	f807e793          	ori	a5,a5,-128
    1c6c:	e000e6b7          	lui	a3,0xe000e
    1c70:	0ff7f793          	andi	a5,a5,255
    1c74:	96ba                	add	a3,a3,a4
    1c76:	40f68023          	sb	a5,1024(a3) # e000e400 <_eusrstack+0xc0009400>
    1c7a:	4685                	li	a3,1
    1c7c:	00575793          	srli	a5,a4,0x5
    1c80:	00e696b3          	sll	a3,a3,a4
    1c84:	4158                	lw	a4,4(a0)
    1c86:	cf11                	beqz	a4,1ca2 <NVIC_Init+0x56>
    1c88:	04078793          	addi	a5,a5,64 # e000e040 <_eusrstack+0xc0009040>
    1c8c:	078a                	slli	a5,a5,0x2
    1c8e:	e000e737          	lui	a4,0xe000e
    1c92:	97ba                	add	a5,a5,a4
    1c94:	c394                	sw	a3,0(a5)
    1c96:	8082                	ret
    1c98:	f3ed                	bnez	a5,1c7a <NVIC_Init+0x2e>
    1c9a:	00254783          	lbu	a5,2(a0)
    1c9e:	0792                	slli	a5,a5,0x4
    1ca0:	b7f1                	j	1c6c <NVIC_Init+0x20>
    1ca2:	e000e737          	lui	a4,0xe000e
    1ca6:	06078793          	addi	a5,a5,96
    1caa:	4330                	lw	a2,64(a4)
    1cac:	45c1                	li	a1,16
    1cae:	078a                	slli	a5,a5,0x2
    1cb0:	c32c                	sw	a1,64(a4)
    1cb2:	97ba                	add	a5,a5,a4
    1cb4:	c394                	sw	a3,0(a5)
    1cb6:	c330                	sw	a2,64(a4)
    1cb8:	8082                	ret

00001cba <RCC_GetClocksFreq>:
    1cba:	40021737          	lui	a4,0x40021
    1cbe:	435c                	lw	a5,4(a4)
    1cc0:	4691                	li	a3,4
    1cc2:	8bb1                	andi	a5,a5,12
    1cc4:	00d78563          	beq	a5,a3,1cce <RCC_GetClocksFreq+0x14>
    1cc8:	46a1                	li	a3,8
    1cca:	06d78663          	beq	a5,a3,1d36 <RCC_GetClocksFreq+0x7c>
    1cce:	007a17b7          	lui	a5,0x7a1
    1cd2:	20078793          	addi	a5,a5,512 # 7a1200 <_data_lma+0x79be34>
    1cd6:	c11c                	sw	a5,0(a0)
    1cd8:	40021637          	lui	a2,0x40021
    1cdc:	425c                	lw	a5,4(a2)
    1cde:	20000737          	lui	a4,0x20000
    1ce2:	01070713          	addi	a4,a4,16 # 20000010 <APBAHBPrescTable>
    1ce6:	8391                	srli	a5,a5,0x4
    1ce8:	8bbd                	andi	a5,a5,15
    1cea:	97ba                	add	a5,a5,a4
    1cec:	0007c683          	lbu	a3,0(a5)
    1cf0:	411c                	lw	a5,0(a0)
    1cf2:	00d7d7b3          	srl	a5,a5,a3
    1cf6:	c15c                	sw	a5,4(a0)
    1cf8:	4254                	lw	a3,4(a2)
    1cfa:	82a1                	srli	a3,a3,0x8
    1cfc:	8a9d                	andi	a3,a3,7
    1cfe:	96ba                	add	a3,a3,a4
    1d00:	0006c683          	lbu	a3,0(a3)
    1d04:	00d7d6b3          	srl	a3,a5,a3
    1d08:	c514                	sw	a3,8(a0)
    1d0a:	4254                	lw	a3,4(a2)
    1d0c:	82ad                	srli	a3,a3,0xb
    1d0e:	8a9d                	andi	a3,a3,7
    1d10:	9736                	add	a4,a4,a3
    1d12:	00074703          	lbu	a4,0(a4)
    1d16:	00e7d7b3          	srl	a5,a5,a4
    1d1a:	c55c                	sw	a5,12(a0)
    1d1c:	4258                	lw	a4,4(a2)
    1d1e:	8339                	srli	a4,a4,0xe
    1d20:	00377693          	andi	a3,a4,3
    1d24:	80418713          	addi	a4,gp,-2044 # 20000084 <ADCPrescTable>
    1d28:	9736                	add	a4,a4,a3
    1d2a:	00074703          	lbu	a4,0(a4)
    1d2e:	02e7d7b3          	divu	a5,a5,a4
    1d32:	c91c                	sw	a5,16(a0)
    1d34:	8082                	ret
    1d36:	435c                	lw	a5,4(a4)
    1d38:	4354                	lw	a3,4(a4)
    1d3a:	83c9                	srli	a5,a5,0x12
    1d3c:	8bbd                	andi	a5,a5,15
    1d3e:	00f69613          	slli	a2,a3,0xf
    1d42:	0789                	addi	a5,a5,2
    1d44:	00064d63          	bltz	a2,1d5e <RCC_GetClocksFreq+0xa4>
    1d48:	40024737          	lui	a4,0x40024
    1d4c:	80072703          	lw	a4,-2048(a4) # 40023800 <_eusrstack+0x2001e800>
    1d50:	8b41                	andi	a4,a4,16
    1d52:	cb19                	beqz	a4,1d68 <RCC_GetClocksFreq+0xae>
    1d54:	007a1737          	lui	a4,0x7a1
    1d58:	20070713          	addi	a4,a4,512 # 7a1200 <_data_lma+0x79be34>
    1d5c:	a811                	j	1d70 <RCC_GetClocksFreq+0xb6>
    1d5e:	4358                	lw	a4,4(a4)
    1d60:	00e71693          	slli	a3,a4,0xe
    1d64:	fe06d8e3          	bgez	a3,1d54 <RCC_GetClocksFreq+0x9a>
    1d68:	003d1737          	lui	a4,0x3d1
    1d6c:	90070713          	addi	a4,a4,-1792 # 3d0900 <_data_lma+0x3cb534>
    1d70:	02e787b3          	mul	a5,a5,a4
    1d74:	b78d                	j	1cd6 <RCC_GetClocksFreq+0x1c>

00001d76 <RCC_AHBPeriphClockCmd>:
    1d76:	c599                	beqz	a1,1d84 <RCC_AHBPeriphClockCmd+0xe>
    1d78:	40021737          	lui	a4,0x40021
    1d7c:	4b5c                	lw	a5,20(a4)
    1d7e:	8d5d                	or	a0,a0,a5
    1d80:	cb48                	sw	a0,20(a4)
    1d82:	8082                	ret
    1d84:	400217b7          	lui	a5,0x40021
    1d88:	4bd8                	lw	a4,20(a5)
    1d8a:	fff54513          	not	a0,a0
    1d8e:	8d79                	and	a0,a0,a4
    1d90:	cbc8                	sw	a0,20(a5)
    1d92:	8082                	ret

00001d94 <RCC_APB2PeriphClockCmd>:
    1d94:	c599                	beqz	a1,1da2 <RCC_APB2PeriphClockCmd+0xe>
    1d96:	40021737          	lui	a4,0x40021
    1d9a:	4f1c                	lw	a5,24(a4)
    1d9c:	8d5d                	or	a0,a0,a5
    1d9e:	cf08                	sw	a0,24(a4)
    1da0:	8082                	ret
    1da2:	400217b7          	lui	a5,0x40021
    1da6:	4f98                	lw	a4,24(a5)
    1da8:	fff54513          	not	a0,a0
    1dac:	8d79                	and	a0,a0,a4
    1dae:	cf88                	sw	a0,24(a5)
    1db0:	8082                	ret

00001db2 <RCC_APB1PeriphClockCmd>:
    1db2:	c599                	beqz	a1,1dc0 <RCC_APB1PeriphClockCmd+0xe>
    1db4:	40021737          	lui	a4,0x40021
    1db8:	4f5c                	lw	a5,28(a4)
    1dba:	8d5d                	or	a0,a0,a5
    1dbc:	cf48                	sw	a0,28(a4)
    1dbe:	8082                	ret
    1dc0:	400217b7          	lui	a5,0x40021
    1dc4:	4fd8                	lw	a4,28(a5)
    1dc6:	fff54513          	not	a0,a0
    1dca:	8d79                	and	a0,a0,a4
    1dcc:	cfc8                	sw	a0,28(a5)
    1dce:	8082                	ret

00001dd0 <TI1_Config>:
    1dd0:	02055783          	lhu	a5,32(a0)
    1dd4:	0692                	slli	a3,a3,0x4
    1dd6:	07c2                	slli	a5,a5,0x10
    1dd8:	83c1                	srli	a5,a5,0x10
    1dda:	9bf9                	andi	a5,a5,-2
    1ddc:	07c2                	slli	a5,a5,0x10
    1dde:	83c1                	srli	a5,a5,0x10
    1de0:	02f51023          	sh	a5,32(a0)
    1de4:	01855703          	lhu	a4,24(a0)
    1de8:	02055783          	lhu	a5,32(a0)
    1dec:	01855803          	lhu	a6,24(a0)
    1df0:	0742                	slli	a4,a4,0x10
    1df2:	8341                	srli	a4,a4,0x10
    1df4:	01066833          	or	a6,a2,a6
    1df8:	f0c77713          	andi	a4,a4,-244
    1dfc:	8e55                	or	a2,a2,a3
    1dfe:	8f51                	or	a4,a4,a2
    1e00:	400136b7          	lui	a3,0x40013
    1e04:	07c2                	slli	a5,a5,0x10
    1e06:	0742                	slli	a4,a4,0x10
    1e08:	01051c23          	sh	a6,24(a0)
    1e0c:	c0068693          	addi	a3,a3,-1024 # 40012c00 <_eusrstack+0x2000dc00>
    1e10:	83c1                	srli	a5,a5,0x10
    1e12:	8341                	srli	a4,a4,0x10
    1e14:	02d50063          	beq	a0,a3,1e34 <TI1_Config+0x64>
    1e18:	400006b7          	lui	a3,0x40000
    1e1c:	00d50c63          	beq	a0,a3,1e34 <TI1_Config+0x64>
    1e20:	40068693          	addi	a3,a3,1024 # 40000400 <_eusrstack+0x1fffb400>
    1e24:	00d50863          	beq	a0,a3,1e34 <TI1_Config+0x64>
    1e28:	400016b7          	lui	a3,0x40001
    1e2c:	80068693          	addi	a3,a3,-2048 # 40000800 <_eusrstack+0x1fffb800>
    1e30:	00d51b63          	bne	a0,a3,1e46 <TI1_Config+0x76>
    1e34:	9bf5                	andi	a5,a5,-3
    1e36:	8fcd                	or	a5,a5,a1
    1e38:	0017e793          	ori	a5,a5,1
    1e3c:	00e51c23          	sh	a4,24(a0)
    1e40:	02f51023          	sh	a5,32(a0)
    1e44:	8082                	ret
    1e46:	9bd5                	andi	a5,a5,-11
    1e48:	b7fd                	j	1e36 <TI1_Config+0x66>

00001e4a <TI2_Config>:
    1e4a:	02055783          	lhu	a5,32(a0)
    1e4e:	0622                	slli	a2,a2,0x8
    1e50:	0642                	slli	a2,a2,0x10
    1e52:	07c2                	slli	a5,a5,0x10
    1e54:	83c1                	srli	a5,a5,0x10
    1e56:	9bbd                	andi	a5,a5,-17
    1e58:	07c2                	slli	a5,a5,0x10
    1e5a:	83c1                	srli	a5,a5,0x10
    1e5c:	02f51023          	sh	a5,32(a0)
    1e60:	01855883          	lhu	a7,24(a0)
    1e64:	6785                	lui	a5,0x1
    1e66:	cff78793          	addi	a5,a5,-769 # cff <TIM3_PWMOut_Init+0x3>
    1e6a:	02055703          	lhu	a4,32(a0)
    1e6e:	0117f7b3          	and	a5,a5,a7
    1e72:	01855883          	lhu	a7,24(a0)
    1e76:	8241                	srli	a2,a2,0x10
    1e78:	06b2                	slli	a3,a3,0xc
    1e7a:	011668b3          	or	a7,a2,a7
    1e7e:	8e55                	or	a2,a2,a3
    1e80:	00459813          	slli	a6,a1,0x4
    1e84:	8fd1                	or	a5,a5,a2
    1e86:	400136b7          	lui	a3,0x40013
    1e8a:	0742                	slli	a4,a4,0x10
    1e8c:	0842                	slli	a6,a6,0x10
    1e8e:	07c2                	slli	a5,a5,0x10
    1e90:	01151c23          	sh	a7,24(a0)
    1e94:	c0068693          	addi	a3,a3,-1024 # 40012c00 <_eusrstack+0x2000dc00>
    1e98:	8341                	srli	a4,a4,0x10
    1e9a:	01085813          	srli	a6,a6,0x10
    1e9e:	83c1                	srli	a5,a5,0x10
    1ea0:	02d50063          	beq	a0,a3,1ec0 <TI2_Config+0x76>
    1ea4:	400006b7          	lui	a3,0x40000
    1ea8:	00d50c63          	beq	a0,a3,1ec0 <TI2_Config+0x76>
    1eac:	40068693          	addi	a3,a3,1024 # 40000400 <_eusrstack+0x1fffb400>
    1eb0:	00d50863          	beq	a0,a3,1ec0 <TI2_Config+0x76>
    1eb4:	400016b7          	lui	a3,0x40001
    1eb8:	80068693          	addi	a3,a3,-2048 # 40000800 <_eusrstack+0x1fffb800>
    1ebc:	00d51d63          	bne	a0,a3,1ed6 <TI2_Config+0x8c>
    1ec0:	fdf77713          	andi	a4,a4,-33
    1ec4:	00e86733          	or	a4,a6,a4
    1ec8:	01076713          	ori	a4,a4,16
    1ecc:	00f51c23          	sh	a5,24(a0)
    1ed0:	02e51023          	sh	a4,32(a0)
    1ed4:	8082                	ret
    1ed6:	f5f77713          	andi	a4,a4,-161
    1eda:	8f4d                	or	a4,a4,a1
    1edc:	b7f5                	j	1ec8 <TI2_Config+0x7e>

00001ede <TIM_TimeBaseInit>:
    1ede:	00055783          	lhu	a5,0(a0)
    1ee2:	40013737          	lui	a4,0x40013
    1ee6:	c0070713          	addi	a4,a4,-1024 # 40012c00 <_eusrstack+0x2000dc00>
    1eea:	07c2                	slli	a5,a5,0x10
    1eec:	83c1                	srli	a5,a5,0x10
    1eee:	02e50063          	beq	a0,a4,1f0e <TIM_TimeBaseInit+0x30>
    1ef2:	40000737          	lui	a4,0x40000
    1ef6:	00e50c63          	beq	a0,a4,1f0e <TIM_TimeBaseInit+0x30>
    1efa:	40070713          	addi	a4,a4,1024 # 40000400 <_eusrstack+0x1fffb400>
    1efe:	00e50863          	beq	a0,a4,1f0e <TIM_TimeBaseInit+0x30>
    1f02:	40001737          	lui	a4,0x40001
    1f06:	80070713          	addi	a4,a4,-2048 # 40000800 <_eusrstack+0x1fffb800>
    1f0a:	00e51763          	bne	a0,a4,1f18 <TIM_TimeBaseInit+0x3a>
    1f0e:	0025d703          	lhu	a4,2(a1)
    1f12:	f8f7f793          	andi	a5,a5,-113
    1f16:	8fd9                	or	a5,a5,a4
    1f18:	0065d703          	lhu	a4,6(a1)
    1f1c:	cff7f793          	andi	a5,a5,-769
    1f20:	07c2                	slli	a5,a5,0x10
    1f22:	83c1                	srli	a5,a5,0x10
    1f24:	8fd9                	or	a5,a5,a4
    1f26:	00f51023          	sh	a5,0(a0)
    1f2a:	0045d783          	lhu	a5,4(a1)
    1f2e:	02f51623          	sh	a5,44(a0)
    1f32:	0005d783          	lhu	a5,0(a1)
    1f36:	02f51423          	sh	a5,40(a0)
    1f3a:	400137b7          	lui	a5,0x40013
    1f3e:	c0078793          	addi	a5,a5,-1024 # 40012c00 <_eusrstack+0x2000dc00>
    1f42:	00f51663          	bne	a0,a5,1f4e <TIM_TimeBaseInit+0x70>
    1f46:	0085c783          	lbu	a5,8(a1)
    1f4a:	02f51823          	sh	a5,48(a0)
    1f4e:	4785                	li	a5,1
    1f50:	00f51a23          	sh	a5,20(a0)
    1f54:	8082                	ret

00001f56 <TIM_OC1Init>:
    1f56:	02055783          	lhu	a5,32(a0)
    1f5a:	0005d603          	lhu	a2,0(a1)
    1f5e:	0025d803          	lhu	a6,2(a1)
    1f62:	07c2                	slli	a5,a5,0x10
    1f64:	83c1                	srli	a5,a5,0x10
    1f66:	9bf9                	andi	a5,a5,-2
    1f68:	07c2                	slli	a5,a5,0x10
    1f6a:	83c1                	srli	a5,a5,0x10
    1f6c:	02f51023          	sh	a5,32(a0)
    1f70:	02055783          	lhu	a5,32(a0)
    1f74:	00455683          	lhu	a3,4(a0)
    1f78:	01855703          	lhu	a4,24(a0)
    1f7c:	07c2                	slli	a5,a5,0x10
    1f7e:	83c1                	srli	a5,a5,0x10
    1f80:	0742                	slli	a4,a4,0x10
    1f82:	8341                	srli	a4,a4,0x10
    1f84:	f8c77713          	andi	a4,a4,-116
    1f88:	8f51                	or	a4,a4,a2
    1f8a:	0085d603          	lhu	a2,8(a1)
    1f8e:	9bf5                	andi	a5,a5,-3
    1f90:	06c2                	slli	a3,a3,0x10
    1f92:	01066633          	or	a2,a2,a6
    1f96:	8fd1                	or	a5,a5,a2
    1f98:	40013637          	lui	a2,0x40013
    1f9c:	c0060613          	addi	a2,a2,-1024 # 40012c00 <_eusrstack+0x2000dc00>
    1fa0:	82c1                	srli	a3,a3,0x10
    1fa2:	02c51363          	bne	a0,a2,1fc8 <TIM_OC1Init+0x72>
    1fa6:	00a5d603          	lhu	a2,10(a1)
    1faa:	9bdd                	andi	a5,a5,-9
    1fac:	00e5d803          	lhu	a6,14(a1)
    1fb0:	8fd1                	or	a5,a5,a2
    1fb2:	0045d603          	lhu	a2,4(a1)
    1fb6:	9bed                	andi	a5,a5,-5
    1fb8:	cff6f693          	andi	a3,a3,-769
    1fbc:	8fd1                	or	a5,a5,a2
    1fbe:	00c5d603          	lhu	a2,12(a1)
    1fc2:	01066633          	or	a2,a2,a6
    1fc6:	8ed1                	or	a3,a3,a2
    1fc8:	00d51223          	sh	a3,4(a0)
    1fcc:	00e51c23          	sh	a4,24(a0)
    1fd0:	0065d703          	lhu	a4,6(a1)
    1fd4:	02e51a23          	sh	a4,52(a0)
    1fd8:	02f51023          	sh	a5,32(a0)
    1fdc:	8082                	ret

00001fde <TIM_Cmd>:
    1fde:	00055783          	lhu	a5,0(a0)
    1fe2:	c591                	beqz	a1,1fee <TIM_Cmd+0x10>
    1fe4:	0017e793          	ori	a5,a5,1
    1fe8:	00f51023          	sh	a5,0(a0)
    1fec:	8082                	ret
    1fee:	07c2                	slli	a5,a5,0x10
    1ff0:	83c1                	srli	a5,a5,0x10
    1ff2:	9bf9                	andi	a5,a5,-2
    1ff4:	07c2                	slli	a5,a5,0x10
    1ff6:	83c1                	srli	a5,a5,0x10
    1ff8:	bfc5                	j	1fe8 <TIM_Cmd+0xa>

00001ffa <TIM_CtrlPWMOutputs>:
    1ffa:	04455783          	lhu	a5,68(a0)
    1ffe:	c591                	beqz	a1,200a <TIM_CtrlPWMOutputs+0x10>
    2000:	6721                	lui	a4,0x8
    2002:	8fd9                	or	a5,a5,a4
    2004:	04f51223          	sh	a5,68(a0)
    2008:	8082                	ret
    200a:	07c6                	slli	a5,a5,0x11
    200c:	83c5                	srli	a5,a5,0x11
    200e:	bfdd                	j	2004 <TIM_CtrlPWMOutputs+0xa>

00002010 <TIM_ITConfig>:
    2010:	00c55783          	lhu	a5,12(a0)
    2014:	c609                	beqz	a2,201e <TIM_ITConfig+0xe>
    2016:	8ddd                	or	a1,a1,a5
    2018:	00b51623          	sh	a1,12(a0)
    201c:	8082                	ret
    201e:	fff5c593          	not	a1,a1
    2022:	8dfd                	and	a1,a1,a5
    2024:	bfd5                	j	2018 <TIM_ITConfig+0x8>

00002026 <TIM_ARRPreloadConfig>:
    2026:	00055783          	lhu	a5,0(a0)
    202a:	c591                	beqz	a1,2036 <TIM_ARRPreloadConfig+0x10>
    202c:	0807e793          	ori	a5,a5,128
    2030:	00f51023          	sh	a5,0(a0)
    2034:	8082                	ret
    2036:	07c2                	slli	a5,a5,0x10
    2038:	83c1                	srli	a5,a5,0x10
    203a:	f7f7f793          	andi	a5,a5,-129
    203e:	07c2                	slli	a5,a5,0x10
    2040:	83c1                	srli	a5,a5,0x10
    2042:	b7fd                	j	2030 <TIM_ARRPreloadConfig+0xa>

00002044 <TIM_OC1PreloadConfig>:
    2044:	01855783          	lhu	a5,24(a0)
    2048:	07c2                	slli	a5,a5,0x10
    204a:	83c1                	srli	a5,a5,0x10
    204c:	9bdd                	andi	a5,a5,-9
    204e:	8ddd                	or	a1,a1,a5
    2050:	00b51c23          	sh	a1,24(a0)
    2054:	8082                	ret

00002056 <TIM_SetCompare1>:
    2056:	02b51a23          	sh	a1,52(a0)
    205a:	8082                	ret

0000205c <TIM_SetIC1Prescaler>:
    205c:	01855783          	lhu	a5,24(a0)
    2060:	07c2                	slli	a5,a5,0x10
    2062:	83c1                	srli	a5,a5,0x10
    2064:	9bcd                	andi	a5,a5,-13
    2066:	07c2                	slli	a5,a5,0x10
    2068:	83c1                	srli	a5,a5,0x10
    206a:	00f51c23          	sh	a5,24(a0)
    206e:	01855783          	lhu	a5,24(a0)
    2072:	8ddd                	or	a1,a1,a5
    2074:	00b51c23          	sh	a1,24(a0)
    2078:	8082                	ret

0000207a <TIM_SetIC2Prescaler>:
    207a:	01855703          	lhu	a4,24(a0)
    207e:	77fd                	lui	a5,0xfffff
    2080:	3ff78793          	addi	a5,a5,1023 # fffff3ff <_eusrstack+0xdfffa3ff>
    2084:	8ff9                	and	a5,a5,a4
    2086:	00f51c23          	sh	a5,24(a0)
    208a:	01855783          	lhu	a5,24(a0)
    208e:	05a2                	slli	a1,a1,0x8
    2090:	8ddd                	or	a1,a1,a5
    2092:	05c2                	slli	a1,a1,0x10
    2094:	81c1                	srli	a1,a1,0x10
    2096:	00b51c23          	sh	a1,24(a0)
    209a:	8082                	ret

0000209c <TIM_SetIC3Prescaler>:
    209c:	01c55783          	lhu	a5,28(a0)
    20a0:	07c2                	slli	a5,a5,0x10
    20a2:	83c1                	srli	a5,a5,0x10
    20a4:	9bcd                	andi	a5,a5,-13
    20a6:	07c2                	slli	a5,a5,0x10
    20a8:	83c1                	srli	a5,a5,0x10
    20aa:	00f51e23          	sh	a5,28(a0)
    20ae:	01c55783          	lhu	a5,28(a0)
    20b2:	8ddd                	or	a1,a1,a5
    20b4:	00b51e23          	sh	a1,28(a0)
    20b8:	8082                	ret

000020ba <TIM_SetIC4Prescaler>:
    20ba:	01c55703          	lhu	a4,28(a0)
    20be:	77fd                	lui	a5,0xfffff
    20c0:	3ff78793          	addi	a5,a5,1023 # fffff3ff <_eusrstack+0xdfffa3ff>
    20c4:	8ff9                	and	a5,a5,a4
    20c6:	00f51e23          	sh	a5,28(a0)
    20ca:	01c55783          	lhu	a5,28(a0)
    20ce:	05a2                	slli	a1,a1,0x8
    20d0:	8ddd                	or	a1,a1,a5
    20d2:	05c2                	slli	a1,a1,0x10
    20d4:	81c1                	srli	a1,a1,0x10
    20d6:	00b51e23          	sh	a1,28(a0)
    20da:	8082                	ret

000020dc <TIM_ICInit>:
    20dc:	894fe2ef          	jal	t0,170 <__riscv_save_0>
    20e0:	0005d703          	lhu	a4,0(a1)
    20e4:	842a                	mv	s0,a0
    20e6:	84ae                	mv	s1,a1
    20e8:	0025d783          	lhu	a5,2(a1)
    20ec:	0045d603          	lhu	a2,4(a1)
    20f0:	0085d683          	lhu	a3,8(a1)
    20f4:	eb11                	bnez	a4,2108 <TIM_ICInit+0x2c>
    20f6:	85be                	mv	a1,a5
    20f8:	cd9ff0ef          	jal	ra,1dd0 <TI1_Config>
    20fc:	0064d583          	lhu	a1,6(s1)
    2100:	8522                	mv	a0,s0
    2102:	3fa9                	jal	205c <TIM_SetIC1Prescaler>
    2104:	890fe06f          	j	194 <__riscv_restore_0>
    2108:	4591                	li	a1,4
    210a:	00b71a63          	bne	a4,a1,211e <TIM_ICInit+0x42>
    210e:	85be                	mv	a1,a5
    2110:	d3bff0ef          	jal	ra,1e4a <TI2_Config>
    2114:	0064d583          	lhu	a1,6(s1)
    2118:	8522                	mv	a0,s0
    211a:	3785                	jal	207a <TIM_SetIC2Prescaler>
    211c:	b7e5                	j	2104 <TIM_ICInit+0x28>
    211e:	4521                	li	a0,8
    2120:	0064d583          	lhu	a1,6(s1)
    2124:	08a71f63          	bne	a4,a0,21c2 <TIM_ICInit+0xe6>
    2128:	02045703          	lhu	a4,32(s0)
    212c:	0692                	slli	a3,a3,0x4
    212e:	00879813          	slli	a6,a5,0x8
    2132:	0742                	slli	a4,a4,0x10
    2134:	8341                	srli	a4,a4,0x10
    2136:	eff77713          	andi	a4,a4,-257
    213a:	0742                	slli	a4,a4,0x10
    213c:	8341                	srli	a4,a4,0x10
    213e:	02e41023          	sh	a4,32(s0)
    2142:	01c45503          	lhu	a0,28(s0)
    2146:	02045703          	lhu	a4,32(s0)
    214a:	01c45883          	lhu	a7,28(s0)
    214e:	0542                	slli	a0,a0,0x10
    2150:	8141                	srli	a0,a0,0x10
    2152:	f0c57513          	andi	a0,a0,-244
    2156:	8d51                	or	a0,a0,a2
    2158:	8d55                	or	a0,a0,a3
    215a:	011668b3          	or	a7,a2,a7
    215e:	400136b7          	lui	a3,0x40013
    2162:	0742                	slli	a4,a4,0x10
    2164:	0842                	slli	a6,a6,0x10
    2166:	0542                	slli	a0,a0,0x10
    2168:	01141e23          	sh	a7,28(s0)
    216c:	c0068693          	addi	a3,a3,-1024 # 40012c00 <_eusrstack+0x2000dc00>
    2170:	8341                	srli	a4,a4,0x10
    2172:	01085813          	srli	a6,a6,0x10
    2176:	8141                	srli	a0,a0,0x10
    2178:	02d40063          	beq	s0,a3,2198 <TIM_ICInit+0xbc>
    217c:	400006b7          	lui	a3,0x40000
    2180:	00d40c63          	beq	s0,a3,2198 <TIM_ICInit+0xbc>
    2184:	40068693          	addi	a3,a3,1024 # 40000400 <_eusrstack+0x1fffb400>
    2188:	00d40863          	beq	s0,a3,2198 <TIM_ICInit+0xbc>
    218c:	400016b7          	lui	a3,0x40001
    2190:	80068693          	addi	a3,a3,-2048 # 40000800 <_eusrstack+0x1fffb800>
    2194:	00d41f63          	bne	s0,a3,21b2 <TIM_ICInit+0xd6>
    2198:	dff77713          	andi	a4,a4,-513
    219c:	00e86733          	or	a4,a6,a4
    21a0:	10076793          	ori	a5,a4,256
    21a4:	00a41e23          	sh	a0,28(s0)
    21a8:	02f41023          	sh	a5,32(s0)
    21ac:	8522                	mv	a0,s0
    21ae:	35fd                	jal	209c <TIM_SetIC3Prescaler>
    21b0:	bf91                	j	2104 <TIM_ICInit+0x28>
    21b2:	76fd                	lui	a3,0xfffff
    21b4:	5ff68693          	addi	a3,a3,1535 # fffff5ff <_eusrstack+0xdfffa5ff>
    21b8:	8f75                	and	a4,a4,a3
    21ba:	8fd9                	or	a5,a5,a4
    21bc:	1007e793          	ori	a5,a5,256
    21c0:	b7d5                	j	21a4 <TIM_ICInit+0xc8>
    21c2:	02045503          	lhu	a0,32(s0)
    21c6:	777d                	lui	a4,0xfffff
    21c8:	177d                	addi	a4,a4,-1
    21ca:	8f69                	and	a4,a4,a0
    21cc:	02e41023          	sh	a4,32(s0)
    21d0:	01c45883          	lhu	a7,28(s0)
    21d4:	6705                	lui	a4,0x1
    21d6:	cff70713          	addi	a4,a4,-769 # cff <TIM3_PWMOut_Init+0x3>
    21da:	02045803          	lhu	a6,32(s0)
    21de:	01177733          	and	a4,a4,a7
    21e2:	0622                	slli	a2,a2,0x8
    21e4:	01c45883          	lhu	a7,28(s0)
    21e8:	0642                	slli	a2,a2,0x10
    21ea:	8241                	srli	a2,a2,0x10
    21ec:	06b2                	slli	a3,a3,0xc
    21ee:	011668b3          	or	a7,a2,a7
    21f2:	8e55                	or	a2,a2,a3
    21f4:	8e59                	or	a2,a2,a4
    21f6:	00c79513          	slli	a0,a5,0xc
    21fa:	40013737          	lui	a4,0x40013
    21fe:	0842                	slli	a6,a6,0x10
    2200:	0542                	slli	a0,a0,0x10
    2202:	0642                	slli	a2,a2,0x10
    2204:	01141e23          	sh	a7,28(s0)
    2208:	c0070713          	addi	a4,a4,-1024 # 40012c00 <_eusrstack+0x2000dc00>
    220c:	01085813          	srli	a6,a6,0x10
    2210:	8141                	srli	a0,a0,0x10
    2212:	8241                	srli	a2,a2,0x10
    2214:	02e40063          	beq	s0,a4,2234 <TIM_ICInit+0x158>
    2218:	40000737          	lui	a4,0x40000
    221c:	00e40c63          	beq	s0,a4,2234 <TIM_ICInit+0x158>
    2220:	40070713          	addi	a4,a4,1024 # 40000400 <_eusrstack+0x1fffb400>
    2224:	00e40863          	beq	s0,a4,2234 <TIM_ICInit+0x158>
    2228:	40001737          	lui	a4,0x40001
    222c:	80070713          	addi	a4,a4,-2048 # 40000800 <_eusrstack+0x1fffb800>
    2230:	02e41263          	bne	s0,a4,2254 <TIM_ICInit+0x178>
    2234:	77f9                	lui	a5,0xffffe
    2236:	17fd                	addi	a5,a5,-1
    2238:	00f87833          	and	a6,a6,a5
    223c:	01056833          	or	a6,a0,a6
    2240:	6785                	lui	a5,0x1
    2242:	00f867b3          	or	a5,a6,a5
    2246:	00c41e23          	sh	a2,28(s0)
    224a:	02f41023          	sh	a5,32(s0)
    224e:	8522                	mv	a0,s0
    2250:	35ad                	jal	20ba <TIM_SetIC4Prescaler>
    2252:	bd4d                	j	2104 <TIM_ICInit+0x28>
    2254:	dff87813          	andi	a6,a6,-513
    2258:	0107e7b3          	or	a5,a5,a6
    225c:	6705                	lui	a4,0x1
    225e:	8fd9                	or	a5,a5,a4
    2260:	b7dd                	j	2246 <TIM_ICInit+0x16a>

00002262 <TIM_GetCapture1>:
    2262:	03455503          	lhu	a0,52(a0)
    2266:	8082                	ret

00002268 <TIM_GetCapture2>:
    2268:	03855503          	lhu	a0,56(a0)
    226c:	8082                	ret

0000226e <TIM_GetITStatus>:
    226e:	01055783          	lhu	a5,16(a0)
    2272:	00c55503          	lhu	a0,12(a0)
    2276:	8fed                	and	a5,a5,a1
    2278:	0542                	slli	a0,a0,0x10
    227a:	8141                	srli	a0,a0,0x10
    227c:	c789                	beqz	a5,2286 <TIM_GetITStatus+0x18>
    227e:	8d6d                	and	a0,a0,a1
    2280:	00a03533          	snez	a0,a0
    2284:	8082                	ret
    2286:	4501                	li	a0,0
    2288:	8082                	ret

0000228a <TIM_ClearITPendingBit>:
    228a:	fff5c593          	not	a1,a1
    228e:	05c2                	slli	a1,a1,0x10
    2290:	81c1                	srli	a1,a1,0x10
    2292:	00b51823          	sh	a1,16(a0)
    2296:	8082                	ret

00002298 <USART_Init>:
    2298:	ed9fd2ef          	jal	t0,170 <__riscv_save_0>
    229c:	01055683          	lhu	a3,16(a0)
    22a0:	77f5                	lui	a5,0xffffd
    22a2:	17fd                	addi	a5,a5,-1
    22a4:	8ff5                	and	a5,a5,a3
    22a6:	0065d683          	lhu	a3,6(a1)
    22aa:	00c5d703          	lhu	a4,12(a1)
    22ae:	7179                	addi	sp,sp,-48
    22b0:	8fd5                	or	a5,a5,a3
    22b2:	00f51823          	sh	a5,16(a0)
    22b6:	00c55683          	lhu	a3,12(a0)
    22ba:	77fd                	lui	a5,0xfffff
    22bc:	9f378793          	addi	a5,a5,-1549 # ffffe9f3 <_eusrstack+0xdfff99f3>
    22c0:	8ff5                	and	a5,a5,a3
    22c2:	0045d683          	lhu	a3,4(a1)
    22c6:	842a                	mv	s0,a0
    22c8:	c62e                	sw	a1,12(sp)
    22ca:	8fd5                	or	a5,a5,a3
    22cc:	0085d683          	lhu	a3,8(a1)
    22d0:	8fd5                	or	a5,a5,a3
    22d2:	00a5d683          	lhu	a3,10(a1)
    22d6:	8fd5                	or	a5,a5,a3
    22d8:	00f51623          	sh	a5,12(a0)
    22dc:	01455783          	lhu	a5,20(a0)
    22e0:	07c2                	slli	a5,a5,0x10
    22e2:	83c1                	srli	a5,a5,0x10
    22e4:	cff7f793          	andi	a5,a5,-769
    22e8:	8fd9                	or	a5,a5,a4
    22ea:	00f51a23          	sh	a5,20(a0)
    22ee:	0868                	addi	a0,sp,28
    22f0:	9cbff0ef          	jal	ra,1cba <RCC_GetClocksFreq>
    22f4:	400147b7          	lui	a5,0x40014
    22f8:	80078793          	addi	a5,a5,-2048 # 40013800 <_eusrstack+0x2000e800>
    22fc:	45b2                	lw	a1,12(sp)
    22fe:	02f41f63          	bne	s0,a5,233c <USART_Init+0xa4>
    2302:	57a2                	lw	a5,40(sp)
    2304:	4765                	li	a4,25
    2306:	02e787b3          	mul	a5,a5,a4
    230a:	4198                	lw	a4,0(a1)
    230c:	06400693          	li	a3,100
    2310:	070a                	slli	a4,a4,0x2
    2312:	02e7d7b3          	divu	a5,a5,a4
    2316:	02d7d733          	divu	a4,a5,a3
    231a:	02d7f7b3          	remu	a5,a5,a3
    231e:	0712                	slli	a4,a4,0x4
    2320:	0792                	slli	a5,a5,0x4
    2322:	03278793          	addi	a5,a5,50
    2326:	02d7d7b3          	divu	a5,a5,a3
    232a:	8bbd                	andi	a5,a5,15
    232c:	8fd9                	or	a5,a5,a4
    232e:	07c2                	slli	a5,a5,0x10
    2330:	83c1                	srli	a5,a5,0x10
    2332:	00f41423          	sh	a5,8(s0)
    2336:	6145                	addi	sp,sp,48
    2338:	e5dfd06f          	j	194 <__riscv_restore_0>
    233c:	5792                	lw	a5,36(sp)
    233e:	b7d9                	j	2304 <USART_Init+0x6c>

00002340 <USART_Cmd>:
    2340:	c981                	beqz	a1,2350 <USART_Cmd+0x10>
    2342:	00c55783          	lhu	a5,12(a0)
    2346:	6709                	lui	a4,0x2
    2348:	8fd9                	or	a5,a5,a4
    234a:	00f51623          	sh	a5,12(a0)
    234e:	8082                	ret
    2350:	00c55703          	lhu	a4,12(a0)
    2354:	77f9                	lui	a5,0xffffe
    2356:	17fd                	addi	a5,a5,-1
    2358:	8ff9                	and	a5,a5,a4
    235a:	bfc5                	j	234a <USART_Cmd+0xa>

0000235c <USART_ITConfig>:
    235c:	0ff5f713          	andi	a4,a1,255
    2360:	4785                	li	a5,1
    2362:	8315                	srli	a4,a4,0x5
    2364:	00b795b3          	sll	a1,a5,a1
    2368:	00f71963          	bne	a4,a5,237a <USART_ITConfig+0x1e>
    236c:	00c50793          	addi	a5,a0,12
    2370:	4398                	lw	a4,0(a5)
    2372:	ce01                	beqz	a2,238a <USART_ITConfig+0x2e>
    2374:	8dd9                	or	a1,a1,a4
    2376:	c38c                	sw	a1,0(a5)
    2378:	8082                	ret
    237a:	4689                	li	a3,2
    237c:	01450793          	addi	a5,a0,20
    2380:	fed718e3          	bne	a4,a3,2370 <USART_ITConfig+0x14>
    2384:	01050793          	addi	a5,a0,16
    2388:	b7e5                	j	2370 <USART_ITConfig+0x14>
    238a:	fff5c593          	not	a1,a1
    238e:	8df9                	and	a1,a1,a4
    2390:	b7dd                	j	2376 <USART_ITConfig+0x1a>

00002392 <USART_DMACmd>:
    2392:	01455783          	lhu	a5,20(a0)
    2396:	c609                	beqz	a2,23a0 <USART_DMACmd+0xe>
    2398:	8ddd                	or	a1,a1,a5
    239a:	00b51a23          	sh	a1,20(a0)
    239e:	8082                	ret
    23a0:	fff5c593          	not	a1,a1
    23a4:	8dfd                	and	a1,a1,a5
    23a6:	bfd5                	j	239a <USART_DMACmd+0x8>

000023a8 <USART_SendData>:
    23a8:	1ff5f593          	andi	a1,a1,511
    23ac:	00b51223          	sh	a1,4(a0)
    23b0:	8082                	ret

000023b2 <USART_ReceiveData>:
    23b2:	00455503          	lhu	a0,4(a0)
    23b6:	1ff57513          	andi	a0,a0,511
    23ba:	8082                	ret

000023bc <USART_GetFlagStatus>:
    23bc:	00055503          	lhu	a0,0(a0)
    23c0:	8d6d                	and	a0,a0,a1
    23c2:	00a03533          	snez	a0,a0
    23c6:	8082                	ret

000023c8 <USART_GetITStatus>:
    23c8:	0ff5f713          	andi	a4,a1,255
    23cc:	4685                	li	a3,1
    23ce:	8315                	srli	a4,a4,0x5
    23d0:	00b697b3          	sll	a5,a3,a1
    23d4:	02d71363          	bne	a4,a3,23fa <USART_GetITStatus+0x32>
    23d8:	00c55703          	lhu	a4,12(a0)
    23dc:	8ff9                	and	a5,a5,a4
    23de:	00055703          	lhu	a4,0(a0)
    23e2:	4501                	li	a0,0
    23e4:	0742                	slli	a4,a4,0x10
    23e6:	8341                	srli	a4,a4,0x10
    23e8:	cb81                	beqz	a5,23f8 <USART_GetITStatus+0x30>
    23ea:	4505                	li	a0,1
    23ec:	81a1                	srli	a1,a1,0x8
    23ee:	00b515b3          	sll	a1,a0,a1
    23f2:	8f6d                	and	a4,a4,a1
    23f4:	00e03533          	snez	a0,a4
    23f8:	8082                	ret
    23fa:	4689                	li	a3,2
    23fc:	00d71563          	bne	a4,a3,2406 <USART_GetITStatus+0x3e>
    2400:	01055703          	lhu	a4,16(a0)
    2404:	bfe1                	j	23dc <USART_GetITStatus+0x14>
    2406:	01455703          	lhu	a4,20(a0)
    240a:	bfc9                	j	23dc <USART_GetITStatus+0x14>

0000240c <Delay_Init>:
    240c:	200007b7          	lui	a5,0x20000
    2410:	0807a783          	lw	a5,128(a5) # 20000080 <SystemCoreClock>
    2414:	007a1737          	lui	a4,0x7a1
    2418:	20070713          	addi	a4,a4,512 # 7a1200 <_data_lma+0x79be34>
    241c:	02e7d7b3          	divu	a5,a5,a4
    2420:	0ff7f793          	andi	a5,a5,255
    2424:	82f18f23          	sb	a5,-1986(gp) # 200000be <p_us>
    2428:	3e800713          	li	a4,1000
    242c:	02e787b3          	mul	a5,a5,a4
    2430:	82f19e23          	sh	a5,-1988(gp) # 200000bc <p_ms>
    2434:	8082                	ret

00002436 <Delay_Ms>:
    2436:	e000f7b7          	lui	a5,0xe000f
    243a:	0007a023          	sw	zero,0(a5) # e000f000 <_eusrstack+0xc000a000>
    243e:	83c1d703          	lhu	a4,-1988(gp) # 200000bc <p_ms>
    2442:	00078223          	sb	zero,4(a5)
    2446:	000782a3          	sb	zero,5(a5)
    244a:	00078323          	sb	zero,6(a5)
    244e:	02a70533          	mul	a0,a4,a0
    2452:	000783a3          	sb	zero,7(a5)
    2456:	4705                	li	a4,1
    2458:	c398                	sw	a4,0(a5)
    245a:	e000f737          	lui	a4,0xe000f
    245e:	435c                	lw	a5,4(a4)
    2460:	fef57fe3          	bgeu	a0,a5,245e <Delay_Ms+0x28>
    2464:	8082                	ret

00002466 <_write>:
    2466:	cf1fd2ef          	jal	t0,156 <__riscv_save_4>
    246a:	400054b7          	lui	s1,0x40005
    246e:	89ae                	mv	s3,a1
    2470:	8932                	mv	s2,a2
    2472:	4401                	li	s0,0
    2474:	80048493          	addi	s1,s1,-2048 # 40004800 <_eusrstack+0x1ffff800>
    2478:	01244563          	blt	s0,s2,2482 <_write+0x1c>
    247c:	854a                	mv	a0,s2
    247e:	d0dfd06f          	j	18a <__riscv_restore_4>
    2482:	04000593          	li	a1,64
    2486:	8526                	mv	a0,s1
    2488:	3f15                	jal	23bc <USART_GetFlagStatus>
    248a:	dd65                	beqz	a0,2482 <_write+0x1c>
    248c:	008987b3          	add	a5,s3,s0
    2490:	00078583          	lb	a1,0(a5)
    2494:	8526                	mv	a0,s1
    2496:	0405                	addi	s0,s0,1
    2498:	05c2                	slli	a1,a1,0x10
    249a:	81c1                	srli	a1,a1,0x10
    249c:	3731                	jal	23a8 <USART_SendData>
    249e:	bfe9                	j	2478 <_write+0x12>

000024a0 <_sbrk>:
    24a0:	80818713          	addi	a4,gp,-2040 # 20000088 <curbrk.4779>
    24a4:	431c                	lw	a5,0(a4)
    24a6:	200036b7          	lui	a3,0x20003
    24aa:	17068693          	addi	a3,a3,368 # 20003170 <_ebss>
    24ae:	953e                	add	a0,a0,a5
    24b0:	00d56b63          	bltu	a0,a3,24c6 <_sbrk+0x26>
    24b4:	200056b7          	lui	a3,0x20005
    24b8:	80068693          	addi	a3,a3,-2048 # 20004800 <_heap_end>
    24bc:	00a6e563          	bltu	a3,a0,24c6 <_sbrk+0x26>
    24c0:	c308                	sw	a0,0(a4)
    24c2:	853e                	mv	a0,a5
    24c4:	8082                	ret
    24c6:	57fd                	li	a5,-1
    24c8:	bfed                	j	24c2 <_sbrk+0x22>

000024ca <__addsf3>:
    24ca:	1141                	addi	sp,sp,-16
    24cc:	00800737          	lui	a4,0x800
    24d0:	177d                	addi	a4,a4,-1
    24d2:	0175d813          	srli	a6,a1,0x17
    24d6:	c226                	sw	s1,4(sp)
    24d8:	01755493          	srli	s1,a0,0x17
    24dc:	00a77333          	and	t1,a4,a0
    24e0:	0ff4f493          	andi	s1,s1,255
    24e4:	00b776b3          	and	a3,a4,a1
    24e8:	c04a                	sw	s2,0(sp)
    24ea:	0ff87813          	andi	a6,a6,255
    24ee:	01f55913          	srli	s2,a0,0x1f
    24f2:	c606                	sw	ra,12(sp)
    24f4:	c422                	sw	s0,8(sp)
    24f6:	81fd                	srli	a1,a1,0x1f
    24f8:	879a                	mv	a5,t1
    24fa:	8526                	mv	a0,s1
    24fc:	864a                	mv	a2,s2
    24fe:	00331e13          	slli	t3,t1,0x3
    2502:	00369e93          	slli	t4,a3,0x3
    2506:	410488b3          	sub	a7,s1,a6
    250a:	0eb90a63          	beq	s2,a1,25fe <__addsf3+0x134>
    250e:	0d105063          	blez	a7,25ce <__addsf3+0x104>
    2512:	14080463          	beqz	a6,265a <__addsf3+0x190>
    2516:	0ff00793          	li	a5,255
    251a:	14f48b63          	beq	s1,a5,2670 <__addsf3+0x1a6>
    251e:	040007b7          	lui	a5,0x4000
    2522:	00feeeb3          	or	t4,t4,a5
    2526:	47ed                	li	a5,27
    2528:	2917c163          	blt	a5,a7,27aa <__addsf3+0x2e0>
    252c:	02000793          	li	a5,32
    2530:	411787b3          	sub	a5,a5,a7
    2534:	00fe97b3          	sll	a5,t4,a5
    2538:	011ed8b3          	srl	a7,t4,a7
    253c:	00f037b3          	snez	a5,a5
    2540:	00f8e7b3          	or	a5,a7,a5
    2544:	40fe07b3          	sub	a5,t3,a5
    2548:	00579713          	slli	a4,a5,0x5
    254c:	18075e63          	bgez	a4,26e8 <__addsf3+0x21e>
    2550:	04000437          	lui	s0,0x4000
    2554:	147d                	addi	s0,s0,-1
    2556:	8c7d                	and	s0,s0,a5
    2558:	8522                	mv	a0,s0
    255a:	517000ef          	jal	ra,3270 <__clzsi2>
    255e:	156d                	addi	a0,a0,-5
    2560:	00a417b3          	sll	a5,s0,a0
    2564:	1a954863          	blt	a0,s1,2714 <__addsf3+0x24a>
    2568:	8d05                	sub	a0,a0,s1
    256a:	00150413          	addi	s0,a0,1
    256e:	02000713          	li	a4,32
    2572:	8f01                	sub	a4,a4,s0
    2574:	00e79733          	sll	a4,a5,a4
    2578:	00e03733          	snez	a4,a4
    257c:	0087d7b3          	srl	a5,a5,s0
    2580:	8fd9                	or	a5,a5,a4
    2582:	4481                	li	s1,0
    2584:	0077f713          	andi	a4,a5,7
    2588:	c719                	beqz	a4,2596 <__addsf3+0xcc>
    258a:	00f7f713          	andi	a4,a5,15
    258e:	4691                	li	a3,4
    2590:	00d70363          	beq	a4,a3,2596 <__addsf3+0xcc>
    2594:	0791                	addi	a5,a5,4
    2596:	00579713          	slli	a4,a5,0x5
    259a:	14075b63          	bgez	a4,26f0 <__addsf3+0x226>
    259e:	0485                	addi	s1,s1,1
    25a0:	0ff00713          	li	a4,255
    25a4:	864a                	mv	a2,s2
    25a6:	16e48363          	beq	s1,a4,270c <__addsf3+0x242>
    25aa:	079a                	slli	a5,a5,0x6
    25ac:	83a5                	srli	a5,a5,0x9
    25ae:	0ff4f513          	andi	a0,s1,255
    25b2:	40b2                	lw	ra,12(sp)
    25b4:	4422                	lw	s0,8(sp)
    25b6:	07a6                	slli	a5,a5,0x9
    25b8:	01751493          	slli	s1,a0,0x17
    25bc:	0097d513          	srli	a0,a5,0x9
    25c0:	8d45                	or	a0,a0,s1
    25c2:	067e                	slli	a2,a2,0x1f
    25c4:	4492                	lw	s1,4(sp)
    25c6:	4902                	lw	s2,0(sp)
    25c8:	8d51                	or	a0,a0,a2
    25ca:	0141                	addi	sp,sp,16
    25cc:	8082                	ret
    25ce:	0a089963          	bnez	a7,2680 <__addsf3+0x1b6>
    25d2:	00148713          	addi	a4,s1,1
    25d6:	0fe77713          	andi	a4,a4,254
    25da:	14071763          	bnez	a4,2728 <__addsf3+0x25e>
    25de:	22049063          	bnez	s1,27fe <__addsf3+0x334>
    25e2:	1e0e0d63          	beqz	t3,27dc <__addsf3+0x312>
    25e6:	fc0e86e3          	beqz	t4,25b2 <__addsf3+0xe8>
    25ea:	41de07b3          	sub	a5,t3,t4
    25ee:	00579713          	slli	a4,a5,0x5
    25f2:	22075063          	bgez	a4,2812 <__addsf3+0x348>
    25f6:	41ce87b3          	sub	a5,t4,t3
    25fa:	892e                	mv	s2,a1
    25fc:	b761                	j	2584 <__addsf3+0xba>
    25fe:	0b105c63          	blez	a7,26b6 <__addsf3+0x1ec>
    2602:	08080e63          	beqz	a6,269e <__addsf3+0x1d4>
    2606:	0ff00793          	li	a5,255
    260a:	06f48363          	beq	s1,a5,2670 <__addsf3+0x1a6>
    260e:	040007b7          	lui	a5,0x4000
    2612:	00feeeb3          	or	t4,t4,a5
    2616:	47ed                	li	a5,27
    2618:	1f17c963          	blt	a5,a7,280a <__addsf3+0x340>
    261c:	02000793          	li	a5,32
    2620:	411787b3          	sub	a5,a5,a7
    2624:	00fe97b3          	sll	a5,t4,a5
    2628:	011ed8b3          	srl	a7,t4,a7
    262c:	00f037b3          	snez	a5,a5
    2630:	00f8e7b3          	or	a5,a7,a5
    2634:	97f2                	add	a5,a5,t3
    2636:	00579713          	slli	a4,a5,0x5
    263a:	0a075763          	bgez	a4,26e8 <__addsf3+0x21e>
    263e:	0485                	addi	s1,s1,1
    2640:	0ff00713          	li	a4,255
    2644:	0ce48463          	beq	s1,a4,270c <__addsf3+0x242>
    2648:	7e0006b7          	lui	a3,0x7e000
    264c:	0017d713          	srli	a4,a5,0x1
    2650:	16fd                	addi	a3,a3,-1
    2652:	8b85                	andi	a5,a5,1
    2654:	8f75                	and	a4,a4,a3
    2656:	8fd9                	or	a5,a5,a4
    2658:	b735                	j	2584 <__addsf3+0xba>
    265a:	080e8d63          	beqz	t4,26f4 <__addsf3+0x22a>
    265e:	18fd                	addi	a7,a7,-1
    2660:	41de07b3          	sub	a5,t3,t4
    2664:	ee0882e3          	beqz	a7,2548 <__addsf3+0x7e>
    2668:	0ff00793          	li	a5,255
    266c:	eaf49de3          	bne	s1,a5,2526 <__addsf3+0x5c>
    2670:	08030d63          	beqz	t1,270a <__addsf3+0x240>
    2674:	4601                	li	a2,0
    2676:	0ff00513          	li	a0,255
    267a:	004007b7          	lui	a5,0x400
    267e:	bf15                	j	25b2 <__addsf3+0xe8>
    2680:	40980733          	sub	a4,a6,s1
    2684:	e8ed                	bnez	s1,2776 <__addsf3+0x2ac>
    2686:	140e0263          	beqz	t3,27ca <__addsf3+0x300>
    268a:	177d                	addi	a4,a4,-1
    268c:	18070863          	beqz	a4,281c <__addsf3+0x352>
    2690:	0ff00793          	li	a5,255
    2694:	0ef81963          	bne	a6,a5,2786 <__addsf3+0x2bc>
    2698:	892e                	mv	s2,a1
    269a:	8336                	mv	t1,a3
    269c:	bfd1                	j	2670 <__addsf3+0x1a6>
    269e:	040e8b63          	beqz	t4,26f4 <__addsf3+0x22a>
    26a2:	18fd                	addi	a7,a7,-1
    26a4:	01de07b3          	add	a5,t3,t4
    26a8:	f80887e3          	beqz	a7,2636 <__addsf3+0x16c>
    26ac:	0ff00793          	li	a5,255
    26b0:	f6f493e3          	bne	s1,a5,2616 <__addsf3+0x14c>
    26b4:	bf75                	j	2670 <__addsf3+0x1a6>
    26b6:	08089563          	bnez	a7,2740 <__addsf3+0x276>
    26ba:	0485                	addi	s1,s1,1
    26bc:	0fe4f713          	andi	a4,s1,254
    26c0:	12071363          	bnez	a4,27e6 <__addsf3+0x31c>
    26c4:	10051763          	bnez	a0,27d2 <__addsf3+0x308>
    26c8:	140e0f63          	beqz	t3,2826 <__addsf3+0x35c>
    26cc:	ee0e83e3          	beqz	t4,25b2 <__addsf3+0xe8>
    26d0:	01de07b3          	add	a5,t3,t4
    26d4:	00579713          	slli	a4,a5,0x5
    26d8:	4481                	li	s1,0
    26da:	00075763          	bgez	a4,26e8 <__addsf3+0x21e>
    26de:	fc000737          	lui	a4,0xfc000
    26e2:	177d                	addi	a4,a4,-1
    26e4:	8ff9                	and	a5,a5,a4
    26e6:	4485                	li	s1,1
    26e8:	0077f713          	andi	a4,a5,7
    26ec:	e8071fe3          	bnez	a4,258a <__addsf3+0xc0>
    26f0:	0037d313          	srli	t1,a5,0x3
    26f4:	0ff00793          	li	a5,255
    26f8:	f6f48ce3          	beq	s1,a5,2670 <__addsf3+0x1a6>
    26fc:	00931793          	slli	a5,t1,0x9
    2700:	83a5                	srli	a5,a5,0x9
    2702:	0ff4f513          	andi	a0,s1,255
    2706:	864a                	mv	a2,s2
    2708:	b56d                	j	25b2 <__addsf3+0xe8>
    270a:	864a                	mv	a2,s2
    270c:	0ff00513          	li	a0,255
    2710:	4781                	li	a5,0
    2712:	b545                	j	25b2 <__addsf3+0xe8>
    2714:	fc000737          	lui	a4,0xfc000
    2718:	177d                	addi	a4,a4,-1
    271a:	8ff9                	and	a5,a5,a4
    271c:	0077f713          	andi	a4,a5,7
    2720:	8c89                	sub	s1,s1,a0
    2722:	e60714e3          	bnez	a4,258a <__addsf3+0xc0>
    2726:	b7e9                	j	26f0 <__addsf3+0x226>
    2728:	41de0433          	sub	s0,t3,t4
    272c:	00541793          	slli	a5,s0,0x5
    2730:	0c07c363          	bltz	a5,27f6 <__addsf3+0x32c>
    2734:	e20412e3          	bnez	s0,2558 <__addsf3+0x8e>
    2738:	4601                	li	a2,0
    273a:	4501                	li	a0,0
    273c:	4781                	li	a5,0
    273e:	bd95                	j	25b2 <__addsf3+0xe8>
    2740:	40980733          	sub	a4,a6,s1
    2744:	c4ad                	beqz	s1,27ae <__addsf3+0x2e4>
    2746:	0ff00793          	li	a5,255
    274a:	f4f808e3          	beq	a6,a5,269a <__addsf3+0x1d0>
    274e:	040007b7          	lui	a5,0x4000
    2752:	00fe6e33          	or	t3,t3,a5
    2756:	47ed                	li	a5,27
    2758:	0ce7cc63          	blt	a5,a4,2830 <__addsf3+0x366>
    275c:	02000793          	li	a5,32
    2760:	8f99                	sub	a5,a5,a4
    2762:	00fe17b3          	sll	a5,t3,a5
    2766:	00ee5733          	srl	a4,t3,a4
    276a:	00f037b3          	snez	a5,a5
    276e:	8fd9                	or	a5,a5,a4
    2770:	97f6                	add	a5,a5,t4
    2772:	84c2                	mv	s1,a6
    2774:	b5c9                	j	2636 <__addsf3+0x16c>
    2776:	0ff00793          	li	a5,255
    277a:	f0f80fe3          	beq	a6,a5,2698 <__addsf3+0x1ce>
    277e:	040007b7          	lui	a5,0x4000
    2782:	00fe6e33          	or	t3,t3,a5
    2786:	47ed                	li	a5,27
    2788:	08e7c363          	blt	a5,a4,280e <__addsf3+0x344>
    278c:	02000693          	li	a3,32
    2790:	8e99                	sub	a3,a3,a4
    2792:	00de16b3          	sll	a3,t3,a3
    2796:	00ee57b3          	srl	a5,t3,a4
    279a:	00d03733          	snez	a4,a3
    279e:	8fd9                	or	a5,a5,a4
    27a0:	40fe87b3          	sub	a5,t4,a5
    27a4:	84c2                	mv	s1,a6
    27a6:	892e                	mv	s2,a1
    27a8:	b345                	j	2548 <__addsf3+0x7e>
    27aa:	4785                	li	a5,1
    27ac:	bb61                	j	2544 <__addsf3+0x7a>
    27ae:	060e0e63          	beqz	t3,282a <__addsf3+0x360>
    27b2:	177d                	addi	a4,a4,-1
    27b4:	01de07b3          	add	a5,t3,t4
    27b8:	84c2                	mv	s1,a6
    27ba:	e6070ee3          	beqz	a4,2636 <__addsf3+0x16c>
    27be:	0ff00793          	li	a5,255
    27c2:	f8f81ae3          	bne	a6,a5,2756 <__addsf3+0x28c>
    27c6:	8336                	mv	t1,a3
    27c8:	b565                	j	2670 <__addsf3+0x1a6>
    27ca:	8336                	mv	t1,a3
    27cc:	84c2                	mv	s1,a6
    27ce:	892e                	mv	s2,a1
    27d0:	b715                	j	26f4 <__addsf3+0x22a>
    27d2:	ec0e04e3          	beqz	t3,269a <__addsf3+0x1d0>
    27d6:	e80e8de3          	beqz	t4,2670 <__addsf3+0x1a6>
    27da:	bd69                	j	2674 <__addsf3+0x1aa>
    27dc:	020e8d63          	beqz	t4,2816 <__addsf3+0x34c>
    27e0:	862e                	mv	a2,a1
    27e2:	87b6                	mv	a5,a3
    27e4:	b3f9                	j	25b2 <__addsf3+0xe8>
    27e6:	0ff00793          	li	a5,255
    27ea:	f2f481e3          	beq	s1,a5,270c <__addsf3+0x242>
    27ee:	01de07b3          	add	a5,t3,t4
    27f2:	8385                	srli	a5,a5,0x1
    27f4:	bdd5                	j	26e8 <__addsf3+0x21e>
    27f6:	41ce8433          	sub	s0,t4,t3
    27fa:	892e                	mv	s2,a1
    27fc:	bbb1                	j	2558 <__addsf3+0x8e>
    27fe:	fc0e1ce3          	bnez	t3,27d6 <__addsf3+0x30c>
    2802:	e60e89e3          	beqz	t4,2674 <__addsf3+0x1aa>
    2806:	892e                	mv	s2,a1
    2808:	bd49                	j	269a <__addsf3+0x1d0>
    280a:	4785                	li	a5,1
    280c:	b525                	j	2634 <__addsf3+0x16a>
    280e:	4785                	li	a5,1
    2810:	bf41                	j	27a0 <__addsf3+0x2d6>
    2812:	ec079be3          	bnez	a5,26e8 <__addsf3+0x21e>
    2816:	4601                	li	a2,0
    2818:	4781                	li	a5,0
    281a:	bb61                	j	25b2 <__addsf3+0xe8>
    281c:	41ce87b3          	sub	a5,t4,t3
    2820:	84c2                	mv	s1,a6
    2822:	892e                	mv	s2,a1
    2824:	b315                	j	2548 <__addsf3+0x7e>
    2826:	87b6                	mv	a5,a3
    2828:	b369                	j	25b2 <__addsf3+0xe8>
    282a:	8336                	mv	t1,a3
    282c:	84c2                	mv	s1,a6
    282e:	b5d9                	j	26f4 <__addsf3+0x22a>
    2830:	4785                	li	a5,1
    2832:	bf3d                	j	2770 <__addsf3+0x2a6>

00002834 <__divsf3>:
    2834:	7139                	addi	sp,sp,-64
    2836:	01755793          	srli	a5,a0,0x17
    283a:	d84a                	sw	s2,48(sp)
    283c:	d256                	sw	s5,36(sp)
    283e:	ce5e                	sw	s7,28(sp)
    2840:	00951a93          	slli	s5,a0,0x9
    2844:	01f55913          	srli	s2,a0,0x1f
    2848:	de06                	sw	ra,60(sp)
    284a:	dc22                	sw	s0,56(sp)
    284c:	da26                	sw	s1,52(sp)
    284e:	d64e                	sw	s3,44(sp)
    2850:	d452                	sw	s4,40(sp)
    2852:	d05a                	sw	s6,32(sp)
    2854:	0ff7f793          	andi	a5,a5,255
    2858:	009ada93          	srli	s5,s5,0x9
    285c:	8bca                	mv	s7,s2
    285e:	12078263          	beqz	a5,2982 <__divsf3+0x14e>
    2862:	0ff00713          	li	a4,255
    2866:	12e78463          	beq	a5,a4,298e <__divsf3+0x15a>
    286a:	0a8e                	slli	s5,s5,0x3
    286c:	04000737          	lui	a4,0x4000
    2870:	00eaeab3          	or	s5,s5,a4
    2874:	f8178a13          	addi	s4,a5,-127 # 3ffff81 <_data_lma+0x3ffabb5>
    2878:	4401                	li	s0,0
    287a:	4b01                	li	s6,0
    287c:	0175d793          	srli	a5,a1,0x17
    2880:	00959493          	slli	s1,a1,0x9
    2884:	0ff7f793          	andi	a5,a5,255
    2888:	80a5                	srli	s1,s1,0x9
    288a:	01f5d993          	srli	s3,a1,0x1f
    288e:	c7fd                	beqz	a5,297c <__divsf3+0x148>
    2890:	0ff00713          	li	a4,255
    2894:	02e78763          	beq	a5,a4,28c2 <__divsf3+0x8e>
    2898:	048e                	slli	s1,s1,0x3
    289a:	f8178793          	addi	a5,a5,-127
    289e:	04000737          	lui	a4,0x4000
    28a2:	8cd9                	or	s1,s1,a4
    28a4:	40fa0a33          	sub	s4,s4,a5
    28a8:	4681                	li	a3,0
    28aa:	8c55                	or	s0,s0,a3
    28ac:	00003717          	auipc	a4,0x3
    28b0:	8c470713          	addi	a4,a4,-1852 # 5170 <OLED_F8x16+0x67c>
    28b4:	040a                	slli	s0,s0,0x2
    28b6:	943a                	add	s0,s0,a4
    28b8:	401c                	lw	a5,0(s0)
    28ba:	01394933          	xor	s2,s2,s3
    28be:	97ba                	add	a5,a5,a4
    28c0:	8782                	jr	a5
    28c2:	f01a0a13          	addi	s4,s4,-255
    28c6:	e8f9                	bnez	s1,299c <__divsf3+0x168>
    28c8:	4689                	li	a3,2
    28ca:	8c55                	or	s0,s0,a3
    28cc:	00003717          	auipc	a4,0x3
    28d0:	8e470713          	addi	a4,a4,-1820 # 51b0 <OLED_F8x16+0x6bc>
    28d4:	040a                	slli	s0,s0,0x2
    28d6:	943a                	add	s0,s0,a4
    28d8:	401c                	lw	a5,0(s0)
    28da:	01394933          	xor	s2,s2,s3
    28de:	97ba                	add	a5,a5,a4
    28e0:	8782                	jr	a5
    28e2:	4901                	li	s2,0
    28e4:	0ff00713          	li	a4,255
    28e8:	004007b7          	lui	a5,0x400
    28ec:	00979513          	slli	a0,a5,0x9
    28f0:	50f2                	lw	ra,60(sp)
    28f2:	5462                	lw	s0,56(sp)
    28f4:	01771793          	slli	a5,a4,0x17
    28f8:	8125                	srli	a0,a0,0x9
    28fa:	097e                	slli	s2,s2,0x1f
    28fc:	8d5d                	or	a0,a0,a5
    28fe:	01256533          	or	a0,a0,s2
    2902:	54d2                	lw	s1,52(sp)
    2904:	5942                	lw	s2,48(sp)
    2906:	59b2                	lw	s3,44(sp)
    2908:	5a22                	lw	s4,40(sp)
    290a:	5a92                	lw	s5,36(sp)
    290c:	5b02                	lw	s6,32(sp)
    290e:	4bf2                	lw	s7,28(sp)
    2910:	6121                	addi	sp,sp,64
    2912:	8082                	ret
    2914:	0ff00713          	li	a4,255
    2918:	4781                	li	a5,0
    291a:	bfc9                	j	28ec <__divsf3+0xb8>
    291c:	8aa6                	mv	s5,s1
    291e:	8bce                	mv	s7,s3
    2920:	8b36                	mv	s6,a3
    2922:	4789                	li	a5,2
    2924:	1afb0b63          	beq	s6,a5,2ada <__divsf3+0x2a6>
    2928:	478d                	li	a5,3
    292a:	fafb0ce3          	beq	s6,a5,28e2 <__divsf3+0xae>
    292e:	4785                	li	a5,1
    2930:	0afb0a63          	beq	s6,a5,29e4 <__divsf3+0x1b0>
    2934:	07fa0713          	addi	a4,s4,127
    2938:	001bf913          	andi	s2,s7,1
    293c:	12e05763          	blez	a4,2a6a <__divsf3+0x236>
    2940:	007af793          	andi	a5,s5,7
    2944:	c799                	beqz	a5,2952 <__divsf3+0x11e>
    2946:	00faf793          	andi	a5,s5,15
    294a:	4691                	li	a3,4
    294c:	00d78363          	beq	a5,a3,2952 <__divsf3+0x11e>
    2950:	0a91                	addi	s5,s5,4
    2952:	004a9793          	slli	a5,s5,0x4
    2956:	0007d963          	bgez	a5,2968 <__divsf3+0x134>
    295a:	f80007b7          	lui	a5,0xf8000
    295e:	17fd                	addi	a5,a5,-1
    2960:	00fafab3          	and	s5,s5,a5
    2964:	080a0713          	addi	a4,s4,128
    2968:	0fe00793          	li	a5,254
    296c:	fae7c4e3          	blt	a5,a4,2914 <__divsf3+0xe0>
    2970:	006a9793          	slli	a5,s5,0x6
    2974:	83a5                	srli	a5,a5,0x9
    2976:	0ff77713          	andi	a4,a4,255
    297a:	bf8d                	j	28ec <__divsf3+0xb8>
    297c:	e4b9                	bnez	s1,29ca <__divsf3+0x196>
    297e:	4685                	li	a3,1
    2980:	b7a9                	j	28ca <__divsf3+0x96>
    2982:	020a9463          	bnez	s5,29aa <__divsf3+0x176>
    2986:	4411                	li	s0,4
    2988:	4a01                	li	s4,0
    298a:	4b05                	li	s6,1
    298c:	bdc5                	j	287c <__divsf3+0x48>
    298e:	000a9963          	bnez	s5,29a0 <__divsf3+0x16c>
    2992:	4421                	li	s0,8
    2994:	0ff00a13          	li	s4,255
    2998:	4b09                	li	s6,2
    299a:	b5cd                	j	287c <__divsf3+0x48>
    299c:	468d                	li	a3,3
    299e:	b731                	j	28aa <__divsf3+0x76>
    29a0:	4431                	li	s0,12
    29a2:	0ff00a13          	li	s4,255
    29a6:	4b0d                	li	s6,3
    29a8:	bdd1                	j	287c <__divsf3+0x48>
    29aa:	8556                	mv	a0,s5
    29ac:	c62e                	sw	a1,12(sp)
    29ae:	0c3000ef          	jal	ra,3270 <__clzsi2>
    29b2:	ffb50793          	addi	a5,a0,-5
    29b6:	00fa9ab3          	sll	s5,s5,a5
    29ba:	f8a00793          	li	a5,-118
    29be:	40a78a33          	sub	s4,a5,a0
    29c2:	4401                	li	s0,0
    29c4:	4b01                	li	s6,0
    29c6:	45b2                	lw	a1,12(sp)
    29c8:	bd55                	j	287c <__divsf3+0x48>
    29ca:	8526                	mv	a0,s1
    29cc:	0a5000ef          	jal	ra,3270 <__clzsi2>
    29d0:	ffb50713          	addi	a4,a0,-5
    29d4:	00aa07b3          	add	a5,s4,a0
    29d8:	00e494b3          	sll	s1,s1,a4
    29dc:	07678a13          	addi	s4,a5,118 # f8000076 <_eusrstack+0xd7ffb076>
    29e0:	4681                	li	a3,0
    29e2:	b5e1                	j	28aa <__divsf3+0x76>
    29e4:	001bf913          	andi	s2,s7,1
    29e8:	4701                	li	a4,0
    29ea:	4781                	li	a5,0
    29ec:	b701                	j	28ec <__divsf3+0xb8>
    29ee:	6641                	lui	a2,0x10
    29f0:	00549513          	slli	a0,s1,0x5
    29f4:	167d                	addi	a2,a2,-1
    29f6:	01055793          	srli	a5,a0,0x10
    29fa:	8e69                	and	a2,a2,a0
    29fc:	0a9afa63          	bgeu	s5,s1,2ab0 <__divsf3+0x27c>
    2a00:	02fad5b3          	divu	a1,s5,a5
    2a04:	1a7d                	addi	s4,s4,-1
    2a06:	86d6                	mv	a3,s5
    2a08:	4701                	li	a4,0
    2a0a:	02c58833          	mul	a6,a1,a2
    2a0e:	02f6f6b3          	remu	a3,a3,a5
    2a12:	06c2                	slli	a3,a3,0x10
    2a14:	8f55                	or	a4,a4,a3
    2a16:	01077b63          	bgeu	a4,a6,2a2c <__divsf3+0x1f8>
    2a1a:	972a                	add	a4,a4,a0
    2a1c:	fff58693          	addi	a3,a1,-1
    2a20:	0aa76863          	bltu	a4,a0,2ad0 <__divsf3+0x29c>
    2a24:	0b077663          	bgeu	a4,a6,2ad0 <__divsf3+0x29c>
    2a28:	15f9                	addi	a1,a1,-2
    2a2a:	972a                	add	a4,a4,a0
    2a2c:	41070733          	sub	a4,a4,a6
    2a30:	02f756b3          	divu	a3,a4,a5
    2a34:	02f77733          	remu	a4,a4,a5
    2a38:	02c68ab3          	mul	s5,a3,a2
    2a3c:	01071793          	slli	a5,a4,0x10
    2a40:	0157fb63          	bgeu	a5,s5,2a56 <__divsf3+0x222>
    2a44:	97aa                	add	a5,a5,a0
    2a46:	fff68713          	addi	a4,a3,-1 # 7dffffff <_eusrstack+0x5dffafff>
    2a4a:	08a7e163          	bltu	a5,a0,2acc <__divsf3+0x298>
    2a4e:	0757ff63          	bgeu	a5,s5,2acc <__divsf3+0x298>
    2a52:	16f9                	addi	a3,a3,-2
    2a54:	97aa                	add	a5,a5,a0
    2a56:	05c2                	slli	a1,a1,0x10
    2a58:	41578ab3          	sub	s5,a5,s5
    2a5c:	8dd5                	or	a1,a1,a3
    2a5e:	01503ab3          	snez	s5,s5
    2a62:	0155eab3          	or	s5,a1,s5
    2a66:	8bca                	mv	s7,s2
    2a68:	b5f1                	j	2934 <__divsf3+0x100>
    2a6a:	4685                	li	a3,1
    2a6c:	8e99                	sub	a3,a3,a4
    2a6e:	c711                	beqz	a4,2a7a <__divsf3+0x246>
    2a70:	466d                	li	a2,27
    2a72:	4701                	li	a4,0
    2a74:	4781                	li	a5,0
    2a76:	e6d64be3          	blt	a2,a3,28ec <__divsf3+0xb8>
    2a7a:	09ea0a13          	addi	s4,s4,158
    2a7e:	014a9a33          	sll	s4,s5,s4
    2a82:	00dad7b3          	srl	a5,s5,a3
    2a86:	01403ab3          	snez	s5,s4
    2a8a:	0157e7b3          	or	a5,a5,s5
    2a8e:	0077f713          	andi	a4,a5,7
    2a92:	c719                	beqz	a4,2aa0 <__divsf3+0x26c>
    2a94:	00f7f713          	andi	a4,a5,15
    2a98:	4691                	li	a3,4
    2a9a:	00d70363          	beq	a4,a3,2aa0 <__divsf3+0x26c>
    2a9e:	0791                	addi	a5,a5,4
    2aa0:	00579713          	slli	a4,a5,0x5
    2aa4:	02074863          	bltz	a4,2ad4 <__divsf3+0x2a0>
    2aa8:	079a                	slli	a5,a5,0x6
    2aaa:	83a5                	srli	a5,a5,0x9
    2aac:	4701                	li	a4,0
    2aae:	bd3d                	j	28ec <__divsf3+0xb8>
    2ab0:	001ad693          	srli	a3,s5,0x1
    2ab4:	02f6d5b3          	divu	a1,a3,a5
    2ab8:	01fa9713          	slli	a4,s5,0x1f
    2abc:	8341                	srli	a4,a4,0x10
    2abe:	02c58833          	mul	a6,a1,a2
    2ac2:	b7b1                	j	2a0e <__divsf3+0x1da>
    2ac4:	8bce                	mv	s7,s3
    2ac6:	8b36                	mv	s6,a3
    2ac8:	4a81                	li	s5,0
    2aca:	bda1                	j	2922 <__divsf3+0xee>
    2acc:	86ba                	mv	a3,a4
    2ace:	b761                	j	2a56 <__divsf3+0x222>
    2ad0:	85b6                	mv	a1,a3
    2ad2:	bfa9                	j	2a2c <__divsf3+0x1f8>
    2ad4:	4705                	li	a4,1
    2ad6:	4781                	li	a5,0
    2ad8:	bd11                	j	28ec <__divsf3+0xb8>
    2ada:	001bf913          	andi	s2,s7,1
    2ade:	0ff00713          	li	a4,255
    2ae2:	4781                	li	a5,0
    2ae4:	b521                	j	28ec <__divsf3+0xb8>

00002ae6 <__mulsf3>:
    2ae6:	7179                	addi	sp,sp,-48
    2ae8:	d422                	sw	s0,40(sp)
    2aea:	01755413          	srli	s0,a0,0x17
    2aee:	ce4e                	sw	s3,28(sp)
    2af0:	cc52                	sw	s4,24(sp)
    2af2:	00951993          	slli	s3,a0,0x9
    2af6:	d606                	sw	ra,44(sp)
    2af8:	d226                	sw	s1,36(sp)
    2afa:	d04a                	sw	s2,32(sp)
    2afc:	ca56                	sw	s5,20(sp)
    2afe:	c85a                	sw	s6,16(sp)
    2b00:	0ff47413          	andi	s0,s0,255
    2b04:	0099d993          	srli	s3,s3,0x9
    2b08:	01f55a13          	srli	s4,a0,0x1f
    2b0c:	c469                	beqz	s0,2bd6 <__mulsf3+0xf0>
    2b0e:	0ff00793          	li	a5,255
    2b12:	0ef40863          	beq	s0,a5,2c02 <__mulsf3+0x11c>
    2b16:	00399793          	slli	a5,s3,0x3
    2b1a:	04000737          	lui	a4,0x4000
    2b1e:	00e7e9b3          	or	s3,a5,a4
    2b22:	f8140413          	addi	s0,s0,-127 # 3ffff81 <_data_lma+0x3ffabb5>
    2b26:	4481                	li	s1,0
    2b28:	4b01                	li	s6,0
    2b2a:	0175d713          	srli	a4,a1,0x17
    2b2e:	00959a93          	slli	s5,a1,0x9
    2b32:	0ff77713          	andi	a4,a4,255
    2b36:	009ada93          	srli	s5,s5,0x9
    2b3a:	01f5d913          	srli	s2,a1,0x1f
    2b3e:	cf45                	beqz	a4,2bf6 <__mulsf3+0x110>
    2b40:	0ff00793          	li	a5,255
    2b44:	02f70c63          	beq	a4,a5,2b7c <__mulsf3+0x96>
    2b48:	0a8e                	slli	s5,s5,0x3
    2b4a:	f8170713          	addi	a4,a4,-127 # 3ffff81 <_data_lma+0x3ffabb5>
    2b4e:	040007b7          	lui	a5,0x4000
    2b52:	00faeab3          	or	s5,s5,a5
    2b56:	943a                	add	s0,s0,a4
    2b58:	4601                	li	a2,0
    2b5a:	012a4533          	xor	a0,s4,s2
    2b5e:	47bd                	li	a5,15
    2b60:	86aa                	mv	a3,a0
    2b62:	00140593          	addi	a1,s0,1
    2b66:	1097e063          	bltu	a5,s1,2c66 <__mulsf3+0x180>
    2b6a:	00002717          	auipc	a4,0x2
    2b6e:	68670713          	addi	a4,a4,1670 # 51f0 <OLED_F8x16+0x6fc>
    2b72:	048a                	slli	s1,s1,0x2
    2b74:	94ba                	add	s1,s1,a4
    2b76:	409c                	lw	a5,0(s1)
    2b78:	97ba                	add	a5,a5,a4
    2b7a:	8782                	jr	a5
    2b7c:	0ff40413          	addi	s0,s0,255
    2b80:	0c0a9663          	bnez	s5,2c4c <__mulsf3+0x166>
    2b84:	0024e493          	ori	s1,s1,2
    2b88:	4609                	li	a2,2
    2b8a:	bfc1                	j	2b5a <__mulsf3+0x74>
    2b8c:	4501                	li	a0,0
    2b8e:	0ff00713          	li	a4,255
    2b92:	004007b7          	lui	a5,0x400
    2b96:	50b2                	lw	ra,44(sp)
    2b98:	5422                	lw	s0,40(sp)
    2b9a:	07a6                	slli	a5,a5,0x9
    2b9c:	075e                	slli	a4,a4,0x17
    2b9e:	83a5                	srli	a5,a5,0x9
    2ba0:	057e                	slli	a0,a0,0x1f
    2ba2:	8fd9                	or	a5,a5,a4
    2ba4:	5492                	lw	s1,36(sp)
    2ba6:	5902                	lw	s2,32(sp)
    2ba8:	49f2                	lw	s3,28(sp)
    2baa:	4a62                	lw	s4,24(sp)
    2bac:	4ad2                	lw	s5,20(sp)
    2bae:	4b42                	lw	s6,16(sp)
    2bb0:	8d5d                	or	a0,a0,a5
    2bb2:	6145                	addi	sp,sp,48
    2bb4:	8082                	ret
    2bb6:	86ca                	mv	a3,s2
    2bb8:	89d6                	mv	s3,s5
    2bba:	8b32                	mv	s6,a2
    2bbc:	4789                	li	a5,2
    2bbe:	08fb0f63          	beq	s6,a5,2c5c <__mulsf3+0x176>
    2bc2:	478d                	li	a5,3
    2bc4:	fcfb04e3          	beq	s6,a5,2b8c <__mulsf3+0xa6>
    2bc8:	4785                	li	a5,1
    2bca:	8536                	mv	a0,a3
    2bcc:	1afb1063          	bne	s6,a5,2d6c <__mulsf3+0x286>
    2bd0:	4701                	li	a4,0
    2bd2:	4781                	li	a5,0
    2bd4:	b7c9                	j	2b96 <__mulsf3+0xb0>
    2bd6:	04099d63          	bnez	s3,2c30 <__mulsf3+0x14a>
    2bda:	0175d713          	srli	a4,a1,0x17
    2bde:	00959a93          	slli	s5,a1,0x9
    2be2:	0ff77713          	andi	a4,a4,255
    2be6:	4491                	li	s1,4
    2be8:	4401                	li	s0,0
    2bea:	4b05                	li	s6,1
    2bec:	009ada93          	srli	s5,s5,0x9
    2bf0:	01f5d913          	srli	s2,a1,0x1f
    2bf4:	f731                	bnez	a4,2b40 <__mulsf3+0x5a>
    2bf6:	000a9d63          	bnez	s5,2c10 <__mulsf3+0x12a>
    2bfa:	0014e493          	ori	s1,s1,1
    2bfe:	4605                	li	a2,1
    2c00:	bfa9                	j	2b5a <__mulsf3+0x74>
    2c02:	02099263          	bnez	s3,2c26 <__mulsf3+0x140>
    2c06:	44a1                	li	s1,8
    2c08:	0ff00413          	li	s0,255
    2c0c:	4b09                	li	s6,2
    2c0e:	bf31                	j	2b2a <__mulsf3+0x44>
    2c10:	8556                	mv	a0,s5
    2c12:	2db9                	jal	3270 <__clzsi2>
    2c14:	ffb50793          	addi	a5,a0,-5
    2c18:	8c09                	sub	s0,s0,a0
    2c1a:	00fa9ab3          	sll	s5,s5,a5
    2c1e:	f8a40413          	addi	s0,s0,-118
    2c22:	4601                	li	a2,0
    2c24:	bf1d                	j	2b5a <__mulsf3+0x74>
    2c26:	44b1                	li	s1,12
    2c28:	0ff00413          	li	s0,255
    2c2c:	4b0d                	li	s6,3
    2c2e:	bdf5                	j	2b2a <__mulsf3+0x44>
    2c30:	854e                	mv	a0,s3
    2c32:	c62e                	sw	a1,12(sp)
    2c34:	2d35                	jal	3270 <__clzsi2>
    2c36:	ffb50793          	addi	a5,a0,-5
    2c3a:	f8a00413          	li	s0,-118
    2c3e:	00f999b3          	sll	s3,s3,a5
    2c42:	8c09                	sub	s0,s0,a0
    2c44:	4481                	li	s1,0
    2c46:	4b01                	li	s6,0
    2c48:	45b2                	lw	a1,12(sp)
    2c4a:	b5c5                	j	2b2a <__mulsf3+0x44>
    2c4c:	0034e493          	ori	s1,s1,3
    2c50:	460d                	li	a2,3
    2c52:	b721                	j	2b5a <__mulsf3+0x74>
    2c54:	4789                	li	a5,2
    2c56:	86d2                	mv	a3,s4
    2c58:	f6fb15e3          	bne	s6,a5,2bc2 <__mulsf3+0xdc>
    2c5c:	8536                	mv	a0,a3
    2c5e:	0ff00713          	li	a4,255
    2c62:	4781                	li	a5,0
    2c64:	bf0d                	j	2b96 <__mulsf3+0xb0>
    2c66:	6341                	lui	t1,0x10
    2c68:	fff30693          	addi	a3,t1,-1 # ffff <_data_lma+0xac33>
    2c6c:	0109d613          	srli	a2,s3,0x10
    2c70:	010ad893          	srli	a7,s5,0x10
    2c74:	00d9f7b3          	and	a5,s3,a3
    2c78:	00dafab3          	and	s5,s5,a3
    2c7c:	03578833          	mul	a6,a5,s5
    2c80:	02f889b3          	mul	s3,a7,a5
    2c84:	01085713          	srli	a4,a6,0x10
    2c88:	03560ab3          	mul	s5,a2,s5
    2c8c:	99d6                	add	s3,s3,s5
    2c8e:	974e                	add	a4,a4,s3
    2c90:	03160633          	mul	a2,a2,a7
    2c94:	01577363          	bgeu	a4,s5,2c9a <__mulsf3+0x1b4>
    2c98:	961a                	add	a2,a2,t1
    2c9a:	67c1                	lui	a5,0x10
    2c9c:	17fd                	addi	a5,a5,-1
    2c9e:	00f776b3          	and	a3,a4,a5
    2ca2:	00f87833          	and	a6,a6,a5
    2ca6:	06c2                	slli	a3,a3,0x10
    2ca8:	96c2                	add	a3,a3,a6
    2caa:	00669993          	slli	s3,a3,0x6
    2cae:	01075793          	srli	a5,a4,0x10
    2cb2:	013039b3          	snez	s3,s3
    2cb6:	82e9                	srli	a3,a3,0x1a
    2cb8:	97b2                	add	a5,a5,a2
    2cba:	079a                	slli	a5,a5,0x6
    2cbc:	00d9e6b3          	or	a3,s3,a3
    2cc0:	00d7e9b3          	or	s3,a5,a3
    2cc4:	00499793          	slli	a5,s3,0x4
    2cc8:	0007d963          	bgez	a5,2cda <__mulsf3+0x1f4>
    2ccc:	0019d713          	srli	a4,s3,0x1
    2cd0:	0019f793          	andi	a5,s3,1
    2cd4:	00f769b3          	or	s3,a4,a5
    2cd8:	842e                	mv	s0,a1
    2cda:	07f40713          	addi	a4,s0,127
    2cde:	04e05063          	blez	a4,2d1e <__mulsf3+0x238>
    2ce2:	0079f793          	andi	a5,s3,7
    2ce6:	c799                	beqz	a5,2cf4 <__mulsf3+0x20e>
    2ce8:	00f9f793          	andi	a5,s3,15
    2cec:	4691                	li	a3,4
    2cee:	00d78363          	beq	a5,a3,2cf4 <__mulsf3+0x20e>
    2cf2:	0991                	addi	s3,s3,4
    2cf4:	00499793          	slli	a5,s3,0x4
    2cf8:	0007d963          	bgez	a5,2d0a <__mulsf3+0x224>
    2cfc:	f80007b7          	lui	a5,0xf8000
    2d00:	17fd                	addi	a5,a5,-1
    2d02:	00f9f9b3          	and	s3,s3,a5
    2d06:	08040713          	addi	a4,s0,128
    2d0a:	0fe00793          	li	a5,254
    2d0e:	04e7cb63          	blt	a5,a4,2d64 <__mulsf3+0x27e>
    2d12:	00699793          	slli	a5,s3,0x6
    2d16:	83a5                	srli	a5,a5,0x9
    2d18:	0ff77713          	andi	a4,a4,255
    2d1c:	bdad                	j	2b96 <__mulsf3+0xb0>
    2d1e:	4785                	li	a5,1
    2d20:	40e786b3          	sub	a3,a5,a4
    2d24:	c711                	beqz	a4,2d30 <__mulsf3+0x24a>
    2d26:	466d                	li	a2,27
    2d28:	4701                	li	a4,0
    2d2a:	4781                	li	a5,0
    2d2c:	e6d645e3          	blt	a2,a3,2b96 <__mulsf3+0xb0>
    2d30:	09e40713          	addi	a4,s0,158
    2d34:	00e99733          	sll	a4,s3,a4
    2d38:	00e03733          	snez	a4,a4
    2d3c:	00d9d7b3          	srl	a5,s3,a3
    2d40:	8fd9                	or	a5,a5,a4
    2d42:	0077f713          	andi	a4,a5,7
    2d46:	c719                	beqz	a4,2d54 <__mulsf3+0x26e>
    2d48:	00f7f713          	andi	a4,a5,15
    2d4c:	4691                	li	a3,4
    2d4e:	00d70363          	beq	a4,a3,2d54 <__mulsf3+0x26e>
    2d52:	0791                	addi	a5,a5,4
    2d54:	00579713          	slli	a4,a5,0x5
    2d58:	00074c63          	bltz	a4,2d70 <__mulsf3+0x28a>
    2d5c:	079a                	slli	a5,a5,0x6
    2d5e:	83a5                	srli	a5,a5,0x9
    2d60:	4701                	li	a4,0
    2d62:	bd15                	j	2b96 <__mulsf3+0xb0>
    2d64:	0ff00713          	li	a4,255
    2d68:	4781                	li	a5,0
    2d6a:	b535                	j	2b96 <__mulsf3+0xb0>
    2d6c:	842e                	mv	s0,a1
    2d6e:	b7b5                	j	2cda <__mulsf3+0x1f4>
    2d70:	4705                	li	a4,1
    2d72:	4781                	li	a5,0
    2d74:	b50d                	j	2b96 <__mulsf3+0xb0>

00002d76 <__subsf3>:
    2d76:	00800737          	lui	a4,0x800
    2d7a:	1141                	addi	sp,sp,-16
    2d7c:	177d                	addi	a4,a4,-1
    2d7e:	01755693          	srli	a3,a0,0x17
    2d82:	0175d813          	srli	a6,a1,0x17
    2d86:	00a777b3          	and	a5,a4,a0
    2d8a:	0ff6f693          	andi	a3,a3,255
    2d8e:	01f55e93          	srli	t4,a0,0x1f
    2d92:	00b77633          	and	a2,a4,a1
    2d96:	c226                	sw	s1,4(sp)
    2d98:	c04a                	sw	s2,0(sp)
    2d9a:	0ff87813          	andi	a6,a6,255
    2d9e:	c606                	sw	ra,12(sp)
    2da0:	c422                	sw	s0,8(sp)
    2da2:	0ff00313          	li	t1,255
    2da6:	8e3e                	mv	t3,a5
    2da8:	8936                	mv	s2,a3
    2daa:	84f6                	mv	s1,t4
    2dac:	00379f13          	slli	t5,a5,0x3
    2db0:	81fd                	srli	a1,a1,0x1f
    2db2:	00361513          	slli	a0,a2,0x3
    2db6:	410688b3          	sub	a7,a3,a6
    2dba:	10680263          	beq	a6,t1,2ebe <__subsf3+0x148>
    2dbe:	0015c593          	xori	a1,a1,1
    2dc2:	10be8c63          	beq	t4,a1,2eda <__subsf3+0x164>
    2dc6:	0d105463          	blez	a7,2e8e <__subsf3+0x118>
    2dca:	10081063          	bnez	a6,2eca <__subsf3+0x154>
    2dce:	1e050463          	beqz	a0,2fb6 <__subsf3+0x240>
    2dd2:	18fd                	addi	a7,a7,-1
    2dd4:	40af07b3          	sub	a5,t5,a0
    2dd8:	02088663          	beqz	a7,2e04 <__subsf3+0x8e>
    2ddc:	0ff00793          	li	a5,255
    2de0:	16f68863          	beq	a3,a5,2f50 <__subsf3+0x1da>
    2de4:	47ed                	li	a5,27
    2de6:	2917c763          	blt	a5,a7,3074 <__subsf3+0x2fe>
    2dea:	02000713          	li	a4,32
    2dee:	41170733          	sub	a4,a4,a7
    2df2:	00e51733          	sll	a4,a0,a4
    2df6:	011557b3          	srl	a5,a0,a7
    2dfa:	00e03733          	snez	a4,a4
    2dfe:	8fd9                	or	a5,a5,a4
    2e00:	40ff07b3          	sub	a5,t5,a5
    2e04:	00579713          	slli	a4,a5,0x5
    2e08:	1a075163          	bgez	a4,2faa <__subsf3+0x234>
    2e0c:	04000437          	lui	s0,0x4000
    2e10:	147d                	addi	s0,s0,-1
    2e12:	8c7d                	and	s0,s0,a5
    2e14:	8522                	mv	a0,s0
    2e16:	29a9                	jal	3270 <__clzsi2>
    2e18:	156d                	addi	a0,a0,-5
    2e1a:	00a417b3          	sll	a5,s0,a0
    2e1e:	1b254e63          	blt	a0,s2,2fda <__subsf3+0x264>
    2e22:	41250533          	sub	a0,a0,s2
    2e26:	00150413          	addi	s0,a0,1
    2e2a:	02000713          	li	a4,32
    2e2e:	8f01                	sub	a4,a4,s0
    2e30:	00e79733          	sll	a4,a5,a4
    2e34:	00e03733          	snez	a4,a4
    2e38:	0087d7b3          	srl	a5,a5,s0
    2e3c:	8fd9                	or	a5,a5,a4
    2e3e:	4901                	li	s2,0
    2e40:	0077f713          	andi	a4,a5,7
    2e44:	c719                	beqz	a4,2e52 <__subsf3+0xdc>
    2e46:	00f7f713          	andi	a4,a5,15
    2e4a:	4691                	li	a3,4
    2e4c:	00d70363          	beq	a4,a3,2e52 <__subsf3+0xdc>
    2e50:	0791                	addi	a5,a5,4
    2e52:	00579713          	slli	a4,a5,0x5
    2e56:	14075e63          	bgez	a4,2fb2 <__subsf3+0x23c>
    2e5a:	00190693          	addi	a3,s2,1
    2e5e:	0ff00713          	li	a4,255
    2e62:	0014fe93          	andi	t4,s1,1
    2e66:	16e68663          	beq	a3,a4,2fd2 <__subsf3+0x25c>
    2e6a:	079a                	slli	a5,a5,0x6
    2e6c:	83a5                	srli	a5,a5,0x9
    2e6e:	0ff6f693          	andi	a3,a3,255
    2e72:	07a6                	slli	a5,a5,0x9
    2e74:	40b2                	lw	ra,12(sp)
    2e76:	4422                	lw	s0,8(sp)
    2e78:	0097d513          	srli	a0,a5,0x9
    2e7c:	06de                	slli	a3,a3,0x17
    2e7e:	01fe9793          	slli	a5,t4,0x1f
    2e82:	8d55                	or	a0,a0,a3
    2e84:	4492                	lw	s1,4(sp)
    2e86:	4902                	lw	s2,0(sp)
    2e88:	8d5d                	or	a0,a0,a5
    2e8a:	0141                	addi	sp,sp,16
    2e8c:	8082                	ret
    2e8e:	0a089263          	bnez	a7,2f32 <__subsf3+0x1bc>
    2e92:	00168713          	addi	a4,a3,1
    2e96:	0fe77713          	andi	a4,a4,254
    2e9a:	14071b63          	bnez	a4,2ff0 <__subsf3+0x27a>
    2e9e:	22069463          	bnez	a3,30c6 <__subsf3+0x350>
    2ea2:	200f0263          	beqz	t5,30a6 <__subsf3+0x330>
    2ea6:	d571                	beqz	a0,2e72 <__subsf3+0xfc>
    2ea8:	40af07b3          	sub	a5,t5,a0
    2eac:	00579713          	slli	a4,a5,0x5
    2eb0:	22075563          	bgez	a4,30da <__subsf3+0x364>
    2eb4:	41e507b3          	sub	a5,a0,t5
    2eb8:	4901                	li	s2,0
    2eba:	84ae                	mv	s1,a1
    2ebc:	b751                	j	2e40 <__subsf3+0xca>
    2ebe:	f00500e3          	beqz	a0,2dbe <__subsf3+0x48>
    2ec2:	0abe8a63          	beq	t4,a1,2f76 <__subsf3+0x200>
    2ec6:	fd1054e3          	blez	a7,2e8e <__subsf3+0x118>
    2eca:	0ff00793          	li	a5,255
    2ece:	08f68163          	beq	a3,a5,2f50 <__subsf3+0x1da>
    2ed2:	040007b7          	lui	a5,0x4000
    2ed6:	8d5d                	or	a0,a0,a5
    2ed8:	b731                	j	2de4 <__subsf3+0x6e>
    2eda:	09105e63          	blez	a7,2f76 <__subsf3+0x200>
    2ede:	08080163          	beqz	a6,2f60 <__subsf3+0x1ea>
    2ee2:	0ff00793          	li	a5,255
    2ee6:	06f68563          	beq	a3,a5,2f50 <__subsf3+0x1da>
    2eea:	040007b7          	lui	a5,0x4000
    2eee:	8d5d                	or	a0,a0,a5
    2ef0:	47ed                	li	a5,27
    2ef2:	1f17c063          	blt	a5,a7,30d2 <__subsf3+0x35c>
    2ef6:	02000713          	li	a4,32
    2efa:	41170733          	sub	a4,a4,a7
    2efe:	00e51733          	sll	a4,a0,a4
    2f02:	011557b3          	srl	a5,a0,a7
    2f06:	00e03733          	snez	a4,a4
    2f0a:	8fd9                	or	a5,a5,a4
    2f0c:	97fa                	add	a5,a5,t5
    2f0e:	00579713          	slli	a4,a5,0x5
    2f12:	08075c63          	bgez	a4,2faa <__subsf3+0x234>
    2f16:	0905                	addi	s2,s2,1
    2f18:	0ff00713          	li	a4,255
    2f1c:	0ae90b63          	beq	s2,a4,2fd2 <__subsf3+0x25c>
    2f20:	7e0006b7          	lui	a3,0x7e000
    2f24:	0017d713          	srli	a4,a5,0x1
    2f28:	16fd                	addi	a3,a3,-1
    2f2a:	8b85                	andi	a5,a5,1
    2f2c:	8f75                	and	a4,a4,a3
    2f2e:	8fd9                	or	a5,a5,a4
    2f30:	bf01                	j	2e40 <__subsf3+0xca>
    2f32:	40d80733          	sub	a4,a6,a3
    2f36:	10069563          	bnez	a3,3040 <__subsf3+0x2ca>
    2f3a:	140f0d63          	beqz	t5,3094 <__subsf3+0x31e>
    2f3e:	177d                	addi	a4,a4,-1
    2f40:	1a070363          	beqz	a4,30e6 <__subsf3+0x370>
    2f44:	0ff00793          	li	a5,255
    2f48:	10f81463          	bne	a6,a5,3050 <__subsf3+0x2da>
    2f4c:	84ae                	mv	s1,a1
    2f4e:	8e32                	mv	t3,a2
    2f50:	060e0f63          	beqz	t3,2fce <__subsf3+0x258>
    2f54:	4e81                	li	t4,0
    2f56:	0ff00693          	li	a3,255
    2f5a:	004007b7          	lui	a5,0x400
    2f5e:	bf11                	j	2e72 <__subsf3+0xfc>
    2f60:	c939                	beqz	a0,2fb6 <__subsf3+0x240>
    2f62:	18fd                	addi	a7,a7,-1
    2f64:	00af07b3          	add	a5,t5,a0
    2f68:	fa0883e3          	beqz	a7,2f0e <__subsf3+0x198>
    2f6c:	0ff00793          	li	a5,255
    2f70:	f8f690e3          	bne	a3,a5,2ef0 <__subsf3+0x17a>
    2f74:	bff1                	j	2f50 <__subsf3+0x1da>
    2f76:	08089963          	bnez	a7,3008 <__subsf3+0x292>
    2f7a:	00168913          	addi	s2,a3,1 # 7e000001 <_eusrstack+0x5dffb001>
    2f7e:	0fe97713          	andi	a4,s2,254
    2f82:	12071663          	bnez	a4,30ae <__subsf3+0x338>
    2f86:	10069b63          	bnez	a3,309c <__subsf3+0x326>
    2f8a:	160f0363          	beqz	t5,30f0 <__subsf3+0x37a>
    2f8e:	ee0502e3          	beqz	a0,2e72 <__subsf3+0xfc>
    2f92:	00af07b3          	add	a5,t5,a0
    2f96:	00579713          	slli	a4,a5,0x5
    2f9a:	4901                	li	s2,0
    2f9c:	00075763          	bgez	a4,2faa <__subsf3+0x234>
    2fa0:	fc000737          	lui	a4,0xfc000
    2fa4:	177d                	addi	a4,a4,-1
    2fa6:	8ff9                	and	a5,a5,a4
    2fa8:	4905                	li	s2,1
    2faa:	0077f713          	andi	a4,a5,7
    2fae:	e8071ce3          	bnez	a4,2e46 <__subsf3+0xd0>
    2fb2:	0037de13          	srli	t3,a5,0x3
    2fb6:	0ff00793          	li	a5,255
    2fba:	f8f90be3          	beq	s2,a5,2f50 <__subsf3+0x1da>
    2fbe:	009e1793          	slli	a5,t3,0x9
    2fc2:	83a5                	srli	a5,a5,0x9
    2fc4:	0ff97693          	andi	a3,s2,255
    2fc8:	0014fe93          	andi	t4,s1,1
    2fcc:	b55d                	j	2e72 <__subsf3+0xfc>
    2fce:	0014fe93          	andi	t4,s1,1
    2fd2:	0ff00693          	li	a3,255
    2fd6:	4781                	li	a5,0
    2fd8:	bd69                	j	2e72 <__subsf3+0xfc>
    2fda:	fc000737          	lui	a4,0xfc000
    2fde:	177d                	addi	a4,a4,-1
    2fe0:	8ff9                	and	a5,a5,a4
    2fe2:	0077f713          	andi	a4,a5,7
    2fe6:	40a90933          	sub	s2,s2,a0
    2fea:	e4071ee3          	bnez	a4,2e46 <__subsf3+0xd0>
    2fee:	b7d1                	j	2fb2 <__subsf3+0x23c>
    2ff0:	40af0433          	sub	s0,t5,a0
    2ff4:	00541793          	slli	a5,s0,0x5
    2ff8:	0c07c363          	bltz	a5,30be <__subsf3+0x348>
    2ffc:	e0041ce3          	bnez	s0,2e14 <__subsf3+0x9e>
    3000:	4e81                	li	t4,0
    3002:	4681                	li	a3,0
    3004:	4781                	li	a5,0
    3006:	b5b5                	j	2e72 <__subsf3+0xfc>
    3008:	40d80733          	sub	a4,a6,a3
    300c:	c6b5                	beqz	a3,3078 <__subsf3+0x302>
    300e:	0ff00793          	li	a5,255
    3012:	f2f80ee3          	beq	a6,a5,2f4e <__subsf3+0x1d8>
    3016:	040007b7          	lui	a5,0x4000
    301a:	00ff6f33          	or	t5,t5,a5
    301e:	47ed                	li	a5,27
    3020:	0ce7cd63          	blt	a5,a4,30fa <__subsf3+0x384>
    3024:	02000793          	li	a5,32
    3028:	8f99                	sub	a5,a5,a4
    302a:	00ff17b3          	sll	a5,t5,a5
    302e:	00ef5733          	srl	a4,t5,a4
    3032:	00f037b3          	snez	a5,a5
    3036:	8f5d                	or	a4,a4,a5
    3038:	00a707b3          	add	a5,a4,a0
    303c:	8942                	mv	s2,a6
    303e:	bdc1                	j	2f0e <__subsf3+0x198>
    3040:	0ff00793          	li	a5,255
    3044:	f0f804e3          	beq	a6,a5,2f4c <__subsf3+0x1d6>
    3048:	040007b7          	lui	a5,0x4000
    304c:	00ff6f33          	or	t5,t5,a5
    3050:	47ed                	li	a5,27
    3052:	08e7c263          	blt	a5,a4,30d6 <__subsf3+0x360>
    3056:	02000793          	li	a5,32
    305a:	8f99                	sub	a5,a5,a4
    305c:	00ff17b3          	sll	a5,t5,a5
    3060:	00ef5733          	srl	a4,t5,a4
    3064:	00f037b3          	snez	a5,a5
    3068:	8fd9                	or	a5,a5,a4
    306a:	40f507b3          	sub	a5,a0,a5
    306e:	8942                	mv	s2,a6
    3070:	84ae                	mv	s1,a1
    3072:	bb49                	j	2e04 <__subsf3+0x8e>
    3074:	4785                	li	a5,1
    3076:	b369                	j	2e00 <__subsf3+0x8a>
    3078:	060f0e63          	beqz	t5,30f4 <__subsf3+0x37e>
    307c:	177d                	addi	a4,a4,-1
    307e:	00af07b3          	add	a5,t5,a0
    3082:	8942                	mv	s2,a6
    3084:	e80705e3          	beqz	a4,2f0e <__subsf3+0x198>
    3088:	0ff00793          	li	a5,255
    308c:	f8f819e3          	bne	a6,a5,301e <__subsf3+0x2a8>
    3090:	8e32                	mv	t3,a2
    3092:	bd7d                	j	2f50 <__subsf3+0x1da>
    3094:	8e32                	mv	t3,a2
    3096:	8942                	mv	s2,a6
    3098:	84ae                	mv	s1,a1
    309a:	bf31                	j	2fb6 <__subsf3+0x240>
    309c:	ea0f09e3          	beqz	t5,2f4e <__subsf3+0x1d8>
    30a0:	ea0508e3          	beqz	a0,2f50 <__subsf3+0x1da>
    30a4:	bd45                	j	2f54 <__subsf3+0x1de>
    30a6:	cd0d                	beqz	a0,30e0 <__subsf3+0x36a>
    30a8:	8eae                	mv	t4,a1
    30aa:	87b2                	mv	a5,a2
    30ac:	b3d9                	j	2e72 <__subsf3+0xfc>
    30ae:	0ff00793          	li	a5,255
    30b2:	f2f900e3          	beq	s2,a5,2fd2 <__subsf3+0x25c>
    30b6:	00af07b3          	add	a5,t5,a0
    30ba:	8385                	srli	a5,a5,0x1
    30bc:	b5fd                	j	2faa <__subsf3+0x234>
    30be:	41e50433          	sub	s0,a0,t5
    30c2:	84ae                	mv	s1,a1
    30c4:	bb81                	j	2e14 <__subsf3+0x9e>
    30c6:	fc0f1de3          	bnez	t5,30a0 <__subsf3+0x32a>
    30ca:	e80505e3          	beqz	a0,2f54 <__subsf3+0x1de>
    30ce:	84ae                	mv	s1,a1
    30d0:	bdbd                	j	2f4e <__subsf3+0x1d8>
    30d2:	4785                	li	a5,1
    30d4:	bd25                	j	2f0c <__subsf3+0x196>
    30d6:	4785                	li	a5,1
    30d8:	bf49                	j	306a <__subsf3+0x2f4>
    30da:	4901                	li	s2,0
    30dc:	ec0797e3          	bnez	a5,2faa <__subsf3+0x234>
    30e0:	4e81                	li	t4,0
    30e2:	4781                	li	a5,0
    30e4:	b379                	j	2e72 <__subsf3+0xfc>
    30e6:	41e507b3          	sub	a5,a0,t5
    30ea:	8942                	mv	s2,a6
    30ec:	84ae                	mv	s1,a1
    30ee:	bb19                	j	2e04 <__subsf3+0x8e>
    30f0:	87b2                	mv	a5,a2
    30f2:	b341                	j	2e72 <__subsf3+0xfc>
    30f4:	8e32                	mv	t3,a2
    30f6:	8942                	mv	s2,a6
    30f8:	bd7d                	j	2fb6 <__subsf3+0x240>
    30fa:	4705                	li	a4,1
    30fc:	bf35                	j	3038 <__subsf3+0x2c2>

000030fe <__floatsisf>:
    30fe:	1141                	addi	sp,sp,-16
    3100:	c606                	sw	ra,12(sp)
    3102:	c422                	sw	s0,8(sp)
    3104:	c226                	sw	s1,4(sp)
    3106:	cd0d                	beqz	a0,3140 <__floatsisf+0x42>
    3108:	41f55793          	srai	a5,a0,0x1f
    310c:	00a7c433          	xor	s0,a5,a0
    3110:	8c1d                	sub	s0,s0,a5
    3112:	84aa                	mv	s1,a0
    3114:	8522                	mv	a0,s0
    3116:	2aa9                	jal	3270 <__clzsi2>
    3118:	09e00793          	li	a5,158
    311c:	40a78733          	sub	a4,a5,a0
    3120:	09600793          	li	a5,150
    3124:	80fd                	srli	s1,s1,0x1f
    3126:	02e7cc63          	blt	a5,a4,315e <__floatsisf+0x60>
    312a:	46a1                	li	a3,8
    312c:	0ff77793          	andi	a5,a4,255
    3130:	00a6d563          	bge	a3,a0,313a <__floatsisf+0x3c>
    3134:	1561                	addi	a0,a0,-8
    3136:	00a41433          	sll	s0,s0,a0
    313a:	0426                	slli	s0,s0,0x9
    313c:	8025                	srli	s0,s0,0x9
    313e:	a021                	j	3146 <__floatsisf+0x48>
    3140:	4481                	li	s1,0
    3142:	4781                	li	a5,0
    3144:	4401                	li	s0,0
    3146:	0426                	slli	s0,s0,0x9
    3148:	00945513          	srli	a0,s0,0x9
    314c:	40b2                	lw	ra,12(sp)
    314e:	4422                	lw	s0,8(sp)
    3150:	07de                	slli	a5,a5,0x17
    3152:	04fe                	slli	s1,s1,0x1f
    3154:	8d5d                	or	a0,a0,a5
    3156:	8d45                	or	a0,a0,s1
    3158:	4492                	lw	s1,4(sp)
    315a:	0141                	addi	sp,sp,16
    315c:	8082                	ret
    315e:	09900793          	li	a5,153
    3162:	00e7dd63          	bge	a5,a4,317c <__floatsisf+0x7e>
    3166:	01b50793          	addi	a5,a0,27
    316a:	4695                	li	a3,5
    316c:	00f417b3          	sll	a5,s0,a5
    3170:	8e89                	sub	a3,a3,a0
    3172:	00d45433          	srl	s0,s0,a3
    3176:	00f037b3          	snez	a5,a5
    317a:	8c5d                	or	s0,s0,a5
    317c:	4795                	li	a5,5
    317e:	00a7d663          	bge	a5,a0,318a <__floatsisf+0x8c>
    3182:	ffb50793          	addi	a5,a0,-5
    3186:	00f41433          	sll	s0,s0,a5
    318a:	fc0006b7          	lui	a3,0xfc000
    318e:	16fd                	addi	a3,a3,-1
    3190:	00747793          	andi	a5,s0,7
    3194:	00d47633          	and	a2,s0,a3
    3198:	c385                	beqz	a5,31b8 <__floatsisf+0xba>
    319a:	00f47793          	andi	a5,s0,15
    319e:	4591                	li	a1,4
    31a0:	00b78c63          	beq	a5,a1,31b8 <__floatsisf+0xba>
    31a4:	0611                	addi	a2,a2,4
    31a6:	00561793          	slli	a5,a2,0x5
    31aa:	0007d763          	bgez	a5,31b8 <__floatsisf+0xba>
    31ae:	09f00793          	li	a5,159
    31b2:	8e75                	and	a2,a2,a3
    31b4:	40a78733          	sub	a4,a5,a0
    31b8:	00661413          	slli	s0,a2,0x6
    31bc:	8025                	srli	s0,s0,0x9
    31be:	0ff77793          	andi	a5,a4,255
    31c2:	b751                	j	3146 <__floatsisf+0x48>

000031c4 <__extendsfdf2>:
    31c4:	01755713          	srli	a4,a0,0x17
    31c8:	0ff77713          	andi	a4,a4,255
    31cc:	1141                	addi	sp,sp,-16
    31ce:	00170793          	addi	a5,a4,1 # fc000001 <_eusrstack+0xdbffb001>
    31d2:	c422                	sw	s0,8(sp)
    31d4:	c226                	sw	s1,4(sp)
    31d6:	00951413          	slli	s0,a0,0x9
    31da:	c606                	sw	ra,12(sp)
    31dc:	0fe7f793          	andi	a5,a5,254
    31e0:	8025                	srli	s0,s0,0x9
    31e2:	01f55493          	srli	s1,a0,0x1f
    31e6:	c785                	beqz	a5,320e <__extendsfdf2+0x4a>
    31e8:	00345793          	srli	a5,s0,0x3
    31ec:	38070713          	addi	a4,a4,896
    31f0:	0476                	slli	s0,s0,0x1d
    31f2:	07b2                	slli	a5,a5,0xc
    31f4:	0752                	slli	a4,a4,0x14
    31f6:	83b1                	srli	a5,a5,0xc
    31f8:	01f49513          	slli	a0,s1,0x1f
    31fc:	8fd9                	or	a5,a5,a4
    31fe:	8fc9                	or	a5,a5,a0
    3200:	40b2                	lw	ra,12(sp)
    3202:	8522                	mv	a0,s0
    3204:	4422                	lw	s0,8(sp)
    3206:	4492                	lw	s1,4(sp)
    3208:	85be                	mv	a1,a5
    320a:	0141                	addi	sp,sp,16
    320c:	8082                	ret
    320e:	eb05                	bnez	a4,323e <__extendsfdf2+0x7a>
    3210:	c439                	beqz	s0,325e <__extendsfdf2+0x9a>
    3212:	8522                	mv	a0,s0
    3214:	28b1                	jal	3270 <__clzsi2>
    3216:	47a9                	li	a5,10
    3218:	04a7c663          	blt	a5,a0,3264 <__extendsfdf2+0xa0>
    321c:	472d                	li	a4,11
    321e:	8f09                	sub	a4,a4,a0
    3220:	01550793          	addi	a5,a0,21
    3224:	00e45733          	srl	a4,s0,a4
    3228:	00f41433          	sll	s0,s0,a5
    322c:	00c71793          	slli	a5,a4,0xc
    3230:	38900713          	li	a4,905
    3234:	8f09                	sub	a4,a4,a0
    3236:	83b1                	srli	a5,a5,0xc
    3238:	7ff77713          	andi	a4,a4,2047
    323c:	bf5d                	j	31f2 <__extendsfdf2+0x2e>
    323e:	cc01                	beqz	s0,3256 <__extendsfdf2+0x92>
    3240:	00345713          	srli	a4,s0,0x3
    3244:	000807b7          	lui	a5,0x80
    3248:	8fd9                	or	a5,a5,a4
    324a:	07b2                	slli	a5,a5,0xc
    324c:	0476                	slli	s0,s0,0x1d
    324e:	83b1                	srli	a5,a5,0xc
    3250:	7ff00713          	li	a4,2047
    3254:	bf79                	j	31f2 <__extendsfdf2+0x2e>
    3256:	7ff00713          	li	a4,2047
    325a:	4781                	li	a5,0
    325c:	bf59                	j	31f2 <__extendsfdf2+0x2e>
    325e:	4701                	li	a4,0
    3260:	4781                	li	a5,0
    3262:	bf41                	j	31f2 <__extendsfdf2+0x2e>
    3264:	ff550713          	addi	a4,a0,-11
    3268:	00e41733          	sll	a4,s0,a4
    326c:	4401                	li	s0,0
    326e:	bf7d                	j	322c <__extendsfdf2+0x68>

00003270 <__clzsi2>:
    3270:	67c1                	lui	a5,0x10
    3272:	02f57e63          	bgeu	a0,a5,32ae <__clzsi2+0x3e>
    3276:	0ff00793          	li	a5,255
    327a:	02000713          	li	a4,32
    327e:	00a7ec63          	bltu	a5,a0,3296 <__clzsi2+0x26>
    3282:	00002797          	auipc	a5,0x2
    3286:	fae78793          	addi	a5,a5,-82 # 5230 <__clz_tab>
    328a:	97aa                	add	a5,a5,a0
    328c:	0007c503          	lbu	a0,0(a5)
    3290:	40a70533          	sub	a0,a4,a0
    3294:	8082                	ret
    3296:	8121                	srli	a0,a0,0x8
    3298:	00002797          	auipc	a5,0x2
    329c:	f9878793          	addi	a5,a5,-104 # 5230 <__clz_tab>
    32a0:	97aa                	add	a5,a5,a0
    32a2:	0007c503          	lbu	a0,0(a5)
    32a6:	4761                	li	a4,24
    32a8:	40a70533          	sub	a0,a4,a0
    32ac:	8082                	ret
    32ae:	010007b7          	lui	a5,0x1000
    32b2:	00f56e63          	bltu	a0,a5,32ce <__clzsi2+0x5e>
    32b6:	8161                	srli	a0,a0,0x18
    32b8:	00002797          	auipc	a5,0x2
    32bc:	f7878793          	addi	a5,a5,-136 # 5230 <__clz_tab>
    32c0:	97aa                	add	a5,a5,a0
    32c2:	0007c503          	lbu	a0,0(a5)
    32c6:	4721                	li	a4,8
    32c8:	40a70533          	sub	a0,a4,a0
    32cc:	8082                	ret
    32ce:	8141                	srli	a0,a0,0x10
    32d0:	00002797          	auipc	a5,0x2
    32d4:	f6078793          	addi	a5,a5,-160 # 5230 <__clz_tab>
    32d8:	97aa                	add	a5,a5,a0
    32da:	0007c503          	lbu	a0,0(a5)
    32de:	4741                	li	a4,16
    32e0:	40a70533          	sub	a0,a4,a0
    32e4:	8082                	ret

000032e6 <memcmp>:
    32e6:	4701                	li	a4,0
    32e8:	00e61463          	bne	a2,a4,32f0 <memcmp+0xa>
    32ec:	4501                	li	a0,0
    32ee:	8082                	ret
    32f0:	00e507b3          	add	a5,a0,a4
    32f4:	0705                	addi	a4,a4,1
    32f6:	00e586b3          	add	a3,a1,a4
    32fa:	0007c783          	lbu	a5,0(a5)
    32fe:	fff6c683          	lbu	a3,-1(a3) # fbffffff <_eusrstack+0xdbffafff>
    3302:	fed783e3          	beq	a5,a3,32e8 <memcmp+0x2>
    3306:	40d78533          	sub	a0,a5,a3
    330a:	8082                	ret

0000330c <memcpy>:
    330c:	00a5c7b3          	xor	a5,a1,a0
    3310:	8b8d                	andi	a5,a5,3
    3312:	00c50733          	add	a4,a0,a2
    3316:	e781                	bnez	a5,331e <memcpy+0x12>
    3318:	478d                	li	a5,3
    331a:	00c7ee63          	bltu	a5,a2,3336 <memcpy+0x2a>
    331e:	87aa                	mv	a5,a0
    3320:	0ae57063          	bgeu	a0,a4,33c0 <memcpy+0xb4>
    3324:	0005c683          	lbu	a3,0(a1)
    3328:	0785                	addi	a5,a5,1
    332a:	0585                	addi	a1,a1,1
    332c:	fed78fa3          	sb	a3,-1(a5)
    3330:	fee7eae3          	bltu	a5,a4,3324 <memcpy+0x18>
    3334:	8082                	ret
    3336:	00357693          	andi	a3,a0,3
    333a:	87aa                	mv	a5,a0
    333c:	ca91                	beqz	a3,3350 <memcpy+0x44>
    333e:	0005c683          	lbu	a3,0(a1)
    3342:	0785                	addi	a5,a5,1
    3344:	0585                	addi	a1,a1,1
    3346:	fed78fa3          	sb	a3,-1(a5)
    334a:	0037f693          	andi	a3,a5,3
    334e:	b7fd                	j	333c <memcpy+0x30>
    3350:	ffc77693          	andi	a3,a4,-4
    3354:	fe068613          	addi	a2,a3,-32
    3358:	06c7f063          	bgeu	a5,a2,33b8 <memcpy+0xac>
    335c:	0005a383          	lw	t2,0(a1)
    3360:	0045a283          	lw	t0,4(a1)
    3364:	0085af83          	lw	t6,8(a1)
    3368:	00c5af03          	lw	t5,12(a1)
    336c:	0105ae83          	lw	t4,16(a1)
    3370:	0145ae03          	lw	t3,20(a1)
    3374:	0185a303          	lw	t1,24(a1)
    3378:	01c5a883          	lw	a7,28(a1)
    337c:	02458593          	addi	a1,a1,36
    3380:	0077a023          	sw	t2,0(a5)
    3384:	ffc5a803          	lw	a6,-4(a1)
    3388:	0057a223          	sw	t0,4(a5)
    338c:	01f7a423          	sw	t6,8(a5)
    3390:	01e7a623          	sw	t5,12(a5)
    3394:	01d7a823          	sw	t4,16(a5)
    3398:	01c7aa23          	sw	t3,20(a5)
    339c:	0067ac23          	sw	t1,24(a5)
    33a0:	0117ae23          	sw	a7,28(a5)
    33a4:	02478793          	addi	a5,a5,36
    33a8:	ff07ae23          	sw	a6,-4(a5)
    33ac:	b775                	j	3358 <memcpy+0x4c>
    33ae:	4190                	lw	a2,0(a1)
    33b0:	0791                	addi	a5,a5,4
    33b2:	0591                	addi	a1,a1,4
    33b4:	fec7ae23          	sw	a2,-4(a5)
    33b8:	fed7ebe3          	bltu	a5,a3,33ae <memcpy+0xa2>
    33bc:	f6e7e4e3          	bltu	a5,a4,3324 <memcpy+0x18>
    33c0:	8082                	ret

000033c2 <memmove>:
    33c2:	04a5f363          	bgeu	a1,a0,3408 <memmove+0x46>
    33c6:	00c586b3          	add	a3,a1,a2
    33ca:	02d57f63          	bgeu	a0,a3,3408 <memmove+0x46>
    33ce:	fff64593          	not	a1,a2
    33d2:	4781                	li	a5,0
    33d4:	17fd                	addi	a5,a5,-1
    33d6:	00f59363          	bne	a1,a5,33dc <memmove+0x1a>
    33da:	8082                	ret
    33dc:	00f68733          	add	a4,a3,a5
    33e0:	00074803          	lbu	a6,0(a4)
    33e4:	00c78733          	add	a4,a5,a2
    33e8:	972a                	add	a4,a4,a0
    33ea:	01070023          	sb	a6,0(a4)
    33ee:	b7dd                	j	33d4 <memmove+0x12>
    33f0:	00f58733          	add	a4,a1,a5
    33f4:	00074683          	lbu	a3,0(a4)
    33f8:	00f50733          	add	a4,a0,a5
    33fc:	0785                	addi	a5,a5,1
    33fe:	00d70023          	sb	a3,0(a4)
    3402:	fef617e3          	bne	a2,a5,33f0 <memmove+0x2e>
    3406:	8082                	ret
    3408:	4781                	li	a5,0
    340a:	bfe5                	j	3402 <memmove+0x40>

0000340c <iprintf>:
    340c:	7139                	addi	sp,sp,-64
    340e:	da3e                	sw	a5,52(sp)
    3410:	d22e                	sw	a1,36(sp)
    3412:	d432                	sw	a2,40(sp)
    3414:	d636                	sw	a3,44(sp)
    3416:	d83a                	sw	a4,48(sp)
    3418:	dc42                	sw	a6,56(sp)
    341a:	de46                	sw	a7,60(sp)
    341c:	80c18793          	addi	a5,gp,-2036 # 2000008c <_impure_ptr>
    3420:	cc22                	sw	s0,24(sp)
    3422:	4380                	lw	s0,0(a5)
    3424:	ca26                	sw	s1,20(sp)
    3426:	ce06                	sw	ra,28(sp)
    3428:	84aa                	mv	s1,a0
    342a:	c409                	beqz	s0,3434 <iprintf+0x28>
    342c:	4c1c                	lw	a5,24(s0)
    342e:	e399                	bnez	a5,3434 <iprintf+0x28>
    3430:	8522                	mv	a0,s0
    3432:	2b59                	jal	39c8 <__sinit>
    3434:	440c                	lw	a1,8(s0)
    3436:	1054                	addi	a3,sp,36
    3438:	8626                	mv	a2,s1
    343a:	8522                	mv	a0,s0
    343c:	c636                	sw	a3,12(sp)
    343e:	557000ef          	jal	ra,4194 <_vfiprintf_r>
    3442:	40f2                	lw	ra,28(sp)
    3444:	4462                	lw	s0,24(sp)
    3446:	44d2                	lw	s1,20(sp)
    3448:	6121                	addi	sp,sp,64
    344a:	8082                	ret

0000344c <_puts_r>:
    344c:	1101                	addi	sp,sp,-32
    344e:	ca26                	sw	s1,20(sp)
    3450:	c84a                	sw	s2,16(sp)
    3452:	ce06                	sw	ra,28(sp)
    3454:	cc22                	sw	s0,24(sp)
    3456:	c64e                	sw	s3,12(sp)
    3458:	c452                	sw	s4,8(sp)
    345a:	84aa                	mv	s1,a0
    345c:	892e                	mv	s2,a1
    345e:	c501                	beqz	a0,3466 <_puts_r+0x1a>
    3460:	4d1c                	lw	a5,24(a0)
    3462:	e391                	bnez	a5,3466 <_puts_r+0x1a>
    3464:	2395                	jal	39c8 <__sinit>
    3466:	4c9c                	lw	a5,24(s1)
    3468:	4480                	lw	s0,8(s1)
    346a:	e399                	bnez	a5,3470 <_puts_r+0x24>
    346c:	8526                	mv	a0,s1
    346e:	2ba9                	jal	39c8 <__sinit>
    3470:	00002797          	auipc	a5,0x2
    3474:	ee078793          	addi	a5,a5,-288 # 5350 <__sf_fake_stdin>
    3478:	02f41c63          	bne	s0,a5,34b0 <_puts_r+0x64>
    347c:	40c0                	lw	s0,4(s1)
    347e:	00c45783          	lhu	a5,12(s0) # 400000c <_data_lma+0x3ffac40>
    3482:	8ba1                	andi	a5,a5,8
    3484:	c7b1                	beqz	a5,34d0 <_puts_r+0x84>
    3486:	481c                	lw	a5,16(s0)
    3488:	c7a1                	beqz	a5,34d0 <_puts_r+0x84>
    348a:	59fd                	li	s3,-1
    348c:	4a29                	li	s4,10
    348e:	441c                	lw	a5,8(s0)
    3490:	00094583          	lbu	a1,0(s2)
    3494:	17fd                	addi	a5,a5,-1
    3496:	e9b1                	bnez	a1,34ea <_puts_r+0x9e>
    3498:	c41c                	sw	a5,8(s0)
    349a:	0607de63          	bgez	a5,3516 <_puts_r+0xca>
    349e:	8622                	mv	a2,s0
    34a0:	45a9                	li	a1,10
    34a2:	8526                	mv	a0,s1
    34a4:	28f5                	jal	35a0 <__swbuf_r>
    34a6:	57fd                	li	a5,-1
    34a8:	02f50863          	beq	a0,a5,34d8 <_puts_r+0x8c>
    34ac:	4529                	li	a0,10
    34ae:	a035                	j	34da <_puts_r+0x8e>
    34b0:	00002797          	auipc	a5,0x2
    34b4:	ec078793          	addi	a5,a5,-320 # 5370 <__sf_fake_stdout>
    34b8:	00f41463          	bne	s0,a5,34c0 <_puts_r+0x74>
    34bc:	4480                	lw	s0,8(s1)
    34be:	b7c1                	j	347e <_puts_r+0x32>
    34c0:	00002797          	auipc	a5,0x2
    34c4:	e7078793          	addi	a5,a5,-400 # 5330 <__sf_fake_stderr>
    34c8:	faf41be3          	bne	s0,a5,347e <_puts_r+0x32>
    34cc:	44c0                	lw	s0,12(s1)
    34ce:	bf45                	j	347e <_puts_r+0x32>
    34d0:	85a2                	mv	a1,s0
    34d2:	8526                	mv	a0,s1
    34d4:	2271                	jal	3660 <__swsetup_r>
    34d6:	d955                	beqz	a0,348a <_puts_r+0x3e>
    34d8:	557d                	li	a0,-1
    34da:	40f2                	lw	ra,28(sp)
    34dc:	4462                	lw	s0,24(sp)
    34de:	44d2                	lw	s1,20(sp)
    34e0:	4942                	lw	s2,16(sp)
    34e2:	49b2                	lw	s3,12(sp)
    34e4:	4a22                	lw	s4,8(sp)
    34e6:	6105                	addi	sp,sp,32
    34e8:	8082                	ret
    34ea:	c41c                	sw	a5,8(s0)
    34ec:	0905                	addi	s2,s2,1
    34ee:	0007d763          	bgez	a5,34fc <_puts_r+0xb0>
    34f2:	4c18                	lw	a4,24(s0)
    34f4:	00e7cb63          	blt	a5,a4,350a <_puts_r+0xbe>
    34f8:	01458963          	beq	a1,s4,350a <_puts_r+0xbe>
    34fc:	401c                	lw	a5,0(s0)
    34fe:	00178713          	addi	a4,a5,1
    3502:	c018                	sw	a4,0(s0)
    3504:	00b78023          	sb	a1,0(a5)
    3508:	b759                	j	348e <_puts_r+0x42>
    350a:	8622                	mv	a2,s0
    350c:	8526                	mv	a0,s1
    350e:	2849                	jal	35a0 <__swbuf_r>
    3510:	f7351fe3          	bne	a0,s3,348e <_puts_r+0x42>
    3514:	b7d1                	j	34d8 <_puts_r+0x8c>
    3516:	401c                	lw	a5,0(s0)
    3518:	00178713          	addi	a4,a5,1
    351c:	c018                	sw	a4,0(s0)
    351e:	4729                	li	a4,10
    3520:	00e78023          	sb	a4,0(a5)
    3524:	b761                	j	34ac <_puts_r+0x60>

00003526 <puts>:
    3526:	80c18793          	addi	a5,gp,-2036 # 2000008c <_impure_ptr>
    352a:	85aa                	mv	a1,a0
    352c:	4388                	lw	a0,0(a5)
    352e:	bf39                	j	344c <_puts_r>

00003530 <sniprintf>:
    3530:	7135                	addi	sp,sp,-160
    3532:	cb3e                	sw	a5,148(sp)
    3534:	daa6                	sw	s1,116(sp)
    3536:	c736                	sw	a3,140(sp)
    3538:	c93a                	sw	a4,144(sp)
    353a:	cd42                	sw	a6,152(sp)
    353c:	cf46                	sw	a7,156(sp)
    353e:	80c18793          	addi	a5,gp,-2036 # 2000008c <_impure_ptr>
    3542:	de86                	sw	ra,124(sp)
    3544:	dca2                	sw	s0,120(sp)
    3546:	4384                	lw	s1,0(a5)
    3548:	0005db63          	bgez	a1,355e <sniprintf+0x2e>
    354c:	08b00793          	li	a5,139
    3550:	c09c                	sw	a5,0(s1)
    3552:	557d                	li	a0,-1
    3554:	50f6                	lw	ra,124(sp)
    3556:	5466                	lw	s0,120(sp)
    3558:	54d6                	lw	s1,116(sp)
    355a:	610d                	addi	sp,sp,160
    355c:	8082                	ret
    355e:	20800793          	li	a5,520
    3562:	00f11a23          	sh	a5,20(sp)
    3566:	c42a                	sw	a0,8(sp)
    3568:	cc2a                	sw	a0,24(sp)
    356a:	4781                	li	a5,0
    356c:	c199                	beqz	a1,3572 <sniprintf+0x42>
    356e:	fff58793          	addi	a5,a1,-1
    3572:	c83e                	sw	a5,16(sp)
    3574:	ce3e                	sw	a5,28(sp)
    3576:	0174                	addi	a3,sp,140
    3578:	57fd                	li	a5,-1
    357a:	842e                	mv	s0,a1
    357c:	8526                	mv	a0,s1
    357e:	002c                	addi	a1,sp,8
    3580:	00f11b23          	sh	a5,22(sp)
    3584:	c236                	sw	a3,4(sp)
    3586:	121000ef          	jal	ra,3ea6 <_svfiprintf_r>
    358a:	57fd                	li	a5,-1
    358c:	00f55563          	bge	a0,a5,3596 <sniprintf+0x66>
    3590:	08b00793          	li	a5,139
    3594:	c09c                	sw	a5,0(s1)
    3596:	dc5d                	beqz	s0,3554 <sniprintf+0x24>
    3598:	47a2                	lw	a5,8(sp)
    359a:	00078023          	sb	zero,0(a5)
    359e:	bf5d                	j	3554 <sniprintf+0x24>

000035a0 <__swbuf_r>:
    35a0:	1101                	addi	sp,sp,-32
    35a2:	cc22                	sw	s0,24(sp)
    35a4:	ca26                	sw	s1,20(sp)
    35a6:	c84a                	sw	s2,16(sp)
    35a8:	ce06                	sw	ra,28(sp)
    35aa:	c64e                	sw	s3,12(sp)
    35ac:	84aa                	mv	s1,a0
    35ae:	892e                	mv	s2,a1
    35b0:	8432                	mv	s0,a2
    35b2:	c501                	beqz	a0,35ba <__swbuf_r+0x1a>
    35b4:	4d1c                	lw	a5,24(a0)
    35b6:	e391                	bnez	a5,35ba <__swbuf_r+0x1a>
    35b8:	2901                	jal	39c8 <__sinit>
    35ba:	00002797          	auipc	a5,0x2
    35be:	d9678793          	addi	a5,a5,-618 # 5350 <__sf_fake_stdin>
    35c2:	06f41963          	bne	s0,a5,3634 <__swbuf_r+0x94>
    35c6:	40c0                	lw	s0,4(s1)
    35c8:	4c1c                	lw	a5,24(s0)
    35ca:	c41c                	sw	a5,8(s0)
    35cc:	00c45783          	lhu	a5,12(s0)
    35d0:	8ba1                	andi	a5,a5,8
    35d2:	c3c9                	beqz	a5,3654 <__swbuf_r+0xb4>
    35d4:	481c                	lw	a5,16(s0)
    35d6:	cfbd                	beqz	a5,3654 <__swbuf_r+0xb4>
    35d8:	481c                	lw	a5,16(s0)
    35da:	4008                	lw	a0,0(s0)
    35dc:	0ff97993          	andi	s3,s2,255
    35e0:	0ff97913          	andi	s2,s2,255
    35e4:	8d1d                	sub	a0,a0,a5
    35e6:	485c                	lw	a5,20(s0)
    35e8:	00f54663          	blt	a0,a5,35f4 <__swbuf_r+0x54>
    35ec:	85a2                	mv	a1,s0
    35ee:	8526                	mv	a0,s1
    35f0:	2c65                	jal	38a8 <_fflush_r>
    35f2:	e52d                	bnez	a0,365c <__swbuf_r+0xbc>
    35f4:	441c                	lw	a5,8(s0)
    35f6:	0505                	addi	a0,a0,1
    35f8:	17fd                	addi	a5,a5,-1
    35fa:	c41c                	sw	a5,8(s0)
    35fc:	401c                	lw	a5,0(s0)
    35fe:	00178713          	addi	a4,a5,1
    3602:	c018                	sw	a4,0(s0)
    3604:	01378023          	sb	s3,0(a5)
    3608:	485c                	lw	a5,20(s0)
    360a:	00a78963          	beq	a5,a0,361c <__swbuf_r+0x7c>
    360e:	00c45783          	lhu	a5,12(s0)
    3612:	8b85                	andi	a5,a5,1
    3614:	cb81                	beqz	a5,3624 <__swbuf_r+0x84>
    3616:	47a9                	li	a5,10
    3618:	00f91663          	bne	s2,a5,3624 <__swbuf_r+0x84>
    361c:	85a2                	mv	a1,s0
    361e:	8526                	mv	a0,s1
    3620:	2461                	jal	38a8 <_fflush_r>
    3622:	ed0d                	bnez	a0,365c <__swbuf_r+0xbc>
    3624:	40f2                	lw	ra,28(sp)
    3626:	4462                	lw	s0,24(sp)
    3628:	854a                	mv	a0,s2
    362a:	44d2                	lw	s1,20(sp)
    362c:	4942                	lw	s2,16(sp)
    362e:	49b2                	lw	s3,12(sp)
    3630:	6105                	addi	sp,sp,32
    3632:	8082                	ret
    3634:	00002797          	auipc	a5,0x2
    3638:	d3c78793          	addi	a5,a5,-708 # 5370 <__sf_fake_stdout>
    363c:	00f41463          	bne	s0,a5,3644 <__swbuf_r+0xa4>
    3640:	4480                	lw	s0,8(s1)
    3642:	b759                	j	35c8 <__swbuf_r+0x28>
    3644:	00002797          	auipc	a5,0x2
    3648:	cec78793          	addi	a5,a5,-788 # 5330 <__sf_fake_stderr>
    364c:	f6f41ee3          	bne	s0,a5,35c8 <__swbuf_r+0x28>
    3650:	44c0                	lw	s0,12(s1)
    3652:	bf9d                	j	35c8 <__swbuf_r+0x28>
    3654:	85a2                	mv	a1,s0
    3656:	8526                	mv	a0,s1
    3658:	2021                	jal	3660 <__swsetup_r>
    365a:	dd3d                	beqz	a0,35d8 <__swbuf_r+0x38>
    365c:	597d                	li	s2,-1
    365e:	b7d9                	j	3624 <__swbuf_r+0x84>

00003660 <__swsetup_r>:
    3660:	1141                	addi	sp,sp,-16
    3662:	80c18793          	addi	a5,gp,-2036 # 2000008c <_impure_ptr>
    3666:	c226                	sw	s1,4(sp)
    3668:	4384                	lw	s1,0(a5)
    366a:	c422                	sw	s0,8(sp)
    366c:	c04a                	sw	s2,0(sp)
    366e:	c606                	sw	ra,12(sp)
    3670:	892a                	mv	s2,a0
    3672:	842e                	mv	s0,a1
    3674:	c489                	beqz	s1,367e <__swsetup_r+0x1e>
    3676:	4c9c                	lw	a5,24(s1)
    3678:	e399                	bnez	a5,367e <__swsetup_r+0x1e>
    367a:	8526                	mv	a0,s1
    367c:	26b1                	jal	39c8 <__sinit>
    367e:	00002797          	auipc	a5,0x2
    3682:	cd278793          	addi	a5,a5,-814 # 5350 <__sf_fake_stdin>
    3686:	02f41c63          	bne	s0,a5,36be <__swsetup_r+0x5e>
    368a:	40c0                	lw	s0,4(s1)
    368c:	00c41703          	lh	a4,12(s0)
    3690:	01071793          	slli	a5,a4,0x10
    3694:	83c1                	srli	a5,a5,0x10
    3696:	0087f693          	andi	a3,a5,8
    369a:	eeb5                	bnez	a3,3716 <__swsetup_r+0xb6>
    369c:	0107f693          	andi	a3,a5,16
    36a0:	ee9d                	bnez	a3,36de <__swsetup_r+0x7e>
    36a2:	47a5                	li	a5,9
    36a4:	00f92023          	sw	a5,0(s2)
    36a8:	04076713          	ori	a4,a4,64
    36ac:	00e41623          	sh	a4,12(s0)
    36b0:	557d                	li	a0,-1
    36b2:	40b2                	lw	ra,12(sp)
    36b4:	4422                	lw	s0,8(sp)
    36b6:	4492                	lw	s1,4(sp)
    36b8:	4902                	lw	s2,0(sp)
    36ba:	0141                	addi	sp,sp,16
    36bc:	8082                	ret
    36be:	00002797          	auipc	a5,0x2
    36c2:	cb278793          	addi	a5,a5,-846 # 5370 <__sf_fake_stdout>
    36c6:	00f41463          	bne	s0,a5,36ce <__swsetup_r+0x6e>
    36ca:	4480                	lw	s0,8(s1)
    36cc:	b7c1                	j	368c <__swsetup_r+0x2c>
    36ce:	00002797          	auipc	a5,0x2
    36d2:	c6278793          	addi	a5,a5,-926 # 5330 <__sf_fake_stderr>
    36d6:	faf41be3          	bne	s0,a5,368c <__swsetup_r+0x2c>
    36da:	44c0                	lw	s0,12(s1)
    36dc:	bf45                	j	368c <__swsetup_r+0x2c>
    36de:	8b91                	andi	a5,a5,4
    36e0:	c78d                	beqz	a5,370a <__swsetup_r+0xaa>
    36e2:	584c                	lw	a1,52(s0)
    36e4:	c989                	beqz	a1,36f6 <__swsetup_r+0x96>
    36e6:	04440793          	addi	a5,s0,68
    36ea:	00f58463          	beq	a1,a5,36f2 <__swsetup_r+0x92>
    36ee:	854a                	mv	a0,s2
    36f0:	2399                	jal	3c36 <_free_r>
    36f2:	02042a23          	sw	zero,52(s0)
    36f6:	00c45783          	lhu	a5,12(s0)
    36fa:	00042223          	sw	zero,4(s0)
    36fe:	fdb7f793          	andi	a5,a5,-37
    3702:	00f41623          	sh	a5,12(s0)
    3706:	481c                	lw	a5,16(s0)
    3708:	c01c                	sw	a5,0(s0)
    370a:	00c45783          	lhu	a5,12(s0)
    370e:	0087e793          	ori	a5,a5,8
    3712:	00f41623          	sh	a5,12(s0)
    3716:	481c                	lw	a5,16(s0)
    3718:	ef81                	bnez	a5,3730 <__swsetup_r+0xd0>
    371a:	00c45783          	lhu	a5,12(s0)
    371e:	20000713          	li	a4,512
    3722:	2807f793          	andi	a5,a5,640
    3726:	00e78563          	beq	a5,a4,3730 <__swsetup_r+0xd0>
    372a:	85a2                	mv	a1,s0
    372c:	854a                	mv	a0,s2
    372e:	21ad                	jal	3b98 <__smakebuf_r>
    3730:	00c45783          	lhu	a5,12(s0)
    3734:	0017f713          	andi	a4,a5,1
    3738:	c705                	beqz	a4,3760 <__swsetup_r+0x100>
    373a:	485c                	lw	a5,20(s0)
    373c:	00042423          	sw	zero,8(s0)
    3740:	40f007b3          	neg	a5,a5
    3744:	cc1c                	sw	a5,24(s0)
    3746:	481c                	lw	a5,16(s0)
    3748:	4501                	li	a0,0
    374a:	f7a5                	bnez	a5,36b2 <__swsetup_r+0x52>
    374c:	00c41783          	lh	a5,12(s0)
    3750:	0807f713          	andi	a4,a5,128
    3754:	df39                	beqz	a4,36b2 <__swsetup_r+0x52>
    3756:	0407e793          	ori	a5,a5,64
    375a:	00f41623          	sh	a5,12(s0)
    375e:	bf89                	j	36b0 <__swsetup_r+0x50>
    3760:	8b89                	andi	a5,a5,2
    3762:	4701                	li	a4,0
    3764:	e391                	bnez	a5,3768 <__swsetup_r+0x108>
    3766:	4858                	lw	a4,20(s0)
    3768:	c418                	sw	a4,8(s0)
    376a:	bff1                	j	3746 <__swsetup_r+0xe6>

0000376c <__sflush_r>:
    376c:	00c5d783          	lhu	a5,12(a1)
    3770:	1101                	addi	sp,sp,-32
    3772:	cc22                	sw	s0,24(sp)
    3774:	ca26                	sw	s1,20(sp)
    3776:	ce06                	sw	ra,28(sp)
    3778:	c84a                	sw	s2,16(sp)
    377a:	c64e                	sw	s3,12(sp)
    377c:	0087f713          	andi	a4,a5,8
    3780:	84aa                	mv	s1,a0
    3782:	842e                	mv	s0,a1
    3784:	ef71                	bnez	a4,3860 <__sflush_r+0xf4>
    3786:	41d8                	lw	a4,4(a1)
    3788:	00e04d63          	bgtz	a4,37a2 <__sflush_r+0x36>
    378c:	41b8                	lw	a4,64(a1)
    378e:	00e04a63          	bgtz	a4,37a2 <__sflush_r+0x36>
    3792:	4501                	li	a0,0
    3794:	40f2                	lw	ra,28(sp)
    3796:	4462                	lw	s0,24(sp)
    3798:	44d2                	lw	s1,20(sp)
    379a:	4942                	lw	s2,16(sp)
    379c:	49b2                	lw	s3,12(sp)
    379e:	6105                	addi	sp,sp,32
    37a0:	8082                	ret
    37a2:	5458                	lw	a4,44(s0)
    37a4:	d77d                	beqz	a4,3792 <__sflush_r+0x26>
    37a6:	0004a903          	lw	s2,0(s1)
    37aa:	01379693          	slli	a3,a5,0x13
    37ae:	0004a023          	sw	zero,0(s1)
    37b2:	0606dd63          	bgez	a3,382c <__sflush_r+0xc0>
    37b6:	4870                	lw	a2,84(s0)
    37b8:	00c45783          	lhu	a5,12(s0)
    37bc:	8b91                	andi	a5,a5,4
    37be:	c799                	beqz	a5,37cc <__sflush_r+0x60>
    37c0:	405c                	lw	a5,4(s0)
    37c2:	8e1d                	sub	a2,a2,a5
    37c4:	585c                	lw	a5,52(s0)
    37c6:	c399                	beqz	a5,37cc <__sflush_r+0x60>
    37c8:	403c                	lw	a5,64(s0)
    37ca:	8e1d                	sub	a2,a2,a5
    37cc:	545c                	lw	a5,44(s0)
    37ce:	500c                	lw	a1,32(s0)
    37d0:	4681                	li	a3,0
    37d2:	8526                	mv	a0,s1
    37d4:	9782                	jalr	a5
    37d6:	57fd                	li	a5,-1
    37d8:	00c45703          	lhu	a4,12(s0)
    37dc:	00f51d63          	bne	a0,a5,37f6 <__sflush_r+0x8a>
    37e0:	4094                	lw	a3,0(s1)
    37e2:	47f5                	li	a5,29
    37e4:	06d7e863          	bltu	a5,a3,3854 <__sflush_r+0xe8>
    37e8:	204007b7          	lui	a5,0x20400
    37ec:	0785                	addi	a5,a5,1
    37ee:	00d7d7b3          	srl	a5,a5,a3
    37f2:	8b85                	andi	a5,a5,1
    37f4:	c3a5                	beqz	a5,3854 <__sflush_r+0xe8>
    37f6:	481c                	lw	a5,16(s0)
    37f8:	00042223          	sw	zero,4(s0)
    37fc:	c01c                	sw	a5,0(s0)
    37fe:	01371793          	slli	a5,a4,0x13
    3802:	0007d863          	bgez	a5,3812 <__sflush_r+0xa6>
    3806:	57fd                	li	a5,-1
    3808:	00f51463          	bne	a0,a5,3810 <__sflush_r+0xa4>
    380c:	409c                	lw	a5,0(s1)
    380e:	e391                	bnez	a5,3812 <__sflush_r+0xa6>
    3810:	c868                	sw	a0,84(s0)
    3812:	584c                	lw	a1,52(s0)
    3814:	0124a023          	sw	s2,0(s1)
    3818:	ddad                	beqz	a1,3792 <__sflush_r+0x26>
    381a:	04440793          	addi	a5,s0,68
    381e:	00f58463          	beq	a1,a5,3826 <__sflush_r+0xba>
    3822:	8526                	mv	a0,s1
    3824:	2909                	jal	3c36 <_free_r>
    3826:	02042a23          	sw	zero,52(s0)
    382a:	b7a5                	j	3792 <__sflush_r+0x26>
    382c:	500c                	lw	a1,32(s0)
    382e:	4601                	li	a2,0
    3830:	4685                	li	a3,1
    3832:	8526                	mv	a0,s1
    3834:	9702                	jalr	a4
    3836:	57fd                	li	a5,-1
    3838:	862a                	mv	a2,a0
    383a:	f6f51fe3          	bne	a0,a5,37b8 <__sflush_r+0x4c>
    383e:	409c                	lw	a5,0(s1)
    3840:	dfa5                	beqz	a5,37b8 <__sflush_r+0x4c>
    3842:	4775                	li	a4,29
    3844:	00e78563          	beq	a5,a4,384e <__sflush_r+0xe2>
    3848:	4759                	li	a4,22
    384a:	04e79463          	bne	a5,a4,3892 <__sflush_r+0x126>
    384e:	0124a023          	sw	s2,0(s1)
    3852:	b781                	j	3792 <__sflush_r+0x26>
    3854:	04076713          	ori	a4,a4,64
    3858:	00e41623          	sh	a4,12(s0)
    385c:	557d                	li	a0,-1
    385e:	bf1d                	j	3794 <__sflush_r+0x28>
    3860:	0105a983          	lw	s3,16(a1)
    3864:	f20987e3          	beqz	s3,3792 <__sflush_r+0x26>
    3868:	0005a903          	lw	s2,0(a1)
    386c:	8b8d                	andi	a5,a5,3
    386e:	0135a023          	sw	s3,0(a1)
    3872:	41390933          	sub	s2,s2,s3
    3876:	4701                	li	a4,0
    3878:	e391                	bnez	a5,387c <__sflush_r+0x110>
    387a:	49d8                	lw	a4,20(a1)
    387c:	c418                	sw	a4,8(s0)
    387e:	f1205ae3          	blez	s2,3792 <__sflush_r+0x26>
    3882:	541c                	lw	a5,40(s0)
    3884:	500c                	lw	a1,32(s0)
    3886:	86ca                	mv	a3,s2
    3888:	864e                	mv	a2,s3
    388a:	8526                	mv	a0,s1
    388c:	9782                	jalr	a5
    388e:	00a04963          	bgtz	a0,38a0 <__sflush_r+0x134>
    3892:	00c45783          	lhu	a5,12(s0)
    3896:	0407e793          	ori	a5,a5,64
    389a:	00f41623          	sh	a5,12(s0)
    389e:	bf7d                	j	385c <__sflush_r+0xf0>
    38a0:	99aa                	add	s3,s3,a0
    38a2:	40a90933          	sub	s2,s2,a0
    38a6:	bfe1                	j	387e <__sflush_r+0x112>

000038a8 <_fflush_r>:
    38a8:	499c                	lw	a5,16(a1)
    38aa:	c3a5                	beqz	a5,390a <_fflush_r+0x62>
    38ac:	1101                	addi	sp,sp,-32
    38ae:	cc22                	sw	s0,24(sp)
    38b0:	ce06                	sw	ra,28(sp)
    38b2:	842a                	mv	s0,a0
    38b4:	c511                	beqz	a0,38c0 <_fflush_r+0x18>
    38b6:	4d1c                	lw	a5,24(a0)
    38b8:	e781                	bnez	a5,38c0 <_fflush_r+0x18>
    38ba:	c62e                	sw	a1,12(sp)
    38bc:	2231                	jal	39c8 <__sinit>
    38be:	45b2                	lw	a1,12(sp)
    38c0:	00002797          	auipc	a5,0x2
    38c4:	a9078793          	addi	a5,a5,-1392 # 5350 <__sf_fake_stdin>
    38c8:	00f59c63          	bne	a1,a5,38e0 <_fflush_r+0x38>
    38cc:	404c                	lw	a1,4(s0)
    38ce:	00c59783          	lh	a5,12(a1)
    38d2:	c79d                	beqz	a5,3900 <_fflush_r+0x58>
    38d4:	8522                	mv	a0,s0
    38d6:	4462                	lw	s0,24(sp)
    38d8:	40f2                	lw	ra,28(sp)
    38da:	6105                	addi	sp,sp,32
    38dc:	e91ff06f          	j	376c <__sflush_r>
    38e0:	00002797          	auipc	a5,0x2
    38e4:	a9078793          	addi	a5,a5,-1392 # 5370 <__sf_fake_stdout>
    38e8:	00f59463          	bne	a1,a5,38f0 <_fflush_r+0x48>
    38ec:	440c                	lw	a1,8(s0)
    38ee:	b7c5                	j	38ce <_fflush_r+0x26>
    38f0:	00002797          	auipc	a5,0x2
    38f4:	a4078793          	addi	a5,a5,-1472 # 5330 <__sf_fake_stderr>
    38f8:	fcf59be3          	bne	a1,a5,38ce <_fflush_r+0x26>
    38fc:	444c                	lw	a1,12(s0)
    38fe:	bfc1                	j	38ce <_fflush_r+0x26>
    3900:	40f2                	lw	ra,28(sp)
    3902:	4462                	lw	s0,24(sp)
    3904:	4501                	li	a0,0
    3906:	6105                	addi	sp,sp,32
    3908:	8082                	ret
    390a:	4501                	li	a0,0
    390c:	8082                	ret

0000390e <std>:
    390e:	1141                	addi	sp,sp,-16
    3910:	c422                	sw	s0,8(sp)
    3912:	c606                	sw	ra,12(sp)
    3914:	842a                	mv	s0,a0
    3916:	00b51623          	sh	a1,12(a0)
    391a:	00c51723          	sh	a2,14(a0)
    391e:	00052023          	sw	zero,0(a0)
    3922:	00052223          	sw	zero,4(a0)
    3926:	00052423          	sw	zero,8(a0)
    392a:	06052223          	sw	zero,100(a0)
    392e:	00052823          	sw	zero,16(a0)
    3932:	00052a23          	sw	zero,20(a0)
    3936:	00052c23          	sw	zero,24(a0)
    393a:	4621                	li	a2,8
    393c:	4581                	li	a1,0
    393e:	05c50513          	addi	a0,a0,92
    3942:	85ffc0ef          	jal	ra,1a0 <memset>
    3946:	00001797          	auipc	a5,0x1
    394a:	ed278793          	addi	a5,a5,-302 # 4818 <__sread>
    394e:	d05c                	sw	a5,36(s0)
    3950:	00001797          	auipc	a5,0x1
    3954:	ef878793          	addi	a5,a5,-264 # 4848 <__swrite>
    3958:	d41c                	sw	a5,40(s0)
    395a:	00001797          	auipc	a5,0x1
    395e:	f3c78793          	addi	a5,a5,-196 # 4896 <__sseek>
    3962:	d45c                	sw	a5,44(s0)
    3964:	00001797          	auipc	a5,0x1
    3968:	f6878793          	addi	a5,a5,-152 # 48cc <__sclose>
    396c:	d000                	sw	s0,32(s0)
    396e:	d81c                	sw	a5,48(s0)
    3970:	40b2                	lw	ra,12(sp)
    3972:	4422                	lw	s0,8(sp)
    3974:	0141                	addi	sp,sp,16
    3976:	8082                	ret

00003978 <_cleanup_r>:
    3978:	00000597          	auipc	a1,0x0
    397c:	f3058593          	addi	a1,a1,-208 # 38a8 <_fflush_r>
    3980:	aa89                	j	3ad2 <_fwalk_reent>

00003982 <__sfmoreglue>:
    3982:	1141                	addi	sp,sp,-16
    3984:	c226                	sw	s1,4(sp)
    3986:	06800613          	li	a2,104
    398a:	fff58493          	addi	s1,a1,-1
    398e:	02c484b3          	mul	s1,s1,a2
    3992:	c04a                	sw	s2,0(sp)
    3994:	892e                	mv	s2,a1
    3996:	c422                	sw	s0,8(sp)
    3998:	c606                	sw	ra,12(sp)
    399a:	07448593          	addi	a1,s1,116
    399e:	2681                	jal	3cde <_malloc_r>
    39a0:	842a                	mv	s0,a0
    39a2:	cd01                	beqz	a0,39ba <__sfmoreglue+0x38>
    39a4:	00052023          	sw	zero,0(a0)
    39a8:	01252223          	sw	s2,4(a0)
    39ac:	0531                	addi	a0,a0,12
    39ae:	c408                	sw	a0,8(s0)
    39b0:	06848613          	addi	a2,s1,104
    39b4:	4581                	li	a1,0
    39b6:	feafc0ef          	jal	ra,1a0 <memset>
    39ba:	8522                	mv	a0,s0
    39bc:	40b2                	lw	ra,12(sp)
    39be:	4422                	lw	s0,8(sp)
    39c0:	4492                	lw	s1,4(sp)
    39c2:	4902                	lw	s2,0(sp)
    39c4:	0141                	addi	sp,sp,16
    39c6:	8082                	ret

000039c8 <__sinit>:
    39c8:	4d1c                	lw	a5,24(a0)
    39ca:	e7a5                	bnez	a5,3a32 <__sinit+0x6a>
    39cc:	1141                	addi	sp,sp,-16
    39ce:	c606                	sw	ra,12(sp)
    39d0:	c422                	sw	s0,8(sp)
    39d2:	00000797          	auipc	a5,0x0
    39d6:	fa678793          	addi	a5,a5,-90 # 3978 <_cleanup_r>
    39da:	d51c                	sw	a5,40(a0)
    39dc:	81818793          	addi	a5,gp,-2024 # 20000098 <_global_impure_ptr>
    39e0:	439c                	lw	a5,0(a5)
    39e2:	04052423          	sw	zero,72(a0)
    39e6:	04052623          	sw	zero,76(a0)
    39ea:	04052823          	sw	zero,80(a0)
    39ee:	00f51463          	bne	a0,a5,39f6 <__sinit+0x2e>
    39f2:	4785                	li	a5,1
    39f4:	cd1c                	sw	a5,24(a0)
    39f6:	842a                	mv	s0,a0
    39f8:	2835                	jal	3a34 <__sfp>
    39fa:	c048                	sw	a0,4(s0)
    39fc:	8522                	mv	a0,s0
    39fe:	281d                	jal	3a34 <__sfp>
    3a00:	c408                	sw	a0,8(s0)
    3a02:	8522                	mv	a0,s0
    3a04:	2805                	jal	3a34 <__sfp>
    3a06:	c448                	sw	a0,12(s0)
    3a08:	4048                	lw	a0,4(s0)
    3a0a:	4601                	li	a2,0
    3a0c:	4591                	li	a1,4
    3a0e:	f01ff0ef          	jal	ra,390e <std>
    3a12:	4408                	lw	a0,8(s0)
    3a14:	4605                	li	a2,1
    3a16:	45a5                	li	a1,9
    3a18:	ef7ff0ef          	jal	ra,390e <std>
    3a1c:	4448                	lw	a0,12(s0)
    3a1e:	4609                	li	a2,2
    3a20:	45c9                	li	a1,18
    3a22:	eedff0ef          	jal	ra,390e <std>
    3a26:	4785                	li	a5,1
    3a28:	cc1c                	sw	a5,24(s0)
    3a2a:	40b2                	lw	ra,12(sp)
    3a2c:	4422                	lw	s0,8(sp)
    3a2e:	0141                	addi	sp,sp,16
    3a30:	8082                	ret
    3a32:	8082                	ret

00003a34 <__sfp>:
    3a34:	1141                	addi	sp,sp,-16
    3a36:	81818793          	addi	a5,gp,-2024 # 20000098 <_global_impure_ptr>
    3a3a:	c226                	sw	s1,4(sp)
    3a3c:	4384                	lw	s1,0(a5)
    3a3e:	c04a                	sw	s2,0(sp)
    3a40:	c606                	sw	ra,12(sp)
    3a42:	4c9c                	lw	a5,24(s1)
    3a44:	c422                	sw	s0,8(sp)
    3a46:	892a                	mv	s2,a0
    3a48:	e399                	bnez	a5,3a4e <__sfp+0x1a>
    3a4a:	8526                	mv	a0,s1
    3a4c:	3fb5                	jal	39c8 <__sinit>
    3a4e:	04848493          	addi	s1,s1,72
    3a52:	4480                	lw	s0,8(s1)
    3a54:	40dc                	lw	a5,4(s1)
    3a56:	17fd                	addi	a5,a5,-1
    3a58:	0007d663          	bgez	a5,3a64 <__sfp+0x30>
    3a5c:	409c                	lw	a5,0(s1)
    3a5e:	cfb9                	beqz	a5,3abc <__sfp+0x88>
    3a60:	4084                	lw	s1,0(s1)
    3a62:	bfc5                	j	3a52 <__sfp+0x1e>
    3a64:	00c41703          	lh	a4,12(s0)
    3a68:	e739                	bnez	a4,3ab6 <__sfp+0x82>
    3a6a:	77c1                	lui	a5,0xffff0
    3a6c:	0785                	addi	a5,a5,1
    3a6e:	06042223          	sw	zero,100(s0)
    3a72:	00042023          	sw	zero,0(s0)
    3a76:	00042223          	sw	zero,4(s0)
    3a7a:	00042423          	sw	zero,8(s0)
    3a7e:	c45c                	sw	a5,12(s0)
    3a80:	00042823          	sw	zero,16(s0)
    3a84:	00042a23          	sw	zero,20(s0)
    3a88:	00042c23          	sw	zero,24(s0)
    3a8c:	4621                	li	a2,8
    3a8e:	4581                	li	a1,0
    3a90:	05c40513          	addi	a0,s0,92
    3a94:	f0cfc0ef          	jal	ra,1a0 <memset>
    3a98:	02042a23          	sw	zero,52(s0)
    3a9c:	02042c23          	sw	zero,56(s0)
    3aa0:	04042423          	sw	zero,72(s0)
    3aa4:	04042623          	sw	zero,76(s0)
    3aa8:	8522                	mv	a0,s0
    3aaa:	40b2                	lw	ra,12(sp)
    3aac:	4422                	lw	s0,8(sp)
    3aae:	4492                	lw	s1,4(sp)
    3ab0:	4902                	lw	s2,0(sp)
    3ab2:	0141                	addi	sp,sp,16
    3ab4:	8082                	ret
    3ab6:	06840413          	addi	s0,s0,104
    3aba:	bf71                	j	3a56 <__sfp+0x22>
    3abc:	4591                	li	a1,4
    3abe:	854a                	mv	a0,s2
    3ac0:	ec3ff0ef          	jal	ra,3982 <__sfmoreglue>
    3ac4:	c088                	sw	a0,0(s1)
    3ac6:	fd49                	bnez	a0,3a60 <__sfp+0x2c>
    3ac8:	47b1                	li	a5,12
    3aca:	00f92023          	sw	a5,0(s2)
    3ace:	4401                	li	s0,0
    3ad0:	bfe1                	j	3aa8 <__sfp+0x74>

00003ad2 <_fwalk_reent>:
    3ad2:	7179                	addi	sp,sp,-48
    3ad4:	d422                	sw	s0,40(sp)
    3ad6:	d04a                	sw	s2,32(sp)
    3ad8:	cc52                	sw	s4,24(sp)
    3ada:	ca56                	sw	s5,20(sp)
    3adc:	c85a                	sw	s6,16(sp)
    3ade:	c65e                	sw	s7,12(sp)
    3ae0:	d606                	sw	ra,44(sp)
    3ae2:	d226                	sw	s1,36(sp)
    3ae4:	ce4e                	sw	s3,28(sp)
    3ae6:	8a2a                	mv	s4,a0
    3ae8:	8aae                	mv	s5,a1
    3aea:	04850413          	addi	s0,a0,72
    3aee:	4901                	li	s2,0
    3af0:	4b05                	li	s6,1
    3af2:	5bfd                	li	s7,-1
    3af4:	ec09                	bnez	s0,3b0e <_fwalk_reent+0x3c>
    3af6:	50b2                	lw	ra,44(sp)
    3af8:	5422                	lw	s0,40(sp)
    3afa:	854a                	mv	a0,s2
    3afc:	5492                	lw	s1,36(sp)
    3afe:	5902                	lw	s2,32(sp)
    3b00:	49f2                	lw	s3,28(sp)
    3b02:	4a62                	lw	s4,24(sp)
    3b04:	4ad2                	lw	s5,20(sp)
    3b06:	4b42                	lw	s6,16(sp)
    3b08:	4bb2                	lw	s7,12(sp)
    3b0a:	6145                	addi	sp,sp,48
    3b0c:	8082                	ret
    3b0e:	4404                	lw	s1,8(s0)
    3b10:	00442983          	lw	s3,4(s0)
    3b14:	19fd                	addi	s3,s3,-1
    3b16:	0009d463          	bgez	s3,3b1e <_fwalk_reent+0x4c>
    3b1a:	4000                	lw	s0,0(s0)
    3b1c:	bfe1                	j	3af4 <_fwalk_reent+0x22>
    3b1e:	00c4d783          	lhu	a5,12(s1)
    3b22:	00fb7b63          	bgeu	s6,a5,3b38 <_fwalk_reent+0x66>
    3b26:	00e49783          	lh	a5,14(s1)
    3b2a:	01778763          	beq	a5,s7,3b38 <_fwalk_reent+0x66>
    3b2e:	85a6                	mv	a1,s1
    3b30:	8552                	mv	a0,s4
    3b32:	9a82                	jalr	s5
    3b34:	00a96933          	or	s2,s2,a0
    3b38:	06848493          	addi	s1,s1,104
    3b3c:	bfe1                	j	3b14 <_fwalk_reent+0x42>

00003b3e <__swhatbuf_r>:
    3b3e:	7119                	addi	sp,sp,-128
    3b40:	daa6                	sw	s1,116(sp)
    3b42:	84ae                	mv	s1,a1
    3b44:	00e59583          	lh	a1,14(a1)
    3b48:	dca2                	sw	s0,120(sp)
    3b4a:	de86                	sw	ra,124(sp)
    3b4c:	8432                	mv	s0,a2
    3b4e:	0005dc63          	bgez	a1,3b66 <__swhatbuf_r+0x28>
    3b52:	00c4d783          	lhu	a5,12(s1)
    3b56:	0006a023          	sw	zero,0(a3)
    3b5a:	0807f793          	andi	a5,a5,128
    3b5e:	e785                	bnez	a5,3b86 <__swhatbuf_r+0x48>
    3b60:	40000793          	li	a5,1024
    3b64:	a01d                	j	3b8a <__swhatbuf_r+0x4c>
    3b66:	0830                	addi	a2,sp,24
    3b68:	c636                	sw	a3,12(sp)
    3b6a:	5cf000ef          	jal	ra,4938 <_fstat_r>
    3b6e:	46b2                	lw	a3,12(sp)
    3b70:	fe0541e3          	bltz	a0,3b52 <__swhatbuf_r+0x14>
    3b74:	4772                	lw	a4,28(sp)
    3b76:	67bd                	lui	a5,0xf
    3b78:	8ff9                	and	a5,a5,a4
    3b7a:	7779                	lui	a4,0xffffe
    3b7c:	97ba                	add	a5,a5,a4
    3b7e:	0017b793          	seqz	a5,a5
    3b82:	c29c                	sw	a5,0(a3)
    3b84:	bff1                	j	3b60 <__swhatbuf_r+0x22>
    3b86:	04000793          	li	a5,64
    3b8a:	c01c                	sw	a5,0(s0)
    3b8c:	50f6                	lw	ra,124(sp)
    3b8e:	5466                	lw	s0,120(sp)
    3b90:	54d6                	lw	s1,116(sp)
    3b92:	4501                	li	a0,0
    3b94:	6109                	addi	sp,sp,128
    3b96:	8082                	ret

00003b98 <__smakebuf_r>:
    3b98:	00c5d783          	lhu	a5,12(a1)
    3b9c:	1101                	addi	sp,sp,-32
    3b9e:	cc22                	sw	s0,24(sp)
    3ba0:	ce06                	sw	ra,28(sp)
    3ba2:	ca26                	sw	s1,20(sp)
    3ba4:	c84a                	sw	s2,16(sp)
    3ba6:	8b89                	andi	a5,a5,2
    3ba8:	842e                	mv	s0,a1
    3baa:	cf89                	beqz	a5,3bc4 <__smakebuf_r+0x2c>
    3bac:	04740793          	addi	a5,s0,71
    3bb0:	c01c                	sw	a5,0(s0)
    3bb2:	c81c                	sw	a5,16(s0)
    3bb4:	4785                	li	a5,1
    3bb6:	c85c                	sw	a5,20(s0)
    3bb8:	40f2                	lw	ra,28(sp)
    3bba:	4462                	lw	s0,24(sp)
    3bbc:	44d2                	lw	s1,20(sp)
    3bbe:	4942                	lw	s2,16(sp)
    3bc0:	6105                	addi	sp,sp,32
    3bc2:	8082                	ret
    3bc4:	0074                	addi	a3,sp,12
    3bc6:	0030                	addi	a2,sp,8
    3bc8:	84aa                	mv	s1,a0
    3bca:	3f95                	jal	3b3e <__swhatbuf_r>
    3bcc:	45a2                	lw	a1,8(sp)
    3bce:	892a                	mv	s2,a0
    3bd0:	8526                	mv	a0,s1
    3bd2:	2231                	jal	3cde <_malloc_r>
    3bd4:	ed01                	bnez	a0,3bec <__smakebuf_r+0x54>
    3bd6:	00c41783          	lh	a5,12(s0)
    3bda:	2007f713          	andi	a4,a5,512
    3bde:	ff69                	bnez	a4,3bb8 <__smakebuf_r+0x20>
    3be0:	9bf1                	andi	a5,a5,-4
    3be2:	0027e793          	ori	a5,a5,2
    3be6:	00f41623          	sh	a5,12(s0)
    3bea:	b7c9                	j	3bac <__smakebuf_r+0x14>
    3bec:	00000797          	auipc	a5,0x0
    3bf0:	d8c78793          	addi	a5,a5,-628 # 3978 <_cleanup_r>
    3bf4:	d49c                	sw	a5,40(s1)
    3bf6:	00c45783          	lhu	a5,12(s0)
    3bfa:	c008                	sw	a0,0(s0)
    3bfc:	c808                	sw	a0,16(s0)
    3bfe:	0807e793          	ori	a5,a5,128
    3c02:	00f41623          	sh	a5,12(s0)
    3c06:	47a2                	lw	a5,8(sp)
    3c08:	c85c                	sw	a5,20(s0)
    3c0a:	47b2                	lw	a5,12(sp)
    3c0c:	cf91                	beqz	a5,3c28 <__smakebuf_r+0x90>
    3c0e:	00e41583          	lh	a1,14(s0)
    3c12:	8526                	mv	a0,s1
    3c14:	557000ef          	jal	ra,496a <_isatty_r>
    3c18:	c901                	beqz	a0,3c28 <__smakebuf_r+0x90>
    3c1a:	00c45783          	lhu	a5,12(s0)
    3c1e:	9bf1                	andi	a5,a5,-4
    3c20:	0017e793          	ori	a5,a5,1
    3c24:	00f41623          	sh	a5,12(s0)
    3c28:	00c45783          	lhu	a5,12(s0)
    3c2c:	00f96933          	or	s2,s2,a5
    3c30:	01241623          	sh	s2,12(s0)
    3c34:	b751                	j	3bb8 <__smakebuf_r+0x20>

00003c36 <_free_r>:
    3c36:	c1dd                	beqz	a1,3cdc <_free_r+0xa6>
    3c38:	ffc5a783          	lw	a5,-4(a1)
    3c3c:	1141                	addi	sp,sp,-16
    3c3e:	c422                	sw	s0,8(sp)
    3c40:	c606                	sw	ra,12(sp)
    3c42:	c226                	sw	s1,4(sp)
    3c44:	ffc58413          	addi	s0,a1,-4
    3c48:	0007d363          	bgez	a5,3c4e <_free_r+0x18>
    3c4c:	943e                	add	s0,s0,a5
    3c4e:	84aa                	mv	s1,a0
    3c50:	599000ef          	jal	ra,49e8 <__malloc_lock>
    3c54:	84018793          	addi	a5,gp,-1984 # 200000c0 <__malloc_free_list>
    3c58:	439c                	lw	a5,0(a5)
    3c5a:	ef81                	bnez	a5,3c72 <_free_r+0x3c>
    3c5c:	00042223          	sw	zero,4(s0)
    3c60:	8481a023          	sw	s0,-1984(gp) # 200000c0 <__malloc_free_list>
    3c64:	4422                	lw	s0,8(sp)
    3c66:	40b2                	lw	ra,12(sp)
    3c68:	8526                	mv	a0,s1
    3c6a:	4492                	lw	s1,4(sp)
    3c6c:	0141                	addi	sp,sp,16
    3c6e:	57d0006f          	j	49ea <__malloc_unlock>
    3c72:	00f47e63          	bgeu	s0,a5,3c8e <_free_r+0x58>
    3c76:	4014                	lw	a3,0(s0)
    3c78:	00d40733          	add	a4,s0,a3
    3c7c:	00e79663          	bne	a5,a4,3c88 <_free_r+0x52>
    3c80:	4398                	lw	a4,0(a5)
    3c82:	43dc                	lw	a5,4(a5)
    3c84:	9736                	add	a4,a4,a3
    3c86:	c018                	sw	a4,0(s0)
    3c88:	c05c                	sw	a5,4(s0)
    3c8a:	bfd9                	j	3c60 <_free_r+0x2a>
    3c8c:	87ba                	mv	a5,a4
    3c8e:	43d8                	lw	a4,4(a5)
    3c90:	c319                	beqz	a4,3c96 <_free_r+0x60>
    3c92:	fee47de3          	bgeu	s0,a4,3c8c <_free_r+0x56>
    3c96:	4394                	lw	a3,0(a5)
    3c98:	00d78633          	add	a2,a5,a3
    3c9c:	00861f63          	bne	a2,s0,3cba <_free_r+0x84>
    3ca0:	4010                	lw	a2,0(s0)
    3ca2:	96b2                	add	a3,a3,a2
    3ca4:	c394                	sw	a3,0(a5)
    3ca6:	00d78633          	add	a2,a5,a3
    3caa:	fac71de3          	bne	a4,a2,3c64 <_free_r+0x2e>
    3cae:	4310                	lw	a2,0(a4)
    3cb0:	4358                	lw	a4,4(a4)
    3cb2:	96b2                	add	a3,a3,a2
    3cb4:	c394                	sw	a3,0(a5)
    3cb6:	c3d8                	sw	a4,4(a5)
    3cb8:	b775                	j	3c64 <_free_r+0x2e>
    3cba:	00c47563          	bgeu	s0,a2,3cc4 <_free_r+0x8e>
    3cbe:	47b1                	li	a5,12
    3cc0:	c09c                	sw	a5,0(s1)
    3cc2:	b74d                	j	3c64 <_free_r+0x2e>
    3cc4:	4010                	lw	a2,0(s0)
    3cc6:	00c406b3          	add	a3,s0,a2
    3cca:	00d71663          	bne	a4,a3,3cd6 <_free_r+0xa0>
    3cce:	4314                	lw	a3,0(a4)
    3cd0:	4358                	lw	a4,4(a4)
    3cd2:	96b2                	add	a3,a3,a2
    3cd4:	c014                	sw	a3,0(s0)
    3cd6:	c058                	sw	a4,4(s0)
    3cd8:	c3c0                	sw	s0,4(a5)
    3cda:	b769                	j	3c64 <_free_r+0x2e>
    3cdc:	8082                	ret

00003cde <_malloc_r>:
    3cde:	1101                	addi	sp,sp,-32
    3ce0:	ca26                	sw	s1,20(sp)
    3ce2:	00358493          	addi	s1,a1,3
    3ce6:	98f1                	andi	s1,s1,-4
    3ce8:	ce06                	sw	ra,28(sp)
    3cea:	cc22                	sw	s0,24(sp)
    3cec:	c84a                	sw	s2,16(sp)
    3cee:	c64e                	sw	s3,12(sp)
    3cf0:	04a1                	addi	s1,s1,8
    3cf2:	47b1                	li	a5,12
    3cf4:	04f4f563          	bgeu	s1,a5,3d3e <_malloc_r+0x60>
    3cf8:	44b1                	li	s1,12
    3cfa:	04b4e463          	bltu	s1,a1,3d42 <_malloc_r+0x64>
    3cfe:	892a                	mv	s2,a0
    3d00:	4e9000ef          	jal	ra,49e8 <__malloc_lock>
    3d04:	84018793          	addi	a5,gp,-1984 # 200000c0 <__malloc_free_list>
    3d08:	4398                	lw	a4,0(a5)
    3d0a:	843a                	mv	s0,a4
    3d0c:	e429                	bnez	s0,3d56 <_malloc_r+0x78>
    3d0e:	84418793          	addi	a5,gp,-1980 # 200000c4 <__malloc_sbrk_start>
    3d12:	439c                	lw	a5,0(a5)
    3d14:	e799                	bnez	a5,3d22 <_malloc_r+0x44>
    3d16:	4581                	li	a1,0
    3d18:	854a                	mv	a0,s2
    3d1a:	2cd000ef          	jal	ra,47e6 <_sbrk_r>
    3d1e:	84a1a223          	sw	a0,-1980(gp) # 200000c4 <__malloc_sbrk_start>
    3d22:	85a6                	mv	a1,s1
    3d24:	854a                	mv	a0,s2
    3d26:	2c1000ef          	jal	ra,47e6 <_sbrk_r>
    3d2a:	59fd                	li	s3,-1
    3d2c:	07351963          	bne	a0,s3,3d9e <_malloc_r+0xc0>
    3d30:	47b1                	li	a5,12
    3d32:	00f92023          	sw	a5,0(s2)
    3d36:	854a                	mv	a0,s2
    3d38:	4b3000ef          	jal	ra,49ea <__malloc_unlock>
    3d3c:	a029                	j	3d46 <_malloc_r+0x68>
    3d3e:	fa04dee3          	bgez	s1,3cfa <_malloc_r+0x1c>
    3d42:	47b1                	li	a5,12
    3d44:	c11c                	sw	a5,0(a0)
    3d46:	4501                	li	a0,0
    3d48:	40f2                	lw	ra,28(sp)
    3d4a:	4462                	lw	s0,24(sp)
    3d4c:	44d2                	lw	s1,20(sp)
    3d4e:	4942                	lw	s2,16(sp)
    3d50:	49b2                	lw	s3,12(sp)
    3d52:	6105                	addi	sp,sp,32
    3d54:	8082                	ret
    3d56:	401c                	lw	a5,0(s0)
    3d58:	8f85                	sub	a5,a5,s1
    3d5a:	0207cf63          	bltz	a5,3d98 <_malloc_r+0xba>
    3d5e:	46ad                	li	a3,11
    3d60:	00f6f663          	bgeu	a3,a5,3d6c <_malloc_r+0x8e>
    3d64:	c01c                	sw	a5,0(s0)
    3d66:	943e                	add	s0,s0,a5
    3d68:	c004                	sw	s1,0(s0)
    3d6a:	a031                	j	3d76 <_malloc_r+0x98>
    3d6c:	405c                	lw	a5,4(s0)
    3d6e:	02871363          	bne	a4,s0,3d94 <_malloc_r+0xb6>
    3d72:	84f1a023          	sw	a5,-1984(gp) # 200000c0 <__malloc_free_list>
    3d76:	854a                	mv	a0,s2
    3d78:	473000ef          	jal	ra,49ea <__malloc_unlock>
    3d7c:	00b40513          	addi	a0,s0,11
    3d80:	00440793          	addi	a5,s0,4
    3d84:	9961                	andi	a0,a0,-8
    3d86:	40f50733          	sub	a4,a0,a5
    3d8a:	df5d                	beqz	a4,3d48 <_malloc_r+0x6a>
    3d8c:	943a                	add	s0,s0,a4
    3d8e:	8f89                	sub	a5,a5,a0
    3d90:	c01c                	sw	a5,0(s0)
    3d92:	bf5d                	j	3d48 <_malloc_r+0x6a>
    3d94:	c35c                	sw	a5,4(a4)
    3d96:	b7c5                	j	3d76 <_malloc_r+0x98>
    3d98:	8722                	mv	a4,s0
    3d9a:	4040                	lw	s0,4(s0)
    3d9c:	bf85                	j	3d0c <_malloc_r+0x2e>
    3d9e:	00350413          	addi	s0,a0,3
    3da2:	9871                	andi	s0,s0,-4
    3da4:	fc8502e3          	beq	a0,s0,3d68 <_malloc_r+0x8a>
    3da8:	40a405b3          	sub	a1,s0,a0
    3dac:	854a                	mv	a0,s2
    3dae:	239000ef          	jal	ra,47e6 <_sbrk_r>
    3db2:	fb351be3          	bne	a0,s3,3d68 <_malloc_r+0x8a>
    3db6:	bfad                	j	3d30 <_malloc_r+0x52>

00003db8 <__ssputs_r>:
    3db8:	1101                	addi	sp,sp,-32
    3dba:	c84a                	sw	s2,16(sp)
    3dbc:	0085a903          	lw	s2,8(a1)
    3dc0:	cc22                	sw	s0,24(sp)
    3dc2:	c452                	sw	s4,8(sp)
    3dc4:	c05a                	sw	s6,0(sp)
    3dc6:	ce06                	sw	ra,28(sp)
    3dc8:	ca26                	sw	s1,20(sp)
    3dca:	c64e                	sw	s3,12(sp)
    3dcc:	c256                	sw	s5,4(sp)
    3dce:	842e                	mv	s0,a1
    3dd0:	8b32                	mv	s6,a2
    3dd2:	8a36                	mv	s4,a3
    3dd4:	0926ee63          	bltu	a3,s2,3e70 <__ssputs_r+0xb8>
    3dd8:	00c5d783          	lhu	a5,12(a1)
    3ddc:	4807f713          	andi	a4,a5,1152
    3de0:	c751                	beqz	a4,3e6c <__ssputs_r+0xb4>
    3de2:	4004                	lw	s1,0(s0)
    3de4:	498c                	lw	a1,16(a1)
    3de6:	4858                	lw	a4,20(s0)
    3de8:	8aaa                	mv	s5,a0
    3dea:	40b489b3          	sub	s3,s1,a1
    3dee:	448d                	li	s1,3
    3df0:	02e484b3          	mul	s1,s1,a4
    3df4:	4709                	li	a4,2
    3df6:	02e4c4b3          	div	s1,s1,a4
    3dfa:	00168713          	addi	a4,a3,1
    3dfe:	974e                	add	a4,a4,s3
    3e00:	00e4f363          	bgeu	s1,a4,3e06 <__ssputs_r+0x4e>
    3e04:	84ba                	mv	s1,a4
    3e06:	4007f793          	andi	a5,a5,1024
    3e0a:	c3d9                	beqz	a5,3e90 <__ssputs_r+0xd8>
    3e0c:	85a6                	mv	a1,s1
    3e0e:	8556                	mv	a0,s5
    3e10:	ecfff0ef          	jal	ra,3cde <_malloc_r>
    3e14:	892a                	mv	s2,a0
    3e16:	e50d                	bnez	a0,3e40 <__ssputs_r+0x88>
    3e18:	47b1                	li	a5,12
    3e1a:	00faa023          	sw	a5,0(s5)
    3e1e:	00c45783          	lhu	a5,12(s0)
    3e22:	557d                	li	a0,-1
    3e24:	0407e793          	ori	a5,a5,64
    3e28:	00f41623          	sh	a5,12(s0)
    3e2c:	40f2                	lw	ra,28(sp)
    3e2e:	4462                	lw	s0,24(sp)
    3e30:	44d2                	lw	s1,20(sp)
    3e32:	4942                	lw	s2,16(sp)
    3e34:	49b2                	lw	s3,12(sp)
    3e36:	4a22                	lw	s4,8(sp)
    3e38:	4a92                	lw	s5,4(sp)
    3e3a:	4b02                	lw	s6,0(sp)
    3e3c:	6105                	addi	sp,sp,32
    3e3e:	8082                	ret
    3e40:	480c                	lw	a1,16(s0)
    3e42:	864e                	mv	a2,s3
    3e44:	cc8ff0ef          	jal	ra,330c <memcpy>
    3e48:	00c45783          	lhu	a5,12(s0)
    3e4c:	b7f7f793          	andi	a5,a5,-1153
    3e50:	0807e793          	ori	a5,a5,128
    3e54:	00f41623          	sh	a5,12(s0)
    3e58:	01242823          	sw	s2,16(s0)
    3e5c:	c844                	sw	s1,20(s0)
    3e5e:	994e                	add	s2,s2,s3
    3e60:	413484b3          	sub	s1,s1,s3
    3e64:	01242023          	sw	s2,0(s0)
    3e68:	c404                	sw	s1,8(s0)
    3e6a:	8952                	mv	s2,s4
    3e6c:	012a7363          	bgeu	s4,s2,3e72 <__ssputs_r+0xba>
    3e70:	8952                	mv	s2,s4
    3e72:	4008                	lw	a0,0(s0)
    3e74:	864a                	mv	a2,s2
    3e76:	85da                	mv	a1,s6
    3e78:	d4aff0ef          	jal	ra,33c2 <memmove>
    3e7c:	441c                	lw	a5,8(s0)
    3e7e:	4501                	li	a0,0
    3e80:	412787b3          	sub	a5,a5,s2
    3e84:	c41c                	sw	a5,8(s0)
    3e86:	401c                	lw	a5,0(s0)
    3e88:	993e                	add	s2,s2,a5
    3e8a:	01242023          	sw	s2,0(s0)
    3e8e:	bf79                	j	3e2c <__ssputs_r+0x74>
    3e90:	8626                	mv	a2,s1
    3e92:	8556                	mv	a0,s5
    3e94:	359000ef          	jal	ra,49ec <_realloc_r>
    3e98:	892a                	mv	s2,a0
    3e9a:	fd5d                	bnez	a0,3e58 <__ssputs_r+0xa0>
    3e9c:	480c                	lw	a1,16(s0)
    3e9e:	8556                	mv	a0,s5
    3ea0:	d97ff0ef          	jal	ra,3c36 <_free_r>
    3ea4:	bf95                	j	3e18 <__ssputs_r+0x60>

00003ea6 <_svfiprintf_r>:
    3ea6:	00c5d783          	lhu	a5,12(a1)
    3eaa:	7171                	addi	sp,sp,-176
    3eac:	d326                	sw	s1,164(sp)
    3eae:	d14a                	sw	s2,160(sp)
    3eb0:	cf4e                	sw	s3,156(sp)
    3eb2:	d706                	sw	ra,172(sp)
    3eb4:	d522                	sw	s0,168(sp)
    3eb6:	cd52                	sw	s4,152(sp)
    3eb8:	cb56                	sw	s5,148(sp)
    3eba:	c95a                	sw	s6,144(sp)
    3ebc:	c75e                	sw	s7,140(sp)
    3ebe:	c562                	sw	s8,136(sp)
    3ec0:	c366                	sw	s9,132(sp)
    3ec2:	0807f793          	andi	a5,a5,128
    3ec6:	89aa                	mv	s3,a0
    3ec8:	892e                	mv	s2,a1
    3eca:	84b2                	mv	s1,a2
    3ecc:	c3b9                	beqz	a5,3f12 <_svfiprintf_r+0x6c>
    3ece:	499c                	lw	a5,16(a1)
    3ed0:	e3a9                	bnez	a5,3f12 <_svfiprintf_r+0x6c>
    3ed2:	04000593          	li	a1,64
    3ed6:	c636                	sw	a3,12(sp)
    3ed8:	e07ff0ef          	jal	ra,3cde <_malloc_r>
    3edc:	00a92023          	sw	a0,0(s2)
    3ee0:	00a92823          	sw	a0,16(s2)
    3ee4:	46b2                	lw	a3,12(sp)
    3ee6:	e115                	bnez	a0,3f0a <_svfiprintf_r+0x64>
    3ee8:	47b1                	li	a5,12
    3eea:	00f9a023          	sw	a5,0(s3)
    3eee:	557d                	li	a0,-1
    3ef0:	50ba                	lw	ra,172(sp)
    3ef2:	542a                	lw	s0,168(sp)
    3ef4:	549a                	lw	s1,164(sp)
    3ef6:	590a                	lw	s2,160(sp)
    3ef8:	49fa                	lw	s3,156(sp)
    3efa:	4a6a                	lw	s4,152(sp)
    3efc:	4ada                	lw	s5,148(sp)
    3efe:	4b4a                	lw	s6,144(sp)
    3f00:	4bba                	lw	s7,140(sp)
    3f02:	4c2a                	lw	s8,136(sp)
    3f04:	4c9a                	lw	s9,132(sp)
    3f06:	614d                	addi	sp,sp,176
    3f08:	8082                	ret
    3f0a:	04000793          	li	a5,64
    3f0e:	00f92a23          	sw	a5,20(s2)
    3f12:	02000793          	li	a5,32
    3f16:	02f10ca3          	sb	a5,57(sp)
    3f1a:	03000793          	li	a5,48
    3f1e:	da02                	sw	zero,52(sp)
    3f20:	02f10d23          	sb	a5,58(sp)
    3f24:	ce36                	sw	a3,28(sp)
    3f26:	02500b93          	li	s7,37
    3f2a:	00001a97          	auipc	s5,0x1
    3f2e:	466a8a93          	addi	s5,s5,1126 # 5390 <__sf_fake_stdout+0x20>
    3f32:	4c05                	li	s8,1
    3f34:	4b29                	li	s6,10
    3f36:	8426                	mv	s0,s1
    3f38:	00044783          	lbu	a5,0(s0)
    3f3c:	c399                	beqz	a5,3f42 <_svfiprintf_r+0x9c>
    3f3e:	09779d63          	bne	a5,s7,3fd8 <_svfiprintf_r+0x132>
    3f42:	40940cb3          	sub	s9,s0,s1
    3f46:	000c8e63          	beqz	s9,3f62 <_svfiprintf_r+0xbc>
    3f4a:	86e6                	mv	a3,s9
    3f4c:	8626                	mv	a2,s1
    3f4e:	85ca                	mv	a1,s2
    3f50:	854e                	mv	a0,s3
    3f52:	e67ff0ef          	jal	ra,3db8 <__ssputs_r>
    3f56:	57fd                	li	a5,-1
    3f58:	1af50463          	beq	a0,a5,4100 <_svfiprintf_r+0x25a>
    3f5c:	56d2                	lw	a3,52(sp)
    3f5e:	96e6                	add	a3,a3,s9
    3f60:	da36                	sw	a3,52(sp)
    3f62:	00044783          	lbu	a5,0(s0)
    3f66:	18078d63          	beqz	a5,4100 <_svfiprintf_r+0x25a>
    3f6a:	57fd                	li	a5,-1
    3f6c:	00140493          	addi	s1,s0,1
    3f70:	d002                	sw	zero,32(sp)
    3f72:	d602                	sw	zero,44(sp)
    3f74:	d23e                	sw	a5,36(sp)
    3f76:	d402                	sw	zero,40(sp)
    3f78:	060101a3          	sb	zero,99(sp)
    3f7c:	dc82                	sw	zero,120(sp)
    3f7e:	0004c583          	lbu	a1,0(s1)
    3f82:	4615                	li	a2,5
    3f84:	8556                	mv	a0,s5
    3f86:	249000ef          	jal	ra,49ce <memchr>
    3f8a:	00148413          	addi	s0,s1,1
    3f8e:	5782                	lw	a5,32(sp)
    3f90:	e531                	bnez	a0,3fdc <_svfiprintf_r+0x136>
    3f92:	0107f713          	andi	a4,a5,16
    3f96:	c709                	beqz	a4,3fa0 <_svfiprintf_r+0xfa>
    3f98:	02000713          	li	a4,32
    3f9c:	06e101a3          	sb	a4,99(sp)
    3fa0:	0087f713          	andi	a4,a5,8
    3fa4:	c709                	beqz	a4,3fae <_svfiprintf_r+0x108>
    3fa6:	02b00713          	li	a4,43
    3faa:	06e101a3          	sb	a4,99(sp)
    3fae:	0004c683          	lbu	a3,0(s1)
    3fb2:	02a00713          	li	a4,42
    3fb6:	02e68b63          	beq	a3,a4,3fec <_svfiprintf_r+0x146>
    3fba:	57b2                	lw	a5,44(sp)
    3fbc:	8426                	mv	s0,s1
    3fbe:	4681                	li	a3,0
    3fc0:	4625                	li	a2,9
    3fc2:	00044703          	lbu	a4,0(s0)
    3fc6:	00140593          	addi	a1,s0,1
    3fca:	fd070713          	addi	a4,a4,-48 # ffffdfd0 <_eusrstack+0xdfff8fd0>
    3fce:	06e67463          	bgeu	a2,a4,4036 <_svfiprintf_r+0x190>
    3fd2:	c68d                	beqz	a3,3ffc <_svfiprintf_r+0x156>
    3fd4:	d63e                	sw	a5,44(sp)
    3fd6:	a01d                	j	3ffc <_svfiprintf_r+0x156>
    3fd8:	0405                	addi	s0,s0,1
    3fda:	bfb9                	j	3f38 <_svfiprintf_r+0x92>
    3fdc:	41550533          	sub	a0,a0,s5
    3fe0:	00ac1533          	sll	a0,s8,a0
    3fe4:	8fc9                	or	a5,a5,a0
    3fe6:	d03e                	sw	a5,32(sp)
    3fe8:	84a2                	mv	s1,s0
    3fea:	bf51                	j	3f7e <_svfiprintf_r+0xd8>
    3fec:	4772                	lw	a4,28(sp)
    3fee:	00470693          	addi	a3,a4,4
    3ff2:	4318                	lw	a4,0(a4)
    3ff4:	ce36                	sw	a3,28(sp)
    3ff6:	02074963          	bltz	a4,4028 <_svfiprintf_r+0x182>
    3ffa:	d63a                	sw	a4,44(sp)
    3ffc:	00044703          	lbu	a4,0(s0)
    4000:	02e00793          	li	a5,46
    4004:	04f71f63          	bne	a4,a5,4062 <_svfiprintf_r+0x1bc>
    4008:	00144703          	lbu	a4,1(s0)
    400c:	02a00793          	li	a5,42
    4010:	02f71b63          	bne	a4,a5,4046 <_svfiprintf_r+0x1a0>
    4014:	47f2                	lw	a5,28(sp)
    4016:	0409                	addi	s0,s0,2
    4018:	00478713          	addi	a4,a5,4
    401c:	439c                	lw	a5,0(a5)
    401e:	ce3a                	sw	a4,28(sp)
    4020:	0207c163          	bltz	a5,4042 <_svfiprintf_r+0x19c>
    4024:	d23e                	sw	a5,36(sp)
    4026:	a835                	j	4062 <_svfiprintf_r+0x1bc>
    4028:	40e00733          	neg	a4,a4
    402c:	0027e793          	ori	a5,a5,2
    4030:	d63a                	sw	a4,44(sp)
    4032:	d03e                	sw	a5,32(sp)
    4034:	b7e1                	j	3ffc <_svfiprintf_r+0x156>
    4036:	036787b3          	mul	a5,a5,s6
    403a:	4685                	li	a3,1
    403c:	842e                	mv	s0,a1
    403e:	97ba                	add	a5,a5,a4
    4040:	b749                	j	3fc2 <_svfiprintf_r+0x11c>
    4042:	57fd                	li	a5,-1
    4044:	b7c5                	j	4024 <_svfiprintf_r+0x17e>
    4046:	0405                	addi	s0,s0,1
    4048:	d202                	sw	zero,36(sp)
    404a:	4681                	li	a3,0
    404c:	4781                	li	a5,0
    404e:	4625                	li	a2,9
    4050:	00044703          	lbu	a4,0(s0)
    4054:	00140593          	addi	a1,s0,1
    4058:	fd070713          	addi	a4,a4,-48
    405c:	06e67863          	bgeu	a2,a4,40cc <_svfiprintf_r+0x226>
    4060:	f2f1                	bnez	a3,4024 <_svfiprintf_r+0x17e>
    4062:	00044583          	lbu	a1,0(s0)
    4066:	460d                	li	a2,3
    4068:	00001517          	auipc	a0,0x1
    406c:	33050513          	addi	a0,a0,816 # 5398 <__sf_fake_stdout+0x28>
    4070:	15f000ef          	jal	ra,49ce <memchr>
    4074:	cd11                	beqz	a0,4090 <_svfiprintf_r+0x1ea>
    4076:	00001797          	auipc	a5,0x1
    407a:	32278793          	addi	a5,a5,802 # 5398 <__sf_fake_stdout+0x28>
    407e:	8d1d                	sub	a0,a0,a5
    4080:	04000793          	li	a5,64
    4084:	00a797b3          	sll	a5,a5,a0
    4088:	5502                	lw	a0,32(sp)
    408a:	0405                	addi	s0,s0,1
    408c:	8d5d                	or	a0,a0,a5
    408e:	d02a                	sw	a0,32(sp)
    4090:	00044583          	lbu	a1,0(s0)
    4094:	4619                	li	a2,6
    4096:	00001517          	auipc	a0,0x1
    409a:	30650513          	addi	a0,a0,774 # 539c <__sf_fake_stdout+0x2c>
    409e:	00140493          	addi	s1,s0,1
    40a2:	02b10c23          	sb	a1,56(sp)
    40a6:	129000ef          	jal	ra,49ce <memchr>
    40aa:	c525                	beqz	a0,4112 <_svfiprintf_r+0x26c>
    40ac:	ffffc797          	auipc	a5,0xffffc
    40b0:	f5478793          	addi	a5,a5,-172 # 0 <_sinit>
    40b4:	e795                	bnez	a5,40e0 <_svfiprintf_r+0x23a>
    40b6:	5702                	lw	a4,32(sp)
    40b8:	47f2                	lw	a5,28(sp)
    40ba:	10077713          	andi	a4,a4,256
    40be:	cf09                	beqz	a4,40d8 <_svfiprintf_r+0x232>
    40c0:	0791                	addi	a5,a5,4
    40c2:	ce3e                	sw	a5,28(sp)
    40c4:	57d2                	lw	a5,52(sp)
    40c6:	97d2                	add	a5,a5,s4
    40c8:	da3e                	sw	a5,52(sp)
    40ca:	b5b5                	j	3f36 <_svfiprintf_r+0x90>
    40cc:	036787b3          	mul	a5,a5,s6
    40d0:	4685                	li	a3,1
    40d2:	842e                	mv	s0,a1
    40d4:	97ba                	add	a5,a5,a4
    40d6:	bfad                	j	4050 <_svfiprintf_r+0x1aa>
    40d8:	079d                	addi	a5,a5,7
    40da:	9be1                	andi	a5,a5,-8
    40dc:	07a1                	addi	a5,a5,8
    40de:	b7d5                	j	40c2 <_svfiprintf_r+0x21c>
    40e0:	0878                	addi	a4,sp,28
    40e2:	00000697          	auipc	a3,0x0
    40e6:	cd668693          	addi	a3,a3,-810 # 3db8 <__ssputs_r>
    40ea:	864a                	mv	a2,s2
    40ec:	100c                	addi	a1,sp,32
    40ee:	854e                	mv	a0,s3
    40f0:	00000097          	auipc	ra,0x0
    40f4:	000000e7          	jalr	zero # 0 <_sinit>
    40f8:	57fd                	li	a5,-1
    40fa:	8a2a                	mv	s4,a0
    40fc:	fcf514e3          	bne	a0,a5,40c4 <_svfiprintf_r+0x21e>
    4100:	00c95783          	lhu	a5,12(s2)
    4104:	557d                	li	a0,-1
    4106:	0407f793          	andi	a5,a5,64
    410a:	de0793e3          	bnez	a5,3ef0 <_svfiprintf_r+0x4a>
    410e:	5552                	lw	a0,52(sp)
    4110:	b3c5                	j	3ef0 <_svfiprintf_r+0x4a>
    4112:	0878                	addi	a4,sp,28
    4114:	00000697          	auipc	a3,0x0
    4118:	ca468693          	addi	a3,a3,-860 # 3db8 <__ssputs_r>
    411c:	864a                	mv	a2,s2
    411e:	100c                	addi	a1,sp,32
    4120:	854e                	mv	a0,s3
    4122:	2929                	jal	453c <_printf_i>
    4124:	bfd1                	j	40f8 <_svfiprintf_r+0x252>

00004126 <__sfputc_r>:
    4126:	461c                	lw	a5,8(a2)
    4128:	17fd                	addi	a5,a5,-1
    412a:	c61c                	sw	a5,8(a2)
    412c:	0007da63          	bgez	a5,4140 <__sfputc_r+0x1a>
    4130:	4e18                	lw	a4,24(a2)
    4132:	00e7c563          	blt	a5,a4,413c <__sfputc_r+0x16>
    4136:	47a9                	li	a5,10
    4138:	00f59463          	bne	a1,a5,4140 <__sfputc_r+0x1a>
    413c:	c64ff06f          	j	35a0 <__swbuf_r>
    4140:	421c                	lw	a5,0(a2)
    4142:	852e                	mv	a0,a1
    4144:	00178713          	addi	a4,a5,1
    4148:	c218                	sw	a4,0(a2)
    414a:	00b78023          	sb	a1,0(a5)
    414e:	8082                	ret

00004150 <__sfputs_r>:
    4150:	1101                	addi	sp,sp,-32
    4152:	cc22                	sw	s0,24(sp)
    4154:	ca26                	sw	s1,20(sp)
    4156:	c84a                	sw	s2,16(sp)
    4158:	c64e                	sw	s3,12(sp)
    415a:	c452                	sw	s4,8(sp)
    415c:	ce06                	sw	ra,28(sp)
    415e:	892a                	mv	s2,a0
    4160:	89ae                	mv	s3,a1
    4162:	8432                	mv	s0,a2
    4164:	00d604b3          	add	s1,a2,a3
    4168:	5a7d                	li	s4,-1
    416a:	00941463          	bne	s0,s1,4172 <__sfputs_r+0x22>
    416e:	4501                	li	a0,0
    4170:	a811                	j	4184 <__sfputs_r+0x34>
    4172:	00044583          	lbu	a1,0(s0)
    4176:	864e                	mv	a2,s3
    4178:	854a                	mv	a0,s2
    417a:	fadff0ef          	jal	ra,4126 <__sfputc_r>
    417e:	0405                	addi	s0,s0,1
    4180:	ff4515e3          	bne	a0,s4,416a <__sfputs_r+0x1a>
    4184:	40f2                	lw	ra,28(sp)
    4186:	4462                	lw	s0,24(sp)
    4188:	44d2                	lw	s1,20(sp)
    418a:	4942                	lw	s2,16(sp)
    418c:	49b2                	lw	s3,12(sp)
    418e:	4a22                	lw	s4,8(sp)
    4190:	6105                	addi	sp,sp,32
    4192:	8082                	ret

00004194 <_vfiprintf_r>:
    4194:	7135                	addi	sp,sp,-160
    4196:	cd22                	sw	s0,152(sp)
    4198:	cb26                	sw	s1,148(sp)
    419a:	c94a                	sw	s2,144(sp)
    419c:	c74e                	sw	s3,140(sp)
    419e:	cf06                	sw	ra,156(sp)
    41a0:	c552                	sw	s4,136(sp)
    41a2:	c356                	sw	s5,132(sp)
    41a4:	c15a                	sw	s6,128(sp)
    41a6:	dede                	sw	s7,124(sp)
    41a8:	dce2                	sw	s8,120(sp)
    41aa:	dae6                	sw	s9,116(sp)
    41ac:	89aa                	mv	s3,a0
    41ae:	84ae                	mv	s1,a1
    41b0:	8932                	mv	s2,a2
    41b2:	8436                	mv	s0,a3
    41b4:	c509                	beqz	a0,41be <_vfiprintf_r+0x2a>
    41b6:	4d1c                	lw	a5,24(a0)
    41b8:	e399                	bnez	a5,41be <_vfiprintf_r+0x2a>
    41ba:	80fff0ef          	jal	ra,39c8 <__sinit>
    41be:	00001797          	auipc	a5,0x1
    41c2:	19278793          	addi	a5,a5,402 # 5350 <__sf_fake_stdin>
    41c6:	0cf49c63          	bne	s1,a5,429e <_vfiprintf_r+0x10a>
    41ca:	0049a483          	lw	s1,4(s3)
    41ce:	00c4d783          	lhu	a5,12(s1)
    41d2:	8ba1                	andi	a5,a5,8
    41d4:	c7fd                	beqz	a5,42c2 <_vfiprintf_r+0x12e>
    41d6:	489c                	lw	a5,16(s1)
    41d8:	c7ed                	beqz	a5,42c2 <_vfiprintf_r+0x12e>
    41da:	02000793          	li	a5,32
    41de:	02f104a3          	sb	a5,41(sp)
    41e2:	03000793          	li	a5,48
    41e6:	d202                	sw	zero,36(sp)
    41e8:	02f10523          	sb	a5,42(sp)
    41ec:	c622                	sw	s0,12(sp)
    41ee:	02500b93          	li	s7,37
    41f2:	00001a97          	auipc	s5,0x1
    41f6:	19ea8a93          	addi	s5,s5,414 # 5390 <__sf_fake_stdout+0x20>
    41fa:	4c05                	li	s8,1
    41fc:	4b29                	li	s6,10
    41fe:	844a                	mv	s0,s2
    4200:	00044783          	lbu	a5,0(s0)
    4204:	c399                	beqz	a5,420a <_vfiprintf_r+0x76>
    4206:	0f779163          	bne	a5,s7,42e8 <_vfiprintf_r+0x154>
    420a:	41240cb3          	sub	s9,s0,s2
    420e:	000c8e63          	beqz	s9,422a <_vfiprintf_r+0x96>
    4212:	86e6                	mv	a3,s9
    4214:	864a                	mv	a2,s2
    4216:	85a6                	mv	a1,s1
    4218:	854e                	mv	a0,s3
    421a:	f37ff0ef          	jal	ra,4150 <__sfputs_r>
    421e:	57fd                	li	a5,-1
    4220:	1ef50663          	beq	a0,a5,440c <_vfiprintf_r+0x278>
    4224:	5692                	lw	a3,36(sp)
    4226:	96e6                	add	a3,a3,s9
    4228:	d236                	sw	a3,36(sp)
    422a:	00044783          	lbu	a5,0(s0)
    422e:	1c078f63          	beqz	a5,440c <_vfiprintf_r+0x278>
    4232:	57fd                	li	a5,-1
    4234:	00140913          	addi	s2,s0,1
    4238:	c802                	sw	zero,16(sp)
    423a:	ce02                	sw	zero,28(sp)
    423c:	ca3e                	sw	a5,20(sp)
    423e:	cc02                	sw	zero,24(sp)
    4240:	040109a3          	sb	zero,83(sp)
    4244:	d482                	sw	zero,104(sp)
    4246:	00094583          	lbu	a1,0(s2)
    424a:	4615                	li	a2,5
    424c:	8556                	mv	a0,s5
    424e:	2741                	jal	49ce <memchr>
    4250:	00190413          	addi	s0,s2,1
    4254:	47c2                	lw	a5,16(sp)
    4256:	e959                	bnez	a0,42ec <_vfiprintf_r+0x158>
    4258:	0107f713          	andi	a4,a5,16
    425c:	c709                	beqz	a4,4266 <_vfiprintf_r+0xd2>
    425e:	02000713          	li	a4,32
    4262:	04e109a3          	sb	a4,83(sp)
    4266:	0087f713          	andi	a4,a5,8
    426a:	c709                	beqz	a4,4274 <_vfiprintf_r+0xe0>
    426c:	02b00713          	li	a4,43
    4270:	04e109a3          	sb	a4,83(sp)
    4274:	00094683          	lbu	a3,0(s2)
    4278:	02a00713          	li	a4,42
    427c:	08e68063          	beq	a3,a4,42fc <_vfiprintf_r+0x168>
    4280:	47f2                	lw	a5,28(sp)
    4282:	844a                	mv	s0,s2
    4284:	4681                	li	a3,0
    4286:	4625                	li	a2,9
    4288:	00044703          	lbu	a4,0(s0)
    428c:	00140593          	addi	a1,s0,1
    4290:	fd070713          	addi	a4,a4,-48
    4294:	0ae67963          	bgeu	a2,a4,4346 <_vfiprintf_r+0x1b2>
    4298:	cab5                	beqz	a3,430c <_vfiprintf_r+0x178>
    429a:	ce3e                	sw	a5,28(sp)
    429c:	a885                	j	430c <_vfiprintf_r+0x178>
    429e:	00001797          	auipc	a5,0x1
    42a2:	0d278793          	addi	a5,a5,210 # 5370 <__sf_fake_stdout>
    42a6:	00f49563          	bne	s1,a5,42b0 <_vfiprintf_r+0x11c>
    42aa:	0089a483          	lw	s1,8(s3)
    42ae:	b705                	j	41ce <_vfiprintf_r+0x3a>
    42b0:	00001797          	auipc	a5,0x1
    42b4:	08078793          	addi	a5,a5,128 # 5330 <__sf_fake_stderr>
    42b8:	f0f49be3          	bne	s1,a5,41ce <_vfiprintf_r+0x3a>
    42bc:	00c9a483          	lw	s1,12(s3)
    42c0:	b739                	j	41ce <_vfiprintf_r+0x3a>
    42c2:	85a6                	mv	a1,s1
    42c4:	854e                	mv	a0,s3
    42c6:	b9aff0ef          	jal	ra,3660 <__swsetup_r>
    42ca:	d901                	beqz	a0,41da <_vfiprintf_r+0x46>
    42cc:	557d                	li	a0,-1
    42ce:	40fa                	lw	ra,156(sp)
    42d0:	446a                	lw	s0,152(sp)
    42d2:	44da                	lw	s1,148(sp)
    42d4:	494a                	lw	s2,144(sp)
    42d6:	49ba                	lw	s3,140(sp)
    42d8:	4a2a                	lw	s4,136(sp)
    42da:	4a9a                	lw	s5,132(sp)
    42dc:	4b0a                	lw	s6,128(sp)
    42de:	5bf6                	lw	s7,124(sp)
    42e0:	5c66                	lw	s8,120(sp)
    42e2:	5cd6                	lw	s9,116(sp)
    42e4:	610d                	addi	sp,sp,160
    42e6:	8082                	ret
    42e8:	0405                	addi	s0,s0,1
    42ea:	bf19                	j	4200 <_vfiprintf_r+0x6c>
    42ec:	41550533          	sub	a0,a0,s5
    42f0:	00ac1533          	sll	a0,s8,a0
    42f4:	8fc9                	or	a5,a5,a0
    42f6:	c83e                	sw	a5,16(sp)
    42f8:	8922                	mv	s2,s0
    42fa:	b7b1                	j	4246 <_vfiprintf_r+0xb2>
    42fc:	4732                	lw	a4,12(sp)
    42fe:	00470693          	addi	a3,a4,4
    4302:	4318                	lw	a4,0(a4)
    4304:	c636                	sw	a3,12(sp)
    4306:	02074963          	bltz	a4,4338 <_vfiprintf_r+0x1a4>
    430a:	ce3a                	sw	a4,28(sp)
    430c:	00044703          	lbu	a4,0(s0)
    4310:	02e00793          	li	a5,46
    4314:	04f71f63          	bne	a4,a5,4372 <_vfiprintf_r+0x1de>
    4318:	00144703          	lbu	a4,1(s0)
    431c:	02a00793          	li	a5,42
    4320:	02f71b63          	bne	a4,a5,4356 <_vfiprintf_r+0x1c2>
    4324:	47b2                	lw	a5,12(sp)
    4326:	0409                	addi	s0,s0,2
    4328:	00478713          	addi	a4,a5,4
    432c:	439c                	lw	a5,0(a5)
    432e:	c63a                	sw	a4,12(sp)
    4330:	0207c163          	bltz	a5,4352 <_vfiprintf_r+0x1be>
    4334:	ca3e                	sw	a5,20(sp)
    4336:	a835                	j	4372 <_vfiprintf_r+0x1de>
    4338:	40e00733          	neg	a4,a4
    433c:	0027e793          	ori	a5,a5,2
    4340:	ce3a                	sw	a4,28(sp)
    4342:	c83e                	sw	a5,16(sp)
    4344:	b7e1                	j	430c <_vfiprintf_r+0x178>
    4346:	036787b3          	mul	a5,a5,s6
    434a:	4685                	li	a3,1
    434c:	842e                	mv	s0,a1
    434e:	97ba                	add	a5,a5,a4
    4350:	bf25                	j	4288 <_vfiprintf_r+0xf4>
    4352:	57fd                	li	a5,-1
    4354:	b7c5                	j	4334 <_vfiprintf_r+0x1a0>
    4356:	0405                	addi	s0,s0,1
    4358:	ca02                	sw	zero,20(sp)
    435a:	4681                	li	a3,0
    435c:	4781                	li	a5,0
    435e:	4625                	li	a2,9
    4360:	00044703          	lbu	a4,0(s0)
    4364:	00140593          	addi	a1,s0,1
    4368:	fd070713          	addi	a4,a4,-48
    436c:	06e67663          	bgeu	a2,a4,43d8 <_vfiprintf_r+0x244>
    4370:	f2f1                	bnez	a3,4334 <_vfiprintf_r+0x1a0>
    4372:	00044583          	lbu	a1,0(s0)
    4376:	460d                	li	a2,3
    4378:	00001517          	auipc	a0,0x1
    437c:	02050513          	addi	a0,a0,32 # 5398 <__sf_fake_stdout+0x28>
    4380:	25b9                	jal	49ce <memchr>
    4382:	cd11                	beqz	a0,439e <_vfiprintf_r+0x20a>
    4384:	00001797          	auipc	a5,0x1
    4388:	01478793          	addi	a5,a5,20 # 5398 <__sf_fake_stdout+0x28>
    438c:	8d1d                	sub	a0,a0,a5
    438e:	04000793          	li	a5,64
    4392:	00a797b3          	sll	a5,a5,a0
    4396:	4542                	lw	a0,16(sp)
    4398:	0405                	addi	s0,s0,1
    439a:	8d5d                	or	a0,a0,a5
    439c:	c82a                	sw	a0,16(sp)
    439e:	00044583          	lbu	a1,0(s0)
    43a2:	4619                	li	a2,6
    43a4:	00001517          	auipc	a0,0x1
    43a8:	ff850513          	addi	a0,a0,-8 # 539c <__sf_fake_stdout+0x2c>
    43ac:	00140913          	addi	s2,s0,1
    43b0:	02b10423          	sb	a1,40(sp)
    43b4:	2d29                	jal	49ce <memchr>
    43b6:	c13d                	beqz	a0,441c <_vfiprintf_r+0x288>
    43b8:	ffffc797          	auipc	a5,0xffffc
    43bc:	c4878793          	addi	a5,a5,-952 # 0 <_sinit>
    43c0:	e795                	bnez	a5,43ec <_vfiprintf_r+0x258>
    43c2:	4742                	lw	a4,16(sp)
    43c4:	47b2                	lw	a5,12(sp)
    43c6:	10077713          	andi	a4,a4,256
    43ca:	cf09                	beqz	a4,43e4 <_vfiprintf_r+0x250>
    43cc:	0791                	addi	a5,a5,4
    43ce:	c63e                	sw	a5,12(sp)
    43d0:	5792                	lw	a5,36(sp)
    43d2:	97d2                	add	a5,a5,s4
    43d4:	d23e                	sw	a5,36(sp)
    43d6:	b525                	j	41fe <_vfiprintf_r+0x6a>
    43d8:	036787b3          	mul	a5,a5,s6
    43dc:	4685                	li	a3,1
    43de:	842e                	mv	s0,a1
    43e0:	97ba                	add	a5,a5,a4
    43e2:	bfbd                	j	4360 <_vfiprintf_r+0x1cc>
    43e4:	079d                	addi	a5,a5,7
    43e6:	9be1                	andi	a5,a5,-8
    43e8:	07a1                	addi	a5,a5,8
    43ea:	b7d5                	j	43ce <_vfiprintf_r+0x23a>
    43ec:	0078                	addi	a4,sp,12
    43ee:	00000697          	auipc	a3,0x0
    43f2:	d6268693          	addi	a3,a3,-670 # 4150 <__sfputs_r>
    43f6:	8626                	mv	a2,s1
    43f8:	080c                	addi	a1,sp,16
    43fa:	854e                	mv	a0,s3
    43fc:	00000097          	auipc	ra,0x0
    4400:	000000e7          	jalr	zero # 0 <_sinit>
    4404:	57fd                	li	a5,-1
    4406:	8a2a                	mv	s4,a0
    4408:	fcf514e3          	bne	a0,a5,43d0 <_vfiprintf_r+0x23c>
    440c:	00c4d783          	lhu	a5,12(s1)
    4410:	0407f793          	andi	a5,a5,64
    4414:	ea079ce3          	bnez	a5,42cc <_vfiprintf_r+0x138>
    4418:	5512                	lw	a0,36(sp)
    441a:	bd55                	j	42ce <_vfiprintf_r+0x13a>
    441c:	0078                	addi	a4,sp,12
    441e:	00000697          	auipc	a3,0x0
    4422:	d3268693          	addi	a3,a3,-718 # 4150 <__sfputs_r>
    4426:	8626                	mv	a2,s1
    4428:	080c                	addi	a1,sp,16
    442a:	854e                	mv	a0,s3
    442c:	2a01                	jal	453c <_printf_i>
    442e:	bfd9                	j	4404 <_vfiprintf_r+0x270>

00004430 <_printf_common>:
    4430:	7179                	addi	sp,sp,-48
    4432:	ca56                	sw	s5,20(sp)
    4434:	499c                	lw	a5,16(a1)
    4436:	8aba                	mv	s5,a4
    4438:	4598                	lw	a4,8(a1)
    443a:	d422                	sw	s0,40(sp)
    443c:	d226                	sw	s1,36(sp)
    443e:	ce4e                	sw	s3,28(sp)
    4440:	cc52                	sw	s4,24(sp)
    4442:	d606                	sw	ra,44(sp)
    4444:	d04a                	sw	s2,32(sp)
    4446:	c85a                	sw	s6,16(sp)
    4448:	c65e                	sw	s7,12(sp)
    444a:	89aa                	mv	s3,a0
    444c:	842e                	mv	s0,a1
    444e:	84b2                	mv	s1,a2
    4450:	8a36                	mv	s4,a3
    4452:	00e7d363          	bge	a5,a4,4458 <_printf_common+0x28>
    4456:	87ba                	mv	a5,a4
    4458:	c09c                	sw	a5,0(s1)
    445a:	04344703          	lbu	a4,67(s0)
    445e:	c319                	beqz	a4,4464 <_printf_common+0x34>
    4460:	0785                	addi	a5,a5,1
    4462:	c09c                	sw	a5,0(s1)
    4464:	401c                	lw	a5,0(s0)
    4466:	0207f793          	andi	a5,a5,32
    446a:	c781                	beqz	a5,4472 <_printf_common+0x42>
    446c:	409c                	lw	a5,0(s1)
    446e:	0789                	addi	a5,a5,2
    4470:	c09c                	sw	a5,0(s1)
    4472:	00042903          	lw	s2,0(s0)
    4476:	00697913          	andi	s2,s2,6
    447a:	00091a63          	bnez	s2,448e <_printf_common+0x5e>
    447e:	01940b13          	addi	s6,s0,25
    4482:	5bfd                	li	s7,-1
    4484:	445c                	lw	a5,12(s0)
    4486:	4098                	lw	a4,0(s1)
    4488:	8f99                	sub	a5,a5,a4
    448a:	04f94c63          	blt	s2,a5,44e2 <_printf_common+0xb2>
    448e:	401c                	lw	a5,0(s0)
    4490:	04344683          	lbu	a3,67(s0)
    4494:	0207f793          	andi	a5,a5,32
    4498:	00d036b3          	snez	a3,a3
    449c:	eba5                	bnez	a5,450c <_printf_common+0xdc>
    449e:	04340613          	addi	a2,s0,67
    44a2:	85d2                	mv	a1,s4
    44a4:	854e                	mv	a0,s3
    44a6:	9a82                	jalr	s5
    44a8:	57fd                	li	a5,-1
    44aa:	04f50363          	beq	a0,a5,44f0 <_printf_common+0xc0>
    44ae:	401c                	lw	a5,0(s0)
    44b0:	4611                	li	a2,4
    44b2:	4098                	lw	a4,0(s1)
    44b4:	8b99                	andi	a5,a5,6
    44b6:	4454                	lw	a3,12(s0)
    44b8:	4481                	li	s1,0
    44ba:	00c79763          	bne	a5,a2,44c8 <_printf_common+0x98>
    44be:	40e684b3          	sub	s1,a3,a4
    44c2:	0004d363          	bgez	s1,44c8 <_printf_common+0x98>
    44c6:	4481                	li	s1,0
    44c8:	441c                	lw	a5,8(s0)
    44ca:	4818                	lw	a4,16(s0)
    44cc:	00f75463          	bge	a4,a5,44d4 <_printf_common+0xa4>
    44d0:	8f99                	sub	a5,a5,a4
    44d2:	94be                	add	s1,s1,a5
    44d4:	4901                	li	s2,0
    44d6:	0469                	addi	s0,s0,26
    44d8:	5b7d                	li	s6,-1
    44da:	05249863          	bne	s1,s2,452a <_printf_common+0xfa>
    44de:	4501                	li	a0,0
    44e0:	a809                	j	44f2 <_printf_common+0xc2>
    44e2:	4685                	li	a3,1
    44e4:	865a                	mv	a2,s6
    44e6:	85d2                	mv	a1,s4
    44e8:	854e                	mv	a0,s3
    44ea:	9a82                	jalr	s5
    44ec:	01751e63          	bne	a0,s7,4508 <_printf_common+0xd8>
    44f0:	557d                	li	a0,-1
    44f2:	50b2                	lw	ra,44(sp)
    44f4:	5422                	lw	s0,40(sp)
    44f6:	5492                	lw	s1,36(sp)
    44f8:	5902                	lw	s2,32(sp)
    44fa:	49f2                	lw	s3,28(sp)
    44fc:	4a62                	lw	s4,24(sp)
    44fe:	4ad2                	lw	s5,20(sp)
    4500:	4b42                	lw	s6,16(sp)
    4502:	4bb2                	lw	s7,12(sp)
    4504:	6145                	addi	sp,sp,48
    4506:	8082                	ret
    4508:	0905                	addi	s2,s2,1
    450a:	bfad                	j	4484 <_printf_common+0x54>
    450c:	00d40733          	add	a4,s0,a3
    4510:	03000613          	li	a2,48
    4514:	04c701a3          	sb	a2,67(a4)
    4518:	04544703          	lbu	a4,69(s0)
    451c:	00168793          	addi	a5,a3,1
    4520:	97a2                	add	a5,a5,s0
    4522:	0689                	addi	a3,a3,2
    4524:	04e781a3          	sb	a4,67(a5)
    4528:	bf9d                	j	449e <_printf_common+0x6e>
    452a:	4685                	li	a3,1
    452c:	8622                	mv	a2,s0
    452e:	85d2                	mv	a1,s4
    4530:	854e                	mv	a0,s3
    4532:	9a82                	jalr	s5
    4534:	fb650ee3          	beq	a0,s6,44f0 <_printf_common+0xc0>
    4538:	0905                	addi	s2,s2,1
    453a:	b745                	j	44da <_printf_common+0xaa>

0000453c <_printf_i>:
    453c:	7179                	addi	sp,sp,-48
    453e:	d422                	sw	s0,40(sp)
    4540:	d226                	sw	s1,36(sp)
    4542:	d04a                	sw	s2,32(sp)
    4544:	ce4e                	sw	s3,28(sp)
    4546:	d606                	sw	ra,44(sp)
    4548:	cc52                	sw	s4,24(sp)
    454a:	ca56                	sw	s5,20(sp)
    454c:	c85a                	sw	s6,16(sp)
    454e:	89b6                	mv	s3,a3
    4550:	0185c683          	lbu	a3,24(a1)
    4554:	06900793          	li	a5,105
    4558:	8932                	mv	s2,a2
    455a:	84aa                	mv	s1,a0
    455c:	842e                	mv	s0,a1
    455e:	04358613          	addi	a2,a1,67
    4562:	02f68d63          	beq	a3,a5,459c <_printf_i+0x60>
    4566:	06d7e263          	bltu	a5,a3,45ca <_printf_i+0x8e>
    456a:	05800793          	li	a5,88
    456e:	18f68863          	beq	a3,a5,46fe <_printf_i+0x1c2>
    4572:	00d7ed63          	bltu	a5,a3,458c <_printf_i+0x50>
    4576:	22068163          	beqz	a3,4798 <_printf_i+0x25c>
    457a:	04300793          	li	a5,67
    457e:	0af68e63          	beq	a3,a5,463a <_printf_i+0xfe>
    4582:	04240a93          	addi	s5,s0,66
    4586:	04d40123          	sb	a3,66(s0)
    458a:	a0c9                	j	464c <_printf_i+0x110>
    458c:	06300793          	li	a5,99
    4590:	0af68563          	beq	a3,a5,463a <_printf_i+0xfe>
    4594:	06400793          	li	a5,100
    4598:	fef695e3          	bne	a3,a5,4582 <_printf_i+0x46>
    459c:	401c                	lw	a5,0(s0)
    459e:	4308                	lw	a0,0(a4)
    45a0:	0807f693          	andi	a3,a5,128
    45a4:	00450593          	addi	a1,a0,4
    45a8:	c6c5                	beqz	a3,4650 <_printf_i+0x114>
    45aa:	411c                	lw	a5,0(a0)
    45ac:	c30c                	sw	a1,0(a4)
    45ae:	0007d863          	bgez	a5,45be <_printf_i+0x82>
    45b2:	02d00713          	li	a4,45
    45b6:	40f007b3          	neg	a5,a5
    45ba:	04e401a3          	sb	a4,67(s0)
    45be:	00001697          	auipc	a3,0x1
    45c2:	de668693          	addi	a3,a3,-538 # 53a4 <__sf_fake_stdout+0x34>
    45c6:	4729                	li	a4,10
    45c8:	a86d                	j	4682 <_printf_i+0x146>
    45ca:	07000793          	li	a5,112
    45ce:	16f68463          	beq	a3,a5,4736 <_printf_i+0x1fa>
    45d2:	02d7e563          	bltu	a5,a3,45fc <_printf_i+0xc0>
    45d6:	06e00793          	li	a5,110
    45da:	18f68b63          	beq	a3,a5,4770 <_printf_i+0x234>
    45de:	06f00793          	li	a5,111
    45e2:	faf690e3          	bne	a3,a5,4582 <_printf_i+0x46>
    45e6:	400c                	lw	a1,0(s0)
    45e8:	431c                	lw	a5,0(a4)
    45ea:	0805f813          	andi	a6,a1,128
    45ee:	00478513          	addi	a0,a5,4
    45f2:	06080763          	beqz	a6,4660 <_printf_i+0x124>
    45f6:	c308                	sw	a0,0(a4)
    45f8:	439c                	lw	a5,0(a5)
    45fa:	a88d                	j	466c <_printf_i+0x130>
    45fc:	07500793          	li	a5,117
    4600:	fef683e3          	beq	a3,a5,45e6 <_printf_i+0xaa>
    4604:	07800793          	li	a5,120
    4608:	12f68b63          	beq	a3,a5,473e <_printf_i+0x202>
    460c:	07300793          	li	a5,115
    4610:	f6f699e3          	bne	a3,a5,4582 <_printf_i+0x46>
    4614:	431c                	lw	a5,0(a4)
    4616:	41d0                	lw	a2,4(a1)
    4618:	4581                	li	a1,0
    461a:	00478693          	addi	a3,a5,4
    461e:	c314                	sw	a3,0(a4)
    4620:	0007aa83          	lw	s5,0(a5)
    4624:	8556                	mv	a0,s5
    4626:	2665                	jal	49ce <memchr>
    4628:	c501                	beqz	a0,4630 <_printf_i+0xf4>
    462a:	41550533          	sub	a0,a0,s5
    462e:	c048                	sw	a0,4(s0)
    4630:	405c                	lw	a5,4(s0)
    4632:	c81c                	sw	a5,16(s0)
    4634:	040401a3          	sb	zero,67(s0)
    4638:	a871                	j	46d4 <_printf_i+0x198>
    463a:	431c                	lw	a5,0(a4)
    463c:	04240a93          	addi	s5,s0,66
    4640:	00478693          	addi	a3,a5,4
    4644:	439c                	lw	a5,0(a5)
    4646:	c314                	sw	a3,0(a4)
    4648:	04f40123          	sb	a5,66(s0)
    464c:	4785                	li	a5,1
    464e:	b7d5                	j	4632 <_printf_i+0xf6>
    4650:	0407f693          	andi	a3,a5,64
    4654:	411c                	lw	a5,0(a0)
    4656:	c30c                	sw	a1,0(a4)
    4658:	dab9                	beqz	a3,45ae <_printf_i+0x72>
    465a:	07c2                	slli	a5,a5,0x10
    465c:	87c1                	srai	a5,a5,0x10
    465e:	bf81                	j	45ae <_printf_i+0x72>
    4660:	0405f593          	andi	a1,a1,64
    4664:	c308                	sw	a0,0(a4)
    4666:	d9c9                	beqz	a1,45f8 <_printf_i+0xbc>
    4668:	0007d783          	lhu	a5,0(a5)
    466c:	06f00713          	li	a4,111
    4670:	0ee68863          	beq	a3,a4,4760 <_printf_i+0x224>
    4674:	00001697          	auipc	a3,0x1
    4678:	d3068693          	addi	a3,a3,-720 # 53a4 <__sf_fake_stdout+0x34>
    467c:	4729                	li	a4,10
    467e:	040401a3          	sb	zero,67(s0)
    4682:	404c                	lw	a1,4(s0)
    4684:	c40c                	sw	a1,8(s0)
    4686:	0005c563          	bltz	a1,4690 <_printf_i+0x154>
    468a:	4008                	lw	a0,0(s0)
    468c:	996d                	andi	a0,a0,-5
    468e:	c008                	sw	a0,0(s0)
    4690:	e399                	bnez	a5,4696 <_printf_i+0x15a>
    4692:	8ab2                	mv	s5,a2
    4694:	cd91                	beqz	a1,46b0 <_printf_i+0x174>
    4696:	8ab2                	mv	s5,a2
    4698:	02e7f5b3          	remu	a1,a5,a4
    469c:	1afd                	addi	s5,s5,-1
    469e:	95b6                	add	a1,a1,a3
    46a0:	0005c583          	lbu	a1,0(a1)
    46a4:	00ba8023          	sb	a1,0(s5)
    46a8:	02e7d5b3          	divu	a1,a5,a4
    46ac:	0ce7f063          	bgeu	a5,a4,476c <_printf_i+0x230>
    46b0:	47a1                	li	a5,8
    46b2:	00f71e63          	bne	a4,a5,46ce <_printf_i+0x192>
    46b6:	401c                	lw	a5,0(s0)
    46b8:	8b85                	andi	a5,a5,1
    46ba:	cb91                	beqz	a5,46ce <_printf_i+0x192>
    46bc:	4058                	lw	a4,4(s0)
    46be:	481c                	lw	a5,16(s0)
    46c0:	00e7c763          	blt	a5,a4,46ce <_printf_i+0x192>
    46c4:	03000793          	li	a5,48
    46c8:	fefa8fa3          	sb	a5,-1(s5)
    46cc:	1afd                	addi	s5,s5,-1
    46ce:	41560633          	sub	a2,a2,s5
    46d2:	c810                	sw	a2,16(s0)
    46d4:	874e                	mv	a4,s3
    46d6:	86ca                	mv	a3,s2
    46d8:	0070                	addi	a2,sp,12
    46da:	85a2                	mv	a1,s0
    46dc:	8526                	mv	a0,s1
    46de:	d53ff0ef          	jal	ra,4430 <_printf_common>
    46e2:	5a7d                	li	s4,-1
    46e4:	0b451e63          	bne	a0,s4,47a0 <_printf_i+0x264>
    46e8:	557d                	li	a0,-1
    46ea:	50b2                	lw	ra,44(sp)
    46ec:	5422                	lw	s0,40(sp)
    46ee:	5492                	lw	s1,36(sp)
    46f0:	5902                	lw	s2,32(sp)
    46f2:	49f2                	lw	s3,28(sp)
    46f4:	4a62                	lw	s4,24(sp)
    46f6:	4ad2                	lw	s5,20(sp)
    46f8:	4b42                	lw	s6,16(sp)
    46fa:	6145                	addi	sp,sp,48
    46fc:	8082                	ret
    46fe:	04d582a3          	sb	a3,69(a1)
    4702:	00001697          	auipc	a3,0x1
    4706:	ca268693          	addi	a3,a3,-862 # 53a4 <__sf_fake_stdout+0x34>
    470a:	400c                	lw	a1,0(s0)
    470c:	4308                	lw	a0,0(a4)
    470e:	0805f813          	andi	a6,a1,128
    4712:	411c                	lw	a5,0(a0)
    4714:	0511                	addi	a0,a0,4
    4716:	02080d63          	beqz	a6,4750 <_printf_i+0x214>
    471a:	c308                	sw	a0,0(a4)
    471c:	0015f713          	andi	a4,a1,1
    4720:	c701                	beqz	a4,4728 <_printf_i+0x1ec>
    4722:	0205e593          	ori	a1,a1,32
    4726:	c00c                	sw	a1,0(s0)
    4728:	4741                	li	a4,16
    472a:	fbb1                	bnez	a5,467e <_printf_i+0x142>
    472c:	400c                	lw	a1,0(s0)
    472e:	fdf5f593          	andi	a1,a1,-33
    4732:	c00c                	sw	a1,0(s0)
    4734:	b7a9                	j	467e <_printf_i+0x142>
    4736:	419c                	lw	a5,0(a1)
    4738:	0207e793          	ori	a5,a5,32
    473c:	c19c                	sw	a5,0(a1)
    473e:	07800793          	li	a5,120
    4742:	04f402a3          	sb	a5,69(s0)
    4746:	00001697          	auipc	a3,0x1
    474a:	c7268693          	addi	a3,a3,-910 # 53b8 <__sf_fake_stdout+0x48>
    474e:	bf75                	j	470a <_printf_i+0x1ce>
    4750:	0405f813          	andi	a6,a1,64
    4754:	c308                	sw	a0,0(a4)
    4756:	fc0803e3          	beqz	a6,471c <_printf_i+0x1e0>
    475a:	07c2                	slli	a5,a5,0x10
    475c:	83c1                	srli	a5,a5,0x10
    475e:	bf7d                	j	471c <_printf_i+0x1e0>
    4760:	00001697          	auipc	a3,0x1
    4764:	c4468693          	addi	a3,a3,-956 # 53a4 <__sf_fake_stdout+0x34>
    4768:	4721                	li	a4,8
    476a:	bf11                	j	467e <_printf_i+0x142>
    476c:	87ae                	mv	a5,a1
    476e:	b72d                	j	4698 <_printf_i+0x15c>
    4770:	4194                	lw	a3,0(a1)
    4772:	431c                	lw	a5,0(a4)
    4774:	49cc                	lw	a1,20(a1)
    4776:	0806f813          	andi	a6,a3,128
    477a:	00478513          	addi	a0,a5,4
    477e:	00080663          	beqz	a6,478a <_printf_i+0x24e>
    4782:	c308                	sw	a0,0(a4)
    4784:	439c                	lw	a5,0(a5)
    4786:	c38c                	sw	a1,0(a5)
    4788:	a801                	j	4798 <_printf_i+0x25c>
    478a:	c308                	sw	a0,0(a4)
    478c:	0406f693          	andi	a3,a3,64
    4790:	439c                	lw	a5,0(a5)
    4792:	daf5                	beqz	a3,4786 <_printf_i+0x24a>
    4794:	00b79023          	sh	a1,0(a5)
    4798:	00042823          	sw	zero,16(s0)
    479c:	8ab2                	mv	s5,a2
    479e:	bf1d                	j	46d4 <_printf_i+0x198>
    47a0:	4814                	lw	a3,16(s0)
    47a2:	8656                	mv	a2,s5
    47a4:	85ca                	mv	a1,s2
    47a6:	8526                	mv	a0,s1
    47a8:	9982                	jalr	s3
    47aa:	f3450fe3          	beq	a0,s4,46e8 <_printf_i+0x1ac>
    47ae:	401c                	lw	a5,0(s0)
    47b0:	8b89                	andi	a5,a5,2
    47b2:	e78d                	bnez	a5,47dc <_printf_i+0x2a0>
    47b4:	47b2                	lw	a5,12(sp)
    47b6:	4448                	lw	a0,12(s0)
    47b8:	f2f559e3          	bge	a0,a5,46ea <_printf_i+0x1ae>
    47bc:	853e                	mv	a0,a5
    47be:	b735                	j	46ea <_printf_i+0x1ae>
    47c0:	4685                	li	a3,1
    47c2:	8656                	mv	a2,s5
    47c4:	85ca                	mv	a1,s2
    47c6:	8526                	mv	a0,s1
    47c8:	9982                	jalr	s3
    47ca:	f1650fe3          	beq	a0,s6,46e8 <_printf_i+0x1ac>
    47ce:	0a05                	addi	s4,s4,1
    47d0:	445c                	lw	a5,12(s0)
    47d2:	4732                	lw	a4,12(sp)
    47d4:	8f99                	sub	a5,a5,a4
    47d6:	fefa45e3          	blt	s4,a5,47c0 <_printf_i+0x284>
    47da:	bfe9                	j	47b4 <_printf_i+0x278>
    47dc:	4a01                	li	s4,0
    47de:	01940a93          	addi	s5,s0,25
    47e2:	5b7d                	li	s6,-1
    47e4:	b7f5                	j	47d0 <_printf_i+0x294>

000047e6 <_sbrk_r>:
    47e6:	1141                	addi	sp,sp,-16
    47e8:	c422                	sw	s0,8(sp)
    47ea:	842a                	mv	s0,a0
    47ec:	852e                	mv	a0,a1
    47ee:	1ffff797          	auipc	a5,0x1ffff
    47f2:	9607af23          	sw	zero,-1666(a5) # 2000316c <errno>
    47f6:	c606                	sw	ra,12(sp)
    47f8:	ca9fd0ef          	jal	ra,24a0 <_sbrk>
    47fc:	57fd                	li	a5,-1
    47fe:	00f51963          	bne	a0,a5,4810 <_sbrk_r+0x2a>
    4802:	1ffff797          	auipc	a5,0x1ffff
    4806:	96a78793          	addi	a5,a5,-1686 # 2000316c <errno>
    480a:	439c                	lw	a5,0(a5)
    480c:	c391                	beqz	a5,4810 <_sbrk_r+0x2a>
    480e:	c01c                	sw	a5,0(s0)
    4810:	40b2                	lw	ra,12(sp)
    4812:	4422                	lw	s0,8(sp)
    4814:	0141                	addi	sp,sp,16
    4816:	8082                	ret

00004818 <__sread>:
    4818:	1141                	addi	sp,sp,-16
    481a:	c422                	sw	s0,8(sp)
    481c:	842e                	mv	s0,a1
    481e:	00e59583          	lh	a1,14(a1)
    4822:	c606                	sw	ra,12(sp)
    4824:	2405                	jal	4a44 <_read_r>
    4826:	00054963          	bltz	a0,4838 <__sread+0x20>
    482a:	487c                	lw	a5,84(s0)
    482c:	97aa                	add	a5,a5,a0
    482e:	c87c                	sw	a5,84(s0)
    4830:	40b2                	lw	ra,12(sp)
    4832:	4422                	lw	s0,8(sp)
    4834:	0141                	addi	sp,sp,16
    4836:	8082                	ret
    4838:	00c45783          	lhu	a5,12(s0)
    483c:	777d                	lui	a4,0xfffff
    483e:	177d                	addi	a4,a4,-1
    4840:	8ff9                	and	a5,a5,a4
    4842:	00f41623          	sh	a5,12(s0)
    4846:	b7ed                	j	4830 <__sread+0x18>

00004848 <__swrite>:
    4848:	00c5d783          	lhu	a5,12(a1)
    484c:	1101                	addi	sp,sp,-32
    484e:	cc22                	sw	s0,24(sp)
    4850:	ca26                	sw	s1,20(sp)
    4852:	c84a                	sw	s2,16(sp)
    4854:	c64e                	sw	s3,12(sp)
    4856:	ce06                	sw	ra,28(sp)
    4858:	1007f793          	andi	a5,a5,256
    485c:	84aa                	mv	s1,a0
    485e:	842e                	mv	s0,a1
    4860:	8932                	mv	s2,a2
    4862:	89b6                	mv	s3,a3
    4864:	c791                	beqz	a5,4870 <__swrite+0x28>
    4866:	00e59583          	lh	a1,14(a1)
    486a:	4689                	li	a3,2
    486c:	4601                	li	a2,0
    486e:	2235                	jal	499a <_lseek_r>
    4870:	00c45783          	lhu	a5,12(s0)
    4874:	777d                	lui	a4,0xfffff
    4876:	177d                	addi	a4,a4,-1
    4878:	8ff9                	and	a5,a5,a4
    487a:	00f41623          	sh	a5,12(s0)
    487e:	00e41583          	lh	a1,14(s0)
    4882:	4462                	lw	s0,24(sp)
    4884:	40f2                	lw	ra,28(sp)
    4886:	86ce                	mv	a3,s3
    4888:	864a                	mv	a2,s2
    488a:	49b2                	lw	s3,12(sp)
    488c:	4942                	lw	s2,16(sp)
    488e:	8526                	mv	a0,s1
    4890:	44d2                	lw	s1,20(sp)
    4892:	6105                	addi	sp,sp,32
    4894:	a83d                	j	48d2 <_write_r>

00004896 <__sseek>:
    4896:	1141                	addi	sp,sp,-16
    4898:	c422                	sw	s0,8(sp)
    489a:	842e                	mv	s0,a1
    489c:	00e59583          	lh	a1,14(a1)
    48a0:	c606                	sw	ra,12(sp)
    48a2:	28e5                	jal	499a <_lseek_r>
    48a4:	57fd                	li	a5,-1
    48a6:	00c45703          	lhu	a4,12(s0)
    48aa:	00f51b63          	bne	a0,a5,48c0 <__sseek+0x2a>
    48ae:	77fd                	lui	a5,0xfffff
    48b0:	17fd                	addi	a5,a5,-1
    48b2:	8ff9                	and	a5,a5,a4
    48b4:	00f41623          	sh	a5,12(s0)
    48b8:	40b2                	lw	ra,12(sp)
    48ba:	4422                	lw	s0,8(sp)
    48bc:	0141                	addi	sp,sp,16
    48be:	8082                	ret
    48c0:	6785                	lui	a5,0x1
    48c2:	8fd9                	or	a5,a5,a4
    48c4:	00f41623          	sh	a5,12(s0)
    48c8:	c868                	sw	a0,84(s0)
    48ca:	b7fd                	j	48b8 <__sseek+0x22>

000048cc <__sclose>:
    48cc:	00e59583          	lh	a1,14(a1)
    48d0:	a825                	j	4908 <_close_r>

000048d2 <_write_r>:
    48d2:	1141                	addi	sp,sp,-16
    48d4:	c422                	sw	s0,8(sp)
    48d6:	842a                	mv	s0,a0
    48d8:	852e                	mv	a0,a1
    48da:	85b2                	mv	a1,a2
    48dc:	8636                	mv	a2,a3
    48de:	1ffff797          	auipc	a5,0x1ffff
    48e2:	8807a723          	sw	zero,-1906(a5) # 2000316c <errno>
    48e6:	c606                	sw	ra,12(sp)
    48e8:	b7ffd0ef          	jal	ra,2466 <_write>
    48ec:	57fd                	li	a5,-1
    48ee:	00f51963          	bne	a0,a5,4900 <_write_r+0x2e>
    48f2:	1ffff797          	auipc	a5,0x1ffff
    48f6:	87a78793          	addi	a5,a5,-1926 # 2000316c <errno>
    48fa:	439c                	lw	a5,0(a5)
    48fc:	c391                	beqz	a5,4900 <_write_r+0x2e>
    48fe:	c01c                	sw	a5,0(s0)
    4900:	40b2                	lw	ra,12(sp)
    4902:	4422                	lw	s0,8(sp)
    4904:	0141                	addi	sp,sp,16
    4906:	8082                	ret

00004908 <_close_r>:
    4908:	1141                	addi	sp,sp,-16
    490a:	c422                	sw	s0,8(sp)
    490c:	842a                	mv	s0,a0
    490e:	852e                	mv	a0,a1
    4910:	1ffff797          	auipc	a5,0x1ffff
    4914:	8407ae23          	sw	zero,-1956(a5) # 2000316c <errno>
    4918:	c606                	sw	ra,12(sp)
    491a:	2a8d                	jal	4a8c <_close>
    491c:	57fd                	li	a5,-1
    491e:	00f51963          	bne	a0,a5,4930 <_close_r+0x28>
    4922:	1ffff797          	auipc	a5,0x1ffff
    4926:	84a78793          	addi	a5,a5,-1974 # 2000316c <errno>
    492a:	439c                	lw	a5,0(a5)
    492c:	c391                	beqz	a5,4930 <_close_r+0x28>
    492e:	c01c                	sw	a5,0(s0)
    4930:	40b2                	lw	ra,12(sp)
    4932:	4422                	lw	s0,8(sp)
    4934:	0141                	addi	sp,sp,16
    4936:	8082                	ret

00004938 <_fstat_r>:
    4938:	1141                	addi	sp,sp,-16
    493a:	c422                	sw	s0,8(sp)
    493c:	842a                	mv	s0,a0
    493e:	852e                	mv	a0,a1
    4940:	85b2                	mv	a1,a2
    4942:	1ffff797          	auipc	a5,0x1ffff
    4946:	8207a523          	sw	zero,-2006(a5) # 2000316c <errno>
    494a:	c606                	sw	ra,12(sp)
    494c:	2a81                	jal	4a9c <_fstat>
    494e:	57fd                	li	a5,-1
    4950:	00f51963          	bne	a0,a5,4962 <_fstat_r+0x2a>
    4954:	1ffff797          	auipc	a5,0x1ffff
    4958:	81878793          	addi	a5,a5,-2024 # 2000316c <errno>
    495c:	439c                	lw	a5,0(a5)
    495e:	c391                	beqz	a5,4962 <_fstat_r+0x2a>
    4960:	c01c                	sw	a5,0(s0)
    4962:	40b2                	lw	ra,12(sp)
    4964:	4422                	lw	s0,8(sp)
    4966:	0141                	addi	sp,sp,16
    4968:	8082                	ret

0000496a <_isatty_r>:
    496a:	1141                	addi	sp,sp,-16
    496c:	c422                	sw	s0,8(sp)
    496e:	842a                	mv	s0,a0
    4970:	852e                	mv	a0,a1
    4972:	1fffe797          	auipc	a5,0x1fffe
    4976:	7e07ad23          	sw	zero,2042(a5) # 2000316c <errno>
    497a:	c606                	sw	ra,12(sp)
    497c:	2a05                	jal	4aac <_isatty>
    497e:	57fd                	li	a5,-1
    4980:	00f51963          	bne	a0,a5,4992 <_isatty_r+0x28>
    4984:	1fffe797          	auipc	a5,0x1fffe
    4988:	7e878793          	addi	a5,a5,2024 # 2000316c <errno>
    498c:	439c                	lw	a5,0(a5)
    498e:	c391                	beqz	a5,4992 <_isatty_r+0x28>
    4990:	c01c                	sw	a5,0(s0)
    4992:	40b2                	lw	ra,12(sp)
    4994:	4422                	lw	s0,8(sp)
    4996:	0141                	addi	sp,sp,16
    4998:	8082                	ret

0000499a <_lseek_r>:
    499a:	1141                	addi	sp,sp,-16
    499c:	c422                	sw	s0,8(sp)
    499e:	842a                	mv	s0,a0
    49a0:	852e                	mv	a0,a1
    49a2:	85b2                	mv	a1,a2
    49a4:	8636                	mv	a2,a3
    49a6:	1fffe797          	auipc	a5,0x1fffe
    49aa:	7c07a323          	sw	zero,1990(a5) # 2000316c <errno>
    49ae:	c606                	sw	ra,12(sp)
    49b0:	2231                	jal	4abc <_lseek>
    49b2:	57fd                	li	a5,-1
    49b4:	00f51963          	bne	a0,a5,49c6 <_lseek_r+0x2c>
    49b8:	1fffe797          	auipc	a5,0x1fffe
    49bc:	7b478793          	addi	a5,a5,1972 # 2000316c <errno>
    49c0:	439c                	lw	a5,0(a5)
    49c2:	c391                	beqz	a5,49c6 <_lseek_r+0x2c>
    49c4:	c01c                	sw	a5,0(s0)
    49c6:	40b2                	lw	ra,12(sp)
    49c8:	4422                	lw	s0,8(sp)
    49ca:	0141                	addi	sp,sp,16
    49cc:	8082                	ret

000049ce <memchr>:
    49ce:	0ff5f593          	andi	a1,a1,255
    49d2:	962a                	add	a2,a2,a0
    49d4:	00c51463          	bne	a0,a2,49dc <memchr+0xe>
    49d8:	4501                	li	a0,0
    49da:	8082                	ret
    49dc:	00054783          	lbu	a5,0(a0)
    49e0:	feb78de3          	beq	a5,a1,49da <memchr+0xc>
    49e4:	0505                	addi	a0,a0,1
    49e6:	b7fd                	j	49d4 <memchr+0x6>

000049e8 <__malloc_lock>:
    49e8:	8082                	ret

000049ea <__malloc_unlock>:
    49ea:	8082                	ret

000049ec <_realloc_r>:
    49ec:	e581                	bnez	a1,49f4 <_realloc_r+0x8>
    49ee:	85b2                	mv	a1,a2
    49f0:	aeeff06f          	j	3cde <_malloc_r>
    49f4:	1101                	addi	sp,sp,-32
    49f6:	cc22                	sw	s0,24(sp)
    49f8:	ce06                	sw	ra,28(sp)
    49fa:	ca26                	sw	s1,20(sp)
    49fc:	c84a                	sw	s2,16(sp)
    49fe:	c64e                	sw	s3,12(sp)
    4a00:	8432                	mv	s0,a2
    4a02:	ee01                	bnez	a2,4a1a <_realloc_r+0x2e>
    4a04:	a32ff0ef          	jal	ra,3c36 <_free_r>
    4a08:	4901                	li	s2,0
    4a0a:	40f2                	lw	ra,28(sp)
    4a0c:	4462                	lw	s0,24(sp)
    4a0e:	854a                	mv	a0,s2
    4a10:	44d2                	lw	s1,20(sp)
    4a12:	4942                	lw	s2,16(sp)
    4a14:	49b2                	lw	s3,12(sp)
    4a16:	6105                	addi	sp,sp,32
    4a18:	8082                	ret
    4a1a:	84ae                	mv	s1,a1
    4a1c:	89aa                	mv	s3,a0
    4a1e:	28a9                	jal	4a78 <_malloc_usable_size_r>
    4a20:	8926                	mv	s2,s1
    4a22:	fe8574e3          	bgeu	a0,s0,4a0a <_realloc_r+0x1e>
    4a26:	85a2                	mv	a1,s0
    4a28:	854e                	mv	a0,s3
    4a2a:	ab4ff0ef          	jal	ra,3cde <_malloc_r>
    4a2e:	892a                	mv	s2,a0
    4a30:	dd69                	beqz	a0,4a0a <_realloc_r+0x1e>
    4a32:	85a6                	mv	a1,s1
    4a34:	8622                	mv	a2,s0
    4a36:	8d7fe0ef          	jal	ra,330c <memcpy>
    4a3a:	85a6                	mv	a1,s1
    4a3c:	854e                	mv	a0,s3
    4a3e:	9f8ff0ef          	jal	ra,3c36 <_free_r>
    4a42:	b7e1                	j	4a0a <_realloc_r+0x1e>

00004a44 <_read_r>:
    4a44:	1141                	addi	sp,sp,-16
    4a46:	c422                	sw	s0,8(sp)
    4a48:	842a                	mv	s0,a0
    4a4a:	852e                	mv	a0,a1
    4a4c:	85b2                	mv	a1,a2
    4a4e:	8636                	mv	a2,a3
    4a50:	1fffe797          	auipc	a5,0x1fffe
    4a54:	7007ae23          	sw	zero,1820(a5) # 2000316c <errno>
    4a58:	c606                	sw	ra,12(sp)
    4a5a:	288d                	jal	4acc <_read>
    4a5c:	57fd                	li	a5,-1
    4a5e:	00f51963          	bne	a0,a5,4a70 <_read_r+0x2c>
    4a62:	1fffe797          	auipc	a5,0x1fffe
    4a66:	70a78793          	addi	a5,a5,1802 # 2000316c <errno>
    4a6a:	439c                	lw	a5,0(a5)
    4a6c:	c391                	beqz	a5,4a70 <_read_r+0x2c>
    4a6e:	c01c                	sw	a5,0(s0)
    4a70:	40b2                	lw	ra,12(sp)
    4a72:	4422                	lw	s0,8(sp)
    4a74:	0141                	addi	sp,sp,16
    4a76:	8082                	ret

00004a78 <_malloc_usable_size_r>:
    4a78:	ffc5a783          	lw	a5,-4(a1)
    4a7c:	ffc78513          	addi	a0,a5,-4
    4a80:	0007d563          	bgez	a5,4a8a <_malloc_usable_size_r+0x12>
    4a84:	95aa                	add	a1,a1,a0
    4a86:	419c                	lw	a5,0(a1)
    4a88:	953e                	add	a0,a0,a5
    4a8a:	8082                	ret

00004a8c <_close>:
    4a8c:	05800793          	li	a5,88
    4a90:	1fffe717          	auipc	a4,0x1fffe
    4a94:	6cf72e23          	sw	a5,1756(a4) # 2000316c <errno>
    4a98:	557d                	li	a0,-1
    4a9a:	8082                	ret

00004a9c <_fstat>:
    4a9c:	05800793          	li	a5,88
    4aa0:	1fffe717          	auipc	a4,0x1fffe
    4aa4:	6cf72623          	sw	a5,1740(a4) # 2000316c <errno>
    4aa8:	557d                	li	a0,-1
    4aaa:	8082                	ret

00004aac <_isatty>:
    4aac:	05800793          	li	a5,88
    4ab0:	1fffe717          	auipc	a4,0x1fffe
    4ab4:	6af72e23          	sw	a5,1724(a4) # 2000316c <errno>
    4ab8:	4501                	li	a0,0
    4aba:	8082                	ret

00004abc <_lseek>:
    4abc:	05800793          	li	a5,88
    4ac0:	1fffe717          	auipc	a4,0x1fffe
    4ac4:	6af72623          	sw	a5,1708(a4) # 2000316c <errno>
    4ac8:	557d                	li	a0,-1
    4aca:	8082                	ret

00004acc <_read>:
    4acc:	05800793          	li	a5,88
    4ad0:	1fffe717          	auipc	a4,0x1fffe
    4ad4:	68f72e23          	sw	a5,1692(a4) # 2000316c <errno>
    4ad8:	557d                	li	a0,-1
    4ada:	8082                	ret
    4adc:	0000                	unimp
    4ade:	3800                	fld	fs0,48(s0)
    4ae0:	0000                	unimp
    4ae2:	4180                	lw	s0,0(a1)
    4ae4:	0000                	unimp
    4ae6:	4334                	lw	a3,64(a4)
    4ae8:	2e25                	jal	4e20 <OLED_F8x16+0x32c>
    4aea:	2c66                	fld	fs8,88(sp)
    4aec:	2e25                	jal	4e24 <OLED_F8x16+0x330>
    4aee:	2c66                	fld	fs8,88(sp)
    4af0:	2e25                	jal	4e28 <OLED_F8x16+0x334>
    4af2:	0066                	c.slli	zero,0x19

00004af4 <OLED_F8x16>:
	...
    4b04:	0000 f800 0000 0000 0000 3300 0030 0000     ...........30...
    4b14:	1000 060c 0c10 0006 0000 0000 0000 0000     ................
    4b24:	c040 4078 78c0 0040 3f04 0404 043f 0004     @.x@.x@..?..?...
    4b34:	7000 fc88 3008 0000 1800 ff20 1e21 0000     .p...0.... .!...
    4b44:	08f0 00f0 18e0 0000 2100 031c 211e 001e     .........!...!..
    4b54:	f000 8808 0070 0000 211e 2423 2719 1021     ....p....!#$.'!.
    4b64:	1610 000e 0000 0000 0000 0000 0000 0000     ................
    4b74:	0000 e000 0418 0002 0000 0700 2018 0040     ............. @.
    4b84:	0200 1804 00e0 0000 4000 1820 0007 0000     .........@ .....
    4b94:	4040 f080 4080 0040 0202 0f01 0201 0002     @@...@@.........
    4ba4:	0000 f000 0000 0000 0101 1f01 0101 0001     ................
	...
    4bbc:	b080 0070 0000 0000 0000 0000 0000 0000     ..p.............
    4bcc:	0100 0101 0101 0101 0000 0000 0000 0000     ................
    4bdc:	3000 0030 0000 0000 0000 0000 6080 0418     .00..........`..
    4bec:	6000 0618 0001 0000 e000 0810 1008 00e0     .`..............
    4bfc:	0f00 2010 1020 000f 1000 f810 0000 0000     ...  ...........
    4c0c:	2000 3f20 2020 0000 7000 0808 8808 0070     .  ?  ...p....p.
    4c1c:	3000 2428 2122 0030 3000 8808 4888 0030     .0($"!0..0...H0.
    4c2c:	1800 2020 1120 000e 0000 20c0 f810 0000     ..   ...... ....
    4c3c:	0700 2404 3f24 0024 f800 8808 0888 0008     ...$$?$.........
    4c4c:	1900 2021 1120 000e e000 8810 1888 0000     ..!  ...........
    4c5c:	0f00 2011 1120 000e 3800 0808 38c8 0008     ...  ....8...8..
    4c6c:	0000 3f00 0000 0000 7000 0888 8808 0070     ...?.....p....p.
    4c7c:	1c00 2122 2221 001c e000 0810 1008 00e0     .."!!"..........
    4c8c:	0000 2231 1122 000f 0000 c000 00c0 0000     ..1""...........
    4c9c:	0000 3000 0030 0000 0000 8000 0000 0000     ...00...........
    4cac:	0000 6080 0000 0000 0000 4080 1020 0008     ...`.......@ ...
    4cbc:	0100 0402 1008 0020 4040 4040 4040 0040     ...... .@@@@@@@.
    4ccc:	0404 0404 0404 0004 0800 2010 8040 0000     ........... @...
    4cdc:	2000 0810 0204 0001 7000 0848 0808 00f0     . .......pH.....
    4cec:	0000 3000 0136 0000 30c0 28c8 10e8 00e0     ...06....0.(....
    4cfc:	1807 2427 1423 000b 0000 38c0 00e0 0000     ..'$#......8....
    4d0c:	3c20 0223 2702 2038 f808 8888 7088 0000      <#..'8 .....p..
    4d1c:	3f20 2020 1120 000e 30c0 0808 0808 0038      ?   ....0....8.
    4d2c:	1807 2020 1020 0008 f808 0808 1008 00e0     ..   ...........
    4d3c:	3f20 2020 1020 000f f808 8888 08e8 0010      ?   ...........
    4d4c:	3f20 2020 2023 0018 f808 8888 08e8 0010      ?  # ..........
    4d5c:	3f20 0020 0003 0000 30c0 0808 3808 0000      ? ......0...8..
    4d6c:	1807 2020 1e22 0002 f808 0008 0800 08f8     ..  "...........
    4d7c:	3f20 0121 2101 203f 0800 f808 0808 0000      ?!..!? ........
    4d8c:	2000 3f20 2020 0000 0000 0808 08f8 0008     .  ?  ..........
    4d9c:	80c0 8080 007f 0000 f808 c088 1828 0008     ............(...
    4dac:	3f20 0120 3826 0020 f808 0008 0000 0000      ? .&8 .........
    4dbc:	3f20 2020 2020 0030 f808 00f8 f8f8 0008      ?    0.........
    4dcc:	3f20 3f00 3f00 0020 f808 c030 0800 08f8      ?.?.? ...0.....
    4ddc:	3f20 0020 1807 003f 10e0 0808 1008 00e0      ? ...?.........
    4dec:	100f 2020 1020 000f f808 0808 0808 00f0     ..   ...........
    4dfc:	3f20 0121 0101 0000 10e0 0808 1008 00e0      ?!.............
    4e0c:	180f 2424 5038 004f f808 8888 8888 0070     ..$$8PO.......p.
    4e1c:	3f20 0020 0c03 2030 7000 0888 0808 0038      ? ...0 .p....8.
    4e2c:	3800 2120 2221 001c 0818 f808 0808 0018     .8 !!"..........
    4e3c:	0000 3f20 0020 0000 f808 0008 0800 08f8     .. ? ...........
    4e4c:	1f00 2020 2020 001f 7808 0088 c800 0838     ..    ...x....8.
    4e5c:	0000 3807 010e 0000 08f8 f800 0800 00f8     ...8............
    4e6c:	3c03 0007 3c07 0003 1808 8068 6880 0818     .<...<....h..h..
    4e7c:	3020 032c 2c03 2030 3808 00c8 38c8 0008      0,..,0 .8...8..
    4e8c:	0000 3f20 0020 0000 0810 0808 38c8 0008     .. ? ........8..
    4e9c:	3820 2126 2020 0018 0000 fe00 0202 0002      8&!  ..........
    4eac:	0000 7f00 4040 0040 0c00 c030 0000 0000     ....@@@...0.....
    4ebc:	0000 0100 3806 00c0 0200 0202 00fe 0000     .....8..........
    4ecc:	4000 4040 007f 0000 0000 0204 0202 0004     .@@@............
	...
    4eec:	8080 8080 8080 8080 0200 0402 0000 0000     ................
	...
    4f04:	0000 8080 8080 0000 1900 2224 2222 203f     ..........$"""? 
    4f14:	f808 8000 0080 0000 3f00 2011 1120 000e     .........?.  ...
    4f24:	0000 8000 8080 0000 0e00 2011 2020 0011     ...........   ..
    4f34:	0000 8000 8880 00f8 0e00 2011 1020 203f     ...........  .? 
    4f44:	0000 8080 8080 0000 1f00 2222 2222 0013     ..........""""..
    4f54:	8000 f080 8888 1888 2000 3f20 2020 0000     .........  ?  ..
    4f64:	0000 8080 8080 0080 6b00 9494 9394 0060     .........k....`.
    4f74:	f808 8000 8080 0000 3f20 0021 2000 203f     ........ ?!.. ? 
    4f84:	8000 9898 0000 0000 2000 3f20 2020 0000     .........  ?  ..
    4f94:	0000 8000 9898 0000 c000 8080 7f80 0000     ................
    4fa4:	f808 0000 8080 0080 3f20 0224 302d 0020     ........ ?$.-0 .
    4fb4:	0800 f808 0000 0000 2000 3f20 2020 0000     .........  ?  ..
    4fc4:	8080 8080 8080 0080 3f20 0020 203f 3f00     ........ ? .? .?
    4fd4:	8080 8000 8080 0000 3f20 0021 2000 203f     ........ ?!.. ? 
    4fe4:	0000 8080 8080 0000 1f00 2020 2020 001f     ..........    ..
    4ff4:	8080 8000 0080 0000 ff80 20a1 1120 000e     ...........  ...
    5004:	0000 8000 8080 0080 0e00 2011 a020 80ff     ...........  ...
    5014:	8080 0080 8080 0080 2020 213f 0020 0001     ........  ?! ...
    5024:	0000 8080 8080 0080 3300 2424 2424 0019     .........3$$$$..
    5034:	8000 e080 8080 0000 0000 1f00 2020 0000     ............  ..
    5044:	8080 0000 8000 0080 1f00 2020 1020 203f     ..........   .? 
    5054:	8080 0080 8000 8080 0100 300e 0608 0001     ...........0....
    5064:	8080 8000 8000 8080 300f 030c 300c 000f     .........0...0..
    5074:	8000 0080 8080 0080 2000 2e31 310e 0020     ......... 1..1 .
    5084:	8080 0080 8000 8080 8180 708e 0618 0001     ...........p....
    5094:	8000 8080 8080 0080 2100 2c30 2122 0030     .........!0,"!0.
    50a4:	0000 0000 7c80 0202 0000 0000 3f00 4040     .....|.......?@@
    50b4:	0000 0000 00ff 0000 0000 0000 00ff 0000     ................
    50c4:	0200 7c02 0080 0000 4000 3f40 0000 0000     ...|.....@@?....
    50d4:	0600 0101 0202 0404 0000 0000 0000 0000     ................
    50e4:	7361 6664 0067 0000 6373 6e61 253d 756c     asdfg...scan=%lu
    50f4:	7620 6c61 6469 625f 6e69 3d73 7525 6220      valid_bins=%u b
    5104:	6461 6e5f 646f 7365 253d 756c 6420 6f72     ad_nodes=%lu dro
    5114:	5f70 7962 6574 3d73 6c25 0d75 000a 0000     p_bytes=%lu.....
    5124:	6962 3d6e 7525 6120 676e 656c 253d 2e75     bin=%u angle=%u.
    5134:	7525 6420 7369 3d74 7525 7120 253d 0d75     %u dist=%u q=%u.
    5144:	000a 0000 2d2d 2d2d 2d2d 2d2d 2d2d 2d2d     ....------------
    5154:	6320 7269 6c63 2065 6f64 656e 2d20 2d2d      circle done ---
    5164:	2d2d 2d2d 2d2d 2d2d 0d2d 0000 d87e ffff     ---------...~...
    5174:	d7a4 ffff d878 ffff d7ac ffff d878 ffff     ....x.......x...
    5184:	d772 ffff d878 ffff d7ac ffff d7a4 ffff     r...x...........
    5194:	d7a4 ffff d772 ffff d7ac ffff d7b2 ffff     ....r...........
    51a4:	d7b2 ffff d7b2 ffff d772 ffff d764 ffff     ........r...d...
    51b4:	d764 ffff d838 ffff d914 ffff d838 ffff     d...8.......8...
    51c4:	d732 ffff d838 ffff d914 ffff d764 ffff     2...8.......d...
    51d4:	d764 ffff d732 ffff d914 ffff d772 ffff     d...2.......r...
    51e4:	d772 ffff d772 ffff d732 ffff da76 ffff     r...r...2...v...
    51f4:	d9c8 ffff d9c8 ffff d9c6 ffff d9cc ffff     ................
    5204:	d9cc ffff d99c ffff d9c6 ffff d9cc ffff     ................
    5214:	d99c ffff d9cc ffff d9c6 ffff da64 ffff     ............d...
    5224:	da64 ffff da64 ffff d99c ffff               d...d.......

00005230 <__clz_tab>:
    5230:	0100 0202 0303 0303 0404 0404 0404 0404     ................
    5240:	0505 0505 0505 0505 0505 0505 0505 0505     ................
    5250:	0606 0606 0606 0606 0606 0606 0606 0606     ................
    5260:	0606 0606 0606 0606 0606 0606 0606 0606     ................
    5270:	0707 0707 0707 0707 0707 0707 0707 0707     ................
    5280:	0707 0707 0707 0707 0707 0707 0707 0707     ................
    5290:	0707 0707 0707 0707 0707 0707 0707 0707     ................
    52a0:	0707 0707 0707 0707 0707 0707 0707 0707     ................
    52b0:	0808 0808 0808 0808 0808 0808 0808 0808     ................
    52c0:	0808 0808 0808 0808 0808 0808 0808 0808     ................
    52d0:	0808 0808 0808 0808 0808 0808 0808 0808     ................
    52e0:	0808 0808 0808 0808 0808 0808 0808 0808     ................
    52f0:	0808 0808 0808 0808 0808 0808 0808 0808     ................
    5300:	0808 0808 0808 0808 0808 0808 0808 0808     ................
    5310:	0808 0808 0808 0808 0808 0808 0808 0808     ................
    5320:	0808 0808 0808 0808 0808 0808 0808 0808     ................

00005330 <__sf_fake_stderr>:
	...

00005350 <__sf_fake_stdin>:
	...

00005370 <__sf_fake_stdout>:
	...
    5390:	2d23 2b30 0020 0000 6c68 004c 6665 4567     #-0+ ...hlL.efgE
    53a0:	4746 0000 3130 3332 3534 3736 3938 4241     FG..0123456789AB
    53b0:	4443 4645 0000 0000 3130 3332 3534 3736     CDEF....01234567
    53c0:	3938 6261 6463 6665 0000 0000               89abcdef....
